filename,s3_path
2D_projection_heart_plus_pericardium_Eraslan_Science_2022_Broad_cell_type_X_umap_f44b0f.html,s3://lifebit-user-data-6941eed90a4dd7a1d1026d7a/deploit/teams/69d8dd1e5d3e1f8c350e006f/users/68af3d99c99eb7bd2ff47bc8/projects/69f80768ca774c668fbaaed8/jobs/6a22c6b00859d97fbe7b6205/results/2D_projection_heart_plus_pericardium_Eraslan_Science_2022_Broad_cell_type_X_umap_f44b0f.html
2D_projection_heart_plus_pericardium_Eraslan_Science_2022_Broad_cell_type_X_umap_f44b0f.svg,s3://lifebit-user-data-6941eed90a4dd7a1d1026d7a/deploit/teams/69d8dd1e5d3e1f8c350e006f/users/68af3d99c99eb7bd2ff47bc8/projects/69f80768ca774c668fbaaed8/jobs/6a22c6b00859d97fbe7b6205/results/2D_projection_heart_plus_pericardium_Eraslan_Science_2022_Broad_cell_type_X_umap_f44b0f.svg
2D_projection_heart_plus_pericardium_Han_Nature_2020_author_cell_type_X_umap_5c7ea7.html,s3://lifebit-user-data-6941eed90a4dd7a1d1026d7a/deploit/teams/69d8dd1e5d3e1f8c350e006f/users/68af3d99c99eb7bd2ff47bc8/projects/69f80768ca774c668fbaaed8/jobs/6a22c6b00859d97fbe7b6205/results/2D_projection_heart_plus_pericardium_Han_Nature_2020_author_cell_type_X_umap_5c7ea7.html
2D_projection_heart_plus_pericardium_Han_Nature_2020_author_cell_type_X_umap_5c7ea7.svg,s3://lifebit-user-data-6941eed90a4dd7a1d1026d7a/deploit/teams/69d8dd1e5d3e1f8c350e006f/users/68af3d99c99eb7bd2ff47bc8/projects/69f80768ca774c668fbaaed8/jobs/6a22c6b00859d97fbe7b6205/results/2D_projection_heart_plus_pericardium_Han_Nature_2020_author_cell_type_X_umap_5c7ea7.svg
2D_projection_heart_plus_pericardium_Hulsmans_Science_2023_celltype_X_umap_626931.html,s3://lifebit-user-data-6941eed90a4dd7a1d1026d7a/deploit/teams/69d8dd1e5d3e1f8c350e006f/users/68af3d99c99eb7bd2ff47bc8/projects/69f80768ca774c668fbaaed8/jobs/6a22c6b00859d97fbe7b6205/results/2D_projection_heart_plus_pericardium_Hulsmans_Science_2023_celltype_X_umap_626931.html
2D_projection_heart_plus_pericardium_Hulsmans_Science_2023_celltype_X_umap_626931.svg,s3://lifebit-user-data-6941eed90a4dd7a1d1026d7a/deploit/teams/69d8dd1e5d3e1f8c350e006f/users/68af3d99c99eb7bd2ff47bc8/projects/69f80768ca774c668fbaaed8/jobs/6a22c6b00859d97fbe7b6205/results/2D_projection_heart_plus_pericardium_Hulsmans_Science_2023_celltype_X_umap_626931.svg
2D_projection_heart_plus_pericardium_Litvinukova_Nature_2020_cell_type_X_umap_2fcb9b.html,s3://lifebit-user-data-6941eed90a4dd7a1d1026d7a/deploit/teams/69d8dd1e5d3e1f8c350e006f/users/68af3d99c99eb7bd2ff47bc8/projects/69f80768ca774c668fbaaed8/jobs/6a22c6b00859d97fbe7b6205/results/2D_projection_heart_plus_pericardium_Litvinukova_Nature_2020_cell_type_X_umap_2fcb9b.html
2D_projection_heart_plus_pericardium_Litvinukova_Nature_2020_cell_type_X_umap_2fcb9b.svg,s3://lifebit-user-data-6941eed90a4dd7a1d1026d7a/deploit/teams/69d8dd1e5d3e1f8c350e006f/users/68af3d99c99eb7bd2ff47bc8/projects/69f80768ca774c668fbaaed8/jobs/6a22c6b00859d97fbe7b6205/results/2D_projection_heart_plus_pericardium_Litvinukova_Nature_2020_cell_type_X_umap_2fcb9b.svg
2D_projection_heart_plus_pericardium_Maatz_Nat_Cardiovasc_Res_2025_author_cell_type_X_umap_b6d046.html,s3://lifebit-user-data-6941eed90a4dd7a1d1026d7a/deploit/teams/69d8dd1e5d3e1f8c350e006f/users/68af3d99c99eb7bd2ff47bc8/projects/69f80768ca774c668fbaaed8/jobs/6a22c6b00859d97fbe7b6205/results/2D_projection_heart_plus_pericardium_Maatz_Nat_Cardiovasc_Res_2025_author_cell_type_X_umap_b6d046.html
2D_projection_heart_plus_pericardium_Maatz_Nat_Cardiovasc_Res_2025_author_cell_type_X_umap_b6d046.svg,s3://lifebit-user-data-6941eed90a4dd7a1d1026d7a/deploit/teams/69d8dd1e5d3e1f8c350e006f/users/68af3d99c99eb7bd2ff47bc8/projects/69f80768ca774c668fbaaed8/jobs/6a22c6b00859d97fbe7b6205/results/2D_projection_heart_plus_pericardium_Maatz_Nat_Cardiovasc_Res_2025_author_cell_type_X_umap_b6d046.svg
2D_projection_heart_plus_pericardium_Selewa_Nat_Commun_2023_author_cell_type_X_umap_a8bcce.html,s3://lifebit-user-data-6941eed90a4dd7a1d1026d7a/deploit/teams/69d8dd1e5d3e1f8c350e006f/users/68af3d99c99eb7bd2ff47bc8/projects/69f80768ca774c668fbaaed8/jobs/6a22c6b00859d97fbe7b6205/results/2D_projection_heart_plus_pericardium_Selewa_Nat_Commun_2023_author_cell_type_X_umap_a8bcce.html
2D_projection_heart_plus_pericardium_Selewa_Nat_Commun_2023_author_cell_type_X_umap_a8bcce.svg,s3://lifebit-user-data-6941eed90a4dd7a1d1026d7a/deploit/teams/69d8dd1e5d3e1f8c350e006f/users/68af3d99c99eb7bd2ff47bc8/projects/69f80768ca774c668fbaaed8/jobs/6a22c6b00859d97fbe7b6205/results/2D_projection_heart_plus_pericardium_Selewa_Nat_Commun_2023_author_cell_type_X_umap_a8bcce.svg
2D_projection_heart_plus_pericardium_Sim_Circulation_2021_cell_type_X_umap_d94be2.html,s3://lifebit-user-data-6941eed90a4dd7a1d1026d7a/deploit/teams/69d8dd1e5d3e1f8c350e006f/users/68af3d99c99eb7bd2ff47bc8/projects/69f80768ca774c668fbaaed8/jobs/6a22c6b00859d97fbe7b6205/results/2D_projection_heart_plus_pericardium_Sim_Circulation_2021_cell_type_X_umap_d94be2.html
2D_projection_heart_plus_pericardium_Sim_Circulation_2021_cell_type_X_umap_d94be2.svg,s3://lifebit-user-data-6941eed90a4dd7a1d1026d7a/deploit/teams/69d8dd1e5d3e1f8c350e006f/users/68af3d99c99eb7bd2ff47bc8/projects/69f80768ca774c668fbaaed8/jobs/6a22c6b00859d97fbe7b6205/results/2D_projection_heart_plus_pericardium_Sim_Circulation_2021_cell_type_X_umap_d94be2.svg
2D_projection_heart_plus_pericardium_Xu_Cell_2023_Curated_annotation_X_umap_7d4811.html,s3://lifebit-user-data-6941eed90a4dd7a1d1026d7a/deploit/teams/69d8dd1e5d3e1f8c350e006f/users/68af3d99c99eb7bd2ff47bc8/projects/69f80768ca774c668fbaaed8/jobs/6a22c6b00859d97fbe7b6205/results/2D_projection_heart_plus_pericardium_Xu_Cell_2023_Curated_annotation_X_umap_7d4811.html
2D_projection_heart_plus_pericardium_Xu_Cell_2023_Curated_annotation_X_umap_7d4811.svg,s3://lifebit-user-data-6941eed90a4dd7a1d1026d7a/deploit/teams/69d8dd1e5d3e1f8c350e006f/users/68af3d99c99eb7bd2ff47bc8/projects/69f80768ca774c668fbaaed8/jobs/6a22c6b00859d97fbe7b6205/results/2D_projection_heart_plus_pericardium_Xu_Cell_2023_Curated_annotation_X_umap_7d4811.svg
2D_projection_heart_plus_pericardium_Zhao_Cell_Genomics_2025_author_cell_type_X_umap_9b5568.html,s3://lifebit-user-data-6941eed90a4dd7a1d1026d7a/deploit/teams/69d8dd1e5d3e1f8c350e006f/users/68af3d99c99eb7bd2ff47bc8/projects/69f80768ca774c668fbaaed8/jobs/6a22c6b00859d97fbe7b6205/results/2D_projection_heart_plus_pericardium_Zhao_Cell_Genomics_2025_author_cell_type_X_umap_9b5568.html
2D_projection_heart_plus_pericardium_Zhao_Cell_Genomics_2025_author_cell_type_X_umap_9b5568.svg,s3://lifebit-user-data-6941eed90a4dd7a1d1026d7a/deploit/teams/69d8dd1e5d3e1f8c350e006f/users/68af3d99c99eb7bd2ff47bc8/projects/69f80768ca774c668fbaaed8/jobs/6a22c6b00859d97fbe7b6205/results/2D_projection_heart_plus_pericardium_Zhao_Cell_Genomics_2025_author_cell_type_X_umap_9b5568.svg
adata_filtered_heart_plus_pericardium_Eraslan_Science_2022_Broad_cell_type_X_umap_f44b0f.h5ad,s3://lifebit-user-data-6941eed90a4dd7a1d1026d7a/deploit/teams/69d8dd1e5d3e1f8c350e006f/users/68af3d99c99eb7bd2ff47bc8/projects/69f80768ca774c668fbaaed8/jobs/6a22c6b00859d97fbe7b6205/results/adata_filtered_heart_plus_pericardium_Eraslan_Science_2022_Broad_cell_type_X_umap_f44b0f.h5ad
adata_filtered_heart_plus_pericardium_Han_Nature_2020_author_cell_type_X_umap_5c7ea7.h5ad,s3://lifebit-user-data-6941eed90a4dd7a1d1026d7a/deploit/teams/69d8dd1e5d3e1f8c350e006f/users/68af3d99c99eb7bd2ff47bc8/projects/69f80768ca774c668fbaaed8/jobs/6a22c6b00859d97fbe7b6205/results/adata_filtered_heart_plus_pericardium_Han_Nature_2020_author_cell_type_X_umap_5c7ea7.h5ad
adata_filtered_heart_plus_pericardium_Hulsmans_Science_2023_celltype_X_umap_626931.h5ad,s3://lifebit-user-data-6941eed90a4dd7a1d1026d7a/deploit/teams/69d8dd1e5d3e1f8c350e006f/users/68af3d99c99eb7bd2ff47bc8/projects/69f80768ca774c668fbaaed8/jobs/6a22c6b00859d97fbe7b6205/results/adata_filtered_heart_plus_pericardium_Hulsmans_Science_2023_celltype_X_umap_626931.h5ad
adata_filtered_heart_plus_pericardium_Litvinukova_Nature_2020_cell_type_X_umap_2fcb9b.h5ad,s3://lifebit-user-data-6941eed90a4dd7a1d1026d7a/deploit/teams/69d8dd1e5d3e1f8c350e006f/users/68af3d99c99eb7bd2ff47bc8/projects/69f80768ca774c668fbaaed8/jobs/6a22c6b00859d97fbe7b6205/results/adata_filtered_heart_plus_pericardium_Litvinukova_Nature_2020_cell_type_X_umap_2fcb9b.h5ad
adata_filtered_heart_plus_pericardium_Maatz_Nat_Cardiovasc_Res_2025_author_cell_type_X_umap_b6d046.h5ad,s3://lifebit-user-data-6941eed90a4dd7a1d1026d7a/deploit/teams/69d8dd1e5d3e1f8c350e006f/users/68af3d99c99eb7bd2ff47bc8/projects/69f80768ca774c668fbaaed8/jobs/6a22c6b00859d97fbe7b6205/results/adata_filtered_heart_plus_pericardium_Maatz_Nat_Cardiovasc_Res_2025_author_cell_type_X_umap_b6d046.h5ad
adata_filtered_heart_plus_pericardium_Selewa_Nat_Commun_2023_author_cell_type_X_umap_a8bcce.h5ad,s3://lifebit-user-data-6941eed90a4dd7a1d1026d7a/deploit/teams/69d8dd1e5d3e1f8c350e006f/users/68af3d99c99eb7bd2ff47bc8/projects/69f80768ca774c668fbaaed8/jobs/6a22c6b00859d97fbe7b6205/results/adata_filtered_heart_plus_pericardium_Selewa_Nat_Commun_2023_author_cell_type_X_umap_a8bcce.h5ad
adata_filtered_heart_plus_pericardium_Sim_Circulation_2021_cell_type_X_umap_d94be2.h5ad,s3://lifebit-user-data-6941eed90a4dd7a1d1026d7a/deploit/teams/69d8dd1e5d3e1f8c350e006f/users/68af3d99c99eb7bd2ff47bc8/projects/69f80768ca774c668fbaaed8/jobs/6a22c6b00859d97fbe7b6205/results/adata_filtered_heart_plus_pericardium_Sim_Circulation_2021_cell_type_X_umap_d94be2.h5ad
adata_filtered_heart_plus_pericardium_Xu_Cell_2023_Curated_annotation_X_umap_7d4811.h5ad,s3://lifebit-user-data-6941eed90a4dd7a1d1026d7a/deploit/teams/69d8dd1e5d3e1f8c350e006f/users/68af3d99c99eb7bd2ff47bc8/projects/69f80768ca774c668fbaaed8/jobs/6a22c6b00859d97fbe7b6205/results/adata_filtered_heart_plus_pericardium_Xu_Cell_2023_Curated_annotation_X_umap_7d4811.h5ad
adata_filtered_heart_plus_pericardium_Zhao_Cell_Genomics_2025_author_cell_type_X_umap_9b5568.h5ad,s3://lifebit-user-data-6941eed90a4dd7a1d1026d7a/deploit/teams/69d8dd1e5d3e1f8c350e006f/users/68af3d99c99eb7bd2ff47bc8/projects/69f80768ca774c668fbaaed8/jobs/6a22c6b00859d97fbe7b6205/results/adata_filtered_heart_plus_pericardium_Zhao_Cell_Genomics_2025_author_cell_type_X_umap_9b5568.h5ad
annotation_heart_plus_pericardium_Eraslan_Science_2022_Broad_cell_type_X_umap_f44b0f.json,s3://lifebit-user-data-6941eed90a4dd7a1d1026d7a/deploit/teams/69d8dd1e5d3e1f8c350e006f/users/68af3d99c99eb7bd2ff47bc8/projects/69f80768ca774c668fbaaed8/jobs/6a22c6b00859d97fbe7b6205/results/annotation_heart_plus_pericardium_Eraslan_Science_2022_Broad_cell_type_X_umap_f44b0f.json
annotation_heart_plus_pericardium_Han_Nature_2020_author_cell_type_X_umap_5c7ea7.json,s3://lifebit-user-data-6941eed90a4dd7a1d1026d7a/deploit/teams/69d8dd1e5d3e1f8c350e006f/users/68af3d99c99eb7bd2ff47bc8/projects/69f80768ca774c668fbaaed8/jobs/6a22c6b00859d97fbe7b6205/results/annotation_heart_plus_pericardium_Han_Nature_2020_author_cell_type_X_umap_5c7ea7.json
annotation_heart_plus_pericardium_Hulsmans_Science_2023_celltype_X_umap_626931.json,s3://lifebit-user-data-6941eed90a4dd7a1d1026d7a/deploit/teams/69d8dd1e5d3e1f8c350e006f/users/68af3d99c99eb7bd2ff47bc8/projects/69f80768ca774c668fbaaed8/jobs/6a22c6b00859d97fbe7b6205/results/annotation_heart_plus_pericardium_Hulsmans_Science_2023_celltype_X_umap_626931.json
annotation_heart_plus_pericardium_Litvinukova_Nature_2020_cell_type_X_umap_2fcb9b.json,s3://lifebit-user-data-6941eed90a4dd7a1d1026d7a/deploit/teams/69d8dd1e5d3e1f8c350e006f/users/68af3d99c99eb7bd2ff47bc8/projects/69f80768ca774c668fbaaed8/jobs/6a22c6b00859d97fbe7b6205/results/annotation_heart_plus_pericardium_Litvinukova_Nature_2020_cell_type_X_umap_2fcb9b.json
annotation_heart_plus_pericardium_Maatz_Nat_Cardiovasc_Res_2025_author_cell_type_X_umap_b6d046.json,s3://lifebit-user-data-6941eed90a4dd7a1d1026d7a/deploit/teams/69d8dd1e5d3e1f8c350e006f/users/68af3d99c99eb7bd2ff47bc8/projects/69f80768ca774c668fbaaed8/jobs/6a22c6b00859d97fbe7b6205/results/annotation_heart_plus_pericardium_Maatz_Nat_Cardiovasc_Res_2025_author_cell_type_X_umap_b6d046.json
annotation_heart_plus_pericardium_Selewa_Nat_Commun_2023_author_cell_type_X_umap_a8bcce.json,s3://lifebit-user-data-6941eed90a4dd7a1d1026d7a/deploit/teams/69d8dd1e5d3e1f8c350e006f/users/68af3d99c99eb7bd2ff47bc8/projects/69f80768ca774c668fbaaed8/jobs/6a22c6b00859d97fbe7b6205/results/annotation_heart_plus_pericardium_Selewa_Nat_Commun_2023_author_cell_type_X_umap_a8bcce.json
annotation_heart_plus_pericardium_Sim_Circulation_2021_cell_type_X_umap_d94be2.json,s3://lifebit-user-data-6941eed90a4dd7a1d1026d7a/deploit/teams/69d8dd1e5d3e1f8c350e006f/users/68af3d99c99eb7bd2ff47bc8/projects/69f80768ca774c668fbaaed8/jobs/6a22c6b00859d97fbe7b6205/results/annotation_heart_plus_pericardium_Sim_Circulation_2021_cell_type_X_umap_d94be2.json
annotation_heart_plus_pericardium_Xu_Cell_2023_Curated_annotation_X_umap_7d4811.json,s3://lifebit-user-data-6941eed90a4dd7a1d1026d7a/deploit/teams/69d8dd1e5d3e1f8c350e006f/users/68af3d99c99eb7bd2ff47bc8/projects/69f80768ca774c668fbaaed8/jobs/6a22c6b00859d97fbe7b6205/results/annotation_heart_plus_pericardium_Xu_Cell_2023_Curated_annotation_X_umap_7d4811.json
annotation_heart_plus_pericardium_Zhao_Cell_Genomics_2025_author_cell_type_X_umap_9b5568.json,s3://lifebit-user-data-6941eed90a4dd7a1d1026d7a/deploit/teams/69d8dd1e5d3e1f8c350e006f/users/68af3d99c99eb7bd2ff47bc8/projects/69f80768ca774c668fbaaed8/jobs/6a22c6b00859d97fbe7b6205/results/annotation_heart_plus_pericardium_Zhao_Cell_Genomics_2025_author_cell_type_X_umap_9b5568.json
binary_scores_ensg_heart_plus_pericardium_Eraslan_Science_2022_Broad_cell_type_X_umap_f44b0f.csv,s3://lifebit-user-data-6941eed90a4dd7a1d1026d7a/deploit/teams/69d8dd1e5d3e1f8c350e006f/users/68af3d99c99eb7bd2ff47bc8/projects/69f80768ca774c668fbaaed8/jobs/6a22c6b00859d97fbe7b6205/results/binary_scores_ensg_heart_plus_pericardium_Eraslan_Science_2022_Broad_cell_type_X_umap_f44b0f.csv
binary_scores_ensg_heart_plus_pericardium_Eraslan_Science_2022_Broad_cell_type_X_umap_f44b0f.pkl,s3://lifebit-user-data-6941eed90a4dd7a1d1026d7a/deploit/teams/69d8dd1e5d3e1f8c350e006f/users/68af3d99c99eb7bd2ff47bc8/projects/69f80768ca774c668fbaaed8/jobs/6a22c6b00859d97fbe7b6205/results/binary_scores_ensg_heart_plus_pericardium_Eraslan_Science_2022_Broad_cell_type_X_umap_f44b0f.pkl
binary_scores_ensg_heart_plus_pericardium_Han_Nature_2020_author_cell_type_X_umap_5c7ea7.csv,s3://lifebit-user-data-6941eed90a4dd7a1d1026d7a/deploit/teams/69d8dd1e5d3e1f8c350e006f/users/68af3d99c99eb7bd2ff47bc8/projects/69f80768ca774c668fbaaed8/jobs/6a22c6b00859d97fbe7b6205/results/binary_scores_ensg_heart_plus_pericardium_Han_Nature_2020_author_cell_type_X_umap_5c7ea7.csv
binary_scores_ensg_heart_plus_pericardium_Han_Nature_2020_author_cell_type_X_umap_5c7ea7.pkl,s3://lifebit-user-data-6941eed90a4dd7a1d1026d7a/deploit/teams/69d8dd1e5d3e1f8c350e006f/users/68af3d99c99eb7bd2ff47bc8/projects/69f80768ca774c668fbaaed8/jobs/6a22c6b00859d97fbe7b6205/results/binary_scores_ensg_heart_plus_pericardium_Han_Nature_2020_author_cell_type_X_umap_5c7ea7.pkl
binary_scores_ensg_heart_plus_pericardium_Hulsmans_Science_2023_celltype_X_umap_626931.csv,s3://lifebit-user-data-6941eed90a4dd7a1d1026d7a/deploit/teams/69d8dd1e5d3e1f8c350e006f/users/68af3d99c99eb7bd2ff47bc8/projects/69f80768ca774c668fbaaed8/jobs/6a22c6b00859d97fbe7b6205/results/binary_scores_ensg_heart_plus_pericardium_Hulsmans_Science_2023_celltype_X_umap_626931.csv
binary_scores_ensg_heart_plus_pericardium_Hulsmans_Science_2023_celltype_X_umap_626931.pkl,s3://lifebit-user-data-6941eed90a4dd7a1d1026d7a/deploit/teams/69d8dd1e5d3e1f8c350e006f/users/68af3d99c99eb7bd2ff47bc8/projects/69f80768ca774c668fbaaed8/jobs/6a22c6b00859d97fbe7b6205/results/binary_scores_ensg_heart_plus_pericardium_Hulsmans_Science_2023_celltype_X_umap_626931.pkl
binary_scores_ensg_heart_plus_pericardium_Litvinukova_Nature_2020_cell_type_X_umap_2fcb9b.csv,s3://lifebit-user-data-6941eed90a4dd7a1d1026d7a/deploit/teams/69d8dd1e5d3e1f8c350e006f/users/68af3d99c99eb7bd2ff47bc8/projects/69f80768ca774c668fbaaed8/jobs/6a22c6b00859d97fbe7b6205/results/binary_scores_ensg_heart_plus_pericardium_Litvinukova_Nature_2020_cell_type_X_umap_2fcb9b.csv
binary_scores_ensg_heart_plus_pericardium_Litvinukova_Nature_2020_cell_type_X_umap_2fcb9b.pkl,s3://lifebit-user-data-6941eed90a4dd7a1d1026d7a/deploit/teams/69d8dd1e5d3e1f8c350e006f/users/68af3d99c99eb7bd2ff47bc8/projects/69f80768ca774c668fbaaed8/jobs/6a22c6b00859d97fbe7b6205/results/binary_scores_ensg_heart_plus_pericardium_Litvinukova_Nature_2020_cell_type_X_umap_2fcb9b.pkl
binary_scores_ensg_heart_plus_pericardium_Maatz_Nat_Cardiovasc_Res_2025_author_cell_type_X_umap_b6d046.csv,s3://lifebit-user-data-6941eed90a4dd7a1d1026d7a/deploit/teams/69d8dd1e5d3e1f8c350e006f/users/68af3d99c99eb7bd2ff47bc8/projects/69f80768ca774c668fbaaed8/jobs/6a22c6b00859d97fbe7b6205/results/binary_scores_ensg_heart_plus_pericardium_Maatz_Nat_Cardiovasc_Res_2025_author_cell_type_X_umap_b6d046.csv
binary_scores_ensg_heart_plus_pericardium_Maatz_Nat_Cardiovasc_Res_2025_author_cell_type_X_umap_b6d046.pkl,s3://lifebit-user-data-6941eed90a4dd7a1d1026d7a/deploit/teams/69d8dd1e5d3e1f8c350e006f/users/68af3d99c99eb7bd2ff47bc8/projects/69f80768ca774c668fbaaed8/jobs/6a22c6b00859d97fbe7b6205/results/binary_scores_ensg_heart_plus_pericardium_Maatz_Nat_Cardiovasc_Res_2025_author_cell_type_X_umap_b6d046.pkl
binary_scores_ensg_heart_plus_pericardium_Selewa_Nat_Commun_2023_author_cell_type_X_umap_a8bcce.csv,s3://lifebit-user-data-6941eed90a4dd7a1d1026d7a/deploit/teams/69d8dd1e5d3e1f8c350e006f/users/68af3d99c99eb7bd2ff47bc8/projects/69f80768ca774c668fbaaed8/jobs/6a22c6b00859d97fbe7b6205/results/binary_scores_ensg_heart_plus_pericardium_Selewa_Nat_Commun_2023_author_cell_type_X_umap_a8bcce.csv
binary_scores_ensg_heart_plus_pericardium_Selewa_Nat_Commun_2023_author_cell_type_X_umap_a8bcce.pkl,s3://lifebit-user-data-6941eed90a4dd7a1d1026d7a/deploit/teams/69d8dd1e5d3e1f8c350e006f/users/68af3d99c99eb7bd2ff47bc8/projects/69f80768ca774c668fbaaed8/jobs/6a22c6b00859d97fbe7b6205/results/binary_scores_ensg_heart_plus_pericardium_Selewa_Nat_Commun_2023_author_cell_type_X_umap_a8bcce.pkl
binary_scores_ensg_heart_plus_pericardium_Sim_Circulation_2021_cell_type_X_umap_d94be2.csv,s3://lifebit-user-data-6941eed90a4dd7a1d1026d7a/deploit/teams/69d8dd1e5d3e1f8c350e006f/users/68af3d99c99eb7bd2ff47bc8/projects/69f80768ca774c668fbaaed8/jobs/6a22c6b00859d97fbe7b6205/results/binary_scores_ensg_heart_plus_pericardium_Sim_Circulation_2021_cell_type_X_umap_d94be2.csv
binary_scores_ensg_heart_plus_pericardium_Sim_Circulation_2021_cell_type_X_umap_d94be2.pkl,s3://lifebit-user-data-6941eed90a4dd7a1d1026d7a/deploit/teams/69d8dd1e5d3e1f8c350e006f/users/68af3d99c99eb7bd2ff47bc8/projects/69f80768ca774c668fbaaed8/jobs/6a22c6b00859d97fbe7b6205/results/binary_scores_ensg_heart_plus_pericardium_Sim_Circulation_2021_cell_type_X_umap_d94be2.pkl
binary_scores_ensg_heart_plus_pericardium_Xu_Cell_2023_Curated_annotation_X_umap_7d4811.csv,s3://lifebit-user-data-6941eed90a4dd7a1d1026d7a/deploit/teams/69d8dd1e5d3e1f8c350e006f/users/68af3d99c99eb7bd2ff47bc8/projects/69f80768ca774c668fbaaed8/jobs/6a22c6b00859d97fbe7b6205/results/binary_scores_ensg_heart_plus_pericardium_Xu_Cell_2023_Curated_annotation_X_umap_7d4811.csv
binary_scores_ensg_heart_plus_pericardium_Xu_Cell_2023_Curated_annotation_X_umap_7d4811.pkl,s3://lifebit-user-data-6941eed90a4dd7a1d1026d7a/deploit/teams/69d8dd1e5d3e1f8c350e006f/users/68af3d99c99eb7bd2ff47bc8/projects/69f80768ca774c668fbaaed8/jobs/6a22c6b00859d97fbe7b6205/results/binary_scores_ensg_heart_plus_pericardium_Xu_Cell_2023_Curated_annotation_X_umap_7d4811.pkl
binary_scores_ensg_heart_plus_pericardium_Zhao_Cell_Genomics_2025_author_cell_type_X_umap_9b5568.csv,s3://lifebit-user-data-6941eed90a4dd7a1d1026d7a/deploit/teams/69d8dd1e5d3e1f8c350e006f/users/68af3d99c99eb7bd2ff47bc8/projects/69f80768ca774c668fbaaed8/jobs/6a22c6b00859d97fbe7b6205/results/binary_scores_ensg_heart_plus_pericardium_Zhao_Cell_Genomics_2025_author_cell_type_X_umap_9b5568.csv
binary_scores_ensg_heart_plus_pericardium_Zhao_Cell_Genomics_2025_author_cell_type_X_umap_9b5568.pkl,s3://lifebit-user-data-6941eed90a4dd7a1d1026d7a/deploit/teams/69d8dd1e5d3e1f8c350e006f/users/68af3d99c99eb7bd2ff47bc8/projects/69f80768ca774c668fbaaed8/jobs/6a22c6b00859d97fbe7b6205/results/binary_scores_ensg_heart_plus_pericardium_Zhao_Cell_Genomics_2025_author_cell_type_X_umap_9b5568.pkl
binary_scores_symbols_heart_plus_pericardium_Eraslan_Science_2022_Broad_cell_type_X_umap_f44b0f.csv,s3://lifebit-user-data-6941eed90a4dd7a1d1026d7a/deploit/teams/69d8dd1e5d3e1f8c350e006f/users/68af3d99c99eb7bd2ff47bc8/projects/69f80768ca774c668fbaaed8/jobs/6a22c6b00859d97fbe7b6205/results/binary_scores_symbols_heart_plus_pericardium_Eraslan_Science_2022_Broad_cell_type_X_umap_f44b0f.csv
binary_scores_symbols_heart_plus_pericardium_Eraslan_Science_2022_Broad_cell_type_X_umap_f44b0f.pkl,s3://lifebit-user-data-6941eed90a4dd7a1d1026d7a/deploit/teams/69d8dd1e5d3e1f8c350e006f/users/68af3d99c99eb7bd2ff47bc8/projects/69f80768ca774c668fbaaed8/jobs/6a22c6b00859d97fbe7b6205/results/binary_scores_symbols_heart_plus_pericardium_Eraslan_Science_2022_Broad_cell_type_X_umap_f44b0f.pkl
binary_scores_symbols_heart_plus_pericardium_Han_Nature_2020_author_cell_type_X_umap_5c7ea7.csv,s3://lifebit-user-data-6941eed90a4dd7a1d1026d7a/deploit/teams/69d8dd1e5d3e1f8c350e006f/users/68af3d99c99eb7bd2ff47bc8/projects/69f80768ca774c668fbaaed8/jobs/6a22c6b00859d97fbe7b6205/results/binary_scores_symbols_heart_plus_pericardium_Han_Nature_2020_author_cell_type_X_umap_5c7ea7.csv
binary_scores_symbols_heart_plus_pericardium_Han_Nature_2020_author_cell_type_X_umap_5c7ea7.pkl,s3://lifebit-user-data-6941eed90a4dd7a1d1026d7a/deploit/teams/69d8dd1e5d3e1f8c350e006f/users/68af3d99c99eb7bd2ff47bc8/projects/69f80768ca774c668fbaaed8/jobs/6a22c6b00859d97fbe7b6205/results/binary_scores_symbols_heart_plus_pericardium_Han_Nature_2020_author_cell_type_X_umap_5c7ea7.pkl
binary_scores_symbols_heart_plus_pericardium_Hulsmans_Science_2023_celltype_X_umap_626931.csv,s3://lifebit-user-data-6941eed90a4dd7a1d1026d7a/deploit/teams/69d8dd1e5d3e1f8c350e006f/users/68af3d99c99eb7bd2ff47bc8/projects/69f80768ca774c668fbaaed8/jobs/6a22c6b00859d97fbe7b6205/results/binary_scores_symbols_heart_plus_pericardium_Hulsmans_Science_2023_celltype_X_umap_626931.csv
binary_scores_symbols_heart_plus_pericardium_Hulsmans_Science_2023_celltype_X_umap_626931.pkl,s3://lifebit-user-data-6941eed90a4dd7a1d1026d7a/deploit/teams/69d8dd1e5d3e1f8c350e006f/users/68af3d99c99eb7bd2ff47bc8/projects/69f80768ca774c668fbaaed8/jobs/6a22c6b00859d97fbe7b6205/results/binary_scores_symbols_heart_plus_pericardium_Hulsmans_Science_2023_celltype_X_umap_626931.pkl
binary_scores_symbols_heart_plus_pericardium_Litvinukova_Nature_2020_cell_type_X_umap_2fcb9b.csv,s3://lifebit-user-data-6941eed90a4dd7a1d1026d7a/deploit/teams/69d8dd1e5d3e1f8c350e006f/users/68af3d99c99eb7bd2ff47bc8/projects/69f80768ca774c668fbaaed8/jobs/6a22c6b00859d97fbe7b6205/results/binary_scores_symbols_heart_plus_pericardium_Litvinukova_Nature_2020_cell_type_X_umap_2fcb9b.csv
binary_scores_symbols_heart_plus_pericardium_Litvinukova_Nature_2020_cell_type_X_umap_2fcb9b.pkl,s3://lifebit-user-data-6941eed90a4dd7a1d1026d7a/deploit/teams/69d8dd1e5d3e1f8c350e006f/users/68af3d99c99eb7bd2ff47bc8/projects/69f80768ca774c668fbaaed8/jobs/6a22c6b00859d97fbe7b6205/results/binary_scores_symbols_heart_plus_pericardium_Litvinukova_Nature_2020_cell_type_X_umap_2fcb9b.pkl
binary_scores_symbols_heart_plus_pericardium_Maatz_Nat_Cardiovasc_Res_2025_author_cell_type_X_umap_b6d046.csv,s3://lifebit-user-data-6941eed90a4dd7a1d1026d7a/deploit/teams/69d8dd1e5d3e1f8c350e006f/users/68af3d99c99eb7bd2ff47bc8/projects/69f80768ca774c668fbaaed8/jobs/6a22c6b00859d97fbe7b6205/results/binary_scores_symbols_heart_plus_pericardium_Maatz_Nat_Cardiovasc_Res_2025_author_cell_type_X_umap_b6d046.csv
binary_scores_symbols_heart_plus_pericardium_Maatz_Nat_Cardiovasc_Res_2025_author_cell_type_X_umap_b6d046.pkl,s3://lifebit-user-data-6941eed90a4dd7a1d1026d7a/deploit/teams/69d8dd1e5d3e1f8c350e006f/users/68af3d99c99eb7bd2ff47bc8/projects/69f80768ca774c668fbaaed8/jobs/6a22c6b00859d97fbe7b6205/results/binary_scores_symbols_heart_plus_pericardium_Maatz_Nat_Cardiovasc_Res_2025_author_cell_type_X_umap_b6d046.pkl
binary_scores_symbols_heart_plus_pericardium_Selewa_Nat_Commun_2023_author_cell_type_X_umap_a8bcce.csv,s3://lifebit-user-data-6941eed90a4dd7a1d1026d7a/deploit/teams/69d8dd1e5d3e1f8c350e006f/users/68af3d99c99eb7bd2ff47bc8/projects/69f80768ca774c668fbaaed8/jobs/6a22c6b00859d97fbe7b6205/results/binary_scores_symbols_heart_plus_pericardium_Selewa_Nat_Commun_2023_author_cell_type_X_umap_a8bcce.csv
binary_scores_symbols_heart_plus_pericardium_Selewa_Nat_Commun_2023_author_cell_type_X_umap_a8bcce.pkl,s3://lifebit-user-data-6941eed90a4dd7a1d1026d7a/deploit/teams/69d8dd1e5d3e1f8c350e006f/users/68af3d99c99eb7bd2ff47bc8/projects/69f80768ca774c668fbaaed8/jobs/6a22c6b00859d97fbe7b6205/results/binary_scores_symbols_heart_plus_pericardium_Selewa_Nat_Commun_2023_author_cell_type_X_umap_a8bcce.pkl
binary_scores_symbols_heart_plus_pericardium_Sim_Circulation_2021_cell_type_X_umap_d94be2.csv,s3://lifebit-user-data-6941eed90a4dd7a1d1026d7a/deploit/teams/69d8dd1e5d3e1f8c350e006f/users/68af3d99c99eb7bd2ff47bc8/projects/69f80768ca774c668fbaaed8/jobs/6a22c6b00859d97fbe7b6205/results/binary_scores_symbols_heart_plus_pericardium_Sim_Circulation_2021_cell_type_X_umap_d94be2.csv
binary_scores_symbols_heart_plus_pericardium_Sim_Circulation_2021_cell_type_X_umap_d94be2.pkl,s3://lifebit-user-data-6941eed90a4dd7a1d1026d7a/deploit/teams/69d8dd1e5d3e1f8c350e006f/users/68af3d99c99eb7bd2ff47bc8/projects/69f80768ca774c668fbaaed8/jobs/6a22c6b00859d97fbe7b6205/results/binary_scores_symbols_heart_plus_pericardium_Sim_Circulation_2021_cell_type_X_umap_d94be2.pkl
binary_scores_symbols_heart_plus_pericardium_Xu_Cell_2023_Curated_annotation_X_umap_7d4811.csv,s3://lifebit-user-data-6941eed90a4dd7a1d1026d7a/deploit/teams/69d8dd1e5d3e1f8c350e006f/users/68af3d99c99eb7bd2ff47bc8/projects/69f80768ca774c668fbaaed8/jobs/6a22c6b00859d97fbe7b6205/results/binary_scores_symbols_heart_plus_pericardium_Xu_Cell_2023_Curated_annotation_X_umap_7d4811.csv
binary_scores_symbols_heart_plus_pericardium_Xu_Cell_2023_Curated_annotation_X_umap_7d4811.pkl,s3://lifebit-user-data-6941eed90a4dd7a1d1026d7a/deploit/teams/69d8dd1e5d3e1f8c350e006f/users/68af3d99c99eb7bd2ff47bc8/projects/69f80768ca774c668fbaaed8/jobs/6a22c6b00859d97fbe7b6205/results/binary_scores_symbols_heart_plus_pericardium_Xu_Cell_2023_Curated_annotation_X_umap_7d4811.pkl
binary_scores_symbols_heart_plus_pericardium_Zhao_Cell_Genomics_2025_author_cell_type_X_umap_9b5568.csv,s3://lifebit-user-data-6941eed90a4dd7a1d1026d7a/deploit/teams/69d8dd1e5d3e1f8c350e006f/users/68af3d99c99eb7bd2ff47bc8/projects/69f80768ca774c668fbaaed8/jobs/6a22c6b00859d97fbe7b6205/results/binary_scores_symbols_heart_plus_pericardium_Zhao_Cell_Genomics_2025_author_cell_type_X_umap_9b5568.csv
binary_scores_symbols_heart_plus_pericardium_Zhao_Cell_Genomics_2025_author_cell_type_X_umap_9b5568.pkl,s3://lifebit-user-data-6941eed90a4dd7a1d1026d7a/deploit/teams/69d8dd1e5d3e1f8c350e006f/users/68af3d99c99eb7bd2ff47bc8/projects/69f80768ca774c668fbaaed8/jobs/6a22c6b00859d97fbe7b6205/results/binary_scores_symbols_heart_plus_pericardium_Zhao_Cell_Genomics_2025_author_cell_type_X_umap_9b5568.pkl
boxplot_heart_plus_pericardium_Eraslan_Science_2022_Broad_cell_type_X_umap_f44b0f_f_score.html,s3://lifebit-user-data-6941eed90a4dd7a1d1026d7a/deploit/teams/69d8dd1e5d3e1f8c350e006f/users/68af3d99c99eb7bd2ff47bc8/projects/69f80768ca774c668fbaaed8/jobs/6a22c6b00859d97fbe7b6205/results/boxplot_heart_plus_pericardium_Eraslan_Science_2022_Broad_cell_type_X_umap_f44b0f_f_score.html
boxplot_heart_plus_pericardium_Eraslan_Science_2022_Broad_cell_type_X_umap_f44b0f_f_score.svg,s3://lifebit-user-data-6941eed90a4dd7a1d1026d7a/deploit/teams/69d8dd1e5d3e1f8c350e006f/users/68af3d99c99eb7bd2ff47bc8/projects/69f80768ca774c668fbaaed8/jobs/6a22c6b00859d97fbe7b6205/results/boxplot_heart_plus_pericardium_Eraslan_Science_2022_Broad_cell_type_X_umap_f44b0f_f_score.svg
boxplot_heart_plus_pericardium_Eraslan_Science_2022_Broad_cell_type_X_umap_f44b0f_onTarget.html,s3://lifebit-user-data-6941eed90a4dd7a1d1026d7a/deploit/teams/69d8dd1e5d3e1f8c350e006f/users/68af3d99c99eb7bd2ff47bc8/projects/69f80768ca774c668fbaaed8/jobs/6a22c6b00859d97fbe7b6205/results/boxplot_heart_plus_pericardium_Eraslan_Science_2022_Broad_cell_type_X_umap_f44b0f_onTarget.html
boxplot_heart_plus_pericardium_Eraslan_Science_2022_Broad_cell_type_X_umap_f44b0f_onTarget.svg,s3://lifebit-user-data-6941eed90a4dd7a1d1026d7a/deploit/teams/69d8dd1e5d3e1f8c350e006f/users/68af3d99c99eb7bd2ff47bc8/projects/69f80768ca774c668fbaaed8/jobs/6a22c6b00859d97fbe7b6205/results/boxplot_heart_plus_pericardium_Eraslan_Science_2022_Broad_cell_type_X_umap_f44b0f_onTarget.svg
boxplot_heart_plus_pericardium_Eraslan_Science_2022_Broad_cell_type_X_umap_f44b0f_precision.html,s3://lifebit-user-data-6941eed90a4dd7a1d1026d7a/deploit/teams/69d8dd1e5d3e1f8c350e006f/users/68af3d99c99eb7bd2ff47bc8/projects/69f80768ca774c668fbaaed8/jobs/6a22c6b00859d97fbe7b6205/results/boxplot_heart_plus_pericardium_Eraslan_Science_2022_Broad_cell_type_X_umap_f44b0f_precision.html
boxplot_heart_plus_pericardium_Eraslan_Science_2022_Broad_cell_type_X_umap_f44b0f_precision.svg,s3://lifebit-user-data-6941eed90a4dd7a1d1026d7a/deploit/teams/69d8dd1e5d3e1f8c350e006f/users/68af3d99c99eb7bd2ff47bc8/projects/69f80768ca774c668fbaaed8/jobs/6a22c6b00859d97fbe7b6205/results/boxplot_heart_plus_pericardium_Eraslan_Science_2022_Broad_cell_type_X_umap_f44b0f_precision.svg
boxplot_heart_plus_pericardium_Eraslan_Science_2022_Broad_cell_type_X_umap_f44b0f_recall.html,s3://lifebit-user-data-6941eed90a4dd7a1d1026d7a/deploit/teams/69d8dd1e5d3e1f8c350e006f/users/68af3d99c99eb7bd2ff47bc8/projects/69f80768ca774c668fbaaed8/jobs/6a22c6b00859d97fbe7b6205/results/boxplot_heart_plus_pericardium_Eraslan_Science_2022_Broad_cell_type_X_umap_f44b0f_recall.html
boxplot_heart_plus_pericardium_Eraslan_Science_2022_Broad_cell_type_X_umap_f44b0f_recall.svg,s3://lifebit-user-data-6941eed90a4dd7a1d1026d7a/deploit/teams/69d8dd1e5d3e1f8c350e006f/users/68af3d99c99eb7bd2ff47bc8/projects/69f80768ca774c668fbaaed8/jobs/6a22c6b00859d97fbe7b6205/results/boxplot_heart_plus_pericardium_Eraslan_Science_2022_Broad_cell_type_X_umap_f44b0f_recall.svg
boxplot_heart_plus_pericardium_Han_Nature_2020_author_cell_type_X_umap_5c7ea7_f_score.html,s3://lifebit-user-data-6941eed90a4dd7a1d1026d7a/deploit/teams/69d8dd1e5d3e1f8c350e006f/users/68af3d99c99eb7bd2ff47bc8/projects/69f80768ca774c668fbaaed8/jobs/6a22c6b00859d97fbe7b6205/results/boxplot_heart_plus_pericardium_Han_Nature_2020_author_cell_type_X_umap_5c7ea7_f_score.html
boxplot_heart_plus_pericardium_Han_Nature_2020_author_cell_type_X_umap_5c7ea7_f_score.svg,s3://lifebit-user-data-6941eed90a4dd7a1d1026d7a/deploit/teams/69d8dd1e5d3e1f8c350e006f/users/68af3d99c99eb7bd2ff47bc8/projects/69f80768ca774c668fbaaed8/jobs/6a22c6b00859d97fbe7b6205/results/boxplot_heart_plus_pericardium_Han_Nature_2020_author_cell_type_X_umap_5c7ea7_f_score.svg
boxplot_heart_plus_pericardium_Han_Nature_2020_author_cell_type_X_umap_5c7ea7_onTarget.html,s3://lifebit-user-data-6941eed90a4dd7a1d1026d7a/deploit/teams/69d8dd1e5d3e1f8c350e006f/users/68af3d99c99eb7bd2ff47bc8/projects/69f80768ca774c668fbaaed8/jobs/6a22c6b00859d97fbe7b6205/results/boxplot_heart_plus_pericardium_Han_Nature_2020_author_cell_type_X_umap_5c7ea7_onTarget.html
boxplot_heart_plus_pericardium_Han_Nature_2020_author_cell_type_X_umap_5c7ea7_onTarget.svg,s3://lifebit-user-data-6941eed90a4dd7a1d1026d7a/deploit/teams/69d8dd1e5d3e1f8c350e006f/users/68af3d99c99eb7bd2ff47bc8/projects/69f80768ca774c668fbaaed8/jobs/6a22c6b00859d97fbe7b6205/results/boxplot_heart_plus_pericardium_Han_Nature_2020_author_cell_type_X_umap_5c7ea7_onTarget.svg
boxplot_heart_plus_pericardium_Han_Nature_2020_author_cell_type_X_umap_5c7ea7_precision.html,s3://lifebit-user-data-6941eed90a4dd7a1d1026d7a/deploit/teams/69d8dd1e5d3e1f8c350e006f/users/68af3d99c99eb7bd2ff47bc8/projects/69f80768ca774c668fbaaed8/jobs/6a22c6b00859d97fbe7b6205/results/boxplot_heart_plus_pericardium_Han_Nature_2020_author_cell_type_X_umap_5c7ea7_precision.html
boxplot_heart_plus_pericardium_Han_Nature_2020_author_cell_type_X_umap_5c7ea7_precision.svg,s3://lifebit-user-data-6941eed90a4dd7a1d1026d7a/deploit/teams/69d8dd1e5d3e1f8c350e006f/users/68af3d99c99eb7bd2ff47bc8/projects/69f80768ca774c668fbaaed8/jobs/6a22c6b00859d97fbe7b6205/results/boxplot_heart_plus_pericardium_Han_Nature_2020_author_cell_type_X_umap_5c7ea7_precision.svg
boxplot_heart_plus_pericardium_Han_Nature_2020_author_cell_type_X_umap_5c7ea7_recall.html,s3://lifebit-user-data-6941eed90a4dd7a1d1026d7a/deploit/teams/69d8dd1e5d3e1f8c350e006f/users/68af3d99c99eb7bd2ff47bc8/projects/69f80768ca774c668fbaaed8/jobs/6a22c6b00859d97fbe7b6205/results/boxplot_heart_plus_pericardium_Han_Nature_2020_author_cell_type_X_umap_5c7ea7_recall.html
boxplot_heart_plus_pericardium_Han_Nature_2020_author_cell_type_X_umap_5c7ea7_recall.svg,s3://lifebit-user-data-6941eed90a4dd7a1d1026d7a/deploit/teams/69d8dd1e5d3e1f8c350e006f/users/68af3d99c99eb7bd2ff47bc8/projects/69f80768ca774c668fbaaed8/jobs/6a22c6b00859d97fbe7b6205/results/boxplot_heart_plus_pericardium_Han_Nature_2020_author_cell_type_X_umap_5c7ea7_recall.svg
boxplot_heart_plus_pericardium_Hulsmans_Science_2023_celltype_X_umap_626931_f_score.html,s3://lifebit-user-data-6941eed90a4dd7a1d1026d7a/deploit/teams/69d8dd1e5d3e1f8c350e006f/users/68af3d99c99eb7bd2ff47bc8/projects/69f80768ca774c668fbaaed8/jobs/6a22c6b00859d97fbe7b6205/results/boxplot_heart_plus_pericardium_Hulsmans_Science_2023_celltype_X_umap_626931_f_score.html
boxplot_heart_plus_pericardium_Hulsmans_Science_2023_celltype_X_umap_626931_f_score.svg,s3://lifebit-user-data-6941eed90a4dd7a1d1026d7a/deploit/teams/69d8dd1e5d3e1f8c350e006f/users/68af3d99c99eb7bd2ff47bc8/projects/69f80768ca774c668fbaaed8/jobs/6a22c6b00859d97fbe7b6205/results/boxplot_heart_plus_pericardium_Hulsmans_Science_2023_celltype_X_umap_626931_f_score.svg
boxplot_heart_plus_pericardium_Hulsmans_Science_2023_celltype_X_umap_626931_onTarget.html,s3://lifebit-user-data-6941eed90a4dd7a1d1026d7a/deploit/teams/69d8dd1e5d3e1f8c350e006f/users/68af3d99c99eb7bd2ff47bc8/projects/69f80768ca774c668fbaaed8/jobs/6a22c6b00859d97fbe7b6205/results/boxplot_heart_plus_pericardium_Hulsmans_Science_2023_celltype_X_umap_626931_onTarget.html
boxplot_heart_plus_pericardium_Hulsmans_Science_2023_celltype_X_umap_626931_onTarget.svg,s3://lifebit-user-data-6941eed90a4dd7a1d1026d7a/deploit/teams/69d8dd1e5d3e1f8c350e006f/users/68af3d99c99eb7bd2ff47bc8/projects/69f80768ca774c668fbaaed8/jobs/6a22c6b00859d97fbe7b6205/results/boxplot_heart_plus_pericardium_Hulsmans_Science_2023_celltype_X_umap_626931_onTarget.svg
boxplot_heart_plus_pericardium_Hulsmans_Science_2023_celltype_X_umap_626931_precision.html,s3://lifebit-user-data-6941eed90a4dd7a1d1026d7a/deploit/teams/69d8dd1e5d3e1f8c350e006f/users/68af3d99c99eb7bd2ff47bc8/projects/69f80768ca774c668fbaaed8/jobs/6a22c6b00859d97fbe7b6205/results/boxplot_heart_plus_pericardium_Hulsmans_Science_2023_celltype_X_umap_626931_precision.html
boxplot_heart_plus_pericardium_Hulsmans_Science_2023_celltype_X_umap_626931_precision.svg,s3://lifebit-user-data-6941eed90a4dd7a1d1026d7a/deploit/teams/69d8dd1e5d3e1f8c350e006f/users/68af3d99c99eb7bd2ff47bc8/projects/69f80768ca774c668fbaaed8/jobs/6a22c6b00859d97fbe7b6205/results/boxplot_heart_plus_pericardium_Hulsmans_Science_2023_celltype_X_umap_626931_precision.svg
boxplot_heart_plus_pericardium_Hulsmans_Science_2023_celltype_X_umap_626931_recall.html,s3://lifebit-user-data-6941eed90a4dd7a1d1026d7a/deploit/teams/69d8dd1e5d3e1f8c350e006f/users/68af3d99c99eb7bd2ff47bc8/projects/69f80768ca774c668fbaaed8/jobs/6a22c6b00859d97fbe7b6205/results/boxplot_heart_plus_pericardium_Hulsmans_Science_2023_celltype_X_umap_626931_recall.html
boxplot_heart_plus_pericardium_Hulsmans_Science_2023_celltype_X_umap_626931_recall.svg,s3://lifebit-user-data-6941eed90a4dd7a1d1026d7a/deploit/teams/69d8dd1e5d3e1f8c350e006f/users/68af3d99c99eb7bd2ff47bc8/projects/69f80768ca774c668fbaaed8/jobs/6a22c6b00859d97fbe7b6205/results/boxplot_heart_plus_pericardium_Hulsmans_Science_2023_celltype_X_umap_626931_recall.svg
boxplot_heart_plus_pericardium_Litvinukova_Nature_2020_cell_type_X_umap_2fcb9b_f_score.html,s3://lifebit-user-data-6941eed90a4dd7a1d1026d7a/deploit/teams/69d8dd1e5d3e1f8c350e006f/users/68af3d99c99eb7bd2ff47bc8/projects/69f80768ca774c668fbaaed8/jobs/6a22c6b00859d97fbe7b6205/results/boxplot_heart_plus_pericardium_Litvinukova_Nature_2020_cell_type_X_umap_2fcb9b_f_score.html
boxplot_heart_plus_pericardium_Litvinukova_Nature_2020_cell_type_X_umap_2fcb9b_f_score.svg,s3://lifebit-user-data-6941eed90a4dd7a1d1026d7a/deploit/teams/69d8dd1e5d3e1f8c350e006f/users/68af3d99c99eb7bd2ff47bc8/projects/69f80768ca774c668fbaaed8/jobs/6a22c6b00859d97fbe7b6205/results/boxplot_heart_plus_pericardium_Litvinukova_Nature_2020_cell_type_X_umap_2fcb9b_f_score.svg
boxplot_heart_plus_pericardium_Litvinukova_Nature_2020_cell_type_X_umap_2fcb9b_onTarget.html,s3://lifebit-user-data-6941eed90a4dd7a1d1026d7a/deploit/teams/69d8dd1e5d3e1f8c350e006f/users/68af3d99c99eb7bd2ff47bc8/projects/69f80768ca774c668fbaaed8/jobs/6a22c6b00859d97fbe7b6205/results/boxplot_heart_plus_pericardium_Litvinukova_Nature_2020_cell_type_X_umap_2fcb9b_onTarget.html
boxplot_heart_plus_pericardium_Litvinukova_Nature_2020_cell_type_X_umap_2fcb9b_onTarget.svg,s3://lifebit-user-data-6941eed90a4dd7a1d1026d7a/deploit/teams/69d8dd1e5d3e1f8c350e006f/users/68af3d99c99eb7bd2ff47bc8/projects/69f80768ca774c668fbaaed8/jobs/6a22c6b00859d97fbe7b6205/results/boxplot_heart_plus_pericardium_Litvinukova_Nature_2020_cell_type_X_umap_2fcb9b_onTarget.svg
boxplot_heart_plus_pericardium_Litvinukova_Nature_2020_cell_type_X_umap_2fcb9b_precision.html,s3://lifebit-user-data-6941eed90a4dd7a1d1026d7a/deploit/teams/69d8dd1e5d3e1f8c350e006f/users/68af3d99c99eb7bd2ff47bc8/projects/69f80768ca774c668fbaaed8/jobs/6a22c6b00859d97fbe7b6205/results/boxplot_heart_plus_pericardium_Litvinukova_Nature_2020_cell_type_X_umap_2fcb9b_precision.html
boxplot_heart_plus_pericardium_Litvinukova_Nature_2020_cell_type_X_umap_2fcb9b_precision.svg,s3://lifebit-user-data-6941eed90a4dd7a1d1026d7a/deploit/teams/69d8dd1e5d3e1f8c350e006f/users/68af3d99c99eb7bd2ff47bc8/projects/69f80768ca774c668fbaaed8/jobs/6a22c6b00859d97fbe7b6205/results/boxplot_heart_plus_pericardium_Litvinukova_Nature_2020_cell_type_X_umap_2fcb9b_precision.svg
boxplot_heart_plus_pericardium_Litvinukova_Nature_2020_cell_type_X_umap_2fcb9b_recall.html,s3://lifebit-user-data-6941eed90a4dd7a1d1026d7a/deploit/teams/69d8dd1e5d3e1f8c350e006f/users/68af3d99c99eb7bd2ff47bc8/projects/69f80768ca774c668fbaaed8/jobs/6a22c6b00859d97fbe7b6205/results/boxplot_heart_plus_pericardium_Litvinukova_Nature_2020_cell_type_X_umap_2fcb9b_recall.html
boxplot_heart_plus_pericardium_Litvinukova_Nature_2020_cell_type_X_umap_2fcb9b_recall.svg,s3://lifebit-user-data-6941eed90a4dd7a1d1026d7a/deploit/teams/69d8dd1e5d3e1f8c350e006f/users/68af3d99c99eb7bd2ff47bc8/projects/69f80768ca774c668fbaaed8/jobs/6a22c6b00859d97fbe7b6205/results/boxplot_heart_plus_pericardium_Litvinukova_Nature_2020_cell_type_X_umap_2fcb9b_recall.svg
boxplot_heart_plus_pericardium_Maatz_Nat_Cardiovasc_Res_2025_author_cell_type_X_umap_b6d046_f_score.html,s3://lifebit-user-data-6941eed90a4dd7a1d1026d7a/deploit/teams/69d8dd1e5d3e1f8c350e006f/users/68af3d99c99eb7bd2ff47bc8/projects/69f80768ca774c668fbaaed8/jobs/6a22c6b00859d97fbe7b6205/results/boxplot_heart_plus_pericardium_Maatz_Nat_Cardiovasc_Res_2025_author_cell_type_X_umap_b6d046_f_score.html
boxplot_heart_plus_pericardium_Maatz_Nat_Cardiovasc_Res_2025_author_cell_type_X_umap_b6d046_f_score.svg,s3://lifebit-user-data-6941eed90a4dd7a1d1026d7a/deploit/teams/69d8dd1e5d3e1f8c350e006f/users/68af3d99c99eb7bd2ff47bc8/projects/69f80768ca774c668fbaaed8/jobs/6a22c6b00859d97fbe7b6205/results/boxplot_heart_plus_pericardium_Maatz_Nat_Cardiovasc_Res_2025_author_cell_type_X_umap_b6d046_f_score.svg
boxplot_heart_plus_pericardium_Maatz_Nat_Cardiovasc_Res_2025_author_cell_type_X_umap_b6d046_onTarget.html,s3://lifebit-user-data-6941eed90a4dd7a1d1026d7a/deploit/teams/69d8dd1e5d3e1f8c350e006f/users/68af3d99c99eb7bd2ff47bc8/projects/69f80768ca774c668fbaaed8/jobs/6a22c6b00859d97fbe7b6205/results/boxplot_heart_plus_pericardium_Maatz_Nat_Cardiovasc_Res_2025_author_cell_type_X_umap_b6d046_onTarget.html
boxplot_heart_plus_pericardium_Maatz_Nat_Cardiovasc_Res_2025_author_cell_type_X_umap_b6d046_onTarget.svg,s3://lifebit-user-data-6941eed90a4dd7a1d1026d7a/deploit/teams/69d8dd1e5d3e1f8c350e006f/users/68af3d99c99eb7bd2ff47bc8/projects/69f80768ca774c668fbaaed8/jobs/6a22c6b00859d97fbe7b6205/results/boxplot_heart_plus_pericardium_Maatz_Nat_Cardiovasc_Res_2025_author_cell_type_X_umap_b6d046_onTarget.svg
boxplot_heart_plus_pericardium_Maatz_Nat_Cardiovasc_Res_2025_author_cell_type_X_umap_b6d046_precision.html,s3://lifebit-user-data-6941eed90a4dd7a1d1026d7a/deploit/teams/69d8dd1e5d3e1f8c350e006f/users/68af3d99c99eb7bd2ff47bc8/projects/69f80768ca774c668fbaaed8/jobs/6a22c6b00859d97fbe7b6205/results/boxplot_heart_plus_pericardium_Maatz_Nat_Cardiovasc_Res_2025_author_cell_type_X_umap_b6d046_precision.html
boxplot_heart_plus_pericardium_Maatz_Nat_Cardiovasc_Res_2025_author_cell_type_X_umap_b6d046_precision.svg,s3://lifebit-user-data-6941eed90a4dd7a1d1026d7a/deploit/teams/69d8dd1e5d3e1f8c350e006f/users/68af3d99c99eb7bd2ff47bc8/projects/69f80768ca774c668fbaaed8/jobs/6a22c6b00859d97fbe7b6205/results/boxplot_heart_plus_pericardium_Maatz_Nat_Cardiovasc_Res_2025_author_cell_type_X_umap_b6d046_precision.svg
boxplot_heart_plus_pericardium_Maatz_Nat_Cardiovasc_Res_2025_author_cell_type_X_umap_b6d046_recall.html,s3://lifebit-user-data-6941eed90a4dd7a1d1026d7a/deploit/teams/69d8dd1e5d3e1f8c350e006f/users/68af3d99c99eb7bd2ff47bc8/projects/69f80768ca774c668fbaaed8/jobs/6a22c6b00859d97fbe7b6205/results/boxplot_heart_plus_pericardium_Maatz_Nat_Cardiovasc_Res_2025_author_cell_type_X_umap_b6d046_recall.html
boxplot_heart_plus_pericardium_Maatz_Nat_Cardiovasc_Res_2025_author_cell_type_X_umap_b6d046_recall.svg,s3://lifebit-user-data-6941eed90a4dd7a1d1026d7a/deploit/teams/69d8dd1e5d3e1f8c350e006f/users/68af3d99c99eb7bd2ff47bc8/projects/69f80768ca774c668fbaaed8/jobs/6a22c6b00859d97fbe7b6205/results/boxplot_heart_plus_pericardium_Maatz_Nat_Cardiovasc_Res_2025_author_cell_type_X_umap_b6d046_recall.svg
boxplot_heart_plus_pericardium_Selewa_Nat_Commun_2023_author_cell_type_X_umap_a8bcce_f_score.html,s3://lifebit-user-data-6941eed90a4dd7a1d1026d7a/deploit/teams/69d8dd1e5d3e1f8c350e006f/users/68af3d99c99eb7bd2ff47bc8/projects/69f80768ca774c668fbaaed8/jobs/6a22c6b00859d97fbe7b6205/results/boxplot_heart_plus_pericardium_Selewa_Nat_Commun_2023_author_cell_type_X_umap_a8bcce_f_score.html
boxplot_heart_plus_pericardium_Selewa_Nat_Commun_2023_author_cell_type_X_umap_a8bcce_f_score.svg,s3://lifebit-user-data-6941eed90a4dd7a1d1026d7a/deploit/teams/69d8dd1e5d3e1f8c350e006f/users/68af3d99c99eb7bd2ff47bc8/projects/69f80768ca774c668fbaaed8/jobs/6a22c6b00859d97fbe7b6205/results/boxplot_heart_plus_pericardium_Selewa_Nat_Commun_2023_author_cell_type_X_umap_a8bcce_f_score.svg
boxplot_heart_plus_pericardium_Selewa_Nat_Commun_2023_author_cell_type_X_umap_a8bcce_onTarget.html,s3://lifebit-user-data-6941eed90a4dd7a1d1026d7a/deploit/teams/69d8dd1e5d3e1f8c350e006f/users/68af3d99c99eb7bd2ff47bc8/projects/69f80768ca774c668fbaaed8/jobs/6a22c6b00859d97fbe7b6205/results/boxplot_heart_plus_pericardium_Selewa_Nat_Commun_2023_author_cell_type_X_umap_a8bcce_onTarget.html
boxplot_heart_plus_pericardium_Selewa_Nat_Commun_2023_author_cell_type_X_umap_a8bcce_onTarget.svg,s3://lifebit-user-data-6941eed90a4dd7a1d1026d7a/deploit/teams/69d8dd1e5d3e1f8c350e006f/users/68af3d99c99eb7bd2ff47bc8/projects/69f80768ca774c668fbaaed8/jobs/6a22c6b00859d97fbe7b6205/results/boxplot_heart_plus_pericardium_Selewa_Nat_Commun_2023_author_cell_type_X_umap_a8bcce_onTarget.svg
boxplot_heart_plus_pericardium_Selewa_Nat_Commun_2023_author_cell_type_X_umap_a8bcce_precision.html,s3://lifebit-user-data-6941eed90a4dd7a1d1026d7a/deploit/teams/69d8dd1e5d3e1f8c350e006f/users/68af3d99c99eb7bd2ff47bc8/projects/69f80768ca774c668fbaaed8/jobs/6a22c6b00859d97fbe7b6205/results/boxplot_heart_plus_pericardium_Selewa_Nat_Commun_2023_author_cell_type_X_umap_a8bcce_precision.html
boxplot_heart_plus_pericardium_Selewa_Nat_Commun_2023_author_cell_type_X_umap_a8bcce_precision.svg,s3://lifebit-user-data-6941eed90a4dd7a1d1026d7a/deploit/teams/69d8dd1e5d3e1f8c350e006f/users/68af3d99c99eb7bd2ff47bc8/projects/69f80768ca774c668fbaaed8/jobs/6a22c6b00859d97fbe7b6205/results/boxplot_heart_plus_pericardium_Selewa_Nat_Commun_2023_author_cell_type_X_umap_a8bcce_precision.svg
boxplot_heart_plus_pericardium_Selewa_Nat_Commun_2023_author_cell_type_X_umap_a8bcce_recall.html,s3://lifebit-user-data-6941eed90a4dd7a1d1026d7a/deploit/teams/69d8dd1e5d3e1f8c350e006f/users/68af3d99c99eb7bd2ff47bc8/projects/69f80768ca774c668fbaaed8/jobs/6a22c6b00859d97fbe7b6205/results/boxplot_heart_plus_pericardium_Selewa_Nat_Commun_2023_author_cell_type_X_umap_a8bcce_recall.html
boxplot_heart_plus_pericardium_Selewa_Nat_Commun_2023_author_cell_type_X_umap_a8bcce_recall.svg,s3://lifebit-user-data-6941eed90a4dd7a1d1026d7a/deploit/teams/69d8dd1e5d3e1f8c350e006f/users/68af3d99c99eb7bd2ff47bc8/projects/69f80768ca774c668fbaaed8/jobs/6a22c6b00859d97fbe7b6205/results/boxplot_heart_plus_pericardium_Selewa_Nat_Commun_2023_author_cell_type_X_umap_a8bcce_recall.svg
boxplot_heart_plus_pericardium_Sim_Circulation_2021_cell_type_X_umap_d94be2_f_score.html,s3://lifebit-user-data-6941eed90a4dd7a1d1026d7a/deploit/teams/69d8dd1e5d3e1f8c350e006f/users/68af3d99c99eb7bd2ff47bc8/projects/69f80768ca774c668fbaaed8/jobs/6a22c6b00859d97fbe7b6205/results/boxplot_heart_plus_pericardium_Sim_Circulation_2021_cell_type_X_umap_d94be2_f_score.html
boxplot_heart_plus_pericardium_Sim_Circulation_2021_cell_type_X_umap_d94be2_f_score.svg,s3://lifebit-user-data-6941eed90a4dd7a1d1026d7a/deploit/teams/69d8dd1e5d3e1f8c350e006f/users/68af3d99c99eb7bd2ff47bc8/projects/69f80768ca774c668fbaaed8/jobs/6a22c6b00859d97fbe7b6205/results/boxplot_heart_plus_pericardium_Sim_Circulation_2021_cell_type_X_umap_d94be2_f_score.svg
boxplot_heart_plus_pericardium_Sim_Circulation_2021_cell_type_X_umap_d94be2_onTarget.html,s3://lifebit-user-data-6941eed90a4dd7a1d1026d7a/deploit/teams/69d8dd1e5d3e1f8c350e006f/users/68af3d99c99eb7bd2ff47bc8/projects/69f80768ca774c668fbaaed8/jobs/6a22c6b00859d97fbe7b6205/results/boxplot_heart_plus_pericardium_Sim_Circulation_2021_cell_type_X_umap_d94be2_onTarget.html
boxplot_heart_plus_pericardium_Sim_Circulation_2021_cell_type_X_umap_d94be2_onTarget.svg,s3://lifebit-user-data-6941eed90a4dd7a1d1026d7a/deploit/teams/69d8dd1e5d3e1f8c350e006f/users/68af3d99c99eb7bd2ff47bc8/projects/69f80768ca774c668fbaaed8/jobs/6a22c6b00859d97fbe7b6205/results/boxplot_heart_plus_pericardium_Sim_Circulation_2021_cell_type_X_umap_d94be2_onTarget.svg
boxplot_heart_plus_pericardium_Sim_Circulation_2021_cell_type_X_umap_d94be2_precision.html,s3://lifebit-user-data-6941eed90a4dd7a1d1026d7a/deploit/teams/69d8dd1e5d3e1f8c350e006f/users/68af3d99c99eb7bd2ff47bc8/projects/69f80768ca774c668fbaaed8/jobs/6a22c6b00859d97fbe7b6205/results/boxplot_heart_plus_pericardium_Sim_Circulation_2021_cell_type_X_umap_d94be2_precision.html
boxplot_heart_plus_pericardium_Sim_Circulation_2021_cell_type_X_umap_d94be2_precision.svg,s3://lifebit-user-data-6941eed90a4dd7a1d1026d7a/deploit/teams/69d8dd1e5d3e1f8c350e006f/users/68af3d99c99eb7bd2ff47bc8/projects/69f80768ca774c668fbaaed8/jobs/6a22c6b00859d97fbe7b6205/results/boxplot_heart_plus_pericardium_Sim_Circulation_2021_cell_type_X_umap_d94be2_precision.svg
boxplot_heart_plus_pericardium_Sim_Circulation_2021_cell_type_X_umap_d94be2_recall.html,s3://lifebit-user-data-6941eed90a4dd7a1d1026d7a/deploit/teams/69d8dd1e5d3e1f8c350e006f/users/68af3d99c99eb7bd2ff47bc8/projects/69f80768ca774c668fbaaed8/jobs/6a22c6b00859d97fbe7b6205/results/boxplot_heart_plus_pericardium_Sim_Circulation_2021_cell_type_X_umap_d94be2_recall.html
boxplot_heart_plus_pericardium_Sim_Circulation_2021_cell_type_X_umap_d94be2_recall.svg,s3://lifebit-user-data-6941eed90a4dd7a1d1026d7a/deploit/teams/69d8dd1e5d3e1f8c350e006f/users/68af3d99c99eb7bd2ff47bc8/projects/69f80768ca774c668fbaaed8/jobs/6a22c6b00859d97fbe7b6205/results/boxplot_heart_plus_pericardium_Sim_Circulation_2021_cell_type_X_umap_d94be2_recall.svg
boxplot_heart_plus_pericardium_Xu_Cell_2023_Curated_annotation_X_umap_7d4811_f_score.html,s3://lifebit-user-data-6941eed90a4dd7a1d1026d7a/deploit/teams/69d8dd1e5d3e1f8c350e006f/users/68af3d99c99eb7bd2ff47bc8/projects/69f80768ca774c668fbaaed8/jobs/6a22c6b00859d97fbe7b6205/results/boxplot_heart_plus_pericardium_Xu_Cell_2023_Curated_annotation_X_umap_7d4811_f_score.html
boxplot_heart_plus_pericardium_Xu_Cell_2023_Curated_annotation_X_umap_7d4811_f_score.svg,s3://lifebit-user-data-6941eed90a4dd7a1d1026d7a/deploit/teams/69d8dd1e5d3e1f8c350e006f/users/68af3d99c99eb7bd2ff47bc8/projects/69f80768ca774c668fbaaed8/jobs/6a22c6b00859d97fbe7b6205/results/boxplot_heart_plus_pericardium_Xu_Cell_2023_Curated_annotation_X_umap_7d4811_f_score.svg
boxplot_heart_plus_pericardium_Xu_Cell_2023_Curated_annotation_X_umap_7d4811_onTarget.html,s3://lifebit-user-data-6941eed90a4dd7a1d1026d7a/deploit/teams/69d8dd1e5d3e1f8c350e006f/users/68af3d99c99eb7bd2ff47bc8/projects/69f80768ca774c668fbaaed8/jobs/6a22c6b00859d97fbe7b6205/results/boxplot_heart_plus_pericardium_Xu_Cell_2023_Curated_annotation_X_umap_7d4811_onTarget.html
boxplot_heart_plus_pericardium_Xu_Cell_2023_Curated_annotation_X_umap_7d4811_onTarget.svg,s3://lifebit-user-data-6941eed90a4dd7a1d1026d7a/deploit/teams/69d8dd1e5d3e1f8c350e006f/users/68af3d99c99eb7bd2ff47bc8/projects/69f80768ca774c668fbaaed8/jobs/6a22c6b00859d97fbe7b6205/results/boxplot_heart_plus_pericardium_Xu_Cell_2023_Curated_annotation_X_umap_7d4811_onTarget.svg
boxplot_heart_plus_pericardium_Xu_Cell_2023_Curated_annotation_X_umap_7d4811_precision.html,s3://lifebit-user-data-6941eed90a4dd7a1d1026d7a/deploit/teams/69d8dd1e5d3e1f8c350e006f/users/68af3d99c99eb7bd2ff47bc8/projects/69f80768ca774c668fbaaed8/jobs/6a22c6b00859d97fbe7b6205/results/boxplot_heart_plus_pericardium_Xu_Cell_2023_Curated_annotation_X_umap_7d4811_precision.html
boxplot_heart_plus_pericardium_Xu_Cell_2023_Curated_annotation_X_umap_7d4811_precision.svg,s3://lifebit-user-data-6941eed90a4dd7a1d1026d7a/deploit/teams/69d8dd1e5d3e1f8c350e006f/users/68af3d99c99eb7bd2ff47bc8/projects/69f80768ca774c668fbaaed8/jobs/6a22c6b00859d97fbe7b6205/results/boxplot_heart_plus_pericardium_Xu_Cell_2023_Curated_annotation_X_umap_7d4811_precision.svg
boxplot_heart_plus_pericardium_Xu_Cell_2023_Curated_annotation_X_umap_7d4811_recall.html,s3://lifebit-user-data-6941eed90a4dd7a1d1026d7a/deploit/teams/69d8dd1e5d3e1f8c350e006f/users/68af3d99c99eb7bd2ff47bc8/projects/69f80768ca774c668fbaaed8/jobs/6a22c6b00859d97fbe7b6205/results/boxplot_heart_plus_pericardium_Xu_Cell_2023_Curated_annotation_X_umap_7d4811_recall.html
boxplot_heart_plus_pericardium_Xu_Cell_2023_Curated_annotation_X_umap_7d4811_recall.svg,s3://lifebit-user-data-6941eed90a4dd7a1d1026d7a/deploit/teams/69d8dd1e5d3e1f8c350e006f/users/68af3d99c99eb7bd2ff47bc8/projects/69f80768ca774c668fbaaed8/jobs/6a22c6b00859d97fbe7b6205/results/boxplot_heart_plus_pericardium_Xu_Cell_2023_Curated_annotation_X_umap_7d4811_recall.svg
boxplot_heart_plus_pericardium_Zhao_Cell_Genomics_2025_author_cell_type_X_umap_9b5568_f_score.html,s3://lifebit-user-data-6941eed90a4dd7a1d1026d7a/deploit/teams/69d8dd1e5d3e1f8c350e006f/users/68af3d99c99eb7bd2ff47bc8/projects/69f80768ca774c668fbaaed8/jobs/6a22c6b00859d97fbe7b6205/results/boxplot_heart_plus_pericardium_Zhao_Cell_Genomics_2025_author_cell_type_X_umap_9b5568_f_score.html
boxplot_heart_plus_pericardium_Zhao_Cell_Genomics_2025_author_cell_type_X_umap_9b5568_f_score.svg,s3://lifebit-user-data-6941eed90a4dd7a1d1026d7a/deploit/teams/69d8dd1e5d3e1f8c350e006f/users/68af3d99c99eb7bd2ff47bc8/projects/69f80768ca774c668fbaaed8/jobs/6a22c6b00859d97fbe7b6205/results/boxplot_heart_plus_pericardium_Zhao_Cell_Genomics_2025_author_cell_type_X_umap_9b5568_f_score.svg
boxplot_heart_plus_pericardium_Zhao_Cell_Genomics_2025_author_cell_type_X_umap_9b5568_onTarget.html,s3://lifebit-user-data-6941eed90a4dd7a1d1026d7a/deploit/teams/69d8dd1e5d3e1f8c350e006f/users/68af3d99c99eb7bd2ff47bc8/projects/69f80768ca774c668fbaaed8/jobs/6a22c6b00859d97fbe7b6205/results/boxplot_heart_plus_pericardium_Zhao_Cell_Genomics_2025_author_cell_type_X_umap_9b5568_onTarget.html
boxplot_heart_plus_pericardium_Zhao_Cell_Genomics_2025_author_cell_type_X_umap_9b5568_onTarget.svg,s3://lifebit-user-data-6941eed90a4dd7a1d1026d7a/deploit/teams/69d8dd1e5d3e1f8c350e006f/users/68af3d99c99eb7bd2ff47bc8/projects/69f80768ca774c668fbaaed8/jobs/6a22c6b00859d97fbe7b6205/results/boxplot_heart_plus_pericardium_Zhao_Cell_Genomics_2025_author_cell_type_X_umap_9b5568_onTarget.svg
boxplot_heart_plus_pericardium_Zhao_Cell_Genomics_2025_author_cell_type_X_umap_9b5568_precision.html,s3://lifebit-user-data-6941eed90a4dd7a1d1026d7a/deploit/teams/69d8dd1e5d3e1f8c350e006f/users/68af3d99c99eb7bd2ff47bc8/projects/69f80768ca774c668fbaaed8/jobs/6a22c6b00859d97fbe7b6205/results/boxplot_heart_plus_pericardium_Zhao_Cell_Genomics_2025_author_cell_type_X_umap_9b5568_precision.html
boxplot_heart_plus_pericardium_Zhao_Cell_Genomics_2025_author_cell_type_X_umap_9b5568_precision.svg,s3://lifebit-user-data-6941eed90a4dd7a1d1026d7a/deploit/teams/69d8dd1e5d3e1f8c350e006f/users/68af3d99c99eb7bd2ff47bc8/projects/69f80768ca774c668fbaaed8/jobs/6a22c6b00859d97fbe7b6205/results/boxplot_heart_plus_pericardium_Zhao_Cell_Genomics_2025_author_cell_type_X_umap_9b5568_precision.svg
boxplot_heart_plus_pericardium_Zhao_Cell_Genomics_2025_author_cell_type_X_umap_9b5568_recall.html,s3://lifebit-user-data-6941eed90a4dd7a1d1026d7a/deploit/teams/69d8dd1e5d3e1f8c350e006f/users/68af3d99c99eb7bd2ff47bc8/projects/69f80768ca774c668fbaaed8/jobs/6a22c6b00859d97fbe7b6205/results/boxplot_heart_plus_pericardium_Zhao_Cell_Genomics_2025_author_cell_type_X_umap_9b5568_recall.html
boxplot_heart_plus_pericardium_Zhao_Cell_Genomics_2025_author_cell_type_X_umap_9b5568_recall.svg,s3://lifebit-user-data-6941eed90a4dd7a1d1026d7a/deploit/teams/69d8dd1e5d3e1f8c350e006f/users/68af3d99c99eb7bd2ff47bc8/projects/69f80768ca774c668fbaaed8/jobs/6a22c6b00859d97fbe7b6205/results/boxplot_heart_plus_pericardium_Zhao_Cell_Genomics_2025_author_cell_type_X_umap_9b5568_recall.svg
cluster_cid_mapping_heart_plus_pericardium_Eraslan_Science_2022_Broad_cell_type_X_umap_f44b0f.csv,s3://lifebit-user-data-6941eed90a4dd7a1d1026d7a/deploit/teams/69d8dd1e5d3e1f8c350e006f/users/68af3d99c99eb7bd2ff47bc8/projects/69f80768ca774c668fbaaed8/jobs/6a22c6b00859d97fbe7b6205/results/cluster_cid_mapping_heart_plus_pericardium_Eraslan_Science_2022_Broad_cell_type_X_umap_f44b0f.csv
cluster_cid_mapping_heart_plus_pericardium_Han_Nature_2020_author_cell_type_X_umap_5c7ea7.csv,s3://lifebit-user-data-6941eed90a4dd7a1d1026d7a/deploit/teams/69d8dd1e5d3e1f8c350e006f/users/68af3d99c99eb7bd2ff47bc8/projects/69f80768ca774c668fbaaed8/jobs/6a22c6b00859d97fbe7b6205/results/cluster_cid_mapping_heart_plus_pericardium_Han_Nature_2020_author_cell_type_X_umap_5c7ea7.csv
cluster_cid_mapping_heart_plus_pericardium_Hulsmans_Science_2023_celltype_X_umap_626931.csv,s3://lifebit-user-data-6941eed90a4dd7a1d1026d7a/deploit/teams/69d8dd1e5d3e1f8c350e006f/users/68af3d99c99eb7bd2ff47bc8/projects/69f80768ca774c668fbaaed8/jobs/6a22c6b00859d97fbe7b6205/results/cluster_cid_mapping_heart_plus_pericardium_Hulsmans_Science_2023_celltype_X_umap_626931.csv
cluster_cid_mapping_heart_plus_pericardium_Litvinukova_Nature_2020_cell_type_X_umap_2fcb9b.csv,s3://lifebit-user-data-6941eed90a4dd7a1d1026d7a/deploit/teams/69d8dd1e5d3e1f8c350e006f/users/68af3d99c99eb7bd2ff47bc8/projects/69f80768ca774c668fbaaed8/jobs/6a22c6b00859d97fbe7b6205/results/cluster_cid_mapping_heart_plus_pericardium_Litvinukova_Nature_2020_cell_type_X_umap_2fcb9b.csv
cluster_cid_mapping_heart_plus_pericardium_Maatz_Nat_Cardiovasc_Res_2025_author_cell_type_X_umap_b6d046.csv,s3://lifebit-user-data-6941eed90a4dd7a1d1026d7a/deploit/teams/69d8dd1e5d3e1f8c350e006f/users/68af3d99c99eb7bd2ff47bc8/projects/69f80768ca774c668fbaaed8/jobs/6a22c6b00859d97fbe7b6205/results/cluster_cid_mapping_heart_plus_pericardium_Maatz_Nat_Cardiovasc_Res_2025_author_cell_type_X_umap_b6d046.csv
cluster_cid_mapping_heart_plus_pericardium_Selewa_Nat_Commun_2023_author_cell_type_X_umap_a8bcce.csv,s3://lifebit-user-data-6941eed90a4dd7a1d1026d7a/deploit/teams/69d8dd1e5d3e1f8c350e006f/users/68af3d99c99eb7bd2ff47bc8/projects/69f80768ca774c668fbaaed8/jobs/6a22c6b00859d97fbe7b6205/results/cluster_cid_mapping_heart_plus_pericardium_Selewa_Nat_Commun_2023_author_cell_type_X_umap_a8bcce.csv
cluster_cid_mapping_heart_plus_pericardium_Sim_Circulation_2021_cell_type_X_umap_d94be2.csv,s3://lifebit-user-data-6941eed90a4dd7a1d1026d7a/deploit/teams/69d8dd1e5d3e1f8c350e006f/users/68af3d99c99eb7bd2ff47bc8/projects/69f80768ca774c668fbaaed8/jobs/6a22c6b00859d97fbe7b6205/results/cluster_cid_mapping_heart_plus_pericardium_Sim_Circulation_2021_cell_type_X_umap_d94be2.csv
cluster_cid_mapping_heart_plus_pericardium_Xu_Cell_2023_Curated_annotation_X_umap_7d4811.csv,s3://lifebit-user-data-6941eed90a4dd7a1d1026d7a/deploit/teams/69d8dd1e5d3e1f8c350e006f/users/68af3d99c99eb7bd2ff47bc8/projects/69f80768ca774c668fbaaed8/jobs/6a22c6b00859d97fbe7b6205/results/cluster_cid_mapping_heart_plus_pericardium_Xu_Cell_2023_Curated_annotation_X_umap_7d4811.csv
cluster_cid_mapping_heart_plus_pericardium_Zhao_Cell_Genomics_2025_author_cell_type_X_umap_9b5568.csv,s3://lifebit-user-data-6941eed90a4dd7a1d1026d7a/deploit/teams/69d8dd1e5d3e1f8c350e006f/users/68af3d99c99eb7bd2ff47bc8/projects/69f80768ca774c668fbaaed8/jobs/6a22c6b00859d97fbe7b6205/results/cluster_cid_mapping_heart_plus_pericardium_Zhao_Cell_Genomics_2025_author_cell_type_X_umap_9b5568.csv
cluster_order_before_filter_heart_plus_pericardium_Eraslan_Science_2022_Broad_cell_type_X_umap_f44b0f.csv,s3://lifebit-user-data-6941eed90a4dd7a1d1026d7a/deploit/teams/69d8dd1e5d3e1f8c350e006f/users/68af3d99c99eb7bd2ff47bc8/projects/69f80768ca774c668fbaaed8/jobs/6a22c6b00859d97fbe7b6205/results/cluster_order_before_filter_heart_plus_pericardium_Eraslan_Science_2022_Broad_cell_type_X_umap_f44b0f.csv
cluster_order_before_filter_heart_plus_pericardium_Han_Nature_2020_author_cell_type_X_umap_5c7ea7.csv,s3://lifebit-user-data-6941eed90a4dd7a1d1026d7a/deploit/teams/69d8dd1e5d3e1f8c350e006f/users/68af3d99c99eb7bd2ff47bc8/projects/69f80768ca774c668fbaaed8/jobs/6a22c6b00859d97fbe7b6205/results/cluster_order_before_filter_heart_plus_pericardium_Han_Nature_2020_author_cell_type_X_umap_5c7ea7.csv
cluster_order_before_filter_heart_plus_pericardium_Hulsmans_Science_2023_celltype_X_umap_626931.csv,s3://lifebit-user-data-6941eed90a4dd7a1d1026d7a/deploit/teams/69d8dd1e5d3e1f8c350e006f/users/68af3d99c99eb7bd2ff47bc8/projects/69f80768ca774c668fbaaed8/jobs/6a22c6b00859d97fbe7b6205/results/cluster_order_before_filter_heart_plus_pericardium_Hulsmans_Science_2023_celltype_X_umap_626931.csv
cluster_order_before_filter_heart_plus_pericardium_Litvinukova_Nature_2020_cell_type_X_umap_2fcb9b.csv,s3://lifebit-user-data-6941eed90a4dd7a1d1026d7a/deploit/teams/69d8dd1e5d3e1f8c350e006f/users/68af3d99c99eb7bd2ff47bc8/projects/69f80768ca774c668fbaaed8/jobs/6a22c6b00859d97fbe7b6205/results/cluster_order_before_filter_heart_plus_pericardium_Litvinukova_Nature_2020_cell_type_X_umap_2fcb9b.csv
cluster_order_before_filter_heart_plus_pericardium_Maatz_Nat_Cardiovasc_Res_2025_author_cell_type_X_umap_b6d046.csv,s3://lifebit-user-data-6941eed90a4dd7a1d1026d7a/deploit/teams/69d8dd1e5d3e1f8c350e006f/users/68af3d99c99eb7bd2ff47bc8/projects/69f80768ca774c668fbaaed8/jobs/6a22c6b00859d97fbe7b6205/results/cluster_order_before_filter_heart_plus_pericardium_Maatz_Nat_Cardiovasc_Res_2025_author_cell_type_X_umap_b6d046.csv
cluster_order_before_filter_heart_plus_pericardium_Selewa_Nat_Commun_2023_author_cell_type_X_umap_a8bcce.csv,s3://lifebit-user-data-6941eed90a4dd7a1d1026d7a/deploit/teams/69d8dd1e5d3e1f8c350e006f/users/68af3d99c99eb7bd2ff47bc8/projects/69f80768ca774c668fbaaed8/jobs/6a22c6b00859d97fbe7b6205/results/cluster_order_before_filter_heart_plus_pericardium_Selewa_Nat_Commun_2023_author_cell_type_X_umap_a8bcce.csv
cluster_order_before_filter_heart_plus_pericardium_Sim_Circulation_2021_cell_type_X_umap_d94be2.csv,s3://lifebit-user-data-6941eed90a4dd7a1d1026d7a/deploit/teams/69d8dd1e5d3e1f8c350e006f/users/68af3d99c99eb7bd2ff47bc8/projects/69f80768ca774c668fbaaed8/jobs/6a22c6b00859d97fbe7b6205/results/cluster_order_before_filter_heart_plus_pericardium_Sim_Circulation_2021_cell_type_X_umap_d94be2.csv
cluster_order_before_filter_heart_plus_pericardium_Xu_Cell_2023_Curated_annotation_X_umap_7d4811.csv,s3://lifebit-user-data-6941eed90a4dd7a1d1026d7a/deploit/teams/69d8dd1e5d3e1f8c350e006f/users/68af3d99c99eb7bd2ff47bc8/projects/69f80768ca774c668fbaaed8/jobs/6a22c6b00859d97fbe7b6205/results/cluster_order_before_filter_heart_plus_pericardium_Xu_Cell_2023_Curated_annotation_X_umap_7d4811.csv
cluster_order_before_filter_heart_plus_pericardium_Zhao_Cell_Genomics_2025_author_cell_type_X_umap_9b5568.csv,s3://lifebit-user-data-6941eed90a4dd7a1d1026d7a/deploit/teams/69d8dd1e5d3e1f8c350e006f/users/68af3d99c99eb7bd2ff47bc8/projects/69f80768ca774c668fbaaed8/jobs/6a22c6b00859d97fbe7b6205/results/cluster_order_before_filter_heart_plus_pericardium_Zhao_Cell_Genomics_2025_author_cell_type_X_umap_9b5568.csv
cluster_order_heart_plus_pericardium_Eraslan_Science_2022_Broad_cell_type_X_umap_f44b0f.csv,s3://lifebit-user-data-6941eed90a4dd7a1d1026d7a/deploit/teams/69d8dd1e5d3e1f8c350e006f/users/68af3d99c99eb7bd2ff47bc8/projects/69f80768ca774c668fbaaed8/jobs/6a22c6b00859d97fbe7b6205/results/cluster_order_heart_plus_pericardium_Eraslan_Science_2022_Broad_cell_type_X_umap_f44b0f.csv
cluster_order_heart_plus_pericardium_Han_Nature_2020_author_cell_type_X_umap_5c7ea7.csv,s3://lifebit-user-data-6941eed90a4dd7a1d1026d7a/deploit/teams/69d8dd1e5d3e1f8c350e006f/users/68af3d99c99eb7bd2ff47bc8/projects/69f80768ca774c668fbaaed8/jobs/6a22c6b00859d97fbe7b6205/results/cluster_order_heart_plus_pericardium_Han_Nature_2020_author_cell_type_X_umap_5c7ea7.csv
cluster_order_heart_plus_pericardium_Hulsmans_Science_2023_celltype_X_umap_626931.csv,s3://lifebit-user-data-6941eed90a4dd7a1d1026d7a/deploit/teams/69d8dd1e5d3e1f8c350e006f/users/68af3d99c99eb7bd2ff47bc8/projects/69f80768ca774c668fbaaed8/jobs/6a22c6b00859d97fbe7b6205/results/cluster_order_heart_plus_pericardium_Hulsmans_Science_2023_celltype_X_umap_626931.csv
cluster_order_heart_plus_pericardium_Litvinukova_Nature_2020_cell_type_X_umap_2fcb9b.csv,s3://lifebit-user-data-6941eed90a4dd7a1d1026d7a/deploit/teams/69d8dd1e5d3e1f8c350e006f/users/68af3d99c99eb7bd2ff47bc8/projects/69f80768ca774c668fbaaed8/jobs/6a22c6b00859d97fbe7b6205/results/cluster_order_heart_plus_pericardium_Litvinukova_Nature_2020_cell_type_X_umap_2fcb9b.csv
cluster_order_heart_plus_pericardium_Maatz_Nat_Cardiovasc_Res_2025_author_cell_type_X_umap_b6d046.csv,s3://lifebit-user-data-6941eed90a4dd7a1d1026d7a/deploit/teams/69d8dd1e5d3e1f8c350e006f/users/68af3d99c99eb7bd2ff47bc8/projects/69f80768ca774c668fbaaed8/jobs/6a22c6b00859d97fbe7b6205/results/cluster_order_heart_plus_pericardium_Maatz_Nat_Cardiovasc_Res_2025_author_cell_type_X_umap_b6d046.csv
cluster_order_heart_plus_pericardium_Selewa_Nat_Commun_2023_author_cell_type_X_umap_a8bcce.csv,s3://lifebit-user-data-6941eed90a4dd7a1d1026d7a/deploit/teams/69d8dd1e5d3e1f8c350e006f/users/68af3d99c99eb7bd2ff47bc8/projects/69f80768ca774c668fbaaed8/jobs/6a22c6b00859d97fbe7b6205/results/cluster_order_heart_plus_pericardium_Selewa_Nat_Commun_2023_author_cell_type_X_umap_a8bcce.csv
cluster_order_heart_plus_pericardium_Sim_Circulation_2021_cell_type_X_umap_d94be2.csv,s3://lifebit-user-data-6941eed90a4dd7a1d1026d7a/deploit/teams/69d8dd1e5d3e1f8c350e006f/users/68af3d99c99eb7bd2ff47bc8/projects/69f80768ca774c668fbaaed8/jobs/6a22c6b00859d97fbe7b6205/results/cluster_order_heart_plus_pericardium_Sim_Circulation_2021_cell_type_X_umap_d94be2.csv
cluster_order_heart_plus_pericardium_Xu_Cell_2023_Curated_annotation_X_umap_7d4811.csv,s3://lifebit-user-data-6941eed90a4dd7a1d1026d7a/deploit/teams/69d8dd1e5d3e1f8c350e006f/users/68af3d99c99eb7bd2ff47bc8/projects/69f80768ca774c668fbaaed8/jobs/6a22c6b00859d97fbe7b6205/results/cluster_order_heart_plus_pericardium_Xu_Cell_2023_Curated_annotation_X_umap_7d4811.csv
cluster_order_heart_plus_pericardium_Zhao_Cell_Genomics_2025_author_cell_type_X_umap_9b5568.csv,s3://lifebit-user-data-6941eed90a4dd7a1d1026d7a/deploit/teams/69d8dd1e5d3e1f8c350e006f/users/68af3d99c99eb7bd2ff47bc8/projects/69f80768ca774c668fbaaed8/jobs/6a22c6b00859d97fbe7b6205/results/cluster_order_heart_plus_pericardium_Zhao_Cell_Genomics_2025_author_cell_type_X_umap_9b5568.csv
cluster_sizes_before_filter_heart_plus_pericardium_Eraslan_Science_2022_Broad_cell_type_X_umap_f44b0f.csv,s3://lifebit-user-data-6941eed90a4dd7a1d1026d7a/deploit/teams/69d8dd1e5d3e1f8c350e006f/users/68af3d99c99eb7bd2ff47bc8/projects/69f80768ca774c668fbaaed8/jobs/6a22c6b00859d97fbe7b6205/results/cluster_sizes_before_filter_heart_plus_pericardium_Eraslan_Science_2022_Broad_cell_type_X_umap_f44b0f.csv
cluster_sizes_before_filter_heart_plus_pericardium_Han_Nature_2020_author_cell_type_X_umap_5c7ea7.csv,s3://lifebit-user-data-6941eed90a4dd7a1d1026d7a/deploit/teams/69d8dd1e5d3e1f8c350e006f/users/68af3d99c99eb7bd2ff47bc8/projects/69f80768ca774c668fbaaed8/jobs/6a22c6b00859d97fbe7b6205/results/cluster_sizes_before_filter_heart_plus_pericardium_Han_Nature_2020_author_cell_type_X_umap_5c7ea7.csv
cluster_sizes_before_filter_heart_plus_pericardium_Hulsmans_Science_2023_celltype_X_umap_626931.csv,s3://lifebit-user-data-6941eed90a4dd7a1d1026d7a/deploit/teams/69d8dd1e5d3e1f8c350e006f/users/68af3d99c99eb7bd2ff47bc8/projects/69f80768ca774c668fbaaed8/jobs/6a22c6b00859d97fbe7b6205/results/cluster_sizes_before_filter_heart_plus_pericardium_Hulsmans_Science_2023_celltype_X_umap_626931.csv
cluster_sizes_before_filter_heart_plus_pericardium_Litvinukova_Nature_2020_cell_type_X_umap_2fcb9b.csv,s3://lifebit-user-data-6941eed90a4dd7a1d1026d7a/deploit/teams/69d8dd1e5d3e1f8c350e006f/users/68af3d99c99eb7bd2ff47bc8/projects/69f80768ca774c668fbaaed8/jobs/6a22c6b00859d97fbe7b6205/results/cluster_sizes_before_filter_heart_plus_pericardium_Litvinukova_Nature_2020_cell_type_X_umap_2fcb9b.csv
cluster_sizes_before_filter_heart_plus_pericardium_Maatz_Nat_Cardiovasc_Res_2025_author_cell_type_X_umap_b6d046.csv,s3://lifebit-user-data-6941eed90a4dd7a1d1026d7a/deploit/teams/69d8dd1e5d3e1f8c350e006f/users/68af3d99c99eb7bd2ff47bc8/projects/69f80768ca774c668fbaaed8/jobs/6a22c6b00859d97fbe7b6205/results/cluster_sizes_before_filter_heart_plus_pericardium_Maatz_Nat_Cardiovasc_Res_2025_author_cell_type_X_umap_b6d046.csv
cluster_sizes_before_filter_heart_plus_pericardium_Selewa_Nat_Commun_2023_author_cell_type_X_umap_a8bcce.csv,s3://lifebit-user-data-6941eed90a4dd7a1d1026d7a/deploit/teams/69d8dd1e5d3e1f8c350e006f/users/68af3d99c99eb7bd2ff47bc8/projects/69f80768ca774c668fbaaed8/jobs/6a22c6b00859d97fbe7b6205/results/cluster_sizes_before_filter_heart_plus_pericardium_Selewa_Nat_Commun_2023_author_cell_type_X_umap_a8bcce.csv
cluster_sizes_before_filter_heart_plus_pericardium_Sim_Circulation_2021_cell_type_X_umap_d94be2.csv,s3://lifebit-user-data-6941eed90a4dd7a1d1026d7a/deploit/teams/69d8dd1e5d3e1f8c350e006f/users/68af3d99c99eb7bd2ff47bc8/projects/69f80768ca774c668fbaaed8/jobs/6a22c6b00859d97fbe7b6205/results/cluster_sizes_before_filter_heart_plus_pericardium_Sim_Circulation_2021_cell_type_X_umap_d94be2.csv
cluster_sizes_before_filter_heart_plus_pericardium_Xu_Cell_2023_Curated_annotation_X_umap_7d4811.csv,s3://lifebit-user-data-6941eed90a4dd7a1d1026d7a/deploit/teams/69d8dd1e5d3e1f8c350e006f/users/68af3d99c99eb7bd2ff47bc8/projects/69f80768ca774c668fbaaed8/jobs/6a22c6b00859d97fbe7b6205/results/cluster_sizes_before_filter_heart_plus_pericardium_Xu_Cell_2023_Curated_annotation_X_umap_7d4811.csv
cluster_sizes_before_filter_heart_plus_pericardium_Zhao_Cell_Genomics_2025_author_cell_type_X_umap_9b5568.csv,s3://lifebit-user-data-6941eed90a4dd7a1d1026d7a/deploit/teams/69d8dd1e5d3e1f8c350e006f/users/68af3d99c99eb7bd2ff47bc8/projects/69f80768ca774c668fbaaed8/jobs/6a22c6b00859d97fbe7b6205/results/cluster_sizes_before_filter_heart_plus_pericardium_Zhao_Cell_Genomics_2025_author_cell_type_X_umap_9b5568.csv
cluster_sizes_heart_plus_pericardium_Eraslan_Science_2022_Broad_cell_type_X_umap_f44b0f.csv,s3://lifebit-user-data-6941eed90a4dd7a1d1026d7a/deploit/teams/69d8dd1e5d3e1f8c350e006f/users/68af3d99c99eb7bd2ff47bc8/projects/69f80768ca774c668fbaaed8/jobs/6a22c6b00859d97fbe7b6205/results/cluster_sizes_heart_plus_pericardium_Eraslan_Science_2022_Broad_cell_type_X_umap_f44b0f.csv
cluster_sizes_heart_plus_pericardium_Han_Nature_2020_author_cell_type_X_umap_5c7ea7.csv,s3://lifebit-user-data-6941eed90a4dd7a1d1026d7a/deploit/teams/69d8dd1e5d3e1f8c350e006f/users/68af3d99c99eb7bd2ff47bc8/projects/69f80768ca774c668fbaaed8/jobs/6a22c6b00859d97fbe7b6205/results/cluster_sizes_heart_plus_pericardium_Han_Nature_2020_author_cell_type_X_umap_5c7ea7.csv
cluster_sizes_heart_plus_pericardium_Hulsmans_Science_2023_celltype_X_umap_626931.csv,s3://lifebit-user-data-6941eed90a4dd7a1d1026d7a/deploit/teams/69d8dd1e5d3e1f8c350e006f/users/68af3d99c99eb7bd2ff47bc8/projects/69f80768ca774c668fbaaed8/jobs/6a22c6b00859d97fbe7b6205/results/cluster_sizes_heart_plus_pericardium_Hulsmans_Science_2023_celltype_X_umap_626931.csv
cluster_sizes_heart_plus_pericardium_Litvinukova_Nature_2020_cell_type_X_umap_2fcb9b.csv,s3://lifebit-user-data-6941eed90a4dd7a1d1026d7a/deploit/teams/69d8dd1e5d3e1f8c350e006f/users/68af3d99c99eb7bd2ff47bc8/projects/69f80768ca774c668fbaaed8/jobs/6a22c6b00859d97fbe7b6205/results/cluster_sizes_heart_plus_pericardium_Litvinukova_Nature_2020_cell_type_X_umap_2fcb9b.csv
cluster_sizes_heart_plus_pericardium_Maatz_Nat_Cardiovasc_Res_2025_author_cell_type_X_umap_b6d046.csv,s3://lifebit-user-data-6941eed90a4dd7a1d1026d7a/deploit/teams/69d8dd1e5d3e1f8c350e006f/users/68af3d99c99eb7bd2ff47bc8/projects/69f80768ca774c668fbaaed8/jobs/6a22c6b00859d97fbe7b6205/results/cluster_sizes_heart_plus_pericardium_Maatz_Nat_Cardiovasc_Res_2025_author_cell_type_X_umap_b6d046.csv
cluster_sizes_heart_plus_pericardium_Selewa_Nat_Commun_2023_author_cell_type_X_umap_a8bcce.csv,s3://lifebit-user-data-6941eed90a4dd7a1d1026d7a/deploit/teams/69d8dd1e5d3e1f8c350e006f/users/68af3d99c99eb7bd2ff47bc8/projects/69f80768ca774c668fbaaed8/jobs/6a22c6b00859d97fbe7b6205/results/cluster_sizes_heart_plus_pericardium_Selewa_Nat_Commun_2023_author_cell_type_X_umap_a8bcce.csv
cluster_sizes_heart_plus_pericardium_Sim_Circulation_2021_cell_type_X_umap_d94be2.csv,s3://lifebit-user-data-6941eed90a4dd7a1d1026d7a/deploit/teams/69d8dd1e5d3e1f8c350e006f/users/68af3d99c99eb7bd2ff47bc8/projects/69f80768ca774c668fbaaed8/jobs/6a22c6b00859d97fbe7b6205/results/cluster_sizes_heart_plus_pericardium_Sim_Circulation_2021_cell_type_X_umap_d94be2.csv
cluster_sizes_heart_plus_pericardium_Xu_Cell_2023_Curated_annotation_X_umap_7d4811.csv,s3://lifebit-user-data-6941eed90a4dd7a1d1026d7a/deploit/teams/69d8dd1e5d3e1f8c350e006f/users/68af3d99c99eb7bd2ff47bc8/projects/69f80768ca774c668fbaaed8/jobs/6a22c6b00859d97fbe7b6205/results/cluster_sizes_heart_plus_pericardium_Xu_Cell_2023_Curated_annotation_X_umap_7d4811.csv
cluster_sizes_heart_plus_pericardium_Zhao_Cell_Genomics_2025_author_cell_type_X_umap_9b5568.csv,s3://lifebit-user-data-6941eed90a4dd7a1d1026d7a/deploit/teams/69d8dd1e5d3e1f8c350e006f/users/68af3d99c99eb7bd2ff47bc8/projects/69f80768ca774c668fbaaed8/jobs/6a22c6b00859d97fbe7b6205/results/cluster_sizes_heart_plus_pericardium_Zhao_Cell_Genomics_2025_author_cell_type_X_umap_9b5568.csv
cluster_statistics_heart_plus_pericardium_Eraslan_Science_2022_Broad_cell_type_X_umap_f44b0f.csv,s3://lifebit-user-data-6941eed90a4dd7a1d1026d7a/deploit/teams/69d8dd1e5d3e1f8c350e006f/users/68af3d99c99eb7bd2ff47bc8/projects/69f80768ca774c668fbaaed8/jobs/6a22c6b00859d97fbe7b6205/results/cluster_statistics_heart_plus_pericardium_Eraslan_Science_2022_Broad_cell_type_X_umap_f44b0f.csv
cluster_statistics_heart_plus_pericardium_Han_Nature_2020_author_cell_type_X_umap_5c7ea7.csv,s3://lifebit-user-data-6941eed90a4dd7a1d1026d7a/deploit/teams/69d8dd1e5d3e1f8c350e006f/users/68af3d99c99eb7bd2ff47bc8/projects/69f80768ca774c668fbaaed8/jobs/6a22c6b00859d97fbe7b6205/results/cluster_statistics_heart_plus_pericardium_Han_Nature_2020_author_cell_type_X_umap_5c7ea7.csv
cluster_statistics_heart_plus_pericardium_Hulsmans_Science_2023_celltype_X_umap_626931.csv,s3://lifebit-user-data-6941eed90a4dd7a1d1026d7a/deploit/teams/69d8dd1e5d3e1f8c350e006f/users/68af3d99c99eb7bd2ff47bc8/projects/69f80768ca774c668fbaaed8/jobs/6a22c6b00859d97fbe7b6205/results/cluster_statistics_heart_plus_pericardium_Hulsmans_Science_2023_celltype_X_umap_626931.csv
cluster_statistics_heart_plus_pericardium_Litvinukova_Nature_2020_cell_type_X_umap_2fcb9b.csv,s3://lifebit-user-data-6941eed90a4dd7a1d1026d7a/deploit/teams/69d8dd1e5d3e1f8c350e006f/users/68af3d99c99eb7bd2ff47bc8/projects/69f80768ca774c668fbaaed8/jobs/6a22c6b00859d97fbe7b6205/results/cluster_statistics_heart_plus_pericardium_Litvinukova_Nature_2020_cell_type_X_umap_2fcb9b.csv
cluster_statistics_heart_plus_pericardium_Maatz_Nat_Cardiovasc_Res_2025_author_cell_type_X_umap_b6d046.csv,s3://lifebit-user-data-6941eed90a4dd7a1d1026d7a/deploit/teams/69d8dd1e5d3e1f8c350e006f/users/68af3d99c99eb7bd2ff47bc8/projects/69f80768ca774c668fbaaed8/jobs/6a22c6b00859d97fbe7b6205/results/cluster_statistics_heart_plus_pericardium_Maatz_Nat_Cardiovasc_Res_2025_author_cell_type_X_umap_b6d046.csv
cluster_statistics_heart_plus_pericardium_Selewa_Nat_Commun_2023_author_cell_type_X_umap_a8bcce.csv,s3://lifebit-user-data-6941eed90a4dd7a1d1026d7a/deploit/teams/69d8dd1e5d3e1f8c350e006f/users/68af3d99c99eb7bd2ff47bc8/projects/69f80768ca774c668fbaaed8/jobs/6a22c6b00859d97fbe7b6205/results/cluster_statistics_heart_plus_pericardium_Selewa_Nat_Commun_2023_author_cell_type_X_umap_a8bcce.csv
cluster_statistics_heart_plus_pericardium_Sim_Circulation_2021_cell_type_X_umap_d94be2.csv,s3://lifebit-user-data-6941eed90a4dd7a1d1026d7a/deploit/teams/69d8dd1e5d3e1f8c350e006f/users/68af3d99c99eb7bd2ff47bc8/projects/69f80768ca774c668fbaaed8/jobs/6a22c6b00859d97fbe7b6205/results/cluster_statistics_heart_plus_pericardium_Sim_Circulation_2021_cell_type_X_umap_d94be2.csv
cluster_statistics_heart_plus_pericardium_Xu_Cell_2023_Curated_annotation_X_umap_7d4811.csv,s3://lifebit-user-data-6941eed90a4dd7a1d1026d7a/deploit/teams/69d8dd1e5d3e1f8c350e006f/users/68af3d99c99eb7bd2ff47bc8/projects/69f80768ca774c668fbaaed8/jobs/6a22c6b00859d97fbe7b6205/results/cluster_statistics_heart_plus_pericardium_Xu_Cell_2023_Curated_annotation_X_umap_7d4811.csv
cluster_statistics_heart_plus_pericardium_Zhao_Cell_Genomics_2025_author_cell_type_X_umap_9b5568.csv,s3://lifebit-user-data-6941eed90a4dd7a1d1026d7a/deploit/teams/69d8dd1e5d3e1f8c350e006f/users/68af3d99c99eb7bd2ff47bc8/projects/69f80768ca774c668fbaaed8/jobs/6a22c6b00859d97fbe7b6205/results/cluster_statistics_heart_plus_pericardium_Zhao_Cell_Genomics_2025_author_cell_type_X_umap_9b5568.csv
cluster_stats.log,s3://lifebit-user-data-6941eed90a4dd7a1d1026d7a/deploit/teams/69d8dd1e5d3e1f8c350e006f/users/68af3d99c99eb7bd2ff47bc8/projects/69f80768ca774c668fbaaed8/jobs/6a22c6b00859d97fbe7b6205/results/cluster_stats.log
dataset_summary_heart_plus_pericardium_Eraslan_Science_2022_Broad_cell_type_X_umap_f44b0f.csv,s3://lifebit-user-data-6941eed90a4dd7a1d1026d7a/deploit/teams/69d8dd1e5d3e1f8c350e006f/users/68af3d99c99eb7bd2ff47bc8/projects/69f80768ca774c668fbaaed8/jobs/6a22c6b00859d97fbe7b6205/results/dataset_summary_heart_plus_pericardium_Eraslan_Science_2022_Broad_cell_type_X_umap_f44b0f.csv
dataset_summary_heart_plus_pericardium_Han_Nature_2020_author_cell_type_X_umap_5c7ea7.csv,s3://lifebit-user-data-6941eed90a4dd7a1d1026d7a/deploit/teams/69d8dd1e5d3e1f8c350e006f/users/68af3d99c99eb7bd2ff47bc8/projects/69f80768ca774c668fbaaed8/jobs/6a22c6b00859d97fbe7b6205/results/dataset_summary_heart_plus_pericardium_Han_Nature_2020_author_cell_type_X_umap_5c7ea7.csv
dataset_summary_heart_plus_pericardium_Hulsmans_Science_2023_celltype_X_umap_626931.csv,s3://lifebit-user-data-6941eed90a4dd7a1d1026d7a/deploit/teams/69d8dd1e5d3e1f8c350e006f/users/68af3d99c99eb7bd2ff47bc8/projects/69f80768ca774c668fbaaed8/jobs/6a22c6b00859d97fbe7b6205/results/dataset_summary_heart_plus_pericardium_Hulsmans_Science_2023_celltype_X_umap_626931.csv
dataset_summary_heart_plus_pericardium_Litvinukova_Nature_2020_cell_type_X_umap_2fcb9b.csv,s3://lifebit-user-data-6941eed90a4dd7a1d1026d7a/deploit/teams/69d8dd1e5d3e1f8c350e006f/users/68af3d99c99eb7bd2ff47bc8/projects/69f80768ca774c668fbaaed8/jobs/6a22c6b00859d97fbe7b6205/results/dataset_summary_heart_plus_pericardium_Litvinukova_Nature_2020_cell_type_X_umap_2fcb9b.csv
dataset_summary_heart_plus_pericardium_Maatz_Nat_Cardiovasc_Res_2025_author_cell_type_X_umap_b6d046.csv,s3://lifebit-user-data-6941eed90a4dd7a1d1026d7a/deploit/teams/69d8dd1e5d3e1f8c350e006f/users/68af3d99c99eb7bd2ff47bc8/projects/69f80768ca774c668fbaaed8/jobs/6a22c6b00859d97fbe7b6205/results/dataset_summary_heart_plus_pericardium_Maatz_Nat_Cardiovasc_Res_2025_author_cell_type_X_umap_b6d046.csv
dataset_summary_heart_plus_pericardium_Selewa_Nat_Commun_2023_author_cell_type_X_umap_a8bcce.csv,s3://lifebit-user-data-6941eed90a4dd7a1d1026d7a/deploit/teams/69d8dd1e5d3e1f8c350e006f/users/68af3d99c99eb7bd2ff47bc8/projects/69f80768ca774c668fbaaed8/jobs/6a22c6b00859d97fbe7b6205/results/dataset_summary_heart_plus_pericardium_Selewa_Nat_Commun_2023_author_cell_type_X_umap_a8bcce.csv
dataset_summary_heart_plus_pericardium_Sim_Circulation_2021_cell_type_X_umap_d94be2.csv,s3://lifebit-user-data-6941eed90a4dd7a1d1026d7a/deploit/teams/69d8dd1e5d3e1f8c350e006f/users/68af3d99c99eb7bd2ff47bc8/projects/69f80768ca774c668fbaaed8/jobs/6a22c6b00859d97fbe7b6205/results/dataset_summary_heart_plus_pericardium_Sim_Circulation_2021_cell_type_X_umap_d94be2.csv
dataset_summary_heart_plus_pericardium_Xu_Cell_2023_Curated_annotation_X_umap_7d4811.csv,s3://lifebit-user-data-6941eed90a4dd7a1d1026d7a/deploit/teams/69d8dd1e5d3e1f8c350e006f/users/68af3d99c99eb7bd2ff47bc8/projects/69f80768ca774c668fbaaed8/jobs/6a22c6b00859d97fbe7b6205/results/dataset_summary_heart_plus_pericardium_Xu_Cell_2023_Curated_annotation_X_umap_7d4811.csv
dataset_summary_heart_plus_pericardium_Zhao_Cell_Genomics_2025_author_cell_type_X_umap_9b5568.csv,s3://lifebit-user-data-6941eed90a4dd7a1d1026d7a/deploit/teams/69d8dd1e5d3e1f8c350e006f/users/68af3d99c99eb7bd2ff47bc8/projects/69f80768ca774c668fbaaed8/jobs/6a22c6b00859d97fbe7b6205/results/dataset_summary_heart_plus_pericardium_Zhao_Cell_Genomics_2025_author_cell_type_X_umap_9b5568.csv
dendrogram_before_filter_heart_plus_pericardium_Eraslan_Science_2022_Broad_cell_type_X_umap_f44b0f.svg,s3://lifebit-user-data-6941eed90a4dd7a1d1026d7a/deploit/teams/69d8dd1e5d3e1f8c350e006f/users/68af3d99c99eb7bd2ff47bc8/projects/69f80768ca774c668fbaaed8/jobs/6a22c6b00859d97fbe7b6205/results/dendrogram_before_filter_heart_plus_pericardium_Eraslan_Science_2022_Broad_cell_type_X_umap_f44b0f.svg
dendrogram_before_filter_heart_plus_pericardium_Han_Nature_2020_author_cell_type_X_umap_5c7ea7.svg,s3://lifebit-user-data-6941eed90a4dd7a1d1026d7a/deploit/teams/69d8dd1e5d3e1f8c350e006f/users/68af3d99c99eb7bd2ff47bc8/projects/69f80768ca774c668fbaaed8/jobs/6a22c6b00859d97fbe7b6205/results/dendrogram_before_filter_heart_plus_pericardium_Han_Nature_2020_author_cell_type_X_umap_5c7ea7.svg
dendrogram_before_filter_heart_plus_pericardium_Hulsmans_Science_2023_celltype_X_umap_626931.svg,s3://lifebit-user-data-6941eed90a4dd7a1d1026d7a/deploit/teams/69d8dd1e5d3e1f8c350e006f/users/68af3d99c99eb7bd2ff47bc8/projects/69f80768ca774c668fbaaed8/jobs/6a22c6b00859d97fbe7b6205/results/dendrogram_before_filter_heart_plus_pericardium_Hulsmans_Science_2023_celltype_X_umap_626931.svg
dendrogram_before_filter_heart_plus_pericardium_Litvinukova_Nature_2020_cell_type_X_umap_2fcb9b.svg,s3://lifebit-user-data-6941eed90a4dd7a1d1026d7a/deploit/teams/69d8dd1e5d3e1f8c350e006f/users/68af3d99c99eb7bd2ff47bc8/projects/69f80768ca774c668fbaaed8/jobs/6a22c6b00859d97fbe7b6205/results/dendrogram_before_filter_heart_plus_pericardium_Litvinukova_Nature_2020_cell_type_X_umap_2fcb9b.svg
dendrogram_before_filter_heart_plus_pericardium_Maatz_Nat_Cardiovasc_Res_2025_author_cell_type_X_umap_b6d046.svg,s3://lifebit-user-data-6941eed90a4dd7a1d1026d7a/deploit/teams/69d8dd1e5d3e1f8c350e006f/users/68af3d99c99eb7bd2ff47bc8/projects/69f80768ca774c668fbaaed8/jobs/6a22c6b00859d97fbe7b6205/results/dendrogram_before_filter_heart_plus_pericardium_Maatz_Nat_Cardiovasc_Res_2025_author_cell_type_X_umap_b6d046.svg
dendrogram_before_filter_heart_plus_pericardium_Selewa_Nat_Commun_2023_author_cell_type_X_umap_a8bcce.svg,s3://lifebit-user-data-6941eed90a4dd7a1d1026d7a/deploit/teams/69d8dd1e5d3e1f8c350e006f/users/68af3d99c99eb7bd2ff47bc8/projects/69f80768ca774c668fbaaed8/jobs/6a22c6b00859d97fbe7b6205/results/dendrogram_before_filter_heart_plus_pericardium_Selewa_Nat_Commun_2023_author_cell_type_X_umap_a8bcce.svg
dendrogram_before_filter_heart_plus_pericardium_Sim_Circulation_2021_cell_type_X_umap_d94be2.svg,s3://lifebit-user-data-6941eed90a4dd7a1d1026d7a/deploit/teams/69d8dd1e5d3e1f8c350e006f/users/68af3d99c99eb7bd2ff47bc8/projects/69f80768ca774c668fbaaed8/jobs/6a22c6b00859d97fbe7b6205/results/dendrogram_before_filter_heart_plus_pericardium_Sim_Circulation_2021_cell_type_X_umap_d94be2.svg
dendrogram_before_filter_heart_plus_pericardium_Xu_Cell_2023_Curated_annotation_X_umap_7d4811.svg,s3://lifebit-user-data-6941eed90a4dd7a1d1026d7a/deploit/teams/69d8dd1e5d3e1f8c350e006f/users/68af3d99c99eb7bd2ff47bc8/projects/69f80768ca774c668fbaaed8/jobs/6a22c6b00859d97fbe7b6205/results/dendrogram_before_filter_heart_plus_pericardium_Xu_Cell_2023_Curated_annotation_X_umap_7d4811.svg
dendrogram_before_filter_heart_plus_pericardium_Zhao_Cell_Genomics_2025_author_cell_type_X_umap_9b5568.svg,s3://lifebit-user-data-6941eed90a4dd7a1d1026d7a/deploit/teams/69d8dd1e5d3e1f8c350e006f/users/68af3d99c99eb7bd2ff47bc8/projects/69f80768ca774c668fbaaed8/jobs/6a22c6b00859d97fbe7b6205/results/dendrogram_before_filter_heart_plus_pericardium_Zhao_Cell_Genomics_2025_author_cell_type_X_umap_9b5568.svg
dendrogram_heart_plus_pericardium_Eraslan_Science_2022_Broad_cell_type_X_umap_f44b0f.svg,s3://lifebit-user-data-6941eed90a4dd7a1d1026d7a/deploit/teams/69d8dd1e5d3e1f8c350e006f/users/68af3d99c99eb7bd2ff47bc8/projects/69f80768ca774c668fbaaed8/jobs/6a22c6b00859d97fbe7b6205/results/dendrogram_heart_plus_pericardium_Eraslan_Science_2022_Broad_cell_type_X_umap_f44b0f.svg
dendrogram_heart_plus_pericardium_Han_Nature_2020_author_cell_type_X_umap_5c7ea7.svg,s3://lifebit-user-data-6941eed90a4dd7a1d1026d7a/deploit/teams/69d8dd1e5d3e1f8c350e006f/users/68af3d99c99eb7bd2ff47bc8/projects/69f80768ca774c668fbaaed8/jobs/6a22c6b00859d97fbe7b6205/results/dendrogram_heart_plus_pericardium_Han_Nature_2020_author_cell_type_X_umap_5c7ea7.svg
dendrogram_heart_plus_pericardium_Hulsmans_Science_2023_celltype_X_umap_626931.svg,s3://lifebit-user-data-6941eed90a4dd7a1d1026d7a/deploit/teams/69d8dd1e5d3e1f8c350e006f/users/68af3d99c99eb7bd2ff47bc8/projects/69f80768ca774c668fbaaed8/jobs/6a22c6b00859d97fbe7b6205/results/dendrogram_heart_plus_pericardium_Hulsmans_Science_2023_celltype_X_umap_626931.svg
dendrogram_heart_plus_pericardium_Litvinukova_Nature_2020_cell_type_X_umap_2fcb9b.svg,s3://lifebit-user-data-6941eed90a4dd7a1d1026d7a/deploit/teams/69d8dd1e5d3e1f8c350e006f/users/68af3d99c99eb7bd2ff47bc8/projects/69f80768ca774c668fbaaed8/jobs/6a22c6b00859d97fbe7b6205/results/dendrogram_heart_plus_pericardium_Litvinukova_Nature_2020_cell_type_X_umap_2fcb9b.svg
dendrogram_heart_plus_pericardium_Maatz_Nat_Cardiovasc_Res_2025_author_cell_type_X_umap_b6d046.svg,s3://lifebit-user-data-6941eed90a4dd7a1d1026d7a/deploit/teams/69d8dd1e5d3e1f8c350e006f/users/68af3d99c99eb7bd2ff47bc8/projects/69f80768ca774c668fbaaed8/jobs/6a22c6b00859d97fbe7b6205/results/dendrogram_heart_plus_pericardium_Maatz_Nat_Cardiovasc_Res_2025_author_cell_type_X_umap_b6d046.svg
dendrogram_heart_plus_pericardium_Selewa_Nat_Commun_2023_author_cell_type_X_umap_a8bcce.svg,s3://lifebit-user-data-6941eed90a4dd7a1d1026d7a/deploit/teams/69d8dd1e5d3e1f8c350e006f/users/68af3d99c99eb7bd2ff47bc8/projects/69f80768ca774c668fbaaed8/jobs/6a22c6b00859d97fbe7b6205/results/dendrogram_heart_plus_pericardium_Selewa_Nat_Commun_2023_author_cell_type_X_umap_a8bcce.svg
dendrogram_heart_plus_pericardium_Sim_Circulation_2021_cell_type_X_umap_d94be2.svg,s3://lifebit-user-data-6941eed90a4dd7a1d1026d7a/deploit/teams/69d8dd1e5d3e1f8c350e006f/users/68af3d99c99eb7bd2ff47bc8/projects/69f80768ca774c668fbaaed8/jobs/6a22c6b00859d97fbe7b6205/results/dendrogram_heart_plus_pericardium_Sim_Circulation_2021_cell_type_X_umap_d94be2.svg
dendrogram_heart_plus_pericardium_Xu_Cell_2023_Curated_annotation_X_umap_7d4811.svg,s3://lifebit-user-data-6941eed90a4dd7a1d1026d7a/deploit/teams/69d8dd1e5d3e1f8c350e006f/users/68af3d99c99eb7bd2ff47bc8/projects/69f80768ca774c668fbaaed8/jobs/6a22c6b00859d97fbe7b6205/results/dendrogram_heart_plus_pericardium_Xu_Cell_2023_Curated_annotation_X_umap_7d4811.svg
dendrogram_heart_plus_pericardium_Zhao_Cell_Genomics_2025_author_cell_type_X_umap_9b5568.svg,s3://lifebit-user-data-6941eed90a4dd7a1d1026d7a/deploit/teams/69d8dd1e5d3e1f8c350e006f/users/68af3d99c99eb7bd2ff47bc8/projects/69f80768ca774c668fbaaed8/jobs/6a22c6b00859d97fbe7b6205/results/dendrogram_heart_plus_pericardium_Zhao_Cell_Genomics_2025_author_cell_type_X_umap_9b5568.svg
distribution_log10_heart_plus_pericardium_Eraslan_Science_2022_Broad_cell_type_X_umap_f44b0f.html,s3://lifebit-user-data-6941eed90a4dd7a1d1026d7a/deploit/teams/69d8dd1e5d3e1f8c350e006f/users/68af3d99c99eb7bd2ff47bc8/projects/69f80768ca774c668fbaaed8/jobs/6a22c6b00859d97fbe7b6205/results/distribution_log10_heart_plus_pericardium_Eraslan_Science_2022_Broad_cell_type_X_umap_f44b0f.html
distribution_log10_heart_plus_pericardium_Eraslan_Science_2022_Broad_cell_type_X_umap_f44b0f.svg,s3://lifebit-user-data-6941eed90a4dd7a1d1026d7a/deploit/teams/69d8dd1e5d3e1f8c350e006f/users/68af3d99c99eb7bd2ff47bc8/projects/69f80768ca774c668fbaaed8/jobs/6a22c6b00859d97fbe7b6205/results/distribution_log10_heart_plus_pericardium_Eraslan_Science_2022_Broad_cell_type_X_umap_f44b0f.svg
distribution_log10_heart_plus_pericardium_Han_Nature_2020_author_cell_type_X_umap_5c7ea7.html,s3://lifebit-user-data-6941eed90a4dd7a1d1026d7a/deploit/teams/69d8dd1e5d3e1f8c350e006f/users/68af3d99c99eb7bd2ff47bc8/projects/69f80768ca774c668fbaaed8/jobs/6a22c6b00859d97fbe7b6205/results/distribution_log10_heart_plus_pericardium_Han_Nature_2020_author_cell_type_X_umap_5c7ea7.html
distribution_log10_heart_plus_pericardium_Han_Nature_2020_author_cell_type_X_umap_5c7ea7.svg,s3://lifebit-user-data-6941eed90a4dd7a1d1026d7a/deploit/teams/69d8dd1e5d3e1f8c350e006f/users/68af3d99c99eb7bd2ff47bc8/projects/69f80768ca774c668fbaaed8/jobs/6a22c6b00859d97fbe7b6205/results/distribution_log10_heart_plus_pericardium_Han_Nature_2020_author_cell_type_X_umap_5c7ea7.svg
distribution_log10_heart_plus_pericardium_Hulsmans_Science_2023_celltype_X_umap_626931.html,s3://lifebit-user-data-6941eed90a4dd7a1d1026d7a/deploit/teams/69d8dd1e5d3e1f8c350e006f/users/68af3d99c99eb7bd2ff47bc8/projects/69f80768ca774c668fbaaed8/jobs/6a22c6b00859d97fbe7b6205/results/distribution_log10_heart_plus_pericardium_Hulsmans_Science_2023_celltype_X_umap_626931.html
distribution_log10_heart_plus_pericardium_Hulsmans_Science_2023_celltype_X_umap_626931.svg,s3://lifebit-user-data-6941eed90a4dd7a1d1026d7a/deploit/teams/69d8dd1e5d3e1f8c350e006f/users/68af3d99c99eb7bd2ff47bc8/projects/69f80768ca774c668fbaaed8/jobs/6a22c6b00859d97fbe7b6205/results/distribution_log10_heart_plus_pericardium_Hulsmans_Science_2023_celltype_X_umap_626931.svg
distribution_log10_heart_plus_pericardium_Litvinukova_Nature_2020_cell_type_X_umap_2fcb9b.html,s3://lifebit-user-data-6941eed90a4dd7a1d1026d7a/deploit/teams/69d8dd1e5d3e1f8c350e006f/users/68af3d99c99eb7bd2ff47bc8/projects/69f80768ca774c668fbaaed8/jobs/6a22c6b00859d97fbe7b6205/results/distribution_log10_heart_plus_pericardium_Litvinukova_Nature_2020_cell_type_X_umap_2fcb9b.html
distribution_log10_heart_plus_pericardium_Litvinukova_Nature_2020_cell_type_X_umap_2fcb9b.svg,s3://lifebit-user-data-6941eed90a4dd7a1d1026d7a/deploit/teams/69d8dd1e5d3e1f8c350e006f/users/68af3d99c99eb7bd2ff47bc8/projects/69f80768ca774c668fbaaed8/jobs/6a22c6b00859d97fbe7b6205/results/distribution_log10_heart_plus_pericardium_Litvinukova_Nature_2020_cell_type_X_umap_2fcb9b.svg
distribution_log10_heart_plus_pericardium_Maatz_Nat_Cardiovasc_Res_2025_author_cell_type_X_umap_b6d046.html,s3://lifebit-user-data-6941eed90a4dd7a1d1026d7a/deploit/teams/69d8dd1e5d3e1f8c350e006f/users/68af3d99c99eb7bd2ff47bc8/projects/69f80768ca774c668fbaaed8/jobs/6a22c6b00859d97fbe7b6205/results/distribution_log10_heart_plus_pericardium_Maatz_Nat_Cardiovasc_Res_2025_author_cell_type_X_umap_b6d046.html
distribution_log10_heart_plus_pericardium_Maatz_Nat_Cardiovasc_Res_2025_author_cell_type_X_umap_b6d046.svg,s3://lifebit-user-data-6941eed90a4dd7a1d1026d7a/deploit/teams/69d8dd1e5d3e1f8c350e006f/users/68af3d99c99eb7bd2ff47bc8/projects/69f80768ca774c668fbaaed8/jobs/6a22c6b00859d97fbe7b6205/results/distribution_log10_heart_plus_pericardium_Maatz_Nat_Cardiovasc_Res_2025_author_cell_type_X_umap_b6d046.svg
distribution_log10_heart_plus_pericardium_Selewa_Nat_Commun_2023_author_cell_type_X_umap_a8bcce.html,s3://lifebit-user-data-6941eed90a4dd7a1d1026d7a/deploit/teams/69d8dd1e5d3e1f8c350e006f/users/68af3d99c99eb7bd2ff47bc8/projects/69f80768ca774c668fbaaed8/jobs/6a22c6b00859d97fbe7b6205/results/distribution_log10_heart_plus_pericardium_Selewa_Nat_Commun_2023_author_cell_type_X_umap_a8bcce.html
distribution_log10_heart_plus_pericardium_Selewa_Nat_Commun_2023_author_cell_type_X_umap_a8bcce.svg,s3://lifebit-user-data-6941eed90a4dd7a1d1026d7a/deploit/teams/69d8dd1e5d3e1f8c350e006f/users/68af3d99c99eb7bd2ff47bc8/projects/69f80768ca774c668fbaaed8/jobs/6a22c6b00859d97fbe7b6205/results/distribution_log10_heart_plus_pericardium_Selewa_Nat_Commun_2023_author_cell_type_X_umap_a8bcce.svg
distribution_log10_heart_plus_pericardium_Sim_Circulation_2021_cell_type_X_umap_d94be2.html,s3://lifebit-user-data-6941eed90a4dd7a1d1026d7a/deploit/teams/69d8dd1e5d3e1f8c350e006f/users/68af3d99c99eb7bd2ff47bc8/projects/69f80768ca774c668fbaaed8/jobs/6a22c6b00859d97fbe7b6205/results/distribution_log10_heart_plus_pericardium_Sim_Circulation_2021_cell_type_X_umap_d94be2.html
distribution_log10_heart_plus_pericardium_Sim_Circulation_2021_cell_type_X_umap_d94be2.svg,s3://lifebit-user-data-6941eed90a4dd7a1d1026d7a/deploit/teams/69d8dd1e5d3e1f8c350e006f/users/68af3d99c99eb7bd2ff47bc8/projects/69f80768ca774c668fbaaed8/jobs/6a22c6b00859d97fbe7b6205/results/distribution_log10_heart_plus_pericardium_Sim_Circulation_2021_cell_type_X_umap_d94be2.svg
distribution_log10_heart_plus_pericardium_Xu_Cell_2023_Curated_annotation_X_umap_7d4811.html,s3://lifebit-user-data-6941eed90a4dd7a1d1026d7a/deploit/teams/69d8dd1e5d3e1f8c350e006f/users/68af3d99c99eb7bd2ff47bc8/projects/69f80768ca774c668fbaaed8/jobs/6a22c6b00859d97fbe7b6205/results/distribution_log10_heart_plus_pericardium_Xu_Cell_2023_Curated_annotation_X_umap_7d4811.html
distribution_log10_heart_plus_pericardium_Xu_Cell_2023_Curated_annotation_X_umap_7d4811.svg,s3://lifebit-user-data-6941eed90a4dd7a1d1026d7a/deploit/teams/69d8dd1e5d3e1f8c350e006f/users/68af3d99c99eb7bd2ff47bc8/projects/69f80768ca774c668fbaaed8/jobs/6a22c6b00859d97fbe7b6205/results/distribution_log10_heart_plus_pericardium_Xu_Cell_2023_Curated_annotation_X_umap_7d4811.svg
distribution_log10_heart_plus_pericardium_Zhao_Cell_Genomics_2025_author_cell_type_X_umap_9b5568.html,s3://lifebit-user-data-6941eed90a4dd7a1d1026d7a/deploit/teams/69d8dd1e5d3e1f8c350e006f/users/68af3d99c99eb7bd2ff47bc8/projects/69f80768ca774c668fbaaed8/jobs/6a22c6b00859d97fbe7b6205/results/distribution_log10_heart_plus_pericardium_Zhao_Cell_Genomics_2025_author_cell_type_X_umap_9b5568.html
distribution_log10_heart_plus_pericardium_Zhao_Cell_Genomics_2025_author_cell_type_X_umap_9b5568.svg,s3://lifebit-user-data-6941eed90a4dd7a1d1026d7a/deploit/teams/69d8dd1e5d3e1f8c350e006f/users/68af3d99c99eb7bd2ff47bc8/projects/69f80768ca774c668fbaaed8/jobs/6a22c6b00859d97fbe7b6205/results/distribution_log10_heart_plus_pericardium_Zhao_Cell_Genomics_2025_author_cell_type_X_umap_9b5568.svg
distribution_raw_heart_plus_pericardium_Eraslan_Science_2022_Broad_cell_type_X_umap_f44b0f.html,s3://lifebit-user-data-6941eed90a4dd7a1d1026d7a/deploit/teams/69d8dd1e5d3e1f8c350e006f/users/68af3d99c99eb7bd2ff47bc8/projects/69f80768ca774c668fbaaed8/jobs/6a22c6b00859d97fbe7b6205/results/distribution_raw_heart_plus_pericardium_Eraslan_Science_2022_Broad_cell_type_X_umap_f44b0f.html
distribution_raw_heart_plus_pericardium_Eraslan_Science_2022_Broad_cell_type_X_umap_f44b0f.svg,s3://lifebit-user-data-6941eed90a4dd7a1d1026d7a/deploit/teams/69d8dd1e5d3e1f8c350e006f/users/68af3d99c99eb7bd2ff47bc8/projects/69f80768ca774c668fbaaed8/jobs/6a22c6b00859d97fbe7b6205/results/distribution_raw_heart_plus_pericardium_Eraslan_Science_2022_Broad_cell_type_X_umap_f44b0f.svg
distribution_raw_heart_plus_pericardium_Han_Nature_2020_author_cell_type_X_umap_5c7ea7.html,s3://lifebit-user-data-6941eed90a4dd7a1d1026d7a/deploit/teams/69d8dd1e5d3e1f8c350e006f/users/68af3d99c99eb7bd2ff47bc8/projects/69f80768ca774c668fbaaed8/jobs/6a22c6b00859d97fbe7b6205/results/distribution_raw_heart_plus_pericardium_Han_Nature_2020_author_cell_type_X_umap_5c7ea7.html
distribution_raw_heart_plus_pericardium_Han_Nature_2020_author_cell_type_X_umap_5c7ea7.svg,s3://lifebit-user-data-6941eed90a4dd7a1d1026d7a/deploit/teams/69d8dd1e5d3e1f8c350e006f/users/68af3d99c99eb7bd2ff47bc8/projects/69f80768ca774c668fbaaed8/jobs/6a22c6b00859d97fbe7b6205/results/distribution_raw_heart_plus_pericardium_Han_Nature_2020_author_cell_type_X_umap_5c7ea7.svg
distribution_raw_heart_plus_pericardium_Hulsmans_Science_2023_celltype_X_umap_626931.html,s3://lifebit-user-data-6941eed90a4dd7a1d1026d7a/deploit/teams/69d8dd1e5d3e1f8c350e006f/users/68af3d99c99eb7bd2ff47bc8/projects/69f80768ca774c668fbaaed8/jobs/6a22c6b00859d97fbe7b6205/results/distribution_raw_heart_plus_pericardium_Hulsmans_Science_2023_celltype_X_umap_626931.html
distribution_raw_heart_plus_pericardium_Hulsmans_Science_2023_celltype_X_umap_626931.svg,s3://lifebit-user-data-6941eed90a4dd7a1d1026d7a/deploit/teams/69d8dd1e5d3e1f8c350e006f/users/68af3d99c99eb7bd2ff47bc8/projects/69f80768ca774c668fbaaed8/jobs/6a22c6b00859d97fbe7b6205/results/distribution_raw_heart_plus_pericardium_Hulsmans_Science_2023_celltype_X_umap_626931.svg
distribution_raw_heart_plus_pericardium_Litvinukova_Nature_2020_cell_type_X_umap_2fcb9b.html,s3://lifebit-user-data-6941eed90a4dd7a1d1026d7a/deploit/teams/69d8dd1e5d3e1f8c350e006f/users/68af3d99c99eb7bd2ff47bc8/projects/69f80768ca774c668fbaaed8/jobs/6a22c6b00859d97fbe7b6205/results/distribution_raw_heart_plus_pericardium_Litvinukova_Nature_2020_cell_type_X_umap_2fcb9b.html
distribution_raw_heart_plus_pericardium_Litvinukova_Nature_2020_cell_type_X_umap_2fcb9b.svg,s3://lifebit-user-data-6941eed90a4dd7a1d1026d7a/deploit/teams/69d8dd1e5d3e1f8c350e006f/users/68af3d99c99eb7bd2ff47bc8/projects/69f80768ca774c668fbaaed8/jobs/6a22c6b00859d97fbe7b6205/results/distribution_raw_heart_plus_pericardium_Litvinukova_Nature_2020_cell_type_X_umap_2fcb9b.svg
distribution_raw_heart_plus_pericardium_Maatz_Nat_Cardiovasc_Res_2025_author_cell_type_X_umap_b6d046.html,s3://lifebit-user-data-6941eed90a4dd7a1d1026d7a/deploit/teams/69d8dd1e5d3e1f8c350e006f/users/68af3d99c99eb7bd2ff47bc8/projects/69f80768ca774c668fbaaed8/jobs/6a22c6b00859d97fbe7b6205/results/distribution_raw_heart_plus_pericardium_Maatz_Nat_Cardiovasc_Res_2025_author_cell_type_X_umap_b6d046.html
distribution_raw_heart_plus_pericardium_Maatz_Nat_Cardiovasc_Res_2025_author_cell_type_X_umap_b6d046.svg,s3://lifebit-user-data-6941eed90a4dd7a1d1026d7a/deploit/teams/69d8dd1e5d3e1f8c350e006f/users/68af3d99c99eb7bd2ff47bc8/projects/69f80768ca774c668fbaaed8/jobs/6a22c6b00859d97fbe7b6205/results/distribution_raw_heart_plus_pericardium_Maatz_Nat_Cardiovasc_Res_2025_author_cell_type_X_umap_b6d046.svg
distribution_raw_heart_plus_pericardium_Selewa_Nat_Commun_2023_author_cell_type_X_umap_a8bcce.html,s3://lifebit-user-data-6941eed90a4dd7a1d1026d7a/deploit/teams/69d8dd1e5d3e1f8c350e006f/users/68af3d99c99eb7bd2ff47bc8/projects/69f80768ca774c668fbaaed8/jobs/6a22c6b00859d97fbe7b6205/results/distribution_raw_heart_plus_pericardium_Selewa_Nat_Commun_2023_author_cell_type_X_umap_a8bcce.html
distribution_raw_heart_plus_pericardium_Selewa_Nat_Commun_2023_author_cell_type_X_umap_a8bcce.svg,s3://lifebit-user-data-6941eed90a4dd7a1d1026d7a/deploit/teams/69d8dd1e5d3e1f8c350e006f/users/68af3d99c99eb7bd2ff47bc8/projects/69f80768ca774c668fbaaed8/jobs/6a22c6b00859d97fbe7b6205/results/distribution_raw_heart_plus_pericardium_Selewa_Nat_Commun_2023_author_cell_type_X_umap_a8bcce.svg
distribution_raw_heart_plus_pericardium_Sim_Circulation_2021_cell_type_X_umap_d94be2.html,s3://lifebit-user-data-6941eed90a4dd7a1d1026d7a/deploit/teams/69d8dd1e5d3e1f8c350e006f/users/68af3d99c99eb7bd2ff47bc8/projects/69f80768ca774c668fbaaed8/jobs/6a22c6b00859d97fbe7b6205/results/distribution_raw_heart_plus_pericardium_Sim_Circulation_2021_cell_type_X_umap_d94be2.html
distribution_raw_heart_plus_pericardium_Sim_Circulation_2021_cell_type_X_umap_d94be2.svg,s3://lifebit-user-data-6941eed90a4dd7a1d1026d7a/deploit/teams/69d8dd1e5d3e1f8c350e006f/users/68af3d99c99eb7bd2ff47bc8/projects/69f80768ca774c668fbaaed8/jobs/6a22c6b00859d97fbe7b6205/results/distribution_raw_heart_plus_pericardium_Sim_Circulation_2021_cell_type_X_umap_d94be2.svg
distribution_raw_heart_plus_pericardium_Xu_Cell_2023_Curated_annotation_X_umap_7d4811.html,s3://lifebit-user-data-6941eed90a4dd7a1d1026d7a/deploit/teams/69d8dd1e5d3e1f8c350e006f/users/68af3d99c99eb7bd2ff47bc8/projects/69f80768ca774c668fbaaed8/jobs/6a22c6b00859d97fbe7b6205/results/distribution_raw_heart_plus_pericardium_Xu_Cell_2023_Curated_annotation_X_umap_7d4811.html
distribution_raw_heart_plus_pericardium_Xu_Cell_2023_Curated_annotation_X_umap_7d4811.svg,s3://lifebit-user-data-6941eed90a4dd7a1d1026d7a/deploit/teams/69d8dd1e5d3e1f8c350e006f/users/68af3d99c99eb7bd2ff47bc8/projects/69f80768ca774c668fbaaed8/jobs/6a22c6b00859d97fbe7b6205/results/distribution_raw_heart_plus_pericardium_Xu_Cell_2023_Curated_annotation_X_umap_7d4811.svg
distribution_raw_heart_plus_pericardium_Zhao_Cell_Genomics_2025_author_cell_type_X_umap_9b5568.html,s3://lifebit-user-data-6941eed90a4dd7a1d1026d7a/deploit/teams/69d8dd1e5d3e1f8c350e006f/users/68af3d99c99eb7bd2ff47bc8/projects/69f80768ca774c668fbaaed8/jobs/6a22c6b00859d97fbe7b6205/results/distribution_raw_heart_plus_pericardium_Zhao_Cell_Genomics_2025_author_cell_type_X_umap_9b5568.html
distribution_raw_heart_plus_pericardium_Zhao_Cell_Genomics_2025_author_cell_type_X_umap_9b5568.svg,s3://lifebit-user-data-6941eed90a4dd7a1d1026d7a/deploit/teams/69d8dd1e5d3e1f8c350e006f/users/68af3d99c99eb7bd2ff47bc8/projects/69f80768ca774c668fbaaed8/jobs/6a22c6b00859d97fbe7b6205/results/distribution_raw_heart_plus_pericardium_Zhao_Cell_Genomics_2025_author_cell_type_X_umap_9b5568.svg
dotplot__scaledheart_plus_pericardium_Eraslan_Science_2022_Broad_cell_type_X_umap_f44b0f.svg,s3://lifebit-user-data-6941eed90a4dd7a1d1026d7a/deploit/teams/69d8dd1e5d3e1f8c350e006f/users/68af3d99c99eb7bd2ff47bc8/projects/69f80768ca774c668fbaaed8/jobs/6a22c6b00859d97fbe7b6205/results/dotplot__scaledheart_plus_pericardium_Eraslan_Science_2022_Broad_cell_type_X_umap_f44b0f.svg
dotplot__scaledheart_plus_pericardium_Han_Nature_2020_author_cell_type_X_umap_5c7ea7.svg,s3://lifebit-user-data-6941eed90a4dd7a1d1026d7a/deploit/teams/69d8dd1e5d3e1f8c350e006f/users/68af3d99c99eb7bd2ff47bc8/projects/69f80768ca774c668fbaaed8/jobs/6a22c6b00859d97fbe7b6205/results/dotplot__scaledheart_plus_pericardium_Han_Nature_2020_author_cell_type_X_umap_5c7ea7.svg
dotplot__scaledheart_plus_pericardium_Hulsmans_Science_2023_celltype_X_umap_626931.svg,s3://lifebit-user-data-6941eed90a4dd7a1d1026d7a/deploit/teams/69d8dd1e5d3e1f8c350e006f/users/68af3d99c99eb7bd2ff47bc8/projects/69f80768ca774c668fbaaed8/jobs/6a22c6b00859d97fbe7b6205/results/dotplot__scaledheart_plus_pericardium_Hulsmans_Science_2023_celltype_X_umap_626931.svg
dotplot__scaledheart_plus_pericardium_Litvinukova_Nature_2020_cell_type_X_umap_2fcb9b.svg,s3://lifebit-user-data-6941eed90a4dd7a1d1026d7a/deploit/teams/69d8dd1e5d3e1f8c350e006f/users/68af3d99c99eb7bd2ff47bc8/projects/69f80768ca774c668fbaaed8/jobs/6a22c6b00859d97fbe7b6205/results/dotplot__scaledheart_plus_pericardium_Litvinukova_Nature_2020_cell_type_X_umap_2fcb9b.svg
dotplot__scaledheart_plus_pericardium_Maatz_Nat_Cardiovasc_Res_2025_author_cell_type_X_umap_b6d046.svg,s3://lifebit-user-data-6941eed90a4dd7a1d1026d7a/deploit/teams/69d8dd1e5d3e1f8c350e006f/users/68af3d99c99eb7bd2ff47bc8/projects/69f80768ca774c668fbaaed8/jobs/6a22c6b00859d97fbe7b6205/results/dotplot__scaledheart_plus_pericardium_Maatz_Nat_Cardiovasc_Res_2025_author_cell_type_X_umap_b6d046.svg
dotplot__scaledheart_plus_pericardium_Selewa_Nat_Commun_2023_author_cell_type_X_umap_a8bcce.svg,s3://lifebit-user-data-6941eed90a4dd7a1d1026d7a/deploit/teams/69d8dd1e5d3e1f8c350e006f/users/68af3d99c99eb7bd2ff47bc8/projects/69f80768ca774c668fbaaed8/jobs/6a22c6b00859d97fbe7b6205/results/dotplot__scaledheart_plus_pericardium_Selewa_Nat_Commun_2023_author_cell_type_X_umap_a8bcce.svg
dotplot__scaledheart_plus_pericardium_Sim_Circulation_2021_cell_type_X_umap_d94be2.svg,s3://lifebit-user-data-6941eed90a4dd7a1d1026d7a/deploit/teams/69d8dd1e5d3e1f8c350e006f/users/68af3d99c99eb7bd2ff47bc8/projects/69f80768ca774c668fbaaed8/jobs/6a22c6b00859d97fbe7b6205/results/dotplot__scaledheart_plus_pericardium_Sim_Circulation_2021_cell_type_X_umap_d94be2.svg
dotplot__scaledheart_plus_pericardium_Xu_Cell_2023_Curated_annotation_X_umap_7d4811.svg,s3://lifebit-user-data-6941eed90a4dd7a1d1026d7a/deploit/teams/69d8dd1e5d3e1f8c350e006f/users/68af3d99c99eb7bd2ff47bc8/projects/69f80768ca774c668fbaaed8/jobs/6a22c6b00859d97fbe7b6205/results/dotplot__scaledheart_plus_pericardium_Xu_Cell_2023_Curated_annotation_X_umap_7d4811.svg
dotplot__scaledheart_plus_pericardium_Zhao_Cell_Genomics_2025_author_cell_type_X_umap_9b5568.svg,s3://lifebit-user-data-6941eed90a4dd7a1d1026d7a/deploit/teams/69d8dd1e5d3e1f8c350e006f/users/68af3d99c99eb7bd2ff47bc8/projects/69f80768ca774c668fbaaed8/jobs/6a22c6b00859d97fbe7b6205/results/dotplot__scaledheart_plus_pericardium_Zhao_Cell_Genomics_2025_author_cell_type_X_umap_9b5568.svg
dotplot_heart_plus_pericardium_Eraslan_Science_2022_Broad_cell_type_X_umap_f44b0f.svg,s3://lifebit-user-data-6941eed90a4dd7a1d1026d7a/deploit/teams/69d8dd1e5d3e1f8c350e006f/users/68af3d99c99eb7bd2ff47bc8/projects/69f80768ca774c668fbaaed8/jobs/6a22c6b00859d97fbe7b6205/results/dotplot_heart_plus_pericardium_Eraslan_Science_2022_Broad_cell_type_X_umap_f44b0f.svg
dotplot_heart_plus_pericardium_Han_Nature_2020_author_cell_type_X_umap_5c7ea7.svg,s3://lifebit-user-data-6941eed90a4dd7a1d1026d7a/deploit/teams/69d8dd1e5d3e1f8c350e006f/users/68af3d99c99eb7bd2ff47bc8/projects/69f80768ca774c668fbaaed8/jobs/6a22c6b00859d97fbe7b6205/results/dotplot_heart_plus_pericardium_Han_Nature_2020_author_cell_type_X_umap_5c7ea7.svg
dotplot_heart_plus_pericardium_Hulsmans_Science_2023_celltype_X_umap_626931.svg,s3://lifebit-user-data-6941eed90a4dd7a1d1026d7a/deploit/teams/69d8dd1e5d3e1f8c350e006f/users/68af3d99c99eb7bd2ff47bc8/projects/69f80768ca774c668fbaaed8/jobs/6a22c6b00859d97fbe7b6205/results/dotplot_heart_plus_pericardium_Hulsmans_Science_2023_celltype_X_umap_626931.svg
dotplot_heart_plus_pericardium_Litvinukova_Nature_2020_cell_type_X_umap_2fcb9b.svg,s3://lifebit-user-data-6941eed90a4dd7a1d1026d7a/deploit/teams/69d8dd1e5d3e1f8c350e006f/users/68af3d99c99eb7bd2ff47bc8/projects/69f80768ca774c668fbaaed8/jobs/6a22c6b00859d97fbe7b6205/results/dotplot_heart_plus_pericardium_Litvinukova_Nature_2020_cell_type_X_umap_2fcb9b.svg
dotplot_heart_plus_pericardium_Maatz_Nat_Cardiovasc_Res_2025_author_cell_type_X_umap_b6d046.svg,s3://lifebit-user-data-6941eed90a4dd7a1d1026d7a/deploit/teams/69d8dd1e5d3e1f8c350e006f/users/68af3d99c99eb7bd2ff47bc8/projects/69f80768ca774c668fbaaed8/jobs/6a22c6b00859d97fbe7b6205/results/dotplot_heart_plus_pericardium_Maatz_Nat_Cardiovasc_Res_2025_author_cell_type_X_umap_b6d046.svg
dotplot_heart_plus_pericardium_Selewa_Nat_Commun_2023_author_cell_type_X_umap_a8bcce.svg,s3://lifebit-user-data-6941eed90a4dd7a1d1026d7a/deploit/teams/69d8dd1e5d3e1f8c350e006f/users/68af3d99c99eb7bd2ff47bc8/projects/69f80768ca774c668fbaaed8/jobs/6a22c6b00859d97fbe7b6205/results/dotplot_heart_plus_pericardium_Selewa_Nat_Commun_2023_author_cell_type_X_umap_a8bcce.svg
dotplot_heart_plus_pericardium_Sim_Circulation_2021_cell_type_X_umap_d94be2.svg,s3://lifebit-user-data-6941eed90a4dd7a1d1026d7a/deploit/teams/69d8dd1e5d3e1f8c350e006f/users/68af3d99c99eb7bd2ff47bc8/projects/69f80768ca774c668fbaaed8/jobs/6a22c6b00859d97fbe7b6205/results/dotplot_heart_plus_pericardium_Sim_Circulation_2021_cell_type_X_umap_d94be2.svg
dotplot_heart_plus_pericardium_Xu_Cell_2023_Curated_annotation_X_umap_7d4811.svg,s3://lifebit-user-data-6941eed90a4dd7a1d1026d7a/deploit/teams/69d8dd1e5d3e1f8c350e006f/users/68af3d99c99eb7bd2ff47bc8/projects/69f80768ca774c668fbaaed8/jobs/6a22c6b00859d97fbe7b6205/results/dotplot_heart_plus_pericardium_Xu_Cell_2023_Curated_annotation_X_umap_7d4811.svg
dotplot_heart_plus_pericardium_Zhao_Cell_Genomics_2025_author_cell_type_X_umap_9b5568.svg,s3://lifebit-user-data-6941eed90a4dd7a1d1026d7a/deploit/teams/69d8dd1e5d3e1f8c350e006f/users/68af3d99c99eb7bd2ff47bc8/projects/69f80768ca774c668fbaaed8/jobs/6a22c6b00859d97fbe7b6205/results/dotplot_heart_plus_pericardium_Zhao_Cell_Genomics_2025_author_cell_type_X_umap_9b5568.svg
gene_selection_ensg_heart_plus_pericardium_Eraslan_Science_2022_Broad_cell_type_X_umap_f44b0f.csv,s3://lifebit-user-data-6941eed90a4dd7a1d1026d7a/deploit/teams/69d8dd1e5d3e1f8c350e006f/users/68af3d99c99eb7bd2ff47bc8/projects/69f80768ca774c668fbaaed8/jobs/6a22c6b00859d97fbe7b6205/results/gene_selection_ensg_heart_plus_pericardium_Eraslan_Science_2022_Broad_cell_type_X_umap_f44b0f.csv
gene_selection_ensg_heart_plus_pericardium_Han_Nature_2020_author_cell_type_X_umap_5c7ea7.csv,s3://lifebit-user-data-6941eed90a4dd7a1d1026d7a/deploit/teams/69d8dd1e5d3e1f8c350e006f/users/68af3d99c99eb7bd2ff47bc8/projects/69f80768ca774c668fbaaed8/jobs/6a22c6b00859d97fbe7b6205/results/gene_selection_ensg_heart_plus_pericardium_Han_Nature_2020_author_cell_type_X_umap_5c7ea7.csv
gene_selection_ensg_heart_plus_pericardium_Hulsmans_Science_2023_celltype_X_umap_626931.csv,s3://lifebit-user-data-6941eed90a4dd7a1d1026d7a/deploit/teams/69d8dd1e5d3e1f8c350e006f/users/68af3d99c99eb7bd2ff47bc8/projects/69f80768ca774c668fbaaed8/jobs/6a22c6b00859d97fbe7b6205/results/gene_selection_ensg_heart_plus_pericardium_Hulsmans_Science_2023_celltype_X_umap_626931.csv
gene_selection_ensg_heart_plus_pericardium_Litvinukova_Nature_2020_cell_type_X_umap_2fcb9b.csv,s3://lifebit-user-data-6941eed90a4dd7a1d1026d7a/deploit/teams/69d8dd1e5d3e1f8c350e006f/users/68af3d99c99eb7bd2ff47bc8/projects/69f80768ca774c668fbaaed8/jobs/6a22c6b00859d97fbe7b6205/results/gene_selection_ensg_heart_plus_pericardium_Litvinukova_Nature_2020_cell_type_X_umap_2fcb9b.csv
gene_selection_ensg_heart_plus_pericardium_Maatz_Nat_Cardiovasc_Res_2025_author_cell_type_X_umap_b6d046.csv,s3://lifebit-user-data-6941eed90a4dd7a1d1026d7a/deploit/teams/69d8dd1e5d3e1f8c350e006f/users/68af3d99c99eb7bd2ff47bc8/projects/69f80768ca774c668fbaaed8/jobs/6a22c6b00859d97fbe7b6205/results/gene_selection_ensg_heart_plus_pericardium_Maatz_Nat_Cardiovasc_Res_2025_author_cell_type_X_umap_b6d046.csv
gene_selection_ensg_heart_plus_pericardium_Selewa_Nat_Commun_2023_author_cell_type_X_umap_a8bcce.csv,s3://lifebit-user-data-6941eed90a4dd7a1d1026d7a/deploit/teams/69d8dd1e5d3e1f8c350e006f/users/68af3d99c99eb7bd2ff47bc8/projects/69f80768ca774c668fbaaed8/jobs/6a22c6b00859d97fbe7b6205/results/gene_selection_ensg_heart_plus_pericardium_Selewa_Nat_Commun_2023_author_cell_type_X_umap_a8bcce.csv
gene_selection_ensg_heart_plus_pericardium_Sim_Circulation_2021_cell_type_X_umap_d94be2.csv,s3://lifebit-user-data-6941eed90a4dd7a1d1026d7a/deploit/teams/69d8dd1e5d3e1f8c350e006f/users/68af3d99c99eb7bd2ff47bc8/projects/69f80768ca774c668fbaaed8/jobs/6a22c6b00859d97fbe7b6205/results/gene_selection_ensg_heart_plus_pericardium_Sim_Circulation_2021_cell_type_X_umap_d94be2.csv
gene_selection_ensg_heart_plus_pericardium_Xu_Cell_2023_Curated_annotation_X_umap_7d4811.csv,s3://lifebit-user-data-6941eed90a4dd7a1d1026d7a/deploit/teams/69d8dd1e5d3e1f8c350e006f/users/68af3d99c99eb7bd2ff47bc8/projects/69f80768ca774c668fbaaed8/jobs/6a22c6b00859d97fbe7b6205/results/gene_selection_ensg_heart_plus_pericardium_Xu_Cell_2023_Curated_annotation_X_umap_7d4811.csv
gene_selection_ensg_heart_plus_pericardium_Zhao_Cell_Genomics_2025_author_cell_type_X_umap_9b5568.csv,s3://lifebit-user-data-6941eed90a4dd7a1d1026d7a/deploit/teams/69d8dd1e5d3e1f8c350e006f/users/68af3d99c99eb7bd2ff47bc8/projects/69f80768ca774c668fbaaed8/jobs/6a22c6b00859d97fbe7b6205/results/gene_selection_ensg_heart_plus_pericardium_Zhao_Cell_Genomics_2025_author_cell_type_X_umap_9b5568.csv
gene_selection_symbols_heart_plus_pericardium_Eraslan_Science_2022_Broad_cell_type_X_umap_f44b0f.csv,s3://lifebit-user-data-6941eed90a4dd7a1d1026d7a/deploit/teams/69d8dd1e5d3e1f8c350e006f/users/68af3d99c99eb7bd2ff47bc8/projects/69f80768ca774c668fbaaed8/jobs/6a22c6b00859d97fbe7b6205/results/gene_selection_symbols_heart_plus_pericardium_Eraslan_Science_2022_Broad_cell_type_X_umap_f44b0f.csv
gene_selection_symbols_heart_plus_pericardium_Han_Nature_2020_author_cell_type_X_umap_5c7ea7.csv,s3://lifebit-user-data-6941eed90a4dd7a1d1026d7a/deploit/teams/69d8dd1e5d3e1f8c350e006f/users/68af3d99c99eb7bd2ff47bc8/projects/69f80768ca774c668fbaaed8/jobs/6a22c6b00859d97fbe7b6205/results/gene_selection_symbols_heart_plus_pericardium_Han_Nature_2020_author_cell_type_X_umap_5c7ea7.csv
gene_selection_symbols_heart_plus_pericardium_Hulsmans_Science_2023_celltype_X_umap_626931.csv,s3://lifebit-user-data-6941eed90a4dd7a1d1026d7a/deploit/teams/69d8dd1e5d3e1f8c350e006f/users/68af3d99c99eb7bd2ff47bc8/projects/69f80768ca774c668fbaaed8/jobs/6a22c6b00859d97fbe7b6205/results/gene_selection_symbols_heart_plus_pericardium_Hulsmans_Science_2023_celltype_X_umap_626931.csv
gene_selection_symbols_heart_plus_pericardium_Litvinukova_Nature_2020_cell_type_X_umap_2fcb9b.csv,s3://lifebit-user-data-6941eed90a4dd7a1d1026d7a/deploit/teams/69d8dd1e5d3e1f8c350e006f/users/68af3d99c99eb7bd2ff47bc8/projects/69f80768ca774c668fbaaed8/jobs/6a22c6b00859d97fbe7b6205/results/gene_selection_symbols_heart_plus_pericardium_Litvinukova_Nature_2020_cell_type_X_umap_2fcb9b.csv
gene_selection_symbols_heart_plus_pericardium_Maatz_Nat_Cardiovasc_Res_2025_author_cell_type_X_umap_b6d046.csv,s3://lifebit-user-data-6941eed90a4dd7a1d1026d7a/deploit/teams/69d8dd1e5d3e1f8c350e006f/users/68af3d99c99eb7bd2ff47bc8/projects/69f80768ca774c668fbaaed8/jobs/6a22c6b00859d97fbe7b6205/results/gene_selection_symbols_heart_plus_pericardium_Maatz_Nat_Cardiovasc_Res_2025_author_cell_type_X_umap_b6d046.csv
gene_selection_symbols_heart_plus_pericardium_Selewa_Nat_Commun_2023_author_cell_type_X_umap_a8bcce.csv,s3://lifebit-user-data-6941eed90a4dd7a1d1026d7a/deploit/teams/69d8dd1e5d3e1f8c350e006f/users/68af3d99c99eb7bd2ff47bc8/projects/69f80768ca774c668fbaaed8/jobs/6a22c6b00859d97fbe7b6205/results/gene_selection_symbols_heart_plus_pericardium_Selewa_Nat_Commun_2023_author_cell_type_X_umap_a8bcce.csv
gene_selection_symbols_heart_plus_pericardium_Sim_Circulation_2021_cell_type_X_umap_d94be2.csv,s3://lifebit-user-data-6941eed90a4dd7a1d1026d7a/deploit/teams/69d8dd1e5d3e1f8c350e006f/users/68af3d99c99eb7bd2ff47bc8/projects/69f80768ca774c668fbaaed8/jobs/6a22c6b00859d97fbe7b6205/results/gene_selection_symbols_heart_plus_pericardium_Sim_Circulation_2021_cell_type_X_umap_d94be2.csv
gene_selection_symbols_heart_plus_pericardium_Xu_Cell_2023_Curated_annotation_X_umap_7d4811.csv,s3://lifebit-user-data-6941eed90a4dd7a1d1026d7a/deploit/teams/69d8dd1e5d3e1f8c350e006f/users/68af3d99c99eb7bd2ff47bc8/projects/69f80768ca774c668fbaaed8/jobs/6a22c6b00859d97fbe7b6205/results/gene_selection_symbols_heart_plus_pericardium_Xu_Cell_2023_Curated_annotation_X_umap_7d4811.csv
gene_selection_symbols_heart_plus_pericardium_Zhao_Cell_Genomics_2025_author_cell_type_X_umap_9b5568.csv,s3://lifebit-user-data-6941eed90a4dd7a1d1026d7a/deploit/teams/69d8dd1e5d3e1f8c350e006f/users/68af3d99c99eb7bd2ff47bc8/projects/69f80768ca774c668fbaaed8/jobs/6a22c6b00859d97fbe7b6205/results/gene_selection_symbols_heart_plus_pericardium_Zhao_Cell_Genomics_2025_author_cell_type_X_umap_9b5568.csv
hist_nonzero_binary_scores_heart_plus_pericardium_Eraslan_Science_2022_Broad_cell_type_X_umap_f44b0f.svg,s3://lifebit-user-data-6941eed90a4dd7a1d1026d7a/deploit/teams/69d8dd1e5d3e1f8c350e006f/users/68af3d99c99eb7bd2ff47bc8/projects/69f80768ca774c668fbaaed8/jobs/6a22c6b00859d97fbe7b6205/results/hist_nonzero_binary_scores_heart_plus_pericardium_Eraslan_Science_2022_Broad_cell_type_X_umap_f44b0f.svg
hist_nonzero_binary_scores_heart_plus_pericardium_Han_Nature_2020_author_cell_type_X_umap_5c7ea7.svg,s3://lifebit-user-data-6941eed90a4dd7a1d1026d7a/deploit/teams/69d8dd1e5d3e1f8c350e006f/users/68af3d99c99eb7bd2ff47bc8/projects/69f80768ca774c668fbaaed8/jobs/6a22c6b00859d97fbe7b6205/results/hist_nonzero_binary_scores_heart_plus_pericardium_Han_Nature_2020_author_cell_type_X_umap_5c7ea7.svg
hist_nonzero_binary_scores_heart_plus_pericardium_Hulsmans_Science_2023_celltype_X_umap_626931.svg,s3://lifebit-user-data-6941eed90a4dd7a1d1026d7a/deploit/teams/69d8dd1e5d3e1f8c350e006f/users/68af3d99c99eb7bd2ff47bc8/projects/69f80768ca774c668fbaaed8/jobs/6a22c6b00859d97fbe7b6205/results/hist_nonzero_binary_scores_heart_plus_pericardium_Hulsmans_Science_2023_celltype_X_umap_626931.svg
hist_nonzero_binary_scores_heart_plus_pericardium_Litvinukova_Nature_2020_cell_type_X_umap_2fcb9b.svg,s3://lifebit-user-data-6941eed90a4dd7a1d1026d7a/deploit/teams/69d8dd1e5d3e1f8c350e006f/users/68af3d99c99eb7bd2ff47bc8/projects/69f80768ca774c668fbaaed8/jobs/6a22c6b00859d97fbe7b6205/results/hist_nonzero_binary_scores_heart_plus_pericardium_Litvinukova_Nature_2020_cell_type_X_umap_2fcb9b.svg
hist_nonzero_binary_scores_heart_plus_pericardium_Maatz_Nat_Cardiovasc_Res_2025_author_cell_type_X_umap_b6d046.svg,s3://lifebit-user-data-6941eed90a4dd7a1d1026d7a/deploit/teams/69d8dd1e5d3e1f8c350e006f/users/68af3d99c99eb7bd2ff47bc8/projects/69f80768ca774c668fbaaed8/jobs/6a22c6b00859d97fbe7b6205/results/hist_nonzero_binary_scores_heart_plus_pericardium_Maatz_Nat_Cardiovasc_Res_2025_author_cell_type_X_umap_b6d046.svg
hist_nonzero_binary_scores_heart_plus_pericardium_Selewa_Nat_Commun_2023_author_cell_type_X_umap_a8bcce.svg,s3://lifebit-user-data-6941eed90a4dd7a1d1026d7a/deploit/teams/69d8dd1e5d3e1f8c350e006f/users/68af3d99c99eb7bd2ff47bc8/projects/69f80768ca774c668fbaaed8/jobs/6a22c6b00859d97fbe7b6205/results/hist_nonzero_binary_scores_heart_plus_pericardium_Selewa_Nat_Commun_2023_author_cell_type_X_umap_a8bcce.svg
hist_nonzero_binary_scores_heart_plus_pericardium_Sim_Circulation_2021_cell_type_X_umap_d94be2.svg,s3://lifebit-user-data-6941eed90a4dd7a1d1026d7a/deploit/teams/69d8dd1e5d3e1f8c350e006f/users/68af3d99c99eb7bd2ff47bc8/projects/69f80768ca774c668fbaaed8/jobs/6a22c6b00859d97fbe7b6205/results/hist_nonzero_binary_scores_heart_plus_pericardium_Sim_Circulation_2021_cell_type_X_umap_d94be2.svg
hist_nonzero_binary_scores_heart_plus_pericardium_Xu_Cell_2023_Curated_annotation_X_umap_7d4811.svg,s3://lifebit-user-data-6941eed90a4dd7a1d1026d7a/deploit/teams/69d8dd1e5d3e1f8c350e006f/users/68af3d99c99eb7bd2ff47bc8/projects/69f80768ca774c668fbaaed8/jobs/6a22c6b00859d97fbe7b6205/results/hist_nonzero_binary_scores_heart_plus_pericardium_Xu_Cell_2023_Curated_annotation_X_umap_7d4811.svg
hist_nonzero_binary_scores_heart_plus_pericardium_Zhao_Cell_Genomics_2025_author_cell_type_X_umap_9b5568.svg,s3://lifebit-user-data-6941eed90a4dd7a1d1026d7a/deploit/teams/69d8dd1e5d3e1f8c350e006f/users/68af3d99c99eb7bd2ff47bc8/projects/69f80768ca774c668fbaaed8/jobs/6a22c6b00859d97fbe7b6205/results/hist_nonzero_binary_scores_heart_plus_pericardium_Zhao_Cell_Genomics_2025_author_cell_type_X_umap_9b5568.svg
hist_nonzero_medians_heart_plus_pericardium_Eraslan_Science_2022_Broad_cell_type_X_umap_f44b0f.svg,s3://lifebit-user-data-6941eed90a4dd7a1d1026d7a/deploit/teams/69d8dd1e5d3e1f8c350e006f/users/68af3d99c99eb7bd2ff47bc8/projects/69f80768ca774c668fbaaed8/jobs/6a22c6b00859d97fbe7b6205/results/hist_nonzero_medians_heart_plus_pericardium_Eraslan_Science_2022_Broad_cell_type_X_umap_f44b0f.svg
hist_nonzero_medians_heart_plus_pericardium_Han_Nature_2020_author_cell_type_X_umap_5c7ea7.svg,s3://lifebit-user-data-6941eed90a4dd7a1d1026d7a/deploit/teams/69d8dd1e5d3e1f8c350e006f/users/68af3d99c99eb7bd2ff47bc8/projects/69f80768ca774c668fbaaed8/jobs/6a22c6b00859d97fbe7b6205/results/hist_nonzero_medians_heart_plus_pericardium_Han_Nature_2020_author_cell_type_X_umap_5c7ea7.svg
hist_nonzero_medians_heart_plus_pericardium_Hulsmans_Science_2023_celltype_X_umap_626931.svg,s3://lifebit-user-data-6941eed90a4dd7a1d1026d7a/deploit/teams/69d8dd1e5d3e1f8c350e006f/users/68af3d99c99eb7bd2ff47bc8/projects/69f80768ca774c668fbaaed8/jobs/6a22c6b00859d97fbe7b6205/results/hist_nonzero_medians_heart_plus_pericardium_Hulsmans_Science_2023_celltype_X_umap_626931.svg
hist_nonzero_medians_heart_plus_pericardium_Litvinukova_Nature_2020_cell_type_X_umap_2fcb9b.svg,s3://lifebit-user-data-6941eed90a4dd7a1d1026d7a/deploit/teams/69d8dd1e5d3e1f8c350e006f/users/68af3d99c99eb7bd2ff47bc8/projects/69f80768ca774c668fbaaed8/jobs/6a22c6b00859d97fbe7b6205/results/hist_nonzero_medians_heart_plus_pericardium_Litvinukova_Nature_2020_cell_type_X_umap_2fcb9b.svg
hist_nonzero_medians_heart_plus_pericardium_Maatz_Nat_Cardiovasc_Res_2025_author_cell_type_X_umap_b6d046.svg,s3://lifebit-user-data-6941eed90a4dd7a1d1026d7a/deploit/teams/69d8dd1e5d3e1f8c350e006f/users/68af3d99c99eb7bd2ff47bc8/projects/69f80768ca774c668fbaaed8/jobs/6a22c6b00859d97fbe7b6205/results/hist_nonzero_medians_heart_plus_pericardium_Maatz_Nat_Cardiovasc_Res_2025_author_cell_type_X_umap_b6d046.svg
hist_nonzero_medians_heart_plus_pericardium_Selewa_Nat_Commun_2023_author_cell_type_X_umap_a8bcce.svg,s3://lifebit-user-data-6941eed90a4dd7a1d1026d7a/deploit/teams/69d8dd1e5d3e1f8c350e006f/users/68af3d99c99eb7bd2ff47bc8/projects/69f80768ca774c668fbaaed8/jobs/6a22c6b00859d97fbe7b6205/results/hist_nonzero_medians_heart_plus_pericardium_Selewa_Nat_Commun_2023_author_cell_type_X_umap_a8bcce.svg
hist_nonzero_medians_heart_plus_pericardium_Sim_Circulation_2021_cell_type_X_umap_d94be2.svg,s3://lifebit-user-data-6941eed90a4dd7a1d1026d7a/deploit/teams/69d8dd1e5d3e1f8c350e006f/users/68af3d99c99eb7bd2ff47bc8/projects/69f80768ca774c668fbaaed8/jobs/6a22c6b00859d97fbe7b6205/results/hist_nonzero_medians_heart_plus_pericardium_Sim_Circulation_2021_cell_type_X_umap_d94be2.svg
hist_nonzero_medians_heart_plus_pericardium_Xu_Cell_2023_Curated_annotation_X_umap_7d4811.svg,s3://lifebit-user-data-6941eed90a4dd7a1d1026d7a/deploit/teams/69d8dd1e5d3e1f8c350e006f/users/68af3d99c99eb7bd2ff47bc8/projects/69f80768ca774c668fbaaed8/jobs/6a22c6b00859d97fbe7b6205/results/hist_nonzero_medians_heart_plus_pericardium_Xu_Cell_2023_Curated_annotation_X_umap_7d4811.svg
hist_nonzero_medians_heart_plus_pericardium_Zhao_Cell_Genomics_2025_author_cell_type_X_umap_9b5568.svg,s3://lifebit-user-data-6941eed90a4dd7a1d1026d7a/deploit/teams/69d8dd1e5d3e1f8c350e006f/users/68af3d99c99eb7bd2ff47bc8/projects/69f80768ca774c668fbaaed8/jobs/6a22c6b00859d97fbe7b6205/results/hist_nonzero_medians_heart_plus_pericardium_Zhao_Cell_Genomics_2025_author_cell_type_X_umap_9b5568.svg
markers_ensg_heart_plus_pericardium_Eraslan_Science_2022_Broad_cell_type_X_umap_f44b0f.csv,s3://lifebit-user-data-6941eed90a4dd7a1d1026d7a/deploit/teams/69d8dd1e5d3e1f8c350e006f/users/68af3d99c99eb7bd2ff47bc8/projects/69f80768ca774c668fbaaed8/jobs/6a22c6b00859d97fbe7b6205/results/markers_ensg_heart_plus_pericardium_Eraslan_Science_2022_Broad_cell_type_X_umap_f44b0f.csv
markers_ensg_heart_plus_pericardium_Han_Nature_2020_author_cell_type_X_umap_5c7ea7.csv,s3://lifebit-user-data-6941eed90a4dd7a1d1026d7a/deploit/teams/69d8dd1e5d3e1f8c350e006f/users/68af3d99c99eb7bd2ff47bc8/projects/69f80768ca774c668fbaaed8/jobs/6a22c6b00859d97fbe7b6205/results/markers_ensg_heart_plus_pericardium_Han_Nature_2020_author_cell_type_X_umap_5c7ea7.csv
markers_ensg_heart_plus_pericardium_Hulsmans_Science_2023_celltype_X_umap_626931.csv,s3://lifebit-user-data-6941eed90a4dd7a1d1026d7a/deploit/teams/69d8dd1e5d3e1f8c350e006f/users/68af3d99c99eb7bd2ff47bc8/projects/69f80768ca774c668fbaaed8/jobs/6a22c6b00859d97fbe7b6205/results/markers_ensg_heart_plus_pericardium_Hulsmans_Science_2023_celltype_X_umap_626931.csv
markers_ensg_heart_plus_pericardium_Litvinukova_Nature_2020_cell_type_X_umap_2fcb9b.csv,s3://lifebit-user-data-6941eed90a4dd7a1d1026d7a/deploit/teams/69d8dd1e5d3e1f8c350e006f/users/68af3d99c99eb7bd2ff47bc8/projects/69f80768ca774c668fbaaed8/jobs/6a22c6b00859d97fbe7b6205/results/markers_ensg_heart_plus_pericardium_Litvinukova_Nature_2020_cell_type_X_umap_2fcb9b.csv
markers_ensg_heart_plus_pericardium_Maatz_Nat_Cardiovasc_Res_2025_author_cell_type_X_umap_b6d046.csv,s3://lifebit-user-data-6941eed90a4dd7a1d1026d7a/deploit/teams/69d8dd1e5d3e1f8c350e006f/users/68af3d99c99eb7bd2ff47bc8/projects/69f80768ca774c668fbaaed8/jobs/6a22c6b00859d97fbe7b6205/results/markers_ensg_heart_plus_pericardium_Maatz_Nat_Cardiovasc_Res_2025_author_cell_type_X_umap_b6d046.csv
markers_ensg_heart_plus_pericardium_Selewa_Nat_Commun_2023_author_cell_type_X_umap_a8bcce.csv,s3://lifebit-user-data-6941eed90a4dd7a1d1026d7a/deploit/teams/69d8dd1e5d3e1f8c350e006f/users/68af3d99c99eb7bd2ff47bc8/projects/69f80768ca774c668fbaaed8/jobs/6a22c6b00859d97fbe7b6205/results/markers_ensg_heart_plus_pericardium_Selewa_Nat_Commun_2023_author_cell_type_X_umap_a8bcce.csv
markers_ensg_heart_plus_pericardium_Sim_Circulation_2021_cell_type_X_umap_d94be2.csv,s3://lifebit-user-data-6941eed90a4dd7a1d1026d7a/deploit/teams/69d8dd1e5d3e1f8c350e006f/users/68af3d99c99eb7bd2ff47bc8/projects/69f80768ca774c668fbaaed8/jobs/6a22c6b00859d97fbe7b6205/results/markers_ensg_heart_plus_pericardium_Sim_Circulation_2021_cell_type_X_umap_d94be2.csv
markers_ensg_heart_plus_pericardium_Xu_Cell_2023_Curated_annotation_X_umap_7d4811.csv,s3://lifebit-user-data-6941eed90a4dd7a1d1026d7a/deploit/teams/69d8dd1e5d3e1f8c350e006f/users/68af3d99c99eb7bd2ff47bc8/projects/69f80768ca774c668fbaaed8/jobs/6a22c6b00859d97fbe7b6205/results/markers_ensg_heart_plus_pericardium_Xu_Cell_2023_Curated_annotation_X_umap_7d4811.csv
markers_ensg_heart_plus_pericardium_Zhao_Cell_Genomics_2025_author_cell_type_X_umap_9b5568.csv,s3://lifebit-user-data-6941eed90a4dd7a1d1026d7a/deploit/teams/69d8dd1e5d3e1f8c350e006f/users/68af3d99c99eb7bd2ff47bc8/projects/69f80768ca774c668fbaaed8/jobs/6a22c6b00859d97fbe7b6205/results/markers_ensg_heart_plus_pericardium_Zhao_Cell_Genomics_2025_author_cell_type_X_umap_9b5568.csv
markers_onTarget_ensg_heart_plus_pericardium_Eraslan_Science_2022_Broad_cell_type_X_umap_f44b0f.csv,s3://lifebit-user-data-6941eed90a4dd7a1d1026d7a/deploit/teams/69d8dd1e5d3e1f8c350e006f/users/68af3d99c99eb7bd2ff47bc8/projects/69f80768ca774c668fbaaed8/jobs/6a22c6b00859d97fbe7b6205/results/markers_onTarget_ensg_heart_plus_pericardium_Eraslan_Science_2022_Broad_cell_type_X_umap_f44b0f.csv
markers_onTarget_ensg_heart_plus_pericardium_Han_Nature_2020_author_cell_type_X_umap_5c7ea7.csv,s3://lifebit-user-data-6941eed90a4dd7a1d1026d7a/deploit/teams/69d8dd1e5d3e1f8c350e006f/users/68af3d99c99eb7bd2ff47bc8/projects/69f80768ca774c668fbaaed8/jobs/6a22c6b00859d97fbe7b6205/results/markers_onTarget_ensg_heart_plus_pericardium_Han_Nature_2020_author_cell_type_X_umap_5c7ea7.csv
markers_onTarget_ensg_heart_plus_pericardium_Hulsmans_Science_2023_celltype_X_umap_626931.csv,s3://lifebit-user-data-6941eed90a4dd7a1d1026d7a/deploit/teams/69d8dd1e5d3e1f8c350e006f/users/68af3d99c99eb7bd2ff47bc8/projects/69f80768ca774c668fbaaed8/jobs/6a22c6b00859d97fbe7b6205/results/markers_onTarget_ensg_heart_plus_pericardium_Hulsmans_Science_2023_celltype_X_umap_626931.csv
markers_onTarget_ensg_heart_plus_pericardium_Litvinukova_Nature_2020_cell_type_X_umap_2fcb9b.csv,s3://lifebit-user-data-6941eed90a4dd7a1d1026d7a/deploit/teams/69d8dd1e5d3e1f8c350e006f/users/68af3d99c99eb7bd2ff47bc8/projects/69f80768ca774c668fbaaed8/jobs/6a22c6b00859d97fbe7b6205/results/markers_onTarget_ensg_heart_plus_pericardium_Litvinukova_Nature_2020_cell_type_X_umap_2fcb9b.csv
markers_onTarget_ensg_heart_plus_pericardium_Maatz_Nat_Cardiovasc_Res_2025_author_cell_type_X_umap_b6d046.csv,s3://lifebit-user-data-6941eed90a4dd7a1d1026d7a/deploit/teams/69d8dd1e5d3e1f8c350e006f/users/68af3d99c99eb7bd2ff47bc8/projects/69f80768ca774c668fbaaed8/jobs/6a22c6b00859d97fbe7b6205/results/markers_onTarget_ensg_heart_plus_pericardium_Maatz_Nat_Cardiovasc_Res_2025_author_cell_type_X_umap_b6d046.csv
markers_onTarget_ensg_heart_plus_pericardium_Selewa_Nat_Commun_2023_author_cell_type_X_umap_a8bcce.csv,s3://lifebit-user-data-6941eed90a4dd7a1d1026d7a/deploit/teams/69d8dd1e5d3e1f8c350e006f/users/68af3d99c99eb7bd2ff47bc8/projects/69f80768ca774c668fbaaed8/jobs/6a22c6b00859d97fbe7b6205/results/markers_onTarget_ensg_heart_plus_pericardium_Selewa_Nat_Commun_2023_author_cell_type_X_umap_a8bcce.csv
markers_onTarget_ensg_heart_plus_pericardium_Sim_Circulation_2021_cell_type_X_umap_d94be2.csv,s3://lifebit-user-data-6941eed90a4dd7a1d1026d7a/deploit/teams/69d8dd1e5d3e1f8c350e006f/users/68af3d99c99eb7bd2ff47bc8/projects/69f80768ca774c668fbaaed8/jobs/6a22c6b00859d97fbe7b6205/results/markers_onTarget_ensg_heart_plus_pericardium_Sim_Circulation_2021_cell_type_X_umap_d94be2.csv
markers_onTarget_ensg_heart_plus_pericardium_Xu_Cell_2023_Curated_annotation_X_umap_7d4811.csv,s3://lifebit-user-data-6941eed90a4dd7a1d1026d7a/deploit/teams/69d8dd1e5d3e1f8c350e006f/users/68af3d99c99eb7bd2ff47bc8/projects/69f80768ca774c668fbaaed8/jobs/6a22c6b00859d97fbe7b6205/results/markers_onTarget_ensg_heart_plus_pericardium_Xu_Cell_2023_Curated_annotation_X_umap_7d4811.csv
markers_onTarget_ensg_heart_plus_pericardium_Zhao_Cell_Genomics_2025_author_cell_type_X_umap_9b5568.csv,s3://lifebit-user-data-6941eed90a4dd7a1d1026d7a/deploit/teams/69d8dd1e5d3e1f8c350e006f/users/68af3d99c99eb7bd2ff47bc8/projects/69f80768ca774c668fbaaed8/jobs/6a22c6b00859d97fbe7b6205/results/markers_onTarget_ensg_heart_plus_pericardium_Zhao_Cell_Genomics_2025_author_cell_type_X_umap_9b5568.csv
markers_onTarget_supp_ensg_heart_plus_pericardium_Eraslan_Science_2022_Broad_cell_type_X_umap_f44b0f.csv,s3://lifebit-user-data-6941eed90a4dd7a1d1026d7a/deploit/teams/69d8dd1e5d3e1f8c350e006f/users/68af3d99c99eb7bd2ff47bc8/projects/69f80768ca774c668fbaaed8/jobs/6a22c6b00859d97fbe7b6205/results/markers_onTarget_supp_ensg_heart_plus_pericardium_Eraslan_Science_2022_Broad_cell_type_X_umap_f44b0f.csv
markers_onTarget_supp_ensg_heart_plus_pericardium_Han_Nature_2020_author_cell_type_X_umap_5c7ea7.csv,s3://lifebit-user-data-6941eed90a4dd7a1d1026d7a/deploit/teams/69d8dd1e5d3e1f8c350e006f/users/68af3d99c99eb7bd2ff47bc8/projects/69f80768ca774c668fbaaed8/jobs/6a22c6b00859d97fbe7b6205/results/markers_onTarget_supp_ensg_heart_plus_pericardium_Han_Nature_2020_author_cell_type_X_umap_5c7ea7.csv
markers_onTarget_supp_ensg_heart_plus_pericardium_Hulsmans_Science_2023_celltype_X_umap_626931.csv,s3://lifebit-user-data-6941eed90a4dd7a1d1026d7a/deploit/teams/69d8dd1e5d3e1f8c350e006f/users/68af3d99c99eb7bd2ff47bc8/projects/69f80768ca774c668fbaaed8/jobs/6a22c6b00859d97fbe7b6205/results/markers_onTarget_supp_ensg_heart_plus_pericardium_Hulsmans_Science_2023_celltype_X_umap_626931.csv
markers_onTarget_supp_ensg_heart_plus_pericardium_Litvinukova_Nature_2020_cell_type_X_umap_2fcb9b.csv,s3://lifebit-user-data-6941eed90a4dd7a1d1026d7a/deploit/teams/69d8dd1e5d3e1f8c350e006f/users/68af3d99c99eb7bd2ff47bc8/projects/69f80768ca774c668fbaaed8/jobs/6a22c6b00859d97fbe7b6205/results/markers_onTarget_supp_ensg_heart_plus_pericardium_Litvinukova_Nature_2020_cell_type_X_umap_2fcb9b.csv
markers_onTarget_supp_ensg_heart_plus_pericardium_Maatz_Nat_Cardiovasc_Res_2025_author_cell_type_X_umap_b6d046.csv,s3://lifebit-user-data-6941eed90a4dd7a1d1026d7a/deploit/teams/69d8dd1e5d3e1f8c350e006f/users/68af3d99c99eb7bd2ff47bc8/projects/69f80768ca774c668fbaaed8/jobs/6a22c6b00859d97fbe7b6205/results/markers_onTarget_supp_ensg_heart_plus_pericardium_Maatz_Nat_Cardiovasc_Res_2025_author_cell_type_X_umap_b6d046.csv
markers_onTarget_supp_ensg_heart_plus_pericardium_Selewa_Nat_Commun_2023_author_cell_type_X_umap_a8bcce.csv,s3://lifebit-user-data-6941eed90a4dd7a1d1026d7a/deploit/teams/69d8dd1e5d3e1f8c350e006f/users/68af3d99c99eb7bd2ff47bc8/projects/69f80768ca774c668fbaaed8/jobs/6a22c6b00859d97fbe7b6205/results/markers_onTarget_supp_ensg_heart_plus_pericardium_Selewa_Nat_Commun_2023_author_cell_type_X_umap_a8bcce.csv
markers_onTarget_supp_ensg_heart_plus_pericardium_Sim_Circulation_2021_cell_type_X_umap_d94be2.csv,s3://lifebit-user-data-6941eed90a4dd7a1d1026d7a/deploit/teams/69d8dd1e5d3e1f8c350e006f/users/68af3d99c99eb7bd2ff47bc8/projects/69f80768ca774c668fbaaed8/jobs/6a22c6b00859d97fbe7b6205/results/markers_onTarget_supp_ensg_heart_plus_pericardium_Sim_Circulation_2021_cell_type_X_umap_d94be2.csv
markers_onTarget_supp_ensg_heart_plus_pericardium_Xu_Cell_2023_Curated_annotation_X_umap_7d4811.csv,s3://lifebit-user-data-6941eed90a4dd7a1d1026d7a/deploit/teams/69d8dd1e5d3e1f8c350e006f/users/68af3d99c99eb7bd2ff47bc8/projects/69f80768ca774c668fbaaed8/jobs/6a22c6b00859d97fbe7b6205/results/markers_onTarget_supp_ensg_heart_plus_pericardium_Xu_Cell_2023_Curated_annotation_X_umap_7d4811.csv
markers_onTarget_supp_ensg_heart_plus_pericardium_Zhao_Cell_Genomics_2025_author_cell_type_X_umap_9b5568.csv,s3://lifebit-user-data-6941eed90a4dd7a1d1026d7a/deploit/teams/69d8dd1e5d3e1f8c350e006f/users/68af3d99c99eb7bd2ff47bc8/projects/69f80768ca774c668fbaaed8/jobs/6a22c6b00859d97fbe7b6205/results/markers_onTarget_supp_ensg_heart_plus_pericardium_Zhao_Cell_Genomics_2025_author_cell_type_X_umap_9b5568.csv
markers_onTarget_supp_symbols_heart_plus_pericardium_Eraslan_Science_2022_Broad_cell_type_X_umap_f44b0f.csv,s3://lifebit-user-data-6941eed90a4dd7a1d1026d7a/deploit/teams/69d8dd1e5d3e1f8c350e006f/users/68af3d99c99eb7bd2ff47bc8/projects/69f80768ca774c668fbaaed8/jobs/6a22c6b00859d97fbe7b6205/results/markers_onTarget_supp_symbols_heart_plus_pericardium_Eraslan_Science_2022_Broad_cell_type_X_umap_f44b0f.csv
markers_onTarget_supp_symbols_heart_plus_pericardium_Han_Nature_2020_author_cell_type_X_umap_5c7ea7.csv,s3://lifebit-user-data-6941eed90a4dd7a1d1026d7a/deploit/teams/69d8dd1e5d3e1f8c350e006f/users/68af3d99c99eb7bd2ff47bc8/projects/69f80768ca774c668fbaaed8/jobs/6a22c6b00859d97fbe7b6205/results/markers_onTarget_supp_symbols_heart_plus_pericardium_Han_Nature_2020_author_cell_type_X_umap_5c7ea7.csv
markers_onTarget_supp_symbols_heart_plus_pericardium_Hulsmans_Science_2023_celltype_X_umap_626931.csv,s3://lifebit-user-data-6941eed90a4dd7a1d1026d7a/deploit/teams/69d8dd1e5d3e1f8c350e006f/users/68af3d99c99eb7bd2ff47bc8/projects/69f80768ca774c668fbaaed8/jobs/6a22c6b00859d97fbe7b6205/results/markers_onTarget_supp_symbols_heart_plus_pericardium_Hulsmans_Science_2023_celltype_X_umap_626931.csv
markers_onTarget_supp_symbols_heart_plus_pericardium_Litvinukova_Nature_2020_cell_type_X_umap_2fcb9b.csv,s3://lifebit-user-data-6941eed90a4dd7a1d1026d7a/deploit/teams/69d8dd1e5d3e1f8c350e006f/users/68af3d99c99eb7bd2ff47bc8/projects/69f80768ca774c668fbaaed8/jobs/6a22c6b00859d97fbe7b6205/results/markers_onTarget_supp_symbols_heart_plus_pericardium_Litvinukova_Nature_2020_cell_type_X_umap_2fcb9b.csv
markers_onTarget_supp_symbols_heart_plus_pericardium_Maatz_Nat_Cardiovasc_Res_2025_author_cell_type_X_umap_b6d046.csv,s3://lifebit-user-data-6941eed90a4dd7a1d1026d7a/deploit/teams/69d8dd1e5d3e1f8c350e006f/users/68af3d99c99eb7bd2ff47bc8/projects/69f80768ca774c668fbaaed8/jobs/6a22c6b00859d97fbe7b6205/results/markers_onTarget_supp_symbols_heart_plus_pericardium_Maatz_Nat_Cardiovasc_Res_2025_author_cell_type_X_umap_b6d046.csv
markers_onTarget_supp_symbols_heart_plus_pericardium_Selewa_Nat_Commun_2023_author_cell_type_X_umap_a8bcce.csv,s3://lifebit-user-data-6941eed90a4dd7a1d1026d7a/deploit/teams/69d8dd1e5d3e1f8c350e006f/users/68af3d99c99eb7bd2ff47bc8/projects/69f80768ca774c668fbaaed8/jobs/6a22c6b00859d97fbe7b6205/results/markers_onTarget_supp_symbols_heart_plus_pericardium_Selewa_Nat_Commun_2023_author_cell_type_X_umap_a8bcce.csv
markers_onTarget_supp_symbols_heart_plus_pericardium_Sim_Circulation_2021_cell_type_X_umap_d94be2.csv,s3://lifebit-user-data-6941eed90a4dd7a1d1026d7a/deploit/teams/69d8dd1e5d3e1f8c350e006f/users/68af3d99c99eb7bd2ff47bc8/projects/69f80768ca774c668fbaaed8/jobs/6a22c6b00859d97fbe7b6205/results/markers_onTarget_supp_symbols_heart_plus_pericardium_Sim_Circulation_2021_cell_type_X_umap_d94be2.csv
markers_onTarget_supp_symbols_heart_plus_pericardium_Xu_Cell_2023_Curated_annotation_X_umap_7d4811.csv,s3://lifebit-user-data-6941eed90a4dd7a1d1026d7a/deploit/teams/69d8dd1e5d3e1f8c350e006f/users/68af3d99c99eb7bd2ff47bc8/projects/69f80768ca774c668fbaaed8/jobs/6a22c6b00859d97fbe7b6205/results/markers_onTarget_supp_symbols_heart_plus_pericardium_Xu_Cell_2023_Curated_annotation_X_umap_7d4811.csv
markers_onTarget_supp_symbols_heart_plus_pericardium_Zhao_Cell_Genomics_2025_author_cell_type_X_umap_9b5568.csv,s3://lifebit-user-data-6941eed90a4dd7a1d1026d7a/deploit/teams/69d8dd1e5d3e1f8c350e006f/users/68af3d99c99eb7bd2ff47bc8/projects/69f80768ca774c668fbaaed8/jobs/6a22c6b00859d97fbe7b6205/results/markers_onTarget_supp_symbols_heart_plus_pericardium_Zhao_Cell_Genomics_2025_author_cell_type_X_umap_9b5568.csv
markers_onTarget_symbols_heart_plus_pericardium_Eraslan_Science_2022_Broad_cell_type_X_umap_f44b0f.csv,s3://lifebit-user-data-6941eed90a4dd7a1d1026d7a/deploit/teams/69d8dd1e5d3e1f8c350e006f/users/68af3d99c99eb7bd2ff47bc8/projects/69f80768ca774c668fbaaed8/jobs/6a22c6b00859d97fbe7b6205/results/markers_onTarget_symbols_heart_plus_pericardium_Eraslan_Science_2022_Broad_cell_type_X_umap_f44b0f.csv
markers_onTarget_symbols_heart_plus_pericardium_Han_Nature_2020_author_cell_type_X_umap_5c7ea7.csv,s3://lifebit-user-data-6941eed90a4dd7a1d1026d7a/deploit/teams/69d8dd1e5d3e1f8c350e006f/users/68af3d99c99eb7bd2ff47bc8/projects/69f80768ca774c668fbaaed8/jobs/6a22c6b00859d97fbe7b6205/results/markers_onTarget_symbols_heart_plus_pericardium_Han_Nature_2020_author_cell_type_X_umap_5c7ea7.csv
markers_onTarget_symbols_heart_plus_pericardium_Hulsmans_Science_2023_celltype_X_umap_626931.csv,s3://lifebit-user-data-6941eed90a4dd7a1d1026d7a/deploit/teams/69d8dd1e5d3e1f8c350e006f/users/68af3d99c99eb7bd2ff47bc8/projects/69f80768ca774c668fbaaed8/jobs/6a22c6b00859d97fbe7b6205/results/markers_onTarget_symbols_heart_plus_pericardium_Hulsmans_Science_2023_celltype_X_umap_626931.csv
markers_onTarget_symbols_heart_plus_pericardium_Litvinukova_Nature_2020_cell_type_X_umap_2fcb9b.csv,s3://lifebit-user-data-6941eed90a4dd7a1d1026d7a/deploit/teams/69d8dd1e5d3e1f8c350e006f/users/68af3d99c99eb7bd2ff47bc8/projects/69f80768ca774c668fbaaed8/jobs/6a22c6b00859d97fbe7b6205/results/markers_onTarget_symbols_heart_plus_pericardium_Litvinukova_Nature_2020_cell_type_X_umap_2fcb9b.csv
markers_onTarget_symbols_heart_plus_pericardium_Maatz_Nat_Cardiovasc_Res_2025_author_cell_type_X_umap_b6d046.csv,s3://lifebit-user-data-6941eed90a4dd7a1d1026d7a/deploit/teams/69d8dd1e5d3e1f8c350e006f/users/68af3d99c99eb7bd2ff47bc8/projects/69f80768ca774c668fbaaed8/jobs/6a22c6b00859d97fbe7b6205/results/markers_onTarget_symbols_heart_plus_pericardium_Maatz_Nat_Cardiovasc_Res_2025_author_cell_type_X_umap_b6d046.csv
markers_onTarget_symbols_heart_plus_pericardium_Selewa_Nat_Commun_2023_author_cell_type_X_umap_a8bcce.csv,s3://lifebit-user-data-6941eed90a4dd7a1d1026d7a/deploit/teams/69d8dd1e5d3e1f8c350e006f/users/68af3d99c99eb7bd2ff47bc8/projects/69f80768ca774c668fbaaed8/jobs/6a22c6b00859d97fbe7b6205/results/markers_onTarget_symbols_heart_plus_pericardium_Selewa_Nat_Commun_2023_author_cell_type_X_umap_a8bcce.csv
markers_onTarget_symbols_heart_plus_pericardium_Sim_Circulation_2021_cell_type_X_umap_d94be2.csv,s3://lifebit-user-data-6941eed90a4dd7a1d1026d7a/deploit/teams/69d8dd1e5d3e1f8c350e006f/users/68af3d99c99eb7bd2ff47bc8/projects/69f80768ca774c668fbaaed8/jobs/6a22c6b00859d97fbe7b6205/results/markers_onTarget_symbols_heart_plus_pericardium_Sim_Circulation_2021_cell_type_X_umap_d94be2.csv
markers_onTarget_symbols_heart_plus_pericardium_Xu_Cell_2023_Curated_annotation_X_umap_7d4811.csv,s3://lifebit-user-data-6941eed90a4dd7a1d1026d7a/deploit/teams/69d8dd1e5d3e1f8c350e006f/users/68af3d99c99eb7bd2ff47bc8/projects/69f80768ca774c668fbaaed8/jobs/6a22c6b00859d97fbe7b6205/results/markers_onTarget_symbols_heart_plus_pericardium_Xu_Cell_2023_Curated_annotation_X_umap_7d4811.csv
markers_onTarget_symbols_heart_plus_pericardium_Zhao_Cell_Genomics_2025_author_cell_type_X_umap_9b5568.csv,s3://lifebit-user-data-6941eed90a4dd7a1d1026d7a/deploit/teams/69d8dd1e5d3e1f8c350e006f/users/68af3d99c99eb7bd2ff47bc8/projects/69f80768ca774c668fbaaed8/jobs/6a22c6b00859d97fbe7b6205/results/markers_onTarget_symbols_heart_plus_pericardium_Zhao_Cell_Genomics_2025_author_cell_type_X_umap_9b5568.csv
markers_symbols_heart_plus_pericardium_Eraslan_Science_2022_Broad_cell_type_X_umap_f44b0f.csv,s3://lifebit-user-data-6941eed90a4dd7a1d1026d7a/deploit/teams/69d8dd1e5d3e1f8c350e006f/users/68af3d99c99eb7bd2ff47bc8/projects/69f80768ca774c668fbaaed8/jobs/6a22c6b00859d97fbe7b6205/results/markers_symbols_heart_plus_pericardium_Eraslan_Science_2022_Broad_cell_type_X_umap_f44b0f.csv
markers_symbols_heart_plus_pericardium_Han_Nature_2020_author_cell_type_X_umap_5c7ea7.csv,s3://lifebit-user-data-6941eed90a4dd7a1d1026d7a/deploit/teams/69d8dd1e5d3e1f8c350e006f/users/68af3d99c99eb7bd2ff47bc8/projects/69f80768ca774c668fbaaed8/jobs/6a22c6b00859d97fbe7b6205/results/markers_symbols_heart_plus_pericardium_Han_Nature_2020_author_cell_type_X_umap_5c7ea7.csv
markers_symbols_heart_plus_pericardium_Hulsmans_Science_2023_celltype_X_umap_626931.csv,s3://lifebit-user-data-6941eed90a4dd7a1d1026d7a/deploit/teams/69d8dd1e5d3e1f8c350e006f/users/68af3d99c99eb7bd2ff47bc8/projects/69f80768ca774c668fbaaed8/jobs/6a22c6b00859d97fbe7b6205/results/markers_symbols_heart_plus_pericardium_Hulsmans_Science_2023_celltype_X_umap_626931.csv
markers_symbols_heart_plus_pericardium_Litvinukova_Nature_2020_cell_type_X_umap_2fcb9b.csv,s3://lifebit-user-data-6941eed90a4dd7a1d1026d7a/deploit/teams/69d8dd1e5d3e1f8c350e006f/users/68af3d99c99eb7bd2ff47bc8/projects/69f80768ca774c668fbaaed8/jobs/6a22c6b00859d97fbe7b6205/results/markers_symbols_heart_plus_pericardium_Litvinukova_Nature_2020_cell_type_X_umap_2fcb9b.csv
markers_symbols_heart_plus_pericardium_Maatz_Nat_Cardiovasc_Res_2025_author_cell_type_X_umap_b6d046.csv,s3://lifebit-user-data-6941eed90a4dd7a1d1026d7a/deploit/teams/69d8dd1e5d3e1f8c350e006f/users/68af3d99c99eb7bd2ff47bc8/projects/69f80768ca774c668fbaaed8/jobs/6a22c6b00859d97fbe7b6205/results/markers_symbols_heart_plus_pericardium_Maatz_Nat_Cardiovasc_Res_2025_author_cell_type_X_umap_b6d046.csv
markers_symbols_heart_plus_pericardium_Selewa_Nat_Commun_2023_author_cell_type_X_umap_a8bcce.csv,s3://lifebit-user-data-6941eed90a4dd7a1d1026d7a/deploit/teams/69d8dd1e5d3e1f8c350e006f/users/68af3d99c99eb7bd2ff47bc8/projects/69f80768ca774c668fbaaed8/jobs/6a22c6b00859d97fbe7b6205/results/markers_symbols_heart_plus_pericardium_Selewa_Nat_Commun_2023_author_cell_type_X_umap_a8bcce.csv
markers_symbols_heart_plus_pericardium_Sim_Circulation_2021_cell_type_X_umap_d94be2.csv,s3://lifebit-user-data-6941eed90a4dd7a1d1026d7a/deploit/teams/69d8dd1e5d3e1f8c350e006f/users/68af3d99c99eb7bd2ff47bc8/projects/69f80768ca774c668fbaaed8/jobs/6a22c6b00859d97fbe7b6205/results/markers_symbols_heart_plus_pericardium_Sim_Circulation_2021_cell_type_X_umap_d94be2.csv
markers_symbols_heart_plus_pericardium_Xu_Cell_2023_Curated_annotation_X_umap_7d4811.csv,s3://lifebit-user-data-6941eed90a4dd7a1d1026d7a/deploit/teams/69d8dd1e5d3e1f8c350e006f/users/68af3d99c99eb7bd2ff47bc8/projects/69f80768ca774c668fbaaed8/jobs/6a22c6b00859d97fbe7b6205/results/markers_symbols_heart_plus_pericardium_Xu_Cell_2023_Curated_annotation_X_umap_7d4811.csv
markers_symbols_heart_plus_pericardium_Zhao_Cell_Genomics_2025_author_cell_type_X_umap_9b5568.csv,s3://lifebit-user-data-6941eed90a4dd7a1d1026d7a/deploit/teams/69d8dd1e5d3e1f8c350e006f/users/68af3d99c99eb7bd2ff47bc8/projects/69f80768ca774c668fbaaed8/jobs/6a22c6b00859d97fbe7b6205/results/markers_symbols_heart_plus_pericardium_Zhao_Cell_Genomics_2025_author_cell_type_X_umap_9b5568.csv
master_dataset_summary_heart_plus_pericardium_Eraslan_Science_2022_Broad_cell_type_X_umap_f44b0f.csv,s3://lifebit-user-data-6941eed90a4dd7a1d1026d7a/deploit/teams/69d8dd1e5d3e1f8c350e006f/users/68af3d99c99eb7bd2ff47bc8/projects/69f80768ca774c668fbaaed8/jobs/6a22c6b00859d97fbe7b6205/results/master_dataset_summary_heart_plus_pericardium_Eraslan_Science_2022_Broad_cell_type_X_umap_f44b0f.csv
master_dataset_summary_heart_plus_pericardium_Han_Nature_2020_author_cell_type_X_umap_5c7ea7.csv,s3://lifebit-user-data-6941eed90a4dd7a1d1026d7a/deploit/teams/69d8dd1e5d3e1f8c350e006f/users/68af3d99c99eb7bd2ff47bc8/projects/69f80768ca774c668fbaaed8/jobs/6a22c6b00859d97fbe7b6205/results/master_dataset_summary_heart_plus_pericardium_Han_Nature_2020_author_cell_type_X_umap_5c7ea7.csv
master_dataset_summary_heart_plus_pericardium_Hulsmans_Science_2023_celltype_X_umap_626931.csv,s3://lifebit-user-data-6941eed90a4dd7a1d1026d7a/deploit/teams/69d8dd1e5d3e1f8c350e006f/users/68af3d99c99eb7bd2ff47bc8/projects/69f80768ca774c668fbaaed8/jobs/6a22c6b00859d97fbe7b6205/results/master_dataset_summary_heart_plus_pericardium_Hulsmans_Science_2023_celltype_X_umap_626931.csv
master_dataset_summary_heart_plus_pericardium_Litvinukova_Nature_2020_cell_type_X_umap_2fcb9b.csv,s3://lifebit-user-data-6941eed90a4dd7a1d1026d7a/deploit/teams/69d8dd1e5d3e1f8c350e006f/users/68af3d99c99eb7bd2ff47bc8/projects/69f80768ca774c668fbaaed8/jobs/6a22c6b00859d97fbe7b6205/results/master_dataset_summary_heart_plus_pericardium_Litvinukova_Nature_2020_cell_type_X_umap_2fcb9b.csv
master_dataset_summary_heart_plus_pericardium_Maatz_Nat_Cardiovasc_Res_2025_author_cell_type_X_umap_b6d046.csv,s3://lifebit-user-data-6941eed90a4dd7a1d1026d7a/deploit/teams/69d8dd1e5d3e1f8c350e006f/users/68af3d99c99eb7bd2ff47bc8/projects/69f80768ca774c668fbaaed8/jobs/6a22c6b00859d97fbe7b6205/results/master_dataset_summary_heart_plus_pericardium_Maatz_Nat_Cardiovasc_Res_2025_author_cell_type_X_umap_b6d046.csv
master_dataset_summary_heart_plus_pericardium_Selewa_Nat_Commun_2023_author_cell_type_X_umap_a8bcce.csv,s3://lifebit-user-data-6941eed90a4dd7a1d1026d7a/deploit/teams/69d8dd1e5d3e1f8c350e006f/users/68af3d99c99eb7bd2ff47bc8/projects/69f80768ca774c668fbaaed8/jobs/6a22c6b00859d97fbe7b6205/results/master_dataset_summary_heart_plus_pericardium_Selewa_Nat_Commun_2023_author_cell_type_X_umap_a8bcce.csv
master_dataset_summary_heart_plus_pericardium_Sim_Circulation_2021_cell_type_X_umap_d94be2.csv,s3://lifebit-user-data-6941eed90a4dd7a1d1026d7a/deploit/teams/69d8dd1e5d3e1f8c350e006f/users/68af3d99c99eb7bd2ff47bc8/projects/69f80768ca774c668fbaaed8/jobs/6a22c6b00859d97fbe7b6205/results/master_dataset_summary_heart_plus_pericardium_Sim_Circulation_2021_cell_type_X_umap_d94be2.csv
master_dataset_summary_heart_plus_pericardium_Xu_Cell_2023_Curated_annotation_X_umap_7d4811.csv,s3://lifebit-user-data-6941eed90a4dd7a1d1026d7a/deploit/teams/69d8dd1e5d3e1f8c350e006f/users/68af3d99c99eb7bd2ff47bc8/projects/69f80768ca774c668fbaaed8/jobs/6a22c6b00859d97fbe7b6205/results/master_dataset_summary_heart_plus_pericardium_Xu_Cell_2023_Curated_annotation_X_umap_7d4811.csv
master_dataset_summary_heart_plus_pericardium_Zhao_Cell_Genomics_2025_author_cell_type_X_umap_9b5568.csv,s3://lifebit-user-data-6941eed90a4dd7a1d1026d7a/deploit/teams/69d8dd1e5d3e1f8c350e006f/users/68af3d99c99eb7bd2ff47bc8/projects/69f80768ca774c668fbaaed8/jobs/6a22c6b00859d97fbe7b6205/results/master_dataset_summary_heart_plus_pericardium_Zhao_Cell_Genomics_2025_author_cell_type_X_umap_9b5568.csv
matrixplot__scaledheart_plus_pericardium_Eraslan_Science_2022_Broad_cell_type_X_umap_f44b0f.svg,s3://lifebit-user-data-6941eed90a4dd7a1d1026d7a/deploit/teams/69d8dd1e5d3e1f8c350e006f/users/68af3d99c99eb7bd2ff47bc8/projects/69f80768ca774c668fbaaed8/jobs/6a22c6b00859d97fbe7b6205/results/matrixplot__scaledheart_plus_pericardium_Eraslan_Science_2022_Broad_cell_type_X_umap_f44b0f.svg
matrixplot__scaledheart_plus_pericardium_Han_Nature_2020_author_cell_type_X_umap_5c7ea7.svg,s3://lifebit-user-data-6941eed90a4dd7a1d1026d7a/deploit/teams/69d8dd1e5d3e1f8c350e006f/users/68af3d99c99eb7bd2ff47bc8/projects/69f80768ca774c668fbaaed8/jobs/6a22c6b00859d97fbe7b6205/results/matrixplot__scaledheart_plus_pericardium_Han_Nature_2020_author_cell_type_X_umap_5c7ea7.svg
matrixplot__scaledheart_plus_pericardium_Hulsmans_Science_2023_celltype_X_umap_626931.svg,s3://lifebit-user-data-6941eed90a4dd7a1d1026d7a/deploit/teams/69d8dd1e5d3e1f8c350e006f/users/68af3d99c99eb7bd2ff47bc8/projects/69f80768ca774c668fbaaed8/jobs/6a22c6b00859d97fbe7b6205/results/matrixplot__scaledheart_plus_pericardium_Hulsmans_Science_2023_celltype_X_umap_626931.svg
matrixplot__scaledheart_plus_pericardium_Litvinukova_Nature_2020_cell_type_X_umap_2fcb9b.svg,s3://lifebit-user-data-6941eed90a4dd7a1d1026d7a/deploit/teams/69d8dd1e5d3e1f8c350e006f/users/68af3d99c99eb7bd2ff47bc8/projects/69f80768ca774c668fbaaed8/jobs/6a22c6b00859d97fbe7b6205/results/matrixplot__scaledheart_plus_pericardium_Litvinukova_Nature_2020_cell_type_X_umap_2fcb9b.svg
matrixplot__scaledheart_plus_pericardium_Maatz_Nat_Cardiovasc_Res_2025_author_cell_type_X_umap_b6d046.svg,s3://lifebit-user-data-6941eed90a4dd7a1d1026d7a/deploit/teams/69d8dd1e5d3e1f8c350e006f/users/68af3d99c99eb7bd2ff47bc8/projects/69f80768ca774c668fbaaed8/jobs/6a22c6b00859d97fbe7b6205/results/matrixplot__scaledheart_plus_pericardium_Maatz_Nat_Cardiovasc_Res_2025_author_cell_type_X_umap_b6d046.svg
matrixplot__scaledheart_plus_pericardium_Selewa_Nat_Commun_2023_author_cell_type_X_umap_a8bcce.svg,s3://lifebit-user-data-6941eed90a4dd7a1d1026d7a/deploit/teams/69d8dd1e5d3e1f8c350e006f/users/68af3d99c99eb7bd2ff47bc8/projects/69f80768ca774c668fbaaed8/jobs/6a22c6b00859d97fbe7b6205/results/matrixplot__scaledheart_plus_pericardium_Selewa_Nat_Commun_2023_author_cell_type_X_umap_a8bcce.svg
matrixplot__scaledheart_plus_pericardium_Sim_Circulation_2021_cell_type_X_umap_d94be2.svg,s3://lifebit-user-data-6941eed90a4dd7a1d1026d7a/deploit/teams/69d8dd1e5d3e1f8c350e006f/users/68af3d99c99eb7bd2ff47bc8/projects/69f80768ca774c668fbaaed8/jobs/6a22c6b00859d97fbe7b6205/results/matrixplot__scaledheart_plus_pericardium_Sim_Circulation_2021_cell_type_X_umap_d94be2.svg
matrixplot__scaledheart_plus_pericardium_Xu_Cell_2023_Curated_annotation_X_umap_7d4811.svg,s3://lifebit-user-data-6941eed90a4dd7a1d1026d7a/deploit/teams/69d8dd1e5d3e1f8c350e006f/users/68af3d99c99eb7bd2ff47bc8/projects/69f80768ca774c668fbaaed8/jobs/6a22c6b00859d97fbe7b6205/results/matrixplot__scaledheart_plus_pericardium_Xu_Cell_2023_Curated_annotation_X_umap_7d4811.svg
matrixplot__scaledheart_plus_pericardium_Zhao_Cell_Genomics_2025_author_cell_type_X_umap_9b5568.svg,s3://lifebit-user-data-6941eed90a4dd7a1d1026d7a/deploit/teams/69d8dd1e5d3e1f8c350e006f/users/68af3d99c99eb7bd2ff47bc8/projects/69f80768ca774c668fbaaed8/jobs/6a22c6b00859d97fbe7b6205/results/matrixplot__scaledheart_plus_pericardium_Zhao_Cell_Genomics_2025_author_cell_type_X_umap_9b5568.svg
matrixplot_heart_plus_pericardium_Eraslan_Science_2022_Broad_cell_type_X_umap_f44b0f.svg,s3://lifebit-user-data-6941eed90a4dd7a1d1026d7a/deploit/teams/69d8dd1e5d3e1f8c350e006f/users/68af3d99c99eb7bd2ff47bc8/projects/69f80768ca774c668fbaaed8/jobs/6a22c6b00859d97fbe7b6205/results/matrixplot_heart_plus_pericardium_Eraslan_Science_2022_Broad_cell_type_X_umap_f44b0f.svg
matrixplot_heart_plus_pericardium_Han_Nature_2020_author_cell_type_X_umap_5c7ea7.svg,s3://lifebit-user-data-6941eed90a4dd7a1d1026d7a/deploit/teams/69d8dd1e5d3e1f8c350e006f/users/68af3d99c99eb7bd2ff47bc8/projects/69f80768ca774c668fbaaed8/jobs/6a22c6b00859d97fbe7b6205/results/matrixplot_heart_plus_pericardium_Han_Nature_2020_author_cell_type_X_umap_5c7ea7.svg
matrixplot_heart_plus_pericardium_Hulsmans_Science_2023_celltype_X_umap_626931.svg,s3://lifebit-user-data-6941eed90a4dd7a1d1026d7a/deploit/teams/69d8dd1e5d3e1f8c350e006f/users/68af3d99c99eb7bd2ff47bc8/projects/69f80768ca774c668fbaaed8/jobs/6a22c6b00859d97fbe7b6205/results/matrixplot_heart_plus_pericardium_Hulsmans_Science_2023_celltype_X_umap_626931.svg
matrixplot_heart_plus_pericardium_Litvinukova_Nature_2020_cell_type_X_umap_2fcb9b.svg,s3://lifebit-user-data-6941eed90a4dd7a1d1026d7a/deploit/teams/69d8dd1e5d3e1f8c350e006f/users/68af3d99c99eb7bd2ff47bc8/projects/69f80768ca774c668fbaaed8/jobs/6a22c6b00859d97fbe7b6205/results/matrixplot_heart_plus_pericardium_Litvinukova_Nature_2020_cell_type_X_umap_2fcb9b.svg
matrixplot_heart_plus_pericardium_Maatz_Nat_Cardiovasc_Res_2025_author_cell_type_X_umap_b6d046.svg,s3://lifebit-user-data-6941eed90a4dd7a1d1026d7a/deploit/teams/69d8dd1e5d3e1f8c350e006f/users/68af3d99c99eb7bd2ff47bc8/projects/69f80768ca774c668fbaaed8/jobs/6a22c6b00859d97fbe7b6205/results/matrixplot_heart_plus_pericardium_Maatz_Nat_Cardiovasc_Res_2025_author_cell_type_X_umap_b6d046.svg
matrixplot_heart_plus_pericardium_Selewa_Nat_Commun_2023_author_cell_type_X_umap_a8bcce.svg,s3://lifebit-user-data-6941eed90a4dd7a1d1026d7a/deploit/teams/69d8dd1e5d3e1f8c350e006f/users/68af3d99c99eb7bd2ff47bc8/projects/69f80768ca774c668fbaaed8/jobs/6a22c6b00859d97fbe7b6205/results/matrixplot_heart_plus_pericardium_Selewa_Nat_Commun_2023_author_cell_type_X_umap_a8bcce.svg
matrixplot_heart_plus_pericardium_Sim_Circulation_2021_cell_type_X_umap_d94be2.svg,s3://lifebit-user-data-6941eed90a4dd7a1d1026d7a/deploit/teams/69d8dd1e5d3e1f8c350e006f/users/68af3d99c99eb7bd2ff47bc8/projects/69f80768ca774c668fbaaed8/jobs/6a22c6b00859d97fbe7b6205/results/matrixplot_heart_plus_pericardium_Sim_Circulation_2021_cell_type_X_umap_d94be2.svg
matrixplot_heart_plus_pericardium_Xu_Cell_2023_Curated_annotation_X_umap_7d4811.svg,s3://lifebit-user-data-6941eed90a4dd7a1d1026d7a/deploit/teams/69d8dd1e5d3e1f8c350e006f/users/68af3d99c99eb7bd2ff47bc8/projects/69f80768ca774c668fbaaed8/jobs/6a22c6b00859d97fbe7b6205/results/matrixplot_heart_plus_pericardium_Xu_Cell_2023_Curated_annotation_X_umap_7d4811.svg
matrixplot_heart_plus_pericardium_Zhao_Cell_Genomics_2025_author_cell_type_X_umap_9b5568.svg,s3://lifebit-user-data-6941eed90a4dd7a1d1026d7a/deploit/teams/69d8dd1e5d3e1f8c350e006f/users/68af3d99c99eb7bd2ff47bc8/projects/69f80768ca774c668fbaaed8/jobs/6a22c6b00859d97fbe7b6205/results/matrixplot_heart_plus_pericardium_Zhao_Cell_Genomics_2025_author_cell_type_X_umap_9b5568.svg
medians_ensg_heart_plus_pericardium_Eraslan_Science_2022_Broad_cell_type_X_umap_f44b0f.csv,s3://lifebit-user-data-6941eed90a4dd7a1d1026d7a/deploit/teams/69d8dd1e5d3e1f8c350e006f/users/68af3d99c99eb7bd2ff47bc8/projects/69f80768ca774c668fbaaed8/jobs/6a22c6b00859d97fbe7b6205/results/medians_ensg_heart_plus_pericardium_Eraslan_Science_2022_Broad_cell_type_X_umap_f44b0f.csv
medians_ensg_heart_plus_pericardium_Eraslan_Science_2022_Broad_cell_type_X_umap_f44b0f.pkl,s3://lifebit-user-data-6941eed90a4dd7a1d1026d7a/deploit/teams/69d8dd1e5d3e1f8c350e006f/users/68af3d99c99eb7bd2ff47bc8/projects/69f80768ca774c668fbaaed8/jobs/6a22c6b00859d97fbe7b6205/results/medians_ensg_heart_plus_pericardium_Eraslan_Science_2022_Broad_cell_type_X_umap_f44b0f.pkl
medians_ensg_heart_plus_pericardium_Han_Nature_2020_author_cell_type_X_umap_5c7ea7.csv,s3://lifebit-user-data-6941eed90a4dd7a1d1026d7a/deploit/teams/69d8dd1e5d3e1f8c350e006f/users/68af3d99c99eb7bd2ff47bc8/projects/69f80768ca774c668fbaaed8/jobs/6a22c6b00859d97fbe7b6205/results/medians_ensg_heart_plus_pericardium_Han_Nature_2020_author_cell_type_X_umap_5c7ea7.csv
medians_ensg_heart_plus_pericardium_Han_Nature_2020_author_cell_type_X_umap_5c7ea7.pkl,s3://lifebit-user-data-6941eed90a4dd7a1d1026d7a/deploit/teams/69d8dd1e5d3e1f8c350e006f/users/68af3d99c99eb7bd2ff47bc8/projects/69f80768ca774c668fbaaed8/jobs/6a22c6b00859d97fbe7b6205/results/medians_ensg_heart_plus_pericardium_Han_Nature_2020_author_cell_type_X_umap_5c7ea7.pkl
medians_ensg_heart_plus_pericardium_Hulsmans_Science_2023_celltype_X_umap_626931.csv,s3://lifebit-user-data-6941eed90a4dd7a1d1026d7a/deploit/teams/69d8dd1e5d3e1f8c350e006f/users/68af3d99c99eb7bd2ff47bc8/projects/69f80768ca774c668fbaaed8/jobs/6a22c6b00859d97fbe7b6205/results/medians_ensg_heart_plus_pericardium_Hulsmans_Science_2023_celltype_X_umap_626931.csv
medians_ensg_heart_plus_pericardium_Hulsmans_Science_2023_celltype_X_umap_626931.pkl,s3://lifebit-user-data-6941eed90a4dd7a1d1026d7a/deploit/teams/69d8dd1e5d3e1f8c350e006f/users/68af3d99c99eb7bd2ff47bc8/projects/69f80768ca774c668fbaaed8/jobs/6a22c6b00859d97fbe7b6205/results/medians_ensg_heart_plus_pericardium_Hulsmans_Science_2023_celltype_X_umap_626931.pkl
medians_ensg_heart_plus_pericardium_Litvinukova_Nature_2020_cell_type_X_umap_2fcb9b.csv,s3://lifebit-user-data-6941eed90a4dd7a1d1026d7a/deploit/teams/69d8dd1e5d3e1f8c350e006f/users/68af3d99c99eb7bd2ff47bc8/projects/69f80768ca774c668fbaaed8/jobs/6a22c6b00859d97fbe7b6205/results/medians_ensg_heart_plus_pericardium_Litvinukova_Nature_2020_cell_type_X_umap_2fcb9b.csv
medians_ensg_heart_plus_pericardium_Litvinukova_Nature_2020_cell_type_X_umap_2fcb9b.pkl,s3://lifebit-user-data-6941eed90a4dd7a1d1026d7a/deploit/teams/69d8dd1e5d3e1f8c350e006f/users/68af3d99c99eb7bd2ff47bc8/projects/69f80768ca774c668fbaaed8/jobs/6a22c6b00859d97fbe7b6205/results/medians_ensg_heart_plus_pericardium_Litvinukova_Nature_2020_cell_type_X_umap_2fcb9b.pkl
medians_ensg_heart_plus_pericardium_Maatz_Nat_Cardiovasc_Res_2025_author_cell_type_X_umap_b6d046.csv,s3://lifebit-user-data-6941eed90a4dd7a1d1026d7a/deploit/teams/69d8dd1e5d3e1f8c350e006f/users/68af3d99c99eb7bd2ff47bc8/projects/69f80768ca774c668fbaaed8/jobs/6a22c6b00859d97fbe7b6205/results/medians_ensg_heart_plus_pericardium_Maatz_Nat_Cardiovasc_Res_2025_author_cell_type_X_umap_b6d046.csv
medians_ensg_heart_plus_pericardium_Maatz_Nat_Cardiovasc_Res_2025_author_cell_type_X_umap_b6d046.pkl,s3://lifebit-user-data-6941eed90a4dd7a1d1026d7a/deploit/teams/69d8dd1e5d3e1f8c350e006f/users/68af3d99c99eb7bd2ff47bc8/projects/69f80768ca774c668fbaaed8/jobs/6a22c6b00859d97fbe7b6205/results/medians_ensg_heart_plus_pericardium_Maatz_Nat_Cardiovasc_Res_2025_author_cell_type_X_umap_b6d046.pkl
medians_ensg_heart_plus_pericardium_Selewa_Nat_Commun_2023_author_cell_type_X_umap_a8bcce.csv,s3://lifebit-user-data-6941eed90a4dd7a1d1026d7a/deploit/teams/69d8dd1e5d3e1f8c350e006f/users/68af3d99c99eb7bd2ff47bc8/projects/69f80768ca774c668fbaaed8/jobs/6a22c6b00859d97fbe7b6205/results/medians_ensg_heart_plus_pericardium_Selewa_Nat_Commun_2023_author_cell_type_X_umap_a8bcce.csv
medians_ensg_heart_plus_pericardium_Selewa_Nat_Commun_2023_author_cell_type_X_umap_a8bcce.pkl,s3://lifebit-user-data-6941eed90a4dd7a1d1026d7a/deploit/teams/69d8dd1e5d3e1f8c350e006f/users/68af3d99c99eb7bd2ff47bc8/projects/69f80768ca774c668fbaaed8/jobs/6a22c6b00859d97fbe7b6205/results/medians_ensg_heart_plus_pericardium_Selewa_Nat_Commun_2023_author_cell_type_X_umap_a8bcce.pkl
medians_ensg_heart_plus_pericardium_Sim_Circulation_2021_cell_type_X_umap_d94be2.csv,s3://lifebit-user-data-6941eed90a4dd7a1d1026d7a/deploit/teams/69d8dd1e5d3e1f8c350e006f/users/68af3d99c99eb7bd2ff47bc8/projects/69f80768ca774c668fbaaed8/jobs/6a22c6b00859d97fbe7b6205/results/medians_ensg_heart_plus_pericardium_Sim_Circulation_2021_cell_type_X_umap_d94be2.csv
medians_ensg_heart_plus_pericardium_Sim_Circulation_2021_cell_type_X_umap_d94be2.pkl,s3://lifebit-user-data-6941eed90a4dd7a1d1026d7a/deploit/teams/69d8dd1e5d3e1f8c350e006f/users/68af3d99c99eb7bd2ff47bc8/projects/69f80768ca774c668fbaaed8/jobs/6a22c6b00859d97fbe7b6205/results/medians_ensg_heart_plus_pericardium_Sim_Circulation_2021_cell_type_X_umap_d94be2.pkl
medians_ensg_heart_plus_pericardium_Xu_Cell_2023_Curated_annotation_X_umap_7d4811.csv,s3://lifebit-user-data-6941eed90a4dd7a1d1026d7a/deploit/teams/69d8dd1e5d3e1f8c350e006f/users/68af3d99c99eb7bd2ff47bc8/projects/69f80768ca774c668fbaaed8/jobs/6a22c6b00859d97fbe7b6205/results/medians_ensg_heart_plus_pericardium_Xu_Cell_2023_Curated_annotation_X_umap_7d4811.csv
medians_ensg_heart_plus_pericardium_Xu_Cell_2023_Curated_annotation_X_umap_7d4811.pkl,s3://lifebit-user-data-6941eed90a4dd7a1d1026d7a/deploit/teams/69d8dd1e5d3e1f8c350e006f/users/68af3d99c99eb7bd2ff47bc8/projects/69f80768ca774c668fbaaed8/jobs/6a22c6b00859d97fbe7b6205/results/medians_ensg_heart_plus_pericardium_Xu_Cell_2023_Curated_annotation_X_umap_7d4811.pkl
medians_ensg_heart_plus_pericardium_Zhao_Cell_Genomics_2025_author_cell_type_X_umap_9b5568.csv,s3://lifebit-user-data-6941eed90a4dd7a1d1026d7a/deploit/teams/69d8dd1e5d3e1f8c350e006f/users/68af3d99c99eb7bd2ff47bc8/projects/69f80768ca774c668fbaaed8/jobs/6a22c6b00859d97fbe7b6205/results/medians_ensg_heart_plus_pericardium_Zhao_Cell_Genomics_2025_author_cell_type_X_umap_9b5568.csv
medians_ensg_heart_plus_pericardium_Zhao_Cell_Genomics_2025_author_cell_type_X_umap_9b5568.pkl,s3://lifebit-user-data-6941eed90a4dd7a1d1026d7a/deploit/teams/69d8dd1e5d3e1f8c350e006f/users/68af3d99c99eb7bd2ff47bc8/projects/69f80768ca774c668fbaaed8/jobs/6a22c6b00859d97fbe7b6205/results/medians_ensg_heart_plus_pericardium_Zhao_Cell_Genomics_2025_author_cell_type_X_umap_9b5568.pkl
medians_symbols_heart_plus_pericardium_Eraslan_Science_2022_Broad_cell_type_X_umap_f44b0f.csv,s3://lifebit-user-data-6941eed90a4dd7a1d1026d7a/deploit/teams/69d8dd1e5d3e1f8c350e006f/users/68af3d99c99eb7bd2ff47bc8/projects/69f80768ca774c668fbaaed8/jobs/6a22c6b00859d97fbe7b6205/results/medians_symbols_heart_plus_pericardium_Eraslan_Science_2022_Broad_cell_type_X_umap_f44b0f.csv
medians_symbols_heart_plus_pericardium_Eraslan_Science_2022_Broad_cell_type_X_umap_f44b0f.pkl,s3://lifebit-user-data-6941eed90a4dd7a1d1026d7a/deploit/teams/69d8dd1e5d3e1f8c350e006f/users/68af3d99c99eb7bd2ff47bc8/projects/69f80768ca774c668fbaaed8/jobs/6a22c6b00859d97fbe7b6205/results/medians_symbols_heart_plus_pericardium_Eraslan_Science_2022_Broad_cell_type_X_umap_f44b0f.pkl
medians_symbols_heart_plus_pericardium_Han_Nature_2020_author_cell_type_X_umap_5c7ea7.csv,s3://lifebit-user-data-6941eed90a4dd7a1d1026d7a/deploit/teams/69d8dd1e5d3e1f8c350e006f/users/68af3d99c99eb7bd2ff47bc8/projects/69f80768ca774c668fbaaed8/jobs/6a22c6b00859d97fbe7b6205/results/medians_symbols_heart_plus_pericardium_Han_Nature_2020_author_cell_type_X_umap_5c7ea7.csv
medians_symbols_heart_plus_pericardium_Han_Nature_2020_author_cell_type_X_umap_5c7ea7.pkl,s3://lifebit-user-data-6941eed90a4dd7a1d1026d7a/deploit/teams/69d8dd1e5d3e1f8c350e006f/users/68af3d99c99eb7bd2ff47bc8/projects/69f80768ca774c668fbaaed8/jobs/6a22c6b00859d97fbe7b6205/results/medians_symbols_heart_plus_pericardium_Han_Nature_2020_author_cell_type_X_umap_5c7ea7.pkl
medians_symbols_heart_plus_pericardium_Hulsmans_Science_2023_celltype_X_umap_626931.csv,s3://lifebit-user-data-6941eed90a4dd7a1d1026d7a/deploit/teams/69d8dd1e5d3e1f8c350e006f/users/68af3d99c99eb7bd2ff47bc8/projects/69f80768ca774c668fbaaed8/jobs/6a22c6b00859d97fbe7b6205/results/medians_symbols_heart_plus_pericardium_Hulsmans_Science_2023_celltype_X_umap_626931.csv
medians_symbols_heart_plus_pericardium_Hulsmans_Science_2023_celltype_X_umap_626931.pkl,s3://lifebit-user-data-6941eed90a4dd7a1d1026d7a/deploit/teams/69d8dd1e5d3e1f8c350e006f/users/68af3d99c99eb7bd2ff47bc8/projects/69f80768ca774c668fbaaed8/jobs/6a22c6b00859d97fbe7b6205/results/medians_symbols_heart_plus_pericardium_Hulsmans_Science_2023_celltype_X_umap_626931.pkl
medians_symbols_heart_plus_pericardium_Litvinukova_Nature_2020_cell_type_X_umap_2fcb9b.csv,s3://lifebit-user-data-6941eed90a4dd7a1d1026d7a/deploit/teams/69d8dd1e5d3e1f8c350e006f/users/68af3d99c99eb7bd2ff47bc8/projects/69f80768ca774c668fbaaed8/jobs/6a22c6b00859d97fbe7b6205/results/medians_symbols_heart_plus_pericardium_Litvinukova_Nature_2020_cell_type_X_umap_2fcb9b.csv
medians_symbols_heart_plus_pericardium_Litvinukova_Nature_2020_cell_type_X_umap_2fcb9b.pkl,s3://lifebit-user-data-6941eed90a4dd7a1d1026d7a/deploit/teams/69d8dd1e5d3e1f8c350e006f/users/68af3d99c99eb7bd2ff47bc8/projects/69f80768ca774c668fbaaed8/jobs/6a22c6b00859d97fbe7b6205/results/medians_symbols_heart_plus_pericardium_Litvinukova_Nature_2020_cell_type_X_umap_2fcb9b.pkl
medians_symbols_heart_plus_pericardium_Maatz_Nat_Cardiovasc_Res_2025_author_cell_type_X_umap_b6d046.csv,s3://lifebit-user-data-6941eed90a4dd7a1d1026d7a/deploit/teams/69d8dd1e5d3e1f8c350e006f/users/68af3d99c99eb7bd2ff47bc8/projects/69f80768ca774c668fbaaed8/jobs/6a22c6b00859d97fbe7b6205/results/medians_symbols_heart_plus_pericardium_Maatz_Nat_Cardiovasc_Res_2025_author_cell_type_X_umap_b6d046.csv
medians_symbols_heart_plus_pericardium_Maatz_Nat_Cardiovasc_Res_2025_author_cell_type_X_umap_b6d046.pkl,s3://lifebit-user-data-6941eed90a4dd7a1d1026d7a/deploit/teams/69d8dd1e5d3e1f8c350e006f/users/68af3d99c99eb7bd2ff47bc8/projects/69f80768ca774c668fbaaed8/jobs/6a22c6b00859d97fbe7b6205/results/medians_symbols_heart_plus_pericardium_Maatz_Nat_Cardiovasc_Res_2025_author_cell_type_X_umap_b6d046.pkl
medians_symbols_heart_plus_pericardium_Selewa_Nat_Commun_2023_author_cell_type_X_umap_a8bcce.csv,s3://lifebit-user-data-6941eed90a4dd7a1d1026d7a/deploit/teams/69d8dd1e5d3e1f8c350e006f/users/68af3d99c99eb7bd2ff47bc8/projects/69f80768ca774c668fbaaed8/jobs/6a22c6b00859d97fbe7b6205/results/medians_symbols_heart_plus_pericardium_Selewa_Nat_Commun_2023_author_cell_type_X_umap_a8bcce.csv
medians_symbols_heart_plus_pericardium_Selewa_Nat_Commun_2023_author_cell_type_X_umap_a8bcce.pkl,s3://lifebit-user-data-6941eed90a4dd7a1d1026d7a/deploit/teams/69d8dd1e5d3e1f8c350e006f/users/68af3d99c99eb7bd2ff47bc8/projects/69f80768ca774c668fbaaed8/jobs/6a22c6b00859d97fbe7b6205/results/medians_symbols_heart_plus_pericardium_Selewa_Nat_Commun_2023_author_cell_type_X_umap_a8bcce.pkl
medians_symbols_heart_plus_pericardium_Sim_Circulation_2021_cell_type_X_umap_d94be2.csv,s3://lifebit-user-data-6941eed90a4dd7a1d1026d7a/deploit/teams/69d8dd1e5d3e1f8c350e006f/users/68af3d99c99eb7bd2ff47bc8/projects/69f80768ca774c668fbaaed8/jobs/6a22c6b00859d97fbe7b6205/results/medians_symbols_heart_plus_pericardium_Sim_Circulation_2021_cell_type_X_umap_d94be2.csv
medians_symbols_heart_plus_pericardium_Sim_Circulation_2021_cell_type_X_umap_d94be2.pkl,s3://lifebit-user-data-6941eed90a4dd7a1d1026d7a/deploit/teams/69d8dd1e5d3e1f8c350e006f/users/68af3d99c99eb7bd2ff47bc8/projects/69f80768ca774c668fbaaed8/jobs/6a22c6b00859d97fbe7b6205/results/medians_symbols_heart_plus_pericardium_Sim_Circulation_2021_cell_type_X_umap_d94be2.pkl
medians_symbols_heart_plus_pericardium_Xu_Cell_2023_Curated_annotation_X_umap_7d4811.csv,s3://lifebit-user-data-6941eed90a4dd7a1d1026d7a/deploit/teams/69d8dd1e5d3e1f8c350e006f/users/68af3d99c99eb7bd2ff47bc8/projects/69f80768ca774c668fbaaed8/jobs/6a22c6b00859d97fbe7b6205/results/medians_symbols_heart_plus_pericardium_Xu_Cell_2023_Curated_annotation_X_umap_7d4811.csv
medians_symbols_heart_plus_pericardium_Xu_Cell_2023_Curated_annotation_X_umap_7d4811.pkl,s3://lifebit-user-data-6941eed90a4dd7a1d1026d7a/deploit/teams/69d8dd1e5d3e1f8c350e006f/users/68af3d99c99eb7bd2ff47bc8/projects/69f80768ca774c668fbaaed8/jobs/6a22c6b00859d97fbe7b6205/results/medians_symbols_heart_plus_pericardium_Xu_Cell_2023_Curated_annotation_X_umap_7d4811.pkl
medians_symbols_heart_plus_pericardium_Zhao_Cell_Genomics_2025_author_cell_type_X_umap_9b5568.csv,s3://lifebit-user-data-6941eed90a4dd7a1d1026d7a/deploit/teams/69d8dd1e5d3e1f8c350e006f/users/68af3d99c99eb7bd2ff47bc8/projects/69f80768ca774c668fbaaed8/jobs/6a22c6b00859d97fbe7b6205/results/medians_symbols_heart_plus_pericardium_Zhao_Cell_Genomics_2025_author_cell_type_X_umap_9b5568.csv
medians_symbols_heart_plus_pericardium_Zhao_Cell_Genomics_2025_author_cell_type_X_umap_9b5568.pkl,s3://lifebit-user-data-6941eed90a4dd7a1d1026d7a/deploit/teams/69d8dd1e5d3e1f8c350e006f/users/68af3d99c99eb7bd2ff47bc8/projects/69f80768ca774c668fbaaed8/jobs/6a22c6b00859d97fbe7b6205/results/medians_symbols_heart_plus_pericardium_Zhao_Cell_Genomics_2025_author_cell_type_X_umap_9b5568.pkl
results_ensg_heart_plus_pericardium_Eraslan_Science_2022_Broad_cell_type_X_umap_f44b0f.csv,s3://lifebit-user-data-6941eed90a4dd7a1d1026d7a/deploit/teams/69d8dd1e5d3e1f8c350e006f/users/68af3d99c99eb7bd2ff47bc8/projects/69f80768ca774c668fbaaed8/jobs/6a22c6b00859d97fbe7b6205/results/results_ensg_heart_plus_pericardium_Eraslan_Science_2022_Broad_cell_type_X_umap_f44b0f.csv
results_ensg_heart_plus_pericardium_Eraslan_Science_2022_Broad_cell_type_X_umap_f44b0f.pkl,s3://lifebit-user-data-6941eed90a4dd7a1d1026d7a/deploit/teams/69d8dd1e5d3e1f8c350e006f/users/68af3d99c99eb7bd2ff47bc8/projects/69f80768ca774c668fbaaed8/jobs/6a22c6b00859d97fbe7b6205/results/results_ensg_heart_plus_pericardium_Eraslan_Science_2022_Broad_cell_type_X_umap_f44b0f.pkl
results_ensg_heart_plus_pericardium_Han_Nature_2020_author_cell_type_X_umap_5c7ea7.csv,s3://lifebit-user-data-6941eed90a4dd7a1d1026d7a/deploit/teams/69d8dd1e5d3e1f8c350e006f/users/68af3d99c99eb7bd2ff47bc8/projects/69f80768ca774c668fbaaed8/jobs/6a22c6b00859d97fbe7b6205/results/results_ensg_heart_plus_pericardium_Han_Nature_2020_author_cell_type_X_umap_5c7ea7.csv
results_ensg_heart_plus_pericardium_Han_Nature_2020_author_cell_type_X_umap_5c7ea7.pkl,s3://lifebit-user-data-6941eed90a4dd7a1d1026d7a/deploit/teams/69d8dd1e5d3e1f8c350e006f/users/68af3d99c99eb7bd2ff47bc8/projects/69f80768ca774c668fbaaed8/jobs/6a22c6b00859d97fbe7b6205/results/results_ensg_heart_plus_pericardium_Han_Nature_2020_author_cell_type_X_umap_5c7ea7.pkl
results_ensg_heart_plus_pericardium_Hulsmans_Science_2023_celltype_X_umap_626931.csv,s3://lifebit-user-data-6941eed90a4dd7a1d1026d7a/deploit/teams/69d8dd1e5d3e1f8c350e006f/users/68af3d99c99eb7bd2ff47bc8/projects/69f80768ca774c668fbaaed8/jobs/6a22c6b00859d97fbe7b6205/results/results_ensg_heart_plus_pericardium_Hulsmans_Science_2023_celltype_X_umap_626931.csv
results_ensg_heart_plus_pericardium_Hulsmans_Science_2023_celltype_X_umap_626931.pkl,s3://lifebit-user-data-6941eed90a4dd7a1d1026d7a/deploit/teams/69d8dd1e5d3e1f8c350e006f/users/68af3d99c99eb7bd2ff47bc8/projects/69f80768ca774c668fbaaed8/jobs/6a22c6b00859d97fbe7b6205/results/results_ensg_heart_plus_pericardium_Hulsmans_Science_2023_celltype_X_umap_626931.pkl
results_ensg_heart_plus_pericardium_Litvinukova_Nature_2020_cell_type_X_umap_2fcb9b.csv,s3://lifebit-user-data-6941eed90a4dd7a1d1026d7a/deploit/teams/69d8dd1e5d3e1f8c350e006f/users/68af3d99c99eb7bd2ff47bc8/projects/69f80768ca774c668fbaaed8/jobs/6a22c6b00859d97fbe7b6205/results/results_ensg_heart_plus_pericardium_Litvinukova_Nature_2020_cell_type_X_umap_2fcb9b.csv
results_ensg_heart_plus_pericardium_Litvinukova_Nature_2020_cell_type_X_umap_2fcb9b.pkl,s3://lifebit-user-data-6941eed90a4dd7a1d1026d7a/deploit/teams/69d8dd1e5d3e1f8c350e006f/users/68af3d99c99eb7bd2ff47bc8/projects/69f80768ca774c668fbaaed8/jobs/6a22c6b00859d97fbe7b6205/results/results_ensg_heart_plus_pericardium_Litvinukova_Nature_2020_cell_type_X_umap_2fcb9b.pkl
results_ensg_heart_plus_pericardium_Maatz_Nat_Cardiovasc_Res_2025_author_cell_type_X_umap_b6d046.csv,s3://lifebit-user-data-6941eed90a4dd7a1d1026d7a/deploit/teams/69d8dd1e5d3e1f8c350e006f/users/68af3d99c99eb7bd2ff47bc8/projects/69f80768ca774c668fbaaed8/jobs/6a22c6b00859d97fbe7b6205/results/results_ensg_heart_plus_pericardium_Maatz_Nat_Cardiovasc_Res_2025_author_cell_type_X_umap_b6d046.csv
results_ensg_heart_plus_pericardium_Maatz_Nat_Cardiovasc_Res_2025_author_cell_type_X_umap_b6d046.pkl,s3://lifebit-user-data-6941eed90a4dd7a1d1026d7a/deploit/teams/69d8dd1e5d3e1f8c350e006f/users/68af3d99c99eb7bd2ff47bc8/projects/69f80768ca774c668fbaaed8/jobs/6a22c6b00859d97fbe7b6205/results/results_ensg_heart_plus_pericardium_Maatz_Nat_Cardiovasc_Res_2025_author_cell_type_X_umap_b6d046.pkl
results_ensg_heart_plus_pericardium_Selewa_Nat_Commun_2023_author_cell_type_X_umap_a8bcce.csv,s3://lifebit-user-data-6941eed90a4dd7a1d1026d7a/deploit/teams/69d8dd1e5d3e1f8c350e006f/users/68af3d99c99eb7bd2ff47bc8/projects/69f80768ca774c668fbaaed8/jobs/6a22c6b00859d97fbe7b6205/results/results_ensg_heart_plus_pericardium_Selewa_Nat_Commun_2023_author_cell_type_X_umap_a8bcce.csv
results_ensg_heart_plus_pericardium_Selewa_Nat_Commun_2023_author_cell_type_X_umap_a8bcce.pkl,s3://lifebit-user-data-6941eed90a4dd7a1d1026d7a/deploit/teams/69d8dd1e5d3e1f8c350e006f/users/68af3d99c99eb7bd2ff47bc8/projects/69f80768ca774c668fbaaed8/jobs/6a22c6b00859d97fbe7b6205/results/results_ensg_heart_plus_pericardium_Selewa_Nat_Commun_2023_author_cell_type_X_umap_a8bcce.pkl
results_ensg_heart_plus_pericardium_Sim_Circulation_2021_cell_type_X_umap_d94be2.csv,s3://lifebit-user-data-6941eed90a4dd7a1d1026d7a/deploit/teams/69d8dd1e5d3e1f8c350e006f/users/68af3d99c99eb7bd2ff47bc8/projects/69f80768ca774c668fbaaed8/jobs/6a22c6b00859d97fbe7b6205/results/results_ensg_heart_plus_pericardium_Sim_Circulation_2021_cell_type_X_umap_d94be2.csv
results_ensg_heart_plus_pericardium_Sim_Circulation_2021_cell_type_X_umap_d94be2.pkl,s3://lifebit-user-data-6941eed90a4dd7a1d1026d7a/deploit/teams/69d8dd1e5d3e1f8c350e006f/users/68af3d99c99eb7bd2ff47bc8/projects/69f80768ca774c668fbaaed8/jobs/6a22c6b00859d97fbe7b6205/results/results_ensg_heart_plus_pericardium_Sim_Circulation_2021_cell_type_X_umap_d94be2.pkl
results_ensg_heart_plus_pericardium_Xu_Cell_2023_Curated_annotation_X_umap_7d4811.csv,s3://lifebit-user-data-6941eed90a4dd7a1d1026d7a/deploit/teams/69d8dd1e5d3e1f8c350e006f/users/68af3d99c99eb7bd2ff47bc8/projects/69f80768ca774c668fbaaed8/jobs/6a22c6b00859d97fbe7b6205/results/results_ensg_heart_plus_pericardium_Xu_Cell_2023_Curated_annotation_X_umap_7d4811.csv
results_ensg_heart_plus_pericardium_Xu_Cell_2023_Curated_annotation_X_umap_7d4811.pkl,s3://lifebit-user-data-6941eed90a4dd7a1d1026d7a/deploit/teams/69d8dd1e5d3e1f8c350e006f/users/68af3d99c99eb7bd2ff47bc8/projects/69f80768ca774c668fbaaed8/jobs/6a22c6b00859d97fbe7b6205/results/results_ensg_heart_plus_pericardium_Xu_Cell_2023_Curated_annotation_X_umap_7d4811.pkl
results_ensg_heart_plus_pericardium_Zhao_Cell_Genomics_2025_author_cell_type_X_umap_9b5568.csv,s3://lifebit-user-data-6941eed90a4dd7a1d1026d7a/deploit/teams/69d8dd1e5d3e1f8c350e006f/users/68af3d99c99eb7bd2ff47bc8/projects/69f80768ca774c668fbaaed8/jobs/6a22c6b00859d97fbe7b6205/results/results_ensg_heart_plus_pericardium_Zhao_Cell_Genomics_2025_author_cell_type_X_umap_9b5568.csv
results_ensg_heart_plus_pericardium_Zhao_Cell_Genomics_2025_author_cell_type_X_umap_9b5568.pkl,s3://lifebit-user-data-6941eed90a4dd7a1d1026d7a/deploit/teams/69d8dd1e5d3e1f8c350e006f/users/68af3d99c99eb7bd2ff47bc8/projects/69f80768ca774c668fbaaed8/jobs/6a22c6b00859d97fbe7b6205/results/results_ensg_heart_plus_pericardium_Zhao_Cell_Genomics_2025_author_cell_type_X_umap_9b5568.pkl
results_symbols_heart_plus_pericardium_Eraslan_Science_2022_Broad_cell_type_X_umap_f44b0f.csv,s3://lifebit-user-data-6941eed90a4dd7a1d1026d7a/deploit/teams/69d8dd1e5d3e1f8c350e006f/users/68af3d99c99eb7bd2ff47bc8/projects/69f80768ca774c668fbaaed8/jobs/6a22c6b00859d97fbe7b6205/results/results_symbols_heart_plus_pericardium_Eraslan_Science_2022_Broad_cell_type_X_umap_f44b0f.csv
results_symbols_heart_plus_pericardium_Eraslan_Science_2022_Broad_cell_type_X_umap_f44b0f.pkl,s3://lifebit-user-data-6941eed90a4dd7a1d1026d7a/deploit/teams/69d8dd1e5d3e1f8c350e006f/users/68af3d99c99eb7bd2ff47bc8/projects/69f80768ca774c668fbaaed8/jobs/6a22c6b00859d97fbe7b6205/results/results_symbols_heart_plus_pericardium_Eraslan_Science_2022_Broad_cell_type_X_umap_f44b0f.pkl
results_symbols_heart_plus_pericardium_Han_Nature_2020_author_cell_type_X_umap_5c7ea7.csv,s3://lifebit-user-data-6941eed90a4dd7a1d1026d7a/deploit/teams/69d8dd1e5d3e1f8c350e006f/users/68af3d99c99eb7bd2ff47bc8/projects/69f80768ca774c668fbaaed8/jobs/6a22c6b00859d97fbe7b6205/results/results_symbols_heart_plus_pericardium_Han_Nature_2020_author_cell_type_X_umap_5c7ea7.csv
results_symbols_heart_plus_pericardium_Han_Nature_2020_author_cell_type_X_umap_5c7ea7.pkl,s3://lifebit-user-data-6941eed90a4dd7a1d1026d7a/deploit/teams/69d8dd1e5d3e1f8c350e006f/users/68af3d99c99eb7bd2ff47bc8/projects/69f80768ca774c668fbaaed8/jobs/6a22c6b00859d97fbe7b6205/results/results_symbols_heart_plus_pericardium_Han_Nature_2020_author_cell_type_X_umap_5c7ea7.pkl
results_symbols_heart_plus_pericardium_Hulsmans_Science_2023_celltype_X_umap_626931.csv,s3://lifebit-user-data-6941eed90a4dd7a1d1026d7a/deploit/teams/69d8dd1e5d3e1f8c350e006f/users/68af3d99c99eb7bd2ff47bc8/projects/69f80768ca774c668fbaaed8/jobs/6a22c6b00859d97fbe7b6205/results/results_symbols_heart_plus_pericardium_Hulsmans_Science_2023_celltype_X_umap_626931.csv
results_symbols_heart_plus_pericardium_Hulsmans_Science_2023_celltype_X_umap_626931.pkl,s3://lifebit-user-data-6941eed90a4dd7a1d1026d7a/deploit/teams/69d8dd1e5d3e1f8c350e006f/users/68af3d99c99eb7bd2ff47bc8/projects/69f80768ca774c668fbaaed8/jobs/6a22c6b00859d97fbe7b6205/results/results_symbols_heart_plus_pericardium_Hulsmans_Science_2023_celltype_X_umap_626931.pkl
results_symbols_heart_plus_pericardium_Litvinukova_Nature_2020_cell_type_X_umap_2fcb9b.csv,s3://lifebit-user-data-6941eed90a4dd7a1d1026d7a/deploit/teams/69d8dd1e5d3e1f8c350e006f/users/68af3d99c99eb7bd2ff47bc8/projects/69f80768ca774c668fbaaed8/jobs/6a22c6b00859d97fbe7b6205/results/results_symbols_heart_plus_pericardium_Litvinukova_Nature_2020_cell_type_X_umap_2fcb9b.csv
results_symbols_heart_plus_pericardium_Litvinukova_Nature_2020_cell_type_X_umap_2fcb9b.pkl,s3://lifebit-user-data-6941eed90a4dd7a1d1026d7a/deploit/teams/69d8dd1e5d3e1f8c350e006f/users/68af3d99c99eb7bd2ff47bc8/projects/69f80768ca774c668fbaaed8/jobs/6a22c6b00859d97fbe7b6205/results/results_symbols_heart_plus_pericardium_Litvinukova_Nature_2020_cell_type_X_umap_2fcb9b.pkl
results_symbols_heart_plus_pericardium_Maatz_Nat_Cardiovasc_Res_2025_author_cell_type_X_umap_b6d046.csv,s3://lifebit-user-data-6941eed90a4dd7a1d1026d7a/deploit/teams/69d8dd1e5d3e1f8c350e006f/users/68af3d99c99eb7bd2ff47bc8/projects/69f80768ca774c668fbaaed8/jobs/6a22c6b00859d97fbe7b6205/results/results_symbols_heart_plus_pericardium_Maatz_Nat_Cardiovasc_Res_2025_author_cell_type_X_umap_b6d046.csv
results_symbols_heart_plus_pericardium_Maatz_Nat_Cardiovasc_Res_2025_author_cell_type_X_umap_b6d046.pkl,s3://lifebit-user-data-6941eed90a4dd7a1d1026d7a/deploit/teams/69d8dd1e5d3e1f8c350e006f/users/68af3d99c99eb7bd2ff47bc8/projects/69f80768ca774c668fbaaed8/jobs/6a22c6b00859d97fbe7b6205/results/results_symbols_heart_plus_pericardium_Maatz_Nat_Cardiovasc_Res_2025_author_cell_type_X_umap_b6d046.pkl
results_symbols_heart_plus_pericardium_Selewa_Nat_Commun_2023_author_cell_type_X_umap_a8bcce.csv,s3://lifebit-user-data-6941eed90a4dd7a1d1026d7a/deploit/teams/69d8dd1e5d3e1f8c350e006f/users/68af3d99c99eb7bd2ff47bc8/projects/69f80768ca774c668fbaaed8/jobs/6a22c6b00859d97fbe7b6205/results/results_symbols_heart_plus_pericardium_Selewa_Nat_Commun_2023_author_cell_type_X_umap_a8bcce.csv
results_symbols_heart_plus_pericardium_Selewa_Nat_Commun_2023_author_cell_type_X_umap_a8bcce.pkl,s3://lifebit-user-data-6941eed90a4dd7a1d1026d7a/deploit/teams/69d8dd1e5d3e1f8c350e006f/users/68af3d99c99eb7bd2ff47bc8/projects/69f80768ca774c668fbaaed8/jobs/6a22c6b00859d97fbe7b6205/results/results_symbols_heart_plus_pericardium_Selewa_Nat_Commun_2023_author_cell_type_X_umap_a8bcce.pkl
results_symbols_heart_plus_pericardium_Sim_Circulation_2021_cell_type_X_umap_d94be2.csv,s3://lifebit-user-data-6941eed90a4dd7a1d1026d7a/deploit/teams/69d8dd1e5d3e1f8c350e006f/users/68af3d99c99eb7bd2ff47bc8/projects/69f80768ca774c668fbaaed8/jobs/6a22c6b00859d97fbe7b6205/results/results_symbols_heart_plus_pericardium_Sim_Circulation_2021_cell_type_X_umap_d94be2.csv
results_symbols_heart_plus_pericardium_Sim_Circulation_2021_cell_type_X_umap_d94be2.pkl,s3://lifebit-user-data-6941eed90a4dd7a1d1026d7a/deploit/teams/69d8dd1e5d3e1f8c350e006f/users/68af3d99c99eb7bd2ff47bc8/projects/69f80768ca774c668fbaaed8/jobs/6a22c6b00859d97fbe7b6205/results/results_symbols_heart_plus_pericardium_Sim_Circulation_2021_cell_type_X_umap_d94be2.pkl
results_symbols_heart_plus_pericardium_Xu_Cell_2023_Curated_annotation_X_umap_7d4811.csv,s3://lifebit-user-data-6941eed90a4dd7a1d1026d7a/deploit/teams/69d8dd1e5d3e1f8c350e006f/users/68af3d99c99eb7bd2ff47bc8/projects/69f80768ca774c668fbaaed8/jobs/6a22c6b00859d97fbe7b6205/results/results_symbols_heart_plus_pericardium_Xu_Cell_2023_Curated_annotation_X_umap_7d4811.csv
results_symbols_heart_plus_pericardium_Xu_Cell_2023_Curated_annotation_X_umap_7d4811.pkl,s3://lifebit-user-data-6941eed90a4dd7a1d1026d7a/deploit/teams/69d8dd1e5d3e1f8c350e006f/users/68af3d99c99eb7bd2ff47bc8/projects/69f80768ca774c668fbaaed8/jobs/6a22c6b00859d97fbe7b6205/results/results_symbols_heart_plus_pericardium_Xu_Cell_2023_Curated_annotation_X_umap_7d4811.pkl
results_symbols_heart_plus_pericardium_Zhao_Cell_Genomics_2025_author_cell_type_X_umap_9b5568.csv,s3://lifebit-user-data-6941eed90a4dd7a1d1026d7a/deploit/teams/69d8dd1e5d3e1f8c350e006f/users/68af3d99c99eb7bd2ff47bc8/projects/69f80768ca774c668fbaaed8/jobs/6a22c6b00859d97fbe7b6205/results/results_symbols_heart_plus_pericardium_Zhao_Cell_Genomics_2025_author_cell_type_X_umap_9b5568.csv
results_symbols_heart_plus_pericardium_Zhao_Cell_Genomics_2025_author_cell_type_X_umap_9b5568.pkl,s3://lifebit-user-data-6941eed90a4dd7a1d1026d7a/deploit/teams/69d8dd1e5d3e1f8c350e006f/users/68af3d99c99eb7bd2ff47bc8/projects/69f80768ca774c668fbaaed8/jobs/6a22c6b00859d97fbe7b6205/results/results_symbols_heart_plus_pericardium_Zhao_Cell_Genomics_2025_author_cell_type_X_umap_9b5568.pkl
scatter_heart_plus_pericardium_Eraslan_Science_2022_Broad_cell_type_X_umap_f44b0f_f_score.html,s3://lifebit-user-data-6941eed90a4dd7a1d1026d7a/deploit/teams/69d8dd1e5d3e1f8c350e006f/users/68af3d99c99eb7bd2ff47bc8/projects/69f80768ca774c668fbaaed8/jobs/6a22c6b00859d97fbe7b6205/results/scatter_heart_plus_pericardium_Eraslan_Science_2022_Broad_cell_type_X_umap_f44b0f_f_score.html
scatter_heart_plus_pericardium_Eraslan_Science_2022_Broad_cell_type_X_umap_f44b0f_f_score.svg,s3://lifebit-user-data-6941eed90a4dd7a1d1026d7a/deploit/teams/69d8dd1e5d3e1f8c350e006f/users/68af3d99c99eb7bd2ff47bc8/projects/69f80768ca774c668fbaaed8/jobs/6a22c6b00859d97fbe7b6205/results/scatter_heart_plus_pericardium_Eraslan_Science_2022_Broad_cell_type_X_umap_f44b0f_f_score.svg
scatter_heart_plus_pericardium_Eraslan_Science_2022_Broad_cell_type_X_umap_f44b0f_onTarget.html,s3://lifebit-user-data-6941eed90a4dd7a1d1026d7a/deploit/teams/69d8dd1e5d3e1f8c350e006f/users/68af3d99c99eb7bd2ff47bc8/projects/69f80768ca774c668fbaaed8/jobs/6a22c6b00859d97fbe7b6205/results/scatter_heart_plus_pericardium_Eraslan_Science_2022_Broad_cell_type_X_umap_f44b0f_onTarget.html
scatter_heart_plus_pericardium_Eraslan_Science_2022_Broad_cell_type_X_umap_f44b0f_onTarget.svg,s3://lifebit-user-data-6941eed90a4dd7a1d1026d7a/deploit/teams/69d8dd1e5d3e1f8c350e006f/users/68af3d99c99eb7bd2ff47bc8/projects/69f80768ca774c668fbaaed8/jobs/6a22c6b00859d97fbe7b6205/results/scatter_heart_plus_pericardium_Eraslan_Science_2022_Broad_cell_type_X_umap_f44b0f_onTarget.svg
scatter_heart_plus_pericardium_Eraslan_Science_2022_Broad_cell_type_X_umap_f44b0f_precision.html,s3://lifebit-user-data-6941eed90a4dd7a1d1026d7a/deploit/teams/69d8dd1e5d3e1f8c350e006f/users/68af3d99c99eb7bd2ff47bc8/projects/69f80768ca774c668fbaaed8/jobs/6a22c6b00859d97fbe7b6205/results/scatter_heart_plus_pericardium_Eraslan_Science_2022_Broad_cell_type_X_umap_f44b0f_precision.html
scatter_heart_plus_pericardium_Eraslan_Science_2022_Broad_cell_type_X_umap_f44b0f_precision.svg,s3://lifebit-user-data-6941eed90a4dd7a1d1026d7a/deploit/teams/69d8dd1e5d3e1f8c350e006f/users/68af3d99c99eb7bd2ff47bc8/projects/69f80768ca774c668fbaaed8/jobs/6a22c6b00859d97fbe7b6205/results/scatter_heart_plus_pericardium_Eraslan_Science_2022_Broad_cell_type_X_umap_f44b0f_precision.svg
scatter_heart_plus_pericardium_Eraslan_Science_2022_Broad_cell_type_X_umap_f44b0f_recall.html,s3://lifebit-user-data-6941eed90a4dd7a1d1026d7a/deploit/teams/69d8dd1e5d3e1f8c350e006f/users/68af3d99c99eb7bd2ff47bc8/projects/69f80768ca774c668fbaaed8/jobs/6a22c6b00859d97fbe7b6205/results/scatter_heart_plus_pericardium_Eraslan_Science_2022_Broad_cell_type_X_umap_f44b0f_recall.html
scatter_heart_plus_pericardium_Eraslan_Science_2022_Broad_cell_type_X_umap_f44b0f_recall.svg,s3://lifebit-user-data-6941eed90a4dd7a1d1026d7a/deploit/teams/69d8dd1e5d3e1f8c350e006f/users/68af3d99c99eb7bd2ff47bc8/projects/69f80768ca774c668fbaaed8/jobs/6a22c6b00859d97fbe7b6205/results/scatter_heart_plus_pericardium_Eraslan_Science_2022_Broad_cell_type_X_umap_f44b0f_recall.svg
scatter_heart_plus_pericardium_Han_Nature_2020_author_cell_type_X_umap_5c7ea7_f_score.html,s3://lifebit-user-data-6941eed90a4dd7a1d1026d7a/deploit/teams/69d8dd1e5d3e1f8c350e006f/users/68af3d99c99eb7bd2ff47bc8/projects/69f80768ca774c668fbaaed8/jobs/6a22c6b00859d97fbe7b6205/results/scatter_heart_plus_pericardium_Han_Nature_2020_author_cell_type_X_umap_5c7ea7_f_score.html
scatter_heart_plus_pericardium_Han_Nature_2020_author_cell_type_X_umap_5c7ea7_f_score.svg,s3://lifebit-user-data-6941eed90a4dd7a1d1026d7a/deploit/teams/69d8dd1e5d3e1f8c350e006f/users/68af3d99c99eb7bd2ff47bc8/projects/69f80768ca774c668fbaaed8/jobs/6a22c6b00859d97fbe7b6205/results/scatter_heart_plus_pericardium_Han_Nature_2020_author_cell_type_X_umap_5c7ea7_f_score.svg
scatter_heart_plus_pericardium_Han_Nature_2020_author_cell_type_X_umap_5c7ea7_onTarget.html,s3://lifebit-user-data-6941eed90a4dd7a1d1026d7a/deploit/teams/69d8dd1e5d3e1f8c350e006f/users/68af3d99c99eb7bd2ff47bc8/projects/69f80768ca774c668fbaaed8/jobs/6a22c6b00859d97fbe7b6205/results/scatter_heart_plus_pericardium_Han_Nature_2020_author_cell_type_X_umap_5c7ea7_onTarget.html
scatter_heart_plus_pericardium_Han_Nature_2020_author_cell_type_X_umap_5c7ea7_onTarget.svg,s3://lifebit-user-data-6941eed90a4dd7a1d1026d7a/deploit/teams/69d8dd1e5d3e1f8c350e006f/users/68af3d99c99eb7bd2ff47bc8/projects/69f80768ca774c668fbaaed8/jobs/6a22c6b00859d97fbe7b6205/results/scatter_heart_plus_pericardium_Han_Nature_2020_author_cell_type_X_umap_5c7ea7_onTarget.svg
scatter_heart_plus_pericardium_Han_Nature_2020_author_cell_type_X_umap_5c7ea7_precision.html,s3://lifebit-user-data-6941eed90a4dd7a1d1026d7a/deploit/teams/69d8dd1e5d3e1f8c350e006f/users/68af3d99c99eb7bd2ff47bc8/projects/69f80768ca774c668fbaaed8/jobs/6a22c6b00859d97fbe7b6205/results/scatter_heart_plus_pericardium_Han_Nature_2020_author_cell_type_X_umap_5c7ea7_precision.html
scatter_heart_plus_pericardium_Han_Nature_2020_author_cell_type_X_umap_5c7ea7_precision.svg,s3://lifebit-user-data-6941eed90a4dd7a1d1026d7a/deploit/teams/69d8dd1e5d3e1f8c350e006f/users/68af3d99c99eb7bd2ff47bc8/projects/69f80768ca774c668fbaaed8/jobs/6a22c6b00859d97fbe7b6205/results/scatter_heart_plus_pericardium_Han_Nature_2020_author_cell_type_X_umap_5c7ea7_precision.svg
scatter_heart_plus_pericardium_Han_Nature_2020_author_cell_type_X_umap_5c7ea7_recall.html,s3://lifebit-user-data-6941eed90a4dd7a1d1026d7a/deploit/teams/69d8dd1e5d3e1f8c350e006f/users/68af3d99c99eb7bd2ff47bc8/projects/69f80768ca774c668fbaaed8/jobs/6a22c6b00859d97fbe7b6205/results/scatter_heart_plus_pericardium_Han_Nature_2020_author_cell_type_X_umap_5c7ea7_recall.html
scatter_heart_plus_pericardium_Han_Nature_2020_author_cell_type_X_umap_5c7ea7_recall.svg,s3://lifebit-user-data-6941eed90a4dd7a1d1026d7a/deploit/teams/69d8dd1e5d3e1f8c350e006f/users/68af3d99c99eb7bd2ff47bc8/projects/69f80768ca774c668fbaaed8/jobs/6a22c6b00859d97fbe7b6205/results/scatter_heart_plus_pericardium_Han_Nature_2020_author_cell_type_X_umap_5c7ea7_recall.svg
scatter_heart_plus_pericardium_Hulsmans_Science_2023_celltype_X_umap_626931_f_score.html,s3://lifebit-user-data-6941eed90a4dd7a1d1026d7a/deploit/teams/69d8dd1e5d3e1f8c350e006f/users/68af3d99c99eb7bd2ff47bc8/projects/69f80768ca774c668fbaaed8/jobs/6a22c6b00859d97fbe7b6205/results/scatter_heart_plus_pericardium_Hulsmans_Science_2023_celltype_X_umap_626931_f_score.html
scatter_heart_plus_pericardium_Hulsmans_Science_2023_celltype_X_umap_626931_f_score.svg,s3://lifebit-user-data-6941eed90a4dd7a1d1026d7a/deploit/teams/69d8dd1e5d3e1f8c350e006f/users/68af3d99c99eb7bd2ff47bc8/projects/69f80768ca774c668fbaaed8/jobs/6a22c6b00859d97fbe7b6205/results/scatter_heart_plus_pericardium_Hulsmans_Science_2023_celltype_X_umap_626931_f_score.svg
scatter_heart_plus_pericardium_Hulsmans_Science_2023_celltype_X_umap_626931_onTarget.html,s3://lifebit-user-data-6941eed90a4dd7a1d1026d7a/deploit/teams/69d8dd1e5d3e1f8c350e006f/users/68af3d99c99eb7bd2ff47bc8/projects/69f80768ca774c668fbaaed8/jobs/6a22c6b00859d97fbe7b6205/results/scatter_heart_plus_pericardium_Hulsmans_Science_2023_celltype_X_umap_626931_onTarget.html
scatter_heart_plus_pericardium_Hulsmans_Science_2023_celltype_X_umap_626931_onTarget.svg,s3://lifebit-user-data-6941eed90a4dd7a1d1026d7a/deploit/teams/69d8dd1e5d3e1f8c350e006f/users/68af3d99c99eb7bd2ff47bc8/projects/69f80768ca774c668fbaaed8/jobs/6a22c6b00859d97fbe7b6205/results/scatter_heart_plus_pericardium_Hulsmans_Science_2023_celltype_X_umap_626931_onTarget.svg
scatter_heart_plus_pericardium_Hulsmans_Science_2023_celltype_X_umap_626931_precision.html,s3://lifebit-user-data-6941eed90a4dd7a1d1026d7a/deploit/teams/69d8dd1e5d3e1f8c350e006f/users/68af3d99c99eb7bd2ff47bc8/projects/69f80768ca774c668fbaaed8/jobs/6a22c6b00859d97fbe7b6205/results/scatter_heart_plus_pericardium_Hulsmans_Science_2023_celltype_X_umap_626931_precision.html
scatter_heart_plus_pericardium_Hulsmans_Science_2023_celltype_X_umap_626931_precision.svg,s3://lifebit-user-data-6941eed90a4dd7a1d1026d7a/deploit/teams/69d8dd1e5d3e1f8c350e006f/users/68af3d99c99eb7bd2ff47bc8/projects/69f80768ca774c668fbaaed8/jobs/6a22c6b00859d97fbe7b6205/results/scatter_heart_plus_pericardium_Hulsmans_Science_2023_celltype_X_umap_626931_precision.svg
scatter_heart_plus_pericardium_Hulsmans_Science_2023_celltype_X_umap_626931_recall.html,s3://lifebit-user-data-6941eed90a4dd7a1d1026d7a/deploit/teams/69d8dd1e5d3e1f8c350e006f/users/68af3d99c99eb7bd2ff47bc8/projects/69f80768ca774c668fbaaed8/jobs/6a22c6b00859d97fbe7b6205/results/scatter_heart_plus_pericardium_Hulsmans_Science_2023_celltype_X_umap_626931_recall.html
scatter_heart_plus_pericardium_Hulsmans_Science_2023_celltype_X_umap_626931_recall.svg,s3://lifebit-user-data-6941eed90a4dd7a1d1026d7a/deploit/teams/69d8dd1e5d3e1f8c350e006f/users/68af3d99c99eb7bd2ff47bc8/projects/69f80768ca774c668fbaaed8/jobs/6a22c6b00859d97fbe7b6205/results/scatter_heart_plus_pericardium_Hulsmans_Science_2023_celltype_X_umap_626931_recall.svg
scatter_heart_plus_pericardium_Litvinukova_Nature_2020_cell_type_X_umap_2fcb9b_f_score.html,s3://lifebit-user-data-6941eed90a4dd7a1d1026d7a/deploit/teams/69d8dd1e5d3e1f8c350e006f/users/68af3d99c99eb7bd2ff47bc8/projects/69f80768ca774c668fbaaed8/jobs/6a22c6b00859d97fbe7b6205/results/scatter_heart_plus_pericardium_Litvinukova_Nature_2020_cell_type_X_umap_2fcb9b_f_score.html
scatter_heart_plus_pericardium_Litvinukova_Nature_2020_cell_type_X_umap_2fcb9b_f_score.svg,s3://lifebit-user-data-6941eed90a4dd7a1d1026d7a/deploit/teams/69d8dd1e5d3e1f8c350e006f/users/68af3d99c99eb7bd2ff47bc8/projects/69f80768ca774c668fbaaed8/jobs/6a22c6b00859d97fbe7b6205/results/scatter_heart_plus_pericardium_Litvinukova_Nature_2020_cell_type_X_umap_2fcb9b_f_score.svg
scatter_heart_plus_pericardium_Litvinukova_Nature_2020_cell_type_X_umap_2fcb9b_onTarget.html,s3://lifebit-user-data-6941eed90a4dd7a1d1026d7a/deploit/teams/69d8dd1e5d3e1f8c350e006f/users/68af3d99c99eb7bd2ff47bc8/projects/69f80768ca774c668fbaaed8/jobs/6a22c6b00859d97fbe7b6205/results/scatter_heart_plus_pericardium_Litvinukova_Nature_2020_cell_type_X_umap_2fcb9b_onTarget.html
scatter_heart_plus_pericardium_Litvinukova_Nature_2020_cell_type_X_umap_2fcb9b_onTarget.svg,s3://lifebit-user-data-6941eed90a4dd7a1d1026d7a/deploit/teams/69d8dd1e5d3e1f8c350e006f/users/68af3d99c99eb7bd2ff47bc8/projects/69f80768ca774c668fbaaed8/jobs/6a22c6b00859d97fbe7b6205/results/scatter_heart_plus_pericardium_Litvinukova_Nature_2020_cell_type_X_umap_2fcb9b_onTarget.svg
scatter_heart_plus_pericardium_Litvinukova_Nature_2020_cell_type_X_umap_2fcb9b_precision.html,s3://lifebit-user-data-6941eed90a4dd7a1d1026d7a/deploit/teams/69d8dd1e5d3e1f8c350e006f/users/68af3d99c99eb7bd2ff47bc8/projects/69f80768ca774c668fbaaed8/jobs/6a22c6b00859d97fbe7b6205/results/scatter_heart_plus_pericardium_Litvinukova_Nature_2020_cell_type_X_umap_2fcb9b_precision.html
scatter_heart_plus_pericardium_Litvinukova_Nature_2020_cell_type_X_umap_2fcb9b_precision.svg,s3://lifebit-user-data-6941eed90a4dd7a1d1026d7a/deploit/teams/69d8dd1e5d3e1f8c350e006f/users/68af3d99c99eb7bd2ff47bc8/projects/69f80768ca774c668fbaaed8/jobs/6a22c6b00859d97fbe7b6205/results/scatter_heart_plus_pericardium_Litvinukova_Nature_2020_cell_type_X_umap_2fcb9b_precision.svg
scatter_heart_plus_pericardium_Litvinukova_Nature_2020_cell_type_X_umap_2fcb9b_recall.html,s3://lifebit-user-data-6941eed90a4dd7a1d1026d7a/deploit/teams/69d8dd1e5d3e1f8c350e006f/users/68af3d99c99eb7bd2ff47bc8/projects/69f80768ca774c668fbaaed8/jobs/6a22c6b00859d97fbe7b6205/results/scatter_heart_plus_pericardium_Litvinukova_Nature_2020_cell_type_X_umap_2fcb9b_recall.html
scatter_heart_plus_pericardium_Litvinukova_Nature_2020_cell_type_X_umap_2fcb9b_recall.svg,s3://lifebit-user-data-6941eed90a4dd7a1d1026d7a/deploit/teams/69d8dd1e5d3e1f8c350e006f/users/68af3d99c99eb7bd2ff47bc8/projects/69f80768ca774c668fbaaed8/jobs/6a22c6b00859d97fbe7b6205/results/scatter_heart_plus_pericardium_Litvinukova_Nature_2020_cell_type_X_umap_2fcb9b_recall.svg
scatter_heart_plus_pericardium_Maatz_Nat_Cardiovasc_Res_2025_author_cell_type_X_umap_b6d046_f_score.html,s3://lifebit-user-data-6941eed90a4dd7a1d1026d7a/deploit/teams/69d8dd1e5d3e1f8c350e006f/users/68af3d99c99eb7bd2ff47bc8/projects/69f80768ca774c668fbaaed8/jobs/6a22c6b00859d97fbe7b6205/results/scatter_heart_plus_pericardium_Maatz_Nat_Cardiovasc_Res_2025_author_cell_type_X_umap_b6d046_f_score.html
scatter_heart_plus_pericardium_Maatz_Nat_Cardiovasc_Res_2025_author_cell_type_X_umap_b6d046_f_score.svg,s3://lifebit-user-data-6941eed90a4dd7a1d1026d7a/deploit/teams/69d8dd1e5d3e1f8c350e006f/users/68af3d99c99eb7bd2ff47bc8/projects/69f80768ca774c668fbaaed8/jobs/6a22c6b00859d97fbe7b6205/results/scatter_heart_plus_pericardium_Maatz_Nat_Cardiovasc_Res_2025_author_cell_type_X_umap_b6d046_f_score.svg
scatter_heart_plus_pericardium_Maatz_Nat_Cardiovasc_Res_2025_author_cell_type_X_umap_b6d046_onTarget.html,s3://lifebit-user-data-6941eed90a4dd7a1d1026d7a/deploit/teams/69d8dd1e5d3e1f8c350e006f/users/68af3d99c99eb7bd2ff47bc8/projects/69f80768ca774c668fbaaed8/jobs/6a22c6b00859d97fbe7b6205/results/scatter_heart_plus_pericardium_Maatz_Nat_Cardiovasc_Res_2025_author_cell_type_X_umap_b6d046_onTarget.html
scatter_heart_plus_pericardium_Maatz_Nat_Cardiovasc_Res_2025_author_cell_type_X_umap_b6d046_onTarget.svg,s3://lifebit-user-data-6941eed90a4dd7a1d1026d7a/deploit/teams/69d8dd1e5d3e1f8c350e006f/users/68af3d99c99eb7bd2ff47bc8/projects/69f80768ca774c668fbaaed8/jobs/6a22c6b00859d97fbe7b6205/results/scatter_heart_plus_pericardium_Maatz_Nat_Cardiovasc_Res_2025_author_cell_type_X_umap_b6d046_onTarget.svg
scatter_heart_plus_pericardium_Maatz_Nat_Cardiovasc_Res_2025_author_cell_type_X_umap_b6d046_precision.html,s3://lifebit-user-data-6941eed90a4dd7a1d1026d7a/deploit/teams/69d8dd1e5d3e1f8c350e006f/users/68af3d99c99eb7bd2ff47bc8/projects/69f80768ca774c668fbaaed8/jobs/6a22c6b00859d97fbe7b6205/results/scatter_heart_plus_pericardium_Maatz_Nat_Cardiovasc_Res_2025_author_cell_type_X_umap_b6d046_precision.html
scatter_heart_plus_pericardium_Maatz_Nat_Cardiovasc_Res_2025_author_cell_type_X_umap_b6d046_precision.svg,s3://lifebit-user-data-6941eed90a4dd7a1d1026d7a/deploit/teams/69d8dd1e5d3e1f8c350e006f/users/68af3d99c99eb7bd2ff47bc8/projects/69f80768ca774c668fbaaed8/jobs/6a22c6b00859d97fbe7b6205/results/scatter_heart_plus_pericardium_Maatz_Nat_Cardiovasc_Res_2025_author_cell_type_X_umap_b6d046_precision.svg
scatter_heart_plus_pericardium_Maatz_Nat_Cardiovasc_Res_2025_author_cell_type_X_umap_b6d046_recall.html,s3://lifebit-user-data-6941eed90a4dd7a1d1026d7a/deploit/teams/69d8dd1e5d3e1f8c350e006f/users/68af3d99c99eb7bd2ff47bc8/projects/69f80768ca774c668fbaaed8/jobs/6a22c6b00859d97fbe7b6205/results/scatter_heart_plus_pericardium_Maatz_Nat_Cardiovasc_Res_2025_author_cell_type_X_umap_b6d046_recall.html
scatter_heart_plus_pericardium_Maatz_Nat_Cardiovasc_Res_2025_author_cell_type_X_umap_b6d046_recall.svg,s3://lifebit-user-data-6941eed90a4dd7a1d1026d7a/deploit/teams/69d8dd1e5d3e1f8c350e006f/users/68af3d99c99eb7bd2ff47bc8/projects/69f80768ca774c668fbaaed8/jobs/6a22c6b00859d97fbe7b6205/results/scatter_heart_plus_pericardium_Maatz_Nat_Cardiovasc_Res_2025_author_cell_type_X_umap_b6d046_recall.svg
scatter_heart_plus_pericardium_Selewa_Nat_Commun_2023_author_cell_type_X_umap_a8bcce_f_score.html,s3://lifebit-user-data-6941eed90a4dd7a1d1026d7a/deploit/teams/69d8dd1e5d3e1f8c350e006f/users/68af3d99c99eb7bd2ff47bc8/projects/69f80768ca774c668fbaaed8/jobs/6a22c6b00859d97fbe7b6205/results/scatter_heart_plus_pericardium_Selewa_Nat_Commun_2023_author_cell_type_X_umap_a8bcce_f_score.html
scatter_heart_plus_pericardium_Selewa_Nat_Commun_2023_author_cell_type_X_umap_a8bcce_f_score.svg,s3://lifebit-user-data-6941eed90a4dd7a1d1026d7a/deploit/teams/69d8dd1e5d3e1f8c350e006f/users/68af3d99c99eb7bd2ff47bc8/projects/69f80768ca774c668fbaaed8/jobs/6a22c6b00859d97fbe7b6205/results/scatter_heart_plus_pericardium_Selewa_Nat_Commun_2023_author_cell_type_X_umap_a8bcce_f_score.svg
scatter_heart_plus_pericardium_Selewa_Nat_Commun_2023_author_cell_type_X_umap_a8bcce_onTarget.html,s3://lifebit-user-data-6941eed90a4dd7a1d1026d7a/deploit/teams/69d8dd1e5d3e1f8c350e006f/users/68af3d99c99eb7bd2ff47bc8/projects/69f80768ca774c668fbaaed8/jobs/6a22c6b00859d97fbe7b6205/results/scatter_heart_plus_pericardium_Selewa_Nat_Commun_2023_author_cell_type_X_umap_a8bcce_onTarget.html
scatter_heart_plus_pericardium_Selewa_Nat_Commun_2023_author_cell_type_X_umap_a8bcce_onTarget.svg,s3://lifebit-user-data-6941eed90a4dd7a1d1026d7a/deploit/teams/69d8dd1e5d3e1f8c350e006f/users/68af3d99c99eb7bd2ff47bc8/projects/69f80768ca774c668fbaaed8/jobs/6a22c6b00859d97fbe7b6205/results/scatter_heart_plus_pericardium_Selewa_Nat_Commun_2023_author_cell_type_X_umap_a8bcce_onTarget.svg
scatter_heart_plus_pericardium_Selewa_Nat_Commun_2023_author_cell_type_X_umap_a8bcce_precision.html,s3://lifebit-user-data-6941eed90a4dd7a1d1026d7a/deploit/teams/69d8dd1e5d3e1f8c350e006f/users/68af3d99c99eb7bd2ff47bc8/projects/69f80768ca774c668fbaaed8/jobs/6a22c6b00859d97fbe7b6205/results/scatter_heart_plus_pericardium_Selewa_Nat_Commun_2023_author_cell_type_X_umap_a8bcce_precision.html
scatter_heart_plus_pericardium_Selewa_Nat_Commun_2023_author_cell_type_X_umap_a8bcce_precision.svg,s3://lifebit-user-data-6941eed90a4dd7a1d1026d7a/deploit/teams/69d8dd1e5d3e1f8c350e006f/users/68af3d99c99eb7bd2ff47bc8/projects/69f80768ca774c668fbaaed8/jobs/6a22c6b00859d97fbe7b6205/results/scatter_heart_plus_pericardium_Selewa_Nat_Commun_2023_author_cell_type_X_umap_a8bcce_precision.svg
scatter_heart_plus_pericardium_Selewa_Nat_Commun_2023_author_cell_type_X_umap_a8bcce_recall.html,s3://lifebit-user-data-6941eed90a4dd7a1d1026d7a/deploit/teams/69d8dd1e5d3e1f8c350e006f/users/68af3d99c99eb7bd2ff47bc8/projects/69f80768ca774c668fbaaed8/jobs/6a22c6b00859d97fbe7b6205/results/scatter_heart_plus_pericardium_Selewa_Nat_Commun_2023_author_cell_type_X_umap_a8bcce_recall.html
scatter_heart_plus_pericardium_Selewa_Nat_Commun_2023_author_cell_type_X_umap_a8bcce_recall.svg,s3://lifebit-user-data-6941eed90a4dd7a1d1026d7a/deploit/teams/69d8dd1e5d3e1f8c350e006f/users/68af3d99c99eb7bd2ff47bc8/projects/69f80768ca774c668fbaaed8/jobs/6a22c6b00859d97fbe7b6205/results/scatter_heart_plus_pericardium_Selewa_Nat_Commun_2023_author_cell_type_X_umap_a8bcce_recall.svg
scatter_heart_plus_pericardium_Sim_Circulation_2021_cell_type_X_umap_d94be2_f_score.html,s3://lifebit-user-data-6941eed90a4dd7a1d1026d7a/deploit/teams/69d8dd1e5d3e1f8c350e006f/users/68af3d99c99eb7bd2ff47bc8/projects/69f80768ca774c668fbaaed8/jobs/6a22c6b00859d97fbe7b6205/results/scatter_heart_plus_pericardium_Sim_Circulation_2021_cell_type_X_umap_d94be2_f_score.html
scatter_heart_plus_pericardium_Sim_Circulation_2021_cell_type_X_umap_d94be2_f_score.svg,s3://lifebit-user-data-6941eed90a4dd7a1d1026d7a/deploit/teams/69d8dd1e5d3e1f8c350e006f/users/68af3d99c99eb7bd2ff47bc8/projects/69f80768ca774c668fbaaed8/jobs/6a22c6b00859d97fbe7b6205/results/scatter_heart_plus_pericardium_Sim_Circulation_2021_cell_type_X_umap_d94be2_f_score.svg
scatter_heart_plus_pericardium_Sim_Circulation_2021_cell_type_X_umap_d94be2_onTarget.html,s3://lifebit-user-data-6941eed90a4dd7a1d1026d7a/deploit/teams/69d8dd1e5d3e1f8c350e006f/users/68af3d99c99eb7bd2ff47bc8/projects/69f80768ca774c668fbaaed8/jobs/6a22c6b00859d97fbe7b6205/results/scatter_heart_plus_pericardium_Sim_Circulation_2021_cell_type_X_umap_d94be2_onTarget.html
scatter_heart_plus_pericardium_Sim_Circulation_2021_cell_type_X_umap_d94be2_onTarget.svg,s3://lifebit-user-data-6941eed90a4dd7a1d1026d7a/deploit/teams/69d8dd1e5d3e1f8c350e006f/users/68af3d99c99eb7bd2ff47bc8/projects/69f80768ca774c668fbaaed8/jobs/6a22c6b00859d97fbe7b6205/results/scatter_heart_plus_pericardium_Sim_Circulation_2021_cell_type_X_umap_d94be2_onTarget.svg
scatter_heart_plus_pericardium_Sim_Circulation_2021_cell_type_X_umap_d94be2_precision.html,s3://lifebit-user-data-6941eed90a4dd7a1d1026d7a/deploit/teams/69d8dd1e5d3e1f8c350e006f/users/68af3d99c99eb7bd2ff47bc8/projects/69f80768ca774c668fbaaed8/jobs/6a22c6b00859d97fbe7b6205/results/scatter_heart_plus_pericardium_Sim_Circulation_2021_cell_type_X_umap_d94be2_precision.html
scatter_heart_plus_pericardium_Sim_Circulation_2021_cell_type_X_umap_d94be2_precision.svg,s3://lifebit-user-data-6941eed90a4dd7a1d1026d7a/deploit/teams/69d8dd1e5d3e1f8c350e006f/users/68af3d99c99eb7bd2ff47bc8/projects/69f80768ca774c668fbaaed8/jobs/6a22c6b00859d97fbe7b6205/results/scatter_heart_plus_pericardium_Sim_Circulation_2021_cell_type_X_umap_d94be2_precision.svg
scatter_heart_plus_pericardium_Sim_Circulation_2021_cell_type_X_umap_d94be2_recall.html,s3://lifebit-user-data-6941eed90a4dd7a1d1026d7a/deploit/teams/69d8dd1e5d3e1f8c350e006f/users/68af3d99c99eb7bd2ff47bc8/projects/69f80768ca774c668fbaaed8/jobs/6a22c6b00859d97fbe7b6205/results/scatter_heart_plus_pericardium_Sim_Circulation_2021_cell_type_X_umap_d94be2_recall.html
scatter_heart_plus_pericardium_Sim_Circulation_2021_cell_type_X_umap_d94be2_recall.svg,s3://lifebit-user-data-6941eed90a4dd7a1d1026d7a/deploit/teams/69d8dd1e5d3e1f8c350e006f/users/68af3d99c99eb7bd2ff47bc8/projects/69f80768ca774c668fbaaed8/jobs/6a22c6b00859d97fbe7b6205/results/scatter_heart_plus_pericardium_Sim_Circulation_2021_cell_type_X_umap_d94be2_recall.svg
scatter_heart_plus_pericardium_Xu_Cell_2023_Curated_annotation_X_umap_7d4811_f_score.html,s3://lifebit-user-data-6941eed90a4dd7a1d1026d7a/deploit/teams/69d8dd1e5d3e1f8c350e006f/users/68af3d99c99eb7bd2ff47bc8/projects/69f80768ca774c668fbaaed8/jobs/6a22c6b00859d97fbe7b6205/results/scatter_heart_plus_pericardium_Xu_Cell_2023_Curated_annotation_X_umap_7d4811_f_score.html
scatter_heart_plus_pericardium_Xu_Cell_2023_Curated_annotation_X_umap_7d4811_f_score.svg,s3://lifebit-user-data-6941eed90a4dd7a1d1026d7a/deploit/teams/69d8dd1e5d3e1f8c350e006f/users/68af3d99c99eb7bd2ff47bc8/projects/69f80768ca774c668fbaaed8/jobs/6a22c6b00859d97fbe7b6205/results/scatter_heart_plus_pericardium_Xu_Cell_2023_Curated_annotation_X_umap_7d4811_f_score.svg
scatter_heart_plus_pericardium_Xu_Cell_2023_Curated_annotation_X_umap_7d4811_onTarget.html,s3://lifebit-user-data-6941eed90a4dd7a1d1026d7a/deploit/teams/69d8dd1e5d3e1f8c350e006f/users/68af3d99c99eb7bd2ff47bc8/projects/69f80768ca774c668fbaaed8/jobs/6a22c6b00859d97fbe7b6205/results/scatter_heart_plus_pericardium_Xu_Cell_2023_Curated_annotation_X_umap_7d4811_onTarget.html
scatter_heart_plus_pericardium_Xu_Cell_2023_Curated_annotation_X_umap_7d4811_onTarget.svg,s3://lifebit-user-data-6941eed90a4dd7a1d1026d7a/deploit/teams/69d8dd1e5d3e1f8c350e006f/users/68af3d99c99eb7bd2ff47bc8/projects/69f80768ca774c668fbaaed8/jobs/6a22c6b00859d97fbe7b6205/results/scatter_heart_plus_pericardium_Xu_Cell_2023_Curated_annotation_X_umap_7d4811_onTarget.svg
scatter_heart_plus_pericardium_Xu_Cell_2023_Curated_annotation_X_umap_7d4811_precision.html,s3://lifebit-user-data-6941eed90a4dd7a1d1026d7a/deploit/teams/69d8dd1e5d3e1f8c350e006f/users/68af3d99c99eb7bd2ff47bc8/projects/69f80768ca774c668fbaaed8/jobs/6a22c6b00859d97fbe7b6205/results/scatter_heart_plus_pericardium_Xu_Cell_2023_Curated_annotation_X_umap_7d4811_precision.html
scatter_heart_plus_pericardium_Xu_Cell_2023_Curated_annotation_X_umap_7d4811_precision.svg,s3://lifebit-user-data-6941eed90a4dd7a1d1026d7a/deploit/teams/69d8dd1e5d3e1f8c350e006f/users/68af3d99c99eb7bd2ff47bc8/projects/69f80768ca774c668fbaaed8/jobs/6a22c6b00859d97fbe7b6205/results/scatter_heart_plus_pericardium_Xu_Cell_2023_Curated_annotation_X_umap_7d4811_precision.svg
scatter_heart_plus_pericardium_Xu_Cell_2023_Curated_annotation_X_umap_7d4811_recall.html,s3://lifebit-user-data-6941eed90a4dd7a1d1026d7a/deploit/teams/69d8dd1e5d3e1f8c350e006f/users/68af3d99c99eb7bd2ff47bc8/projects/69f80768ca774c668fbaaed8/jobs/6a22c6b00859d97fbe7b6205/results/scatter_heart_plus_pericardium_Xu_Cell_2023_Curated_annotation_X_umap_7d4811_recall.html
scatter_heart_plus_pericardium_Xu_Cell_2023_Curated_annotation_X_umap_7d4811_recall.svg,s3://lifebit-user-data-6941eed90a4dd7a1d1026d7a/deploit/teams/69d8dd1e5d3e1f8c350e006f/users/68af3d99c99eb7bd2ff47bc8/projects/69f80768ca774c668fbaaed8/jobs/6a22c6b00859d97fbe7b6205/results/scatter_heart_plus_pericardium_Xu_Cell_2023_Curated_annotation_X_umap_7d4811_recall.svg
scatter_heart_plus_pericardium_Zhao_Cell_Genomics_2025_author_cell_type_X_umap_9b5568_f_score.html,s3://lifebit-user-data-6941eed90a4dd7a1d1026d7a/deploit/teams/69d8dd1e5d3e1f8c350e006f/users/68af3d99c99eb7bd2ff47bc8/projects/69f80768ca774c668fbaaed8/jobs/6a22c6b00859d97fbe7b6205/results/scatter_heart_plus_pericardium_Zhao_Cell_Genomics_2025_author_cell_type_X_umap_9b5568_f_score.html
scatter_heart_plus_pericardium_Zhao_Cell_Genomics_2025_author_cell_type_X_umap_9b5568_f_score.svg,s3://lifebit-user-data-6941eed90a4dd7a1d1026d7a/deploit/teams/69d8dd1e5d3e1f8c350e006f/users/68af3d99c99eb7bd2ff47bc8/projects/69f80768ca774c668fbaaed8/jobs/6a22c6b00859d97fbe7b6205/results/scatter_heart_plus_pericardium_Zhao_Cell_Genomics_2025_author_cell_type_X_umap_9b5568_f_score.svg
scatter_heart_plus_pericardium_Zhao_Cell_Genomics_2025_author_cell_type_X_umap_9b5568_onTarget.html,s3://lifebit-user-data-6941eed90a4dd7a1d1026d7a/deploit/teams/69d8dd1e5d3e1f8c350e006f/users/68af3d99c99eb7bd2ff47bc8/projects/69f80768ca774c668fbaaed8/jobs/6a22c6b00859d97fbe7b6205/results/scatter_heart_plus_pericardium_Zhao_Cell_Genomics_2025_author_cell_type_X_umap_9b5568_onTarget.html
scatter_heart_plus_pericardium_Zhao_Cell_Genomics_2025_author_cell_type_X_umap_9b5568_onTarget.svg,s3://lifebit-user-data-6941eed90a4dd7a1d1026d7a/deploit/teams/69d8dd1e5d3e1f8c350e006f/users/68af3d99c99eb7bd2ff47bc8/projects/69f80768ca774c668fbaaed8/jobs/6a22c6b00859d97fbe7b6205/results/scatter_heart_plus_pericardium_Zhao_Cell_Genomics_2025_author_cell_type_X_umap_9b5568_onTarget.svg
scatter_heart_plus_pericardium_Zhao_Cell_Genomics_2025_author_cell_type_X_umap_9b5568_precision.html,s3://lifebit-user-data-6941eed90a4dd7a1d1026d7a/deploit/teams/69d8dd1e5d3e1f8c350e006f/users/68af3d99c99eb7bd2ff47bc8/projects/69f80768ca774c668fbaaed8/jobs/6a22c6b00859d97fbe7b6205/results/scatter_heart_plus_pericardium_Zhao_Cell_Genomics_2025_author_cell_type_X_umap_9b5568_precision.html
scatter_heart_plus_pericardium_Zhao_Cell_Genomics_2025_author_cell_type_X_umap_9b5568_precision.svg,s3://lifebit-user-data-6941eed90a4dd7a1d1026d7a/deploit/teams/69d8dd1e5d3e1f8c350e006f/users/68af3d99c99eb7bd2ff47bc8/projects/69f80768ca774c668fbaaed8/jobs/6a22c6b00859d97fbe7b6205/results/scatter_heart_plus_pericardium_Zhao_Cell_Genomics_2025_author_cell_type_X_umap_9b5568_precision.svg
scatter_heart_plus_pericardium_Zhao_Cell_Genomics_2025_author_cell_type_X_umap_9b5568_recall.html,s3://lifebit-user-data-6941eed90a4dd7a1d1026d7a/deploit/teams/69d8dd1e5d3e1f8c350e006f/users/68af3d99c99eb7bd2ff47bc8/projects/69f80768ca774c668fbaaed8/jobs/6a22c6b00859d97fbe7b6205/results/scatter_heart_plus_pericardium_Zhao_Cell_Genomics_2025_author_cell_type_X_umap_9b5568_recall.html
scatter_heart_plus_pericardium_Zhao_Cell_Genomics_2025_author_cell_type_X_umap_9b5568_recall.svg,s3://lifebit-user-data-6941eed90a4dd7a1d1026d7a/deploit/teams/69d8dd1e5d3e1f8c350e006f/users/68af3d99c99eb7bd2ff47bc8/projects/69f80768ca774c668fbaaed8/jobs/6a22c6b00859d97fbe7b6205/results/scatter_heart_plus_pericardium_Zhao_Cell_Genomics_2025_author_cell_type_X_umap_9b5568_recall.svg
scsilhouette_cluster_summary_heart_plus_pericardium_Eraslan_Science_2022_Broad_cell_type_X_umap_f44b0f.csv,s3://lifebit-user-data-6941eed90a4dd7a1d1026d7a/deploit/teams/69d8dd1e5d3e1f8c350e006f/users/68af3d99c99eb7bd2ff47bc8/projects/69f80768ca774c668fbaaed8/jobs/6a22c6b00859d97fbe7b6205/results/scsilhouette_cluster_summary_heart_plus_pericardium_Eraslan_Science_2022_Broad_cell_type_X_umap_f44b0f.csv
scsilhouette_cluster_summary_heart_plus_pericardium_Han_Nature_2020_author_cell_type_X_umap_5c7ea7.csv,s3://lifebit-user-data-6941eed90a4dd7a1d1026d7a/deploit/teams/69d8dd1e5d3e1f8c350e006f/users/68af3d99c99eb7bd2ff47bc8/projects/69f80768ca774c668fbaaed8/jobs/6a22c6b00859d97fbe7b6205/results/scsilhouette_cluster_summary_heart_plus_pericardium_Han_Nature_2020_author_cell_type_X_umap_5c7ea7.csv
scsilhouette_cluster_summary_heart_plus_pericardium_Hulsmans_Science_2023_celltype_X_umap_626931.csv,s3://lifebit-user-data-6941eed90a4dd7a1d1026d7a/deploit/teams/69d8dd1e5d3e1f8c350e006f/users/68af3d99c99eb7bd2ff47bc8/projects/69f80768ca774c668fbaaed8/jobs/6a22c6b00859d97fbe7b6205/results/scsilhouette_cluster_summary_heart_plus_pericardium_Hulsmans_Science_2023_celltype_X_umap_626931.csv
scsilhouette_cluster_summary_heart_plus_pericardium_Litvinukova_Nature_2020_cell_type_X_umap_2fcb9b.csv,s3://lifebit-user-data-6941eed90a4dd7a1d1026d7a/deploit/teams/69d8dd1e5d3e1f8c350e006f/users/68af3d99c99eb7bd2ff47bc8/projects/69f80768ca774c668fbaaed8/jobs/6a22c6b00859d97fbe7b6205/results/scsilhouette_cluster_summary_heart_plus_pericardium_Litvinukova_Nature_2020_cell_type_X_umap_2fcb9b.csv
scsilhouette_cluster_summary_heart_plus_pericardium_Maatz_Nat_Cardiovasc_Res_2025_author_cell_type_X_umap_b6d046.csv,s3://lifebit-user-data-6941eed90a4dd7a1d1026d7a/deploit/teams/69d8dd1e5d3e1f8c350e006f/users/68af3d99c99eb7bd2ff47bc8/projects/69f80768ca774c668fbaaed8/jobs/6a22c6b00859d97fbe7b6205/results/scsilhouette_cluster_summary_heart_plus_pericardium_Maatz_Nat_Cardiovasc_Res_2025_author_cell_type_X_umap_b6d046.csv
scsilhouette_cluster_summary_heart_plus_pericardium_Selewa_Nat_Commun_2023_author_cell_type_X_umap_a8bcce.csv,s3://lifebit-user-data-6941eed90a4dd7a1d1026d7a/deploit/teams/69d8dd1e5d3e1f8c350e006f/users/68af3d99c99eb7bd2ff47bc8/projects/69f80768ca774c668fbaaed8/jobs/6a22c6b00859d97fbe7b6205/results/scsilhouette_cluster_summary_heart_plus_pericardium_Selewa_Nat_Commun_2023_author_cell_type_X_umap_a8bcce.csv
scsilhouette_cluster_summary_heart_plus_pericardium_Sim_Circulation_2021_cell_type_X_umap_d94be2.csv,s3://lifebit-user-data-6941eed90a4dd7a1d1026d7a/deploit/teams/69d8dd1e5d3e1f8c350e006f/users/68af3d99c99eb7bd2ff47bc8/projects/69f80768ca774c668fbaaed8/jobs/6a22c6b00859d97fbe7b6205/results/scsilhouette_cluster_summary_heart_plus_pericardium_Sim_Circulation_2021_cell_type_X_umap_d94be2.csv
scsilhouette_cluster_summary_heart_plus_pericardium_Xu_Cell_2023_Curated_annotation_X_umap_7d4811.csv,s3://lifebit-user-data-6941eed90a4dd7a1d1026d7a/deploit/teams/69d8dd1e5d3e1f8c350e006f/users/68af3d99c99eb7bd2ff47bc8/projects/69f80768ca774c668fbaaed8/jobs/6a22c6b00859d97fbe7b6205/results/scsilhouette_cluster_summary_heart_plus_pericardium_Xu_Cell_2023_Curated_annotation_X_umap_7d4811.csv
scsilhouette_cluster_summary_heart_plus_pericardium_Zhao_Cell_Genomics_2025_author_cell_type_X_umap_9b5568.csv,s3://lifebit-user-data-6941eed90a4dd7a1d1026d7a/deploit/teams/69d8dd1e5d3e1f8c350e006f/users/68af3d99c99eb7bd2ff47bc8/projects/69f80768ca774c668fbaaed8/jobs/6a22c6b00859d97fbe7b6205/results/scsilhouette_cluster_summary_heart_plus_pericardium_Zhao_Cell_Genomics_2025_author_cell_type_X_umap_9b5568.csv
silhouette_fscore_summary_heart_plus_pericardium_Eraslan_Science_2022_Broad_cell_type_X_umap_f44b0f.csv,s3://lifebit-user-data-6941eed90a4dd7a1d1026d7a/deploit/teams/69d8dd1e5d3e1f8c350e006f/users/68af3d99c99eb7bd2ff47bc8/projects/69f80768ca774c668fbaaed8/jobs/6a22c6b00859d97fbe7b6205/results/silhouette_fscore_summary_heart_plus_pericardium_Eraslan_Science_2022_Broad_cell_type_X_umap_f44b0f.csv
silhouette_fscore_summary_heart_plus_pericardium_Eraslan_Science_2022_Broad_cell_type_X_umap_f44b0f.html,s3://lifebit-user-data-6941eed90a4dd7a1d1026d7a/deploit/teams/69d8dd1e5d3e1f8c350e006f/users/68af3d99c99eb7bd2ff47bc8/projects/69f80768ca774c668fbaaed8/jobs/6a22c6b00859d97fbe7b6205/results/silhouette_fscore_summary_heart_plus_pericardium_Eraslan_Science_2022_Broad_cell_type_X_umap_f44b0f.html
silhouette_fscore_summary_heart_plus_pericardium_Eraslan_Science_2022_Broad_cell_type_X_umap_f44b0f.svg,s3://lifebit-user-data-6941eed90a4dd7a1d1026d7a/deploit/teams/69d8dd1e5d3e1f8c350e006f/users/68af3d99c99eb7bd2ff47bc8/projects/69f80768ca774c668fbaaed8/jobs/6a22c6b00859d97fbe7b6205/results/silhouette_fscore_summary_heart_plus_pericardium_Eraslan_Science_2022_Broad_cell_type_X_umap_f44b0f.svg
silhouette_fscore_summary_heart_plus_pericardium_Han_Nature_2020_author_cell_type_X_umap_5c7ea7.csv,s3://lifebit-user-data-6941eed90a4dd7a1d1026d7a/deploit/teams/69d8dd1e5d3e1f8c350e006f/users/68af3d99c99eb7bd2ff47bc8/projects/69f80768ca774c668fbaaed8/jobs/6a22c6b00859d97fbe7b6205/results/silhouette_fscore_summary_heart_plus_pericardium_Han_Nature_2020_author_cell_type_X_umap_5c7ea7.csv
silhouette_fscore_summary_heart_plus_pericardium_Han_Nature_2020_author_cell_type_X_umap_5c7ea7.html,s3://lifebit-user-data-6941eed90a4dd7a1d1026d7a/deploit/teams/69d8dd1e5d3e1f8c350e006f/users/68af3d99c99eb7bd2ff47bc8/projects/69f80768ca774c668fbaaed8/jobs/6a22c6b00859d97fbe7b6205/results/silhouette_fscore_summary_heart_plus_pericardium_Han_Nature_2020_author_cell_type_X_umap_5c7ea7.html
silhouette_fscore_summary_heart_plus_pericardium_Han_Nature_2020_author_cell_type_X_umap_5c7ea7.svg,s3://lifebit-user-data-6941eed90a4dd7a1d1026d7a/deploit/teams/69d8dd1e5d3e1f8c350e006f/users/68af3d99c99eb7bd2ff47bc8/projects/69f80768ca774c668fbaaed8/jobs/6a22c6b00859d97fbe7b6205/results/silhouette_fscore_summary_heart_plus_pericardium_Han_Nature_2020_author_cell_type_X_umap_5c7ea7.svg
silhouette_fscore_summary_heart_plus_pericardium_Hulsmans_Science_2023_celltype_X_umap_626931.csv,s3://lifebit-user-data-6941eed90a4dd7a1d1026d7a/deploit/teams/69d8dd1e5d3e1f8c350e006f/users/68af3d99c99eb7bd2ff47bc8/projects/69f80768ca774c668fbaaed8/jobs/6a22c6b00859d97fbe7b6205/results/silhouette_fscore_summary_heart_plus_pericardium_Hulsmans_Science_2023_celltype_X_umap_626931.csv
silhouette_fscore_summary_heart_plus_pericardium_Hulsmans_Science_2023_celltype_X_umap_626931.html,s3://lifebit-user-data-6941eed90a4dd7a1d1026d7a/deploit/teams/69d8dd1e5d3e1f8c350e006f/users/68af3d99c99eb7bd2ff47bc8/projects/69f80768ca774c668fbaaed8/jobs/6a22c6b00859d97fbe7b6205/results/silhouette_fscore_summary_heart_plus_pericardium_Hulsmans_Science_2023_celltype_X_umap_626931.html
silhouette_fscore_summary_heart_plus_pericardium_Hulsmans_Science_2023_celltype_X_umap_626931.svg,s3://lifebit-user-data-6941eed90a4dd7a1d1026d7a/deploit/teams/69d8dd1e5d3e1f8c350e006f/users/68af3d99c99eb7bd2ff47bc8/projects/69f80768ca774c668fbaaed8/jobs/6a22c6b00859d97fbe7b6205/results/silhouette_fscore_summary_heart_plus_pericardium_Hulsmans_Science_2023_celltype_X_umap_626931.svg
silhouette_fscore_summary_heart_plus_pericardium_Litvinukova_Nature_2020_cell_type_X_umap_2fcb9b.csv,s3://lifebit-user-data-6941eed90a4dd7a1d1026d7a/deploit/teams/69d8dd1e5d3e1f8c350e006f/users/68af3d99c99eb7bd2ff47bc8/projects/69f80768ca774c668fbaaed8/jobs/6a22c6b00859d97fbe7b6205/results/silhouette_fscore_summary_heart_plus_pericardium_Litvinukova_Nature_2020_cell_type_X_umap_2fcb9b.csv
silhouette_fscore_summary_heart_plus_pericardium_Litvinukova_Nature_2020_cell_type_X_umap_2fcb9b.html,s3://lifebit-user-data-6941eed90a4dd7a1d1026d7a/deploit/teams/69d8dd1e5d3e1f8c350e006f/users/68af3d99c99eb7bd2ff47bc8/projects/69f80768ca774c668fbaaed8/jobs/6a22c6b00859d97fbe7b6205/results/silhouette_fscore_summary_heart_plus_pericardium_Litvinukova_Nature_2020_cell_type_X_umap_2fcb9b.html
silhouette_fscore_summary_heart_plus_pericardium_Litvinukova_Nature_2020_cell_type_X_umap_2fcb9b.svg,s3://lifebit-user-data-6941eed90a4dd7a1d1026d7a/deploit/teams/69d8dd1e5d3e1f8c350e006f/users/68af3d99c99eb7bd2ff47bc8/projects/69f80768ca774c668fbaaed8/jobs/6a22c6b00859d97fbe7b6205/results/silhouette_fscore_summary_heart_plus_pericardium_Litvinukova_Nature_2020_cell_type_X_umap_2fcb9b.svg
silhouette_fscore_summary_heart_plus_pericardium_Maatz_Nat_Cardiovasc_Res_2025_author_cell_type_X_umap_b6d046.csv,s3://lifebit-user-data-6941eed90a4dd7a1d1026d7a/deploit/teams/69d8dd1e5d3e1f8c350e006f/users/68af3d99c99eb7bd2ff47bc8/projects/69f80768ca774c668fbaaed8/jobs/6a22c6b00859d97fbe7b6205/results/silhouette_fscore_summary_heart_plus_pericardium_Maatz_Nat_Cardiovasc_Res_2025_author_cell_type_X_umap_b6d046.csv
silhouette_fscore_summary_heart_plus_pericardium_Maatz_Nat_Cardiovasc_Res_2025_author_cell_type_X_umap_b6d046.html,s3://lifebit-user-data-6941eed90a4dd7a1d1026d7a/deploit/teams/69d8dd1e5d3e1f8c350e006f/users/68af3d99c99eb7bd2ff47bc8/projects/69f80768ca774c668fbaaed8/jobs/6a22c6b00859d97fbe7b6205/results/silhouette_fscore_summary_heart_plus_pericardium_Maatz_Nat_Cardiovasc_Res_2025_author_cell_type_X_umap_b6d046.html
silhouette_fscore_summary_heart_plus_pericardium_Maatz_Nat_Cardiovasc_Res_2025_author_cell_type_X_umap_b6d046.svg,s3://lifebit-user-data-6941eed90a4dd7a1d1026d7a/deploit/teams/69d8dd1e5d3e1f8c350e006f/users/68af3d99c99eb7bd2ff47bc8/projects/69f80768ca774c668fbaaed8/jobs/6a22c6b00859d97fbe7b6205/results/silhouette_fscore_summary_heart_plus_pericardium_Maatz_Nat_Cardiovasc_Res_2025_author_cell_type_X_umap_b6d046.svg
silhouette_fscore_summary_heart_plus_pericardium_Selewa_Nat_Commun_2023_author_cell_type_X_umap_a8bcce.csv,s3://lifebit-user-data-6941eed90a4dd7a1d1026d7a/deploit/teams/69d8dd1e5d3e1f8c350e006f/users/68af3d99c99eb7bd2ff47bc8/projects/69f80768ca774c668fbaaed8/jobs/6a22c6b00859d97fbe7b6205/results/silhouette_fscore_summary_heart_plus_pericardium_Selewa_Nat_Commun_2023_author_cell_type_X_umap_a8bcce.csv
silhouette_fscore_summary_heart_plus_pericardium_Selewa_Nat_Commun_2023_author_cell_type_X_umap_a8bcce.html,s3://lifebit-user-data-6941eed90a4dd7a1d1026d7a/deploit/teams/69d8dd1e5d3e1f8c350e006f/users/68af3d99c99eb7bd2ff47bc8/projects/69f80768ca774c668fbaaed8/jobs/6a22c6b00859d97fbe7b6205/results/silhouette_fscore_summary_heart_plus_pericardium_Selewa_Nat_Commun_2023_author_cell_type_X_umap_a8bcce.html
silhouette_fscore_summary_heart_plus_pericardium_Selewa_Nat_Commun_2023_author_cell_type_X_umap_a8bcce.svg,s3://lifebit-user-data-6941eed90a4dd7a1d1026d7a/deploit/teams/69d8dd1e5d3e1f8c350e006f/users/68af3d99c99eb7bd2ff47bc8/projects/69f80768ca774c668fbaaed8/jobs/6a22c6b00859d97fbe7b6205/results/silhouette_fscore_summary_heart_plus_pericardium_Selewa_Nat_Commun_2023_author_cell_type_X_umap_a8bcce.svg
silhouette_fscore_summary_heart_plus_pericardium_Sim_Circulation_2021_cell_type_X_umap_d94be2.csv,s3://lifebit-user-data-6941eed90a4dd7a1d1026d7a/deploit/teams/69d8dd1e5d3e1f8c350e006f/users/68af3d99c99eb7bd2ff47bc8/projects/69f80768ca774c668fbaaed8/jobs/6a22c6b00859d97fbe7b6205/results/silhouette_fscore_summary_heart_plus_pericardium_Sim_Circulation_2021_cell_type_X_umap_d94be2.csv
silhouette_fscore_summary_heart_plus_pericardium_Sim_Circulation_2021_cell_type_X_umap_d94be2.html,s3://lifebit-user-data-6941eed90a4dd7a1d1026d7a/deploit/teams/69d8dd1e5d3e1f8c350e006f/users/68af3d99c99eb7bd2ff47bc8/projects/69f80768ca774c668fbaaed8/jobs/6a22c6b00859d97fbe7b6205/results/silhouette_fscore_summary_heart_plus_pericardium_Sim_Circulation_2021_cell_type_X_umap_d94be2.html
silhouette_fscore_summary_heart_plus_pericardium_Sim_Circulation_2021_cell_type_X_umap_d94be2.svg,s3://lifebit-user-data-6941eed90a4dd7a1d1026d7a/deploit/teams/69d8dd1e5d3e1f8c350e006f/users/68af3d99c99eb7bd2ff47bc8/projects/69f80768ca774c668fbaaed8/jobs/6a22c6b00859d97fbe7b6205/results/silhouette_fscore_summary_heart_plus_pericardium_Sim_Circulation_2021_cell_type_X_umap_d94be2.svg
silhouette_fscore_summary_heart_plus_pericardium_Xu_Cell_2023_Curated_annotation_X_umap_7d4811.csv,s3://lifebit-user-data-6941eed90a4dd7a1d1026d7a/deploit/teams/69d8dd1e5d3e1f8c350e006f/users/68af3d99c99eb7bd2ff47bc8/projects/69f80768ca774c668fbaaed8/jobs/6a22c6b00859d97fbe7b6205/results/silhouette_fscore_summary_heart_plus_pericardium_Xu_Cell_2023_Curated_annotation_X_umap_7d4811.csv
silhouette_fscore_summary_heart_plus_pericardium_Xu_Cell_2023_Curated_annotation_X_umap_7d4811.html,s3://lifebit-user-data-6941eed90a4dd7a1d1026d7a/deploit/teams/69d8dd1e5d3e1f8c350e006f/users/68af3d99c99eb7bd2ff47bc8/projects/69f80768ca774c668fbaaed8/jobs/6a22c6b00859d97fbe7b6205/results/silhouette_fscore_summary_heart_plus_pericardium_Xu_Cell_2023_Curated_annotation_X_umap_7d4811.html
silhouette_fscore_summary_heart_plus_pericardium_Xu_Cell_2023_Curated_annotation_X_umap_7d4811.svg,s3://lifebit-user-data-6941eed90a4dd7a1d1026d7a/deploit/teams/69d8dd1e5d3e1f8c350e006f/users/68af3d99c99eb7bd2ff47bc8/projects/69f80768ca774c668fbaaed8/jobs/6a22c6b00859d97fbe7b6205/results/silhouette_fscore_summary_heart_plus_pericardium_Xu_Cell_2023_Curated_annotation_X_umap_7d4811.svg
silhouette_fscore_summary_heart_plus_pericardium_Zhao_Cell_Genomics_2025_author_cell_type_X_umap_9b5568.csv,s3://lifebit-user-data-6941eed90a4dd7a1d1026d7a/deploit/teams/69d8dd1e5d3e1f8c350e006f/users/68af3d99c99eb7bd2ff47bc8/projects/69f80768ca774c668fbaaed8/jobs/6a22c6b00859d97fbe7b6205/results/silhouette_fscore_summary_heart_plus_pericardium_Zhao_Cell_Genomics_2025_author_cell_type_X_umap_9b5568.csv
silhouette_fscore_summary_heart_plus_pericardium_Zhao_Cell_Genomics_2025_author_cell_type_X_umap_9b5568.html,s3://lifebit-user-data-6941eed90a4dd7a1d1026d7a/deploit/teams/69d8dd1e5d3e1f8c350e006f/users/68af3d99c99eb7bd2ff47bc8/projects/69f80768ca774c668fbaaed8/jobs/6a22c6b00859d97fbe7b6205/results/silhouette_fscore_summary_heart_plus_pericardium_Zhao_Cell_Genomics_2025_author_cell_type_X_umap_9b5568.html
silhouette_fscore_summary_heart_plus_pericardium_Zhao_Cell_Genomics_2025_author_cell_type_X_umap_9b5568.svg,s3://lifebit-user-data-6941eed90a4dd7a1d1026d7a/deploit/teams/69d8dd1e5d3e1f8c350e006f/users/68af3d99c99eb7bd2ff47bc8/projects/69f80768ca774c668fbaaed8/jobs/6a22c6b00859d97fbe7b6205/results/silhouette_fscore_summary_heart_plus_pericardium_Zhao_Cell_Genomics_2025_author_cell_type_X_umap_9b5568.svg
silhouette_scores_heart_plus_pericardium_Eraslan_Science_2022_Broad_cell_type_X_umap_f44b0f.csv,s3://lifebit-user-data-6941eed90a4dd7a1d1026d7a/deploit/teams/69d8dd1e5d3e1f8c350e006f/users/68af3d99c99eb7bd2ff47bc8/projects/69f80768ca774c668fbaaed8/jobs/6a22c6b00859d97fbe7b6205/results/silhouette_scores_heart_plus_pericardium_Eraslan_Science_2022_Broad_cell_type_X_umap_f44b0f.csv
silhouette_scores_heart_plus_pericardium_Han_Nature_2020_author_cell_type_X_umap_5c7ea7.csv,s3://lifebit-user-data-6941eed90a4dd7a1d1026d7a/deploit/teams/69d8dd1e5d3e1f8c350e006f/users/68af3d99c99eb7bd2ff47bc8/projects/69f80768ca774c668fbaaed8/jobs/6a22c6b00859d97fbe7b6205/results/silhouette_scores_heart_plus_pericardium_Han_Nature_2020_author_cell_type_X_umap_5c7ea7.csv
silhouette_scores_heart_plus_pericardium_Hulsmans_Science_2023_celltype_X_umap_626931.csv,s3://lifebit-user-data-6941eed90a4dd7a1d1026d7a/deploit/teams/69d8dd1e5d3e1f8c350e006f/users/68af3d99c99eb7bd2ff47bc8/projects/69f80768ca774c668fbaaed8/jobs/6a22c6b00859d97fbe7b6205/results/silhouette_scores_heart_plus_pericardium_Hulsmans_Science_2023_celltype_X_umap_626931.csv
silhouette_scores_heart_plus_pericardium_Litvinukova_Nature_2020_cell_type_X_umap_2fcb9b.csv,s3://lifebit-user-data-6941eed90a4dd7a1d1026d7a/deploit/teams/69d8dd1e5d3e1f8c350e006f/users/68af3d99c99eb7bd2ff47bc8/projects/69f80768ca774c668fbaaed8/jobs/6a22c6b00859d97fbe7b6205/results/silhouette_scores_heart_plus_pericardium_Litvinukova_Nature_2020_cell_type_X_umap_2fcb9b.csv
silhouette_scores_heart_plus_pericardium_Maatz_Nat_Cardiovasc_Res_2025_author_cell_type_X_umap_b6d046.csv,s3://lifebit-user-data-6941eed90a4dd7a1d1026d7a/deploit/teams/69d8dd1e5d3e1f8c350e006f/users/68af3d99c99eb7bd2ff47bc8/projects/69f80768ca774c668fbaaed8/jobs/6a22c6b00859d97fbe7b6205/results/silhouette_scores_heart_plus_pericardium_Maatz_Nat_Cardiovasc_Res_2025_author_cell_type_X_umap_b6d046.csv
silhouette_scores_heart_plus_pericardium_Selewa_Nat_Commun_2023_author_cell_type_X_umap_a8bcce.csv,s3://lifebit-user-data-6941eed90a4dd7a1d1026d7a/deploit/teams/69d8dd1e5d3e1f8c350e006f/users/68af3d99c99eb7bd2ff47bc8/projects/69f80768ca774c668fbaaed8/jobs/6a22c6b00859d97fbe7b6205/results/silhouette_scores_heart_plus_pericardium_Selewa_Nat_Commun_2023_author_cell_type_X_umap_a8bcce.csv
silhouette_scores_heart_plus_pericardium_Sim_Circulation_2021_cell_type_X_umap_d94be2.csv,s3://lifebit-user-data-6941eed90a4dd7a1d1026d7a/deploit/teams/69d8dd1e5d3e1f8c350e006f/users/68af3d99c99eb7bd2ff47bc8/projects/69f80768ca774c668fbaaed8/jobs/6a22c6b00859d97fbe7b6205/results/silhouette_scores_heart_plus_pericardium_Sim_Circulation_2021_cell_type_X_umap_d94be2.csv
silhouette_scores_heart_plus_pericardium_Xu_Cell_2023_Curated_annotation_X_umap_7d4811.csv,s3://lifebit-user-data-6941eed90a4dd7a1d1026d7a/deploit/teams/69d8dd1e5d3e1f8c350e006f/users/68af3d99c99eb7bd2ff47bc8/projects/69f80768ca774c668fbaaed8/jobs/6a22c6b00859d97fbe7b6205/results/silhouette_scores_heart_plus_pericardium_Xu_Cell_2023_Curated_annotation_X_umap_7d4811.csv
silhouette_scores_heart_plus_pericardium_Zhao_Cell_Genomics_2025_author_cell_type_X_umap_9b5568.csv,s3://lifebit-user-data-6941eed90a4dd7a1d1026d7a/deploit/teams/69d8dd1e5d3e1f8c350e006f/users/68af3d99c99eb7bd2ff47bc8/projects/69f80768ca774c668fbaaed8/jobs/6a22c6b00859d97fbe7b6205/results/silhouette_scores_heart_plus_pericardium_Zhao_Cell_Genomics_2025_author_cell_type_X_umap_9b5568.csv
stacked_violin__scaledheart_plus_pericardium_Eraslan_Science_2022_Broad_cell_type_X_umap_f44b0f.svg,s3://lifebit-user-data-6941eed90a4dd7a1d1026d7a/deploit/teams/69d8dd1e5d3e1f8c350e006f/users/68af3d99c99eb7bd2ff47bc8/projects/69f80768ca774c668fbaaed8/jobs/6a22c6b00859d97fbe7b6205/results/stacked_violin__scaledheart_plus_pericardium_Eraslan_Science_2022_Broad_cell_type_X_umap_f44b0f.svg
stacked_violin__scaledheart_plus_pericardium_Han_Nature_2020_author_cell_type_X_umap_5c7ea7.svg,s3://lifebit-user-data-6941eed90a4dd7a1d1026d7a/deploit/teams/69d8dd1e5d3e1f8c350e006f/users/68af3d99c99eb7bd2ff47bc8/projects/69f80768ca774c668fbaaed8/jobs/6a22c6b00859d97fbe7b6205/results/stacked_violin__scaledheart_plus_pericardium_Han_Nature_2020_author_cell_type_X_umap_5c7ea7.svg
stacked_violin__scaledheart_plus_pericardium_Hulsmans_Science_2023_celltype_X_umap_626931.svg,s3://lifebit-user-data-6941eed90a4dd7a1d1026d7a/deploit/teams/69d8dd1e5d3e1f8c350e006f/users/68af3d99c99eb7bd2ff47bc8/projects/69f80768ca774c668fbaaed8/jobs/6a22c6b00859d97fbe7b6205/results/stacked_violin__scaledheart_plus_pericardium_Hulsmans_Science_2023_celltype_X_umap_626931.svg
stacked_violin__scaledheart_plus_pericardium_Litvinukova_Nature_2020_cell_type_X_umap_2fcb9b.svg,s3://lifebit-user-data-6941eed90a4dd7a1d1026d7a/deploit/teams/69d8dd1e5d3e1f8c350e006f/users/68af3d99c99eb7bd2ff47bc8/projects/69f80768ca774c668fbaaed8/jobs/6a22c6b00859d97fbe7b6205/results/stacked_violin__scaledheart_plus_pericardium_Litvinukova_Nature_2020_cell_type_X_umap_2fcb9b.svg
stacked_violin__scaledheart_plus_pericardium_Maatz_Nat_Cardiovasc_Res_2025_author_cell_type_X_umap_b6d046.svg,s3://lifebit-user-data-6941eed90a4dd7a1d1026d7a/deploit/teams/69d8dd1e5d3e1f8c350e006f/users/68af3d99c99eb7bd2ff47bc8/projects/69f80768ca774c668fbaaed8/jobs/6a22c6b00859d97fbe7b6205/results/stacked_violin__scaledheart_plus_pericardium_Maatz_Nat_Cardiovasc_Res_2025_author_cell_type_X_umap_b6d046.svg
stacked_violin__scaledheart_plus_pericardium_Selewa_Nat_Commun_2023_author_cell_type_X_umap_a8bcce.svg,s3://lifebit-user-data-6941eed90a4dd7a1d1026d7a/deploit/teams/69d8dd1e5d3e1f8c350e006f/users/68af3d99c99eb7bd2ff47bc8/projects/69f80768ca774c668fbaaed8/jobs/6a22c6b00859d97fbe7b6205/results/stacked_violin__scaledheart_plus_pericardium_Selewa_Nat_Commun_2023_author_cell_type_X_umap_a8bcce.svg
stacked_violin__scaledheart_plus_pericardium_Sim_Circulation_2021_cell_type_X_umap_d94be2.svg,s3://lifebit-user-data-6941eed90a4dd7a1d1026d7a/deploit/teams/69d8dd1e5d3e1f8c350e006f/users/68af3d99c99eb7bd2ff47bc8/projects/69f80768ca774c668fbaaed8/jobs/6a22c6b00859d97fbe7b6205/results/stacked_violin__scaledheart_plus_pericardium_Sim_Circulation_2021_cell_type_X_umap_d94be2.svg
stacked_violin__scaledheart_plus_pericardium_Xu_Cell_2023_Curated_annotation_X_umap_7d4811.svg,s3://lifebit-user-data-6941eed90a4dd7a1d1026d7a/deploit/teams/69d8dd1e5d3e1f8c350e006f/users/68af3d99c99eb7bd2ff47bc8/projects/69f80768ca774c668fbaaed8/jobs/6a22c6b00859d97fbe7b6205/results/stacked_violin__scaledheart_plus_pericardium_Xu_Cell_2023_Curated_annotation_X_umap_7d4811.svg
stacked_violin__scaledheart_plus_pericardium_Zhao_Cell_Genomics_2025_author_cell_type_X_umap_9b5568.svg,s3://lifebit-user-data-6941eed90a4dd7a1d1026d7a/deploit/teams/69d8dd1e5d3e1f8c350e006f/users/68af3d99c99eb7bd2ff47bc8/projects/69f80768ca774c668fbaaed8/jobs/6a22c6b00859d97fbe7b6205/results/stacked_violin__scaledheart_plus_pericardium_Zhao_Cell_Genomics_2025_author_cell_type_X_umap_9b5568.svg
stacked_violin_heart_plus_pericardium_Eraslan_Science_2022_Broad_cell_type_X_umap_f44b0f.svg,s3://lifebit-user-data-6941eed90a4dd7a1d1026d7a/deploit/teams/69d8dd1e5d3e1f8c350e006f/users/68af3d99c99eb7bd2ff47bc8/projects/69f80768ca774c668fbaaed8/jobs/6a22c6b00859d97fbe7b6205/results/stacked_violin_heart_plus_pericardium_Eraslan_Science_2022_Broad_cell_type_X_umap_f44b0f.svg
stacked_violin_heart_plus_pericardium_Han_Nature_2020_author_cell_type_X_umap_5c7ea7.svg,s3://lifebit-user-data-6941eed90a4dd7a1d1026d7a/deploit/teams/69d8dd1e5d3e1f8c350e006f/users/68af3d99c99eb7bd2ff47bc8/projects/69f80768ca774c668fbaaed8/jobs/6a22c6b00859d97fbe7b6205/results/stacked_violin_heart_plus_pericardium_Han_Nature_2020_author_cell_type_X_umap_5c7ea7.svg
stacked_violin_heart_plus_pericardium_Hulsmans_Science_2023_celltype_X_umap_626931.svg,s3://lifebit-user-data-6941eed90a4dd7a1d1026d7a/deploit/teams/69d8dd1e5d3e1f8c350e006f/users/68af3d99c99eb7bd2ff47bc8/projects/69f80768ca774c668fbaaed8/jobs/6a22c6b00859d97fbe7b6205/results/stacked_violin_heart_plus_pericardium_Hulsmans_Science_2023_celltype_X_umap_626931.svg
stacked_violin_heart_plus_pericardium_Litvinukova_Nature_2020_cell_type_X_umap_2fcb9b.svg,s3://lifebit-user-data-6941eed90a4dd7a1d1026d7a/deploit/teams/69d8dd1e5d3e1f8c350e006f/users/68af3d99c99eb7bd2ff47bc8/projects/69f80768ca774c668fbaaed8/jobs/6a22c6b00859d97fbe7b6205/results/stacked_violin_heart_plus_pericardium_Litvinukova_Nature_2020_cell_type_X_umap_2fcb9b.svg
stacked_violin_heart_plus_pericardium_Maatz_Nat_Cardiovasc_Res_2025_author_cell_type_X_umap_b6d046.svg,s3://lifebit-user-data-6941eed90a4dd7a1d1026d7a/deploit/teams/69d8dd1e5d3e1f8c350e006f/users/68af3d99c99eb7bd2ff47bc8/projects/69f80768ca774c668fbaaed8/jobs/6a22c6b00859d97fbe7b6205/results/stacked_violin_heart_plus_pericardium_Maatz_Nat_Cardiovasc_Res_2025_author_cell_type_X_umap_b6d046.svg
stacked_violin_heart_plus_pericardium_Selewa_Nat_Commun_2023_author_cell_type_X_umap_a8bcce.svg,s3://lifebit-user-data-6941eed90a4dd7a1d1026d7a/deploit/teams/69d8dd1e5d3e1f8c350e006f/users/68af3d99c99eb7bd2ff47bc8/projects/69f80768ca774c668fbaaed8/jobs/6a22c6b00859d97fbe7b6205/results/stacked_violin_heart_plus_pericardium_Selewa_Nat_Commun_2023_author_cell_type_X_umap_a8bcce.svg
stacked_violin_heart_plus_pericardium_Sim_Circulation_2021_cell_type_X_umap_d94be2.svg,s3://lifebit-user-data-6941eed90a4dd7a1d1026d7a/deploit/teams/69d8dd1e5d3e1f8c350e006f/users/68af3d99c99eb7bd2ff47bc8/projects/69f80768ca774c668fbaaed8/jobs/6a22c6b00859d97fbe7b6205/results/stacked_violin_heart_plus_pericardium_Sim_Circulation_2021_cell_type_X_umap_d94be2.svg
stacked_violin_heart_plus_pericardium_Xu_Cell_2023_Curated_annotation_X_umap_7d4811.svg,s3://lifebit-user-data-6941eed90a4dd7a1d1026d7a/deploit/teams/69d8dd1e5d3e1f8c350e006f/users/68af3d99c99eb7bd2ff47bc8/projects/69f80768ca774c668fbaaed8/jobs/6a22c6b00859d97fbe7b6205/results/stacked_violin_heart_plus_pericardium_Xu_Cell_2023_Curated_annotation_X_umap_7d4811.svg
stacked_violin_heart_plus_pericardium_Zhao_Cell_Genomics_2025_author_cell_type_X_umap_9b5568.svg,s3://lifebit-user-data-6941eed90a4dd7a1d1026d7a/deploit/teams/69d8dd1e5d3e1f8c350e006f/users/68af3d99c99eb7bd2ff47bc8/projects/69f80768ca774c668fbaaed8/jobs/6a22c6b00859d97fbe7b6205/results/stacked_violin_heart_plus_pericardium_Zhao_Cell_Genomics_2025_author_cell_type_X_umap_9b5568.svg
summary_before_filter_heart_plus_pericardium_Eraslan_Science_2022_Broad_cell_type_X_umap_f44b0f.csv,s3://lifebit-user-data-6941eed90a4dd7a1d1026d7a/deploit/teams/69d8dd1e5d3e1f8c350e006f/users/68af3d99c99eb7bd2ff47bc8/projects/69f80768ca774c668fbaaed8/jobs/6a22c6b00859d97fbe7b6205/results/summary_before_filter_heart_plus_pericardium_Eraslan_Science_2022_Broad_cell_type_X_umap_f44b0f.csv
summary_before_filter_heart_plus_pericardium_Han_Nature_2020_author_cell_type_X_umap_5c7ea7.csv,s3://lifebit-user-data-6941eed90a4dd7a1d1026d7a/deploit/teams/69d8dd1e5d3e1f8c350e006f/users/68af3d99c99eb7bd2ff47bc8/projects/69f80768ca774c668fbaaed8/jobs/6a22c6b00859d97fbe7b6205/results/summary_before_filter_heart_plus_pericardium_Han_Nature_2020_author_cell_type_X_umap_5c7ea7.csv
summary_before_filter_heart_plus_pericardium_Hulsmans_Science_2023_celltype_X_umap_626931.csv,s3://lifebit-user-data-6941eed90a4dd7a1d1026d7a/deploit/teams/69d8dd1e5d3e1f8c350e006f/users/68af3d99c99eb7bd2ff47bc8/projects/69f80768ca774c668fbaaed8/jobs/6a22c6b00859d97fbe7b6205/results/summary_before_filter_heart_plus_pericardium_Hulsmans_Science_2023_celltype_X_umap_626931.csv
summary_before_filter_heart_plus_pericardium_Litvinukova_Nature_2020_cell_type_X_umap_2fcb9b.csv,s3://lifebit-user-data-6941eed90a4dd7a1d1026d7a/deploit/teams/69d8dd1e5d3e1f8c350e006f/users/68af3d99c99eb7bd2ff47bc8/projects/69f80768ca774c668fbaaed8/jobs/6a22c6b00859d97fbe7b6205/results/summary_before_filter_heart_plus_pericardium_Litvinukova_Nature_2020_cell_type_X_umap_2fcb9b.csv
summary_before_filter_heart_plus_pericardium_Maatz_Nat_Cardiovasc_Res_2025_author_cell_type_X_umap_b6d046.csv,s3://lifebit-user-data-6941eed90a4dd7a1d1026d7a/deploit/teams/69d8dd1e5d3e1f8c350e006f/users/68af3d99c99eb7bd2ff47bc8/projects/69f80768ca774c668fbaaed8/jobs/6a22c6b00859d97fbe7b6205/results/summary_before_filter_heart_plus_pericardium_Maatz_Nat_Cardiovasc_Res_2025_author_cell_type_X_umap_b6d046.csv
summary_before_filter_heart_plus_pericardium_Selewa_Nat_Commun_2023_author_cell_type_X_umap_a8bcce.csv,s3://lifebit-user-data-6941eed90a4dd7a1d1026d7a/deploit/teams/69d8dd1e5d3e1f8c350e006f/users/68af3d99c99eb7bd2ff47bc8/projects/69f80768ca774c668fbaaed8/jobs/6a22c6b00859d97fbe7b6205/results/summary_before_filter_heart_plus_pericardium_Selewa_Nat_Commun_2023_author_cell_type_X_umap_a8bcce.csv
summary_before_filter_heart_plus_pericardium_Sim_Circulation_2021_cell_type_X_umap_d94be2.csv,s3://lifebit-user-data-6941eed90a4dd7a1d1026d7a/deploit/teams/69d8dd1e5d3e1f8c350e006f/users/68af3d99c99eb7bd2ff47bc8/projects/69f80768ca774c668fbaaed8/jobs/6a22c6b00859d97fbe7b6205/results/summary_before_filter_heart_plus_pericardium_Sim_Circulation_2021_cell_type_X_umap_d94be2.csv
summary_before_filter_heart_plus_pericardium_Xu_Cell_2023_Curated_annotation_X_umap_7d4811.csv,s3://lifebit-user-data-6941eed90a4dd7a1d1026d7a/deploit/teams/69d8dd1e5d3e1f8c350e006f/users/68af3d99c99eb7bd2ff47bc8/projects/69f80768ca774c668fbaaed8/jobs/6a22c6b00859d97fbe7b6205/results/summary_before_filter_heart_plus_pericardium_Xu_Cell_2023_Curated_annotation_X_umap_7d4811.csv
summary_before_filter_heart_plus_pericardium_Zhao_Cell_Genomics_2025_author_cell_type_X_umap_9b5568.csv,s3://lifebit-user-data-6941eed90a4dd7a1d1026d7a/deploit/teams/69d8dd1e5d3e1f8c350e006f/users/68af3d99c99eb7bd2ff47bc8/projects/69f80768ca774c668fbaaed8/jobs/6a22c6b00859d97fbe7b6205/results/summary_before_filter_heart_plus_pericardium_Zhao_Cell_Genomics_2025_author_cell_type_X_umap_9b5568.csv
summary_normal_heart_plus_pericardium_Eraslan_Science_2022_Broad_cell_type_X_umap_f44b0f.csv,s3://lifebit-user-data-6941eed90a4dd7a1d1026d7a/deploit/teams/69d8dd1e5d3e1f8c350e006f/users/68af3d99c99eb7bd2ff47bc8/projects/69f80768ca774c668fbaaed8/jobs/6a22c6b00859d97fbe7b6205/results/summary_normal_heart_plus_pericardium_Eraslan_Science_2022_Broad_cell_type_X_umap_f44b0f.csv
summary_normal_heart_plus_pericardium_Han_Nature_2020_author_cell_type_X_umap_5c7ea7.csv,s3://lifebit-user-data-6941eed90a4dd7a1d1026d7a/deploit/teams/69d8dd1e5d3e1f8c350e006f/users/68af3d99c99eb7bd2ff47bc8/projects/69f80768ca774c668fbaaed8/jobs/6a22c6b00859d97fbe7b6205/results/summary_normal_heart_plus_pericardium_Han_Nature_2020_author_cell_type_X_umap_5c7ea7.csv
summary_normal_heart_plus_pericardium_Hulsmans_Science_2023_celltype_X_umap_626931.csv,s3://lifebit-user-data-6941eed90a4dd7a1d1026d7a/deploit/teams/69d8dd1e5d3e1f8c350e006f/users/68af3d99c99eb7bd2ff47bc8/projects/69f80768ca774c668fbaaed8/jobs/6a22c6b00859d97fbe7b6205/results/summary_normal_heart_plus_pericardium_Hulsmans_Science_2023_celltype_X_umap_626931.csv
summary_normal_heart_plus_pericardium_Litvinukova_Nature_2020_cell_type_X_umap_2fcb9b.csv,s3://lifebit-user-data-6941eed90a4dd7a1d1026d7a/deploit/teams/69d8dd1e5d3e1f8c350e006f/users/68af3d99c99eb7bd2ff47bc8/projects/69f80768ca774c668fbaaed8/jobs/6a22c6b00859d97fbe7b6205/results/summary_normal_heart_plus_pericardium_Litvinukova_Nature_2020_cell_type_X_umap_2fcb9b.csv
summary_normal_heart_plus_pericardium_Maatz_Nat_Cardiovasc_Res_2025_author_cell_type_X_umap_b6d046.csv,s3://lifebit-user-data-6941eed90a4dd7a1d1026d7a/deploit/teams/69d8dd1e5d3e1f8c350e006f/users/68af3d99c99eb7bd2ff47bc8/projects/69f80768ca774c668fbaaed8/jobs/6a22c6b00859d97fbe7b6205/results/summary_normal_heart_plus_pericardium_Maatz_Nat_Cardiovasc_Res_2025_author_cell_type_X_umap_b6d046.csv
summary_normal_heart_plus_pericardium_Selewa_Nat_Commun_2023_author_cell_type_X_umap_a8bcce.csv,s3://lifebit-user-data-6941eed90a4dd7a1d1026d7a/deploit/teams/69d8dd1e5d3e1f8c350e006f/users/68af3d99c99eb7bd2ff47bc8/projects/69f80768ca774c668fbaaed8/jobs/6a22c6b00859d97fbe7b6205/results/summary_normal_heart_plus_pericardium_Selewa_Nat_Commun_2023_author_cell_type_X_umap_a8bcce.csv
summary_normal_heart_plus_pericardium_Sim_Circulation_2021_cell_type_X_umap_d94be2.csv,s3://lifebit-user-data-6941eed90a4dd7a1d1026d7a/deploit/teams/69d8dd1e5d3e1f8c350e006f/users/68af3d99c99eb7bd2ff47bc8/projects/69f80768ca774c668fbaaed8/jobs/6a22c6b00859d97fbe7b6205/results/summary_normal_heart_plus_pericardium_Sim_Circulation_2021_cell_type_X_umap_d94be2.csv
summary_normal_heart_plus_pericardium_Xu_Cell_2023_Curated_annotation_X_umap_7d4811.csv,s3://lifebit-user-data-6941eed90a4dd7a1d1026d7a/deploit/teams/69d8dd1e5d3e1f8c350e006f/users/68af3d99c99eb7bd2ff47bc8/projects/69f80768ca774c668fbaaed8/jobs/6a22c6b00859d97fbe7b6205/results/summary_normal_heart_plus_pericardium_Xu_Cell_2023_Curated_annotation_X_umap_7d4811.csv
summary_normal_heart_plus_pericardium_Zhao_Cell_Genomics_2025_author_cell_type_X_umap_9b5568.csv,s3://lifebit-user-data-6941eed90a4dd7a1d1026d7a/deploit/teams/69d8dd1e5d3e1f8c350e006f/users/68af3d99c99eb7bd2ff47bc8/projects/69f80768ca774c668fbaaed8/jobs/6a22c6b00859d97fbe7b6205/results/summary_normal_heart_plus_pericardium_Zhao_Cell_Genomics_2025_author_cell_type_X_umap_9b5568.csv
