filename,s3_path
2D_projection_pancreas_Fasolino_Nat_Metab_2022_cell_label_X_umap_77ee93.html,s3://lifebit-user-data-6941eed90a4dd7a1d1026d7a/deploit/teams/69d8dd1e5d3e1f8c350e006f/users/68af3d99c99eb7bd2ff47bc8/projects/69f80768ca774c668fbaaed8/jobs/6a22c7580859d97fbe7b688b/results/2D_projection_pancreas_Fasolino_Nat_Metab_2022_cell_label_X_umap_77ee93.html
2D_projection_pancreas_Fasolino_Nat_Metab_2022_cell_label_X_umap_77ee93.svg,s3://lifebit-user-data-6941eed90a4dd7a1d1026d7a/deploit/teams/69d8dd1e5d3e1f8c350e006f/users/68af3d99c99eb7bd2ff47bc8/projects/69f80768ca774c668fbaaed8/jobs/6a22c7580859d97fbe7b688b/results/2D_projection_pancreas_Fasolino_Nat_Metab_2022_cell_label_X_umap_77ee93.svg
2D_projection_pancreas_Han_Nature_2020_author_cell_type_X_umap_5c7ea7.html,s3://lifebit-user-data-6941eed90a4dd7a1d1026d7a/deploit/teams/69d8dd1e5d3e1f8c350e006f/users/68af3d99c99eb7bd2ff47bc8/projects/69f80768ca774c668fbaaed8/jobs/6a22c7580859d97fbe7b688b/results/2D_projection_pancreas_Han_Nature_2020_author_cell_type_X_umap_5c7ea7.html
2D_projection_pancreas_Han_Nature_2020_author_cell_type_X_umap_5c7ea7.svg,s3://lifebit-user-data-6941eed90a4dd7a1d1026d7a/deploit/teams/69d8dd1e5d3e1f8c350e006f/users/68af3d99c99eb7bd2ff47bc8/projects/69f80768ca774c668fbaaed8/jobs/6a22c7580859d97fbe7b688b/results/2D_projection_pancreas_Han_Nature_2020_author_cell_type_X_umap_5c7ea7.svg
2D_projection_pancreas_Muraro_Cell_Systems_2016_cellular_classification_X_tsne_652149.html,s3://lifebit-user-data-6941eed90a4dd7a1d1026d7a/deploit/teams/69d8dd1e5d3e1f8c350e006f/users/68af3d99c99eb7bd2ff47bc8/projects/69f80768ca774c668fbaaed8/jobs/6a22c7580859d97fbe7b688b/results/2D_projection_pancreas_Muraro_Cell_Systems_2016_cellular_classification_X_tsne_652149.html
2D_projection_pancreas_Muraro_Cell_Systems_2016_cellular_classification_X_tsne_652149.svg,s3://lifebit-user-data-6941eed90a4dd7a1d1026d7a/deploit/teams/69d8dd1e5d3e1f8c350e006f/users/68af3d99c99eb7bd2ff47bc8/projects/69f80768ca774c668fbaaed8/jobs/6a22c7580859d97fbe7b688b/results/2D_projection_pancreas_Muraro_Cell_Systems_2016_cellular_classification_X_tsne_652149.svg
2D_projection_pancreas_Tritschler_Molecular_Metabolism_2022_louvain_anno_fine_X_umap_98d050.html,s3://lifebit-user-data-6941eed90a4dd7a1d1026d7a/deploit/teams/69d8dd1e5d3e1f8c350e006f/users/68af3d99c99eb7bd2ff47bc8/projects/69f80768ca774c668fbaaed8/jobs/6a22c7580859d97fbe7b688b/results/2D_projection_pancreas_Tritschler_Molecular_Metabolism_2022_louvain_anno_fine_X_umap_98d050.html
2D_projection_pancreas_Tritschler_Molecular_Metabolism_2022_louvain_anno_fine_X_umap_98d050.svg,s3://lifebit-user-data-6941eed90a4dd7a1d1026d7a/deploit/teams/69d8dd1e5d3e1f8c350e006f/users/68af3d99c99eb7bd2ff47bc8/projects/69f80768ca774c668fbaaed8/jobs/6a22c7580859d97fbe7b688b/results/2D_projection_pancreas_Tritschler_Molecular_Metabolism_2022_louvain_anno_fine_X_umap_98d050.svg
2D_projection_pancreas_Xu_Cell_2023_Curated_annotation_X_umap_f2ac0d.html,s3://lifebit-user-data-6941eed90a4dd7a1d1026d7a/deploit/teams/69d8dd1e5d3e1f8c350e006f/users/68af3d99c99eb7bd2ff47bc8/projects/69f80768ca774c668fbaaed8/jobs/6a22c7580859d97fbe7b688b/results/2D_projection_pancreas_Xu_Cell_2023_Curated_annotation_X_umap_f2ac0d.html
2D_projection_pancreas_Xu_Cell_2023_Curated_annotation_X_umap_f2ac0d.svg,s3://lifebit-user-data-6941eed90a4dd7a1d1026d7a/deploit/teams/69d8dd1e5d3e1f8c350e006f/users/68af3d99c99eb7bd2ff47bc8/projects/69f80768ca774c668fbaaed8/jobs/6a22c7580859d97fbe7b688b/results/2D_projection_pancreas_Xu_Cell_2023_Curated_annotation_X_umap_f2ac0d.svg
adata_filtered_pancreas_Fasolino_Nat_Metab_2022_cell_label_X_umap_77ee93.h5ad,s3://lifebit-user-data-6941eed90a4dd7a1d1026d7a/deploit/teams/69d8dd1e5d3e1f8c350e006f/users/68af3d99c99eb7bd2ff47bc8/projects/69f80768ca774c668fbaaed8/jobs/6a22c7580859d97fbe7b688b/results/adata_filtered_pancreas_Fasolino_Nat_Metab_2022_cell_label_X_umap_77ee93.h5ad
adata_filtered_pancreas_Han_Nature_2020_author_cell_type_X_umap_5c7ea7.h5ad,s3://lifebit-user-data-6941eed90a4dd7a1d1026d7a/deploit/teams/69d8dd1e5d3e1f8c350e006f/users/68af3d99c99eb7bd2ff47bc8/projects/69f80768ca774c668fbaaed8/jobs/6a22c7580859d97fbe7b688b/results/adata_filtered_pancreas_Han_Nature_2020_author_cell_type_X_umap_5c7ea7.h5ad
adata_filtered_pancreas_Muraro_Cell_Systems_2016_cellular_classification_X_tsne_652149.h5ad,s3://lifebit-user-data-6941eed90a4dd7a1d1026d7a/deploit/teams/69d8dd1e5d3e1f8c350e006f/users/68af3d99c99eb7bd2ff47bc8/projects/69f80768ca774c668fbaaed8/jobs/6a22c7580859d97fbe7b688b/results/adata_filtered_pancreas_Muraro_Cell_Systems_2016_cellular_classification_X_tsne_652149.h5ad
adata_filtered_pancreas_Tritschler_Molecular_Metabolism_2022_louvain_anno_fine_X_umap_98d050.h5ad,s3://lifebit-user-data-6941eed90a4dd7a1d1026d7a/deploit/teams/69d8dd1e5d3e1f8c350e006f/users/68af3d99c99eb7bd2ff47bc8/projects/69f80768ca774c668fbaaed8/jobs/6a22c7580859d97fbe7b688b/results/adata_filtered_pancreas_Tritschler_Molecular_Metabolism_2022_louvain_anno_fine_X_umap_98d050.h5ad
adata_filtered_pancreas_Xu_Cell_2023_Curated_annotation_X_umap_f2ac0d.h5ad,s3://lifebit-user-data-6941eed90a4dd7a1d1026d7a/deploit/teams/69d8dd1e5d3e1f8c350e006f/users/68af3d99c99eb7bd2ff47bc8/projects/69f80768ca774c668fbaaed8/jobs/6a22c7580859d97fbe7b688b/results/adata_filtered_pancreas_Xu_Cell_2023_Curated_annotation_X_umap_f2ac0d.h5ad
annotation_pancreas_Fasolino_Nat_Metab_2022_cell_label_X_umap_77ee93.json,s3://lifebit-user-data-6941eed90a4dd7a1d1026d7a/deploit/teams/69d8dd1e5d3e1f8c350e006f/users/68af3d99c99eb7bd2ff47bc8/projects/69f80768ca774c668fbaaed8/jobs/6a22c7580859d97fbe7b688b/results/annotation_pancreas_Fasolino_Nat_Metab_2022_cell_label_X_umap_77ee93.json
annotation_pancreas_Han_Nature_2020_author_cell_type_X_umap_5c7ea7.json,s3://lifebit-user-data-6941eed90a4dd7a1d1026d7a/deploit/teams/69d8dd1e5d3e1f8c350e006f/users/68af3d99c99eb7bd2ff47bc8/projects/69f80768ca774c668fbaaed8/jobs/6a22c7580859d97fbe7b688b/results/annotation_pancreas_Han_Nature_2020_author_cell_type_X_umap_5c7ea7.json
annotation_pancreas_Muraro_Cell_Systems_2016_cellular_classification_X_tsne_652149.json,s3://lifebit-user-data-6941eed90a4dd7a1d1026d7a/deploit/teams/69d8dd1e5d3e1f8c350e006f/users/68af3d99c99eb7bd2ff47bc8/projects/69f80768ca774c668fbaaed8/jobs/6a22c7580859d97fbe7b688b/results/annotation_pancreas_Muraro_Cell_Systems_2016_cellular_classification_X_tsne_652149.json
annotation_pancreas_Tritschler_Molecular_Metabolism_2022_louvain_anno_fine_X_umap_98d050.json,s3://lifebit-user-data-6941eed90a4dd7a1d1026d7a/deploit/teams/69d8dd1e5d3e1f8c350e006f/users/68af3d99c99eb7bd2ff47bc8/projects/69f80768ca774c668fbaaed8/jobs/6a22c7580859d97fbe7b688b/results/annotation_pancreas_Tritschler_Molecular_Metabolism_2022_louvain_anno_fine_X_umap_98d050.json
annotation_pancreas_Xu_Cell_2023_Curated_annotation_X_umap_f2ac0d.json,s3://lifebit-user-data-6941eed90a4dd7a1d1026d7a/deploit/teams/69d8dd1e5d3e1f8c350e006f/users/68af3d99c99eb7bd2ff47bc8/projects/69f80768ca774c668fbaaed8/jobs/6a22c7580859d97fbe7b688b/results/annotation_pancreas_Xu_Cell_2023_Curated_annotation_X_umap_f2ac0d.json
binary_scores_ensg_pancreas_Fasolino_Nat_Metab_2022_cell_label_X_umap_77ee93.csv,s3://lifebit-user-data-6941eed90a4dd7a1d1026d7a/deploit/teams/69d8dd1e5d3e1f8c350e006f/users/68af3d99c99eb7bd2ff47bc8/projects/69f80768ca774c668fbaaed8/jobs/6a22c7580859d97fbe7b688b/results/binary_scores_ensg_pancreas_Fasolino_Nat_Metab_2022_cell_label_X_umap_77ee93.csv
binary_scores_ensg_pancreas_Fasolino_Nat_Metab_2022_cell_label_X_umap_77ee93.pkl,s3://lifebit-user-data-6941eed90a4dd7a1d1026d7a/deploit/teams/69d8dd1e5d3e1f8c350e006f/users/68af3d99c99eb7bd2ff47bc8/projects/69f80768ca774c668fbaaed8/jobs/6a22c7580859d97fbe7b688b/results/binary_scores_ensg_pancreas_Fasolino_Nat_Metab_2022_cell_label_X_umap_77ee93.pkl
binary_scores_ensg_pancreas_Han_Nature_2020_author_cell_type_X_umap_5c7ea7.csv,s3://lifebit-user-data-6941eed90a4dd7a1d1026d7a/deploit/teams/69d8dd1e5d3e1f8c350e006f/users/68af3d99c99eb7bd2ff47bc8/projects/69f80768ca774c668fbaaed8/jobs/6a22c7580859d97fbe7b688b/results/binary_scores_ensg_pancreas_Han_Nature_2020_author_cell_type_X_umap_5c7ea7.csv
binary_scores_ensg_pancreas_Han_Nature_2020_author_cell_type_X_umap_5c7ea7.pkl,s3://lifebit-user-data-6941eed90a4dd7a1d1026d7a/deploit/teams/69d8dd1e5d3e1f8c350e006f/users/68af3d99c99eb7bd2ff47bc8/projects/69f80768ca774c668fbaaed8/jobs/6a22c7580859d97fbe7b688b/results/binary_scores_ensg_pancreas_Han_Nature_2020_author_cell_type_X_umap_5c7ea7.pkl
binary_scores_ensg_pancreas_Muraro_Cell_Systems_2016_cellular_classification_X_tsne_652149.csv,s3://lifebit-user-data-6941eed90a4dd7a1d1026d7a/deploit/teams/69d8dd1e5d3e1f8c350e006f/users/68af3d99c99eb7bd2ff47bc8/projects/69f80768ca774c668fbaaed8/jobs/6a22c7580859d97fbe7b688b/results/binary_scores_ensg_pancreas_Muraro_Cell_Systems_2016_cellular_classification_X_tsne_652149.csv
binary_scores_ensg_pancreas_Muraro_Cell_Systems_2016_cellular_classification_X_tsne_652149.pkl,s3://lifebit-user-data-6941eed90a4dd7a1d1026d7a/deploit/teams/69d8dd1e5d3e1f8c350e006f/users/68af3d99c99eb7bd2ff47bc8/projects/69f80768ca774c668fbaaed8/jobs/6a22c7580859d97fbe7b688b/results/binary_scores_ensg_pancreas_Muraro_Cell_Systems_2016_cellular_classification_X_tsne_652149.pkl
binary_scores_ensg_pancreas_Tritschler_Molecular_Metabolism_2022_louvain_anno_fine_X_umap_98d050.csv,s3://lifebit-user-data-6941eed90a4dd7a1d1026d7a/deploit/teams/69d8dd1e5d3e1f8c350e006f/users/68af3d99c99eb7bd2ff47bc8/projects/69f80768ca774c668fbaaed8/jobs/6a22c7580859d97fbe7b688b/results/binary_scores_ensg_pancreas_Tritschler_Molecular_Metabolism_2022_louvain_anno_fine_X_umap_98d050.csv
binary_scores_ensg_pancreas_Tritschler_Molecular_Metabolism_2022_louvain_anno_fine_X_umap_98d050.pkl,s3://lifebit-user-data-6941eed90a4dd7a1d1026d7a/deploit/teams/69d8dd1e5d3e1f8c350e006f/users/68af3d99c99eb7bd2ff47bc8/projects/69f80768ca774c668fbaaed8/jobs/6a22c7580859d97fbe7b688b/results/binary_scores_ensg_pancreas_Tritschler_Molecular_Metabolism_2022_louvain_anno_fine_X_umap_98d050.pkl
binary_scores_ensg_pancreas_Xu_Cell_2023_Curated_annotation_X_umap_f2ac0d.csv,s3://lifebit-user-data-6941eed90a4dd7a1d1026d7a/deploit/teams/69d8dd1e5d3e1f8c350e006f/users/68af3d99c99eb7bd2ff47bc8/projects/69f80768ca774c668fbaaed8/jobs/6a22c7580859d97fbe7b688b/results/binary_scores_ensg_pancreas_Xu_Cell_2023_Curated_annotation_X_umap_f2ac0d.csv
binary_scores_ensg_pancreas_Xu_Cell_2023_Curated_annotation_X_umap_f2ac0d.pkl,s3://lifebit-user-data-6941eed90a4dd7a1d1026d7a/deploit/teams/69d8dd1e5d3e1f8c350e006f/users/68af3d99c99eb7bd2ff47bc8/projects/69f80768ca774c668fbaaed8/jobs/6a22c7580859d97fbe7b688b/results/binary_scores_ensg_pancreas_Xu_Cell_2023_Curated_annotation_X_umap_f2ac0d.pkl
binary_scores_symbols_pancreas_Fasolino_Nat_Metab_2022_cell_label_X_umap_77ee93.csv,s3://lifebit-user-data-6941eed90a4dd7a1d1026d7a/deploit/teams/69d8dd1e5d3e1f8c350e006f/users/68af3d99c99eb7bd2ff47bc8/projects/69f80768ca774c668fbaaed8/jobs/6a22c7580859d97fbe7b688b/results/binary_scores_symbols_pancreas_Fasolino_Nat_Metab_2022_cell_label_X_umap_77ee93.csv
binary_scores_symbols_pancreas_Fasolino_Nat_Metab_2022_cell_label_X_umap_77ee93.pkl,s3://lifebit-user-data-6941eed90a4dd7a1d1026d7a/deploit/teams/69d8dd1e5d3e1f8c350e006f/users/68af3d99c99eb7bd2ff47bc8/projects/69f80768ca774c668fbaaed8/jobs/6a22c7580859d97fbe7b688b/results/binary_scores_symbols_pancreas_Fasolino_Nat_Metab_2022_cell_label_X_umap_77ee93.pkl
binary_scores_symbols_pancreas_Han_Nature_2020_author_cell_type_X_umap_5c7ea7.csv,s3://lifebit-user-data-6941eed90a4dd7a1d1026d7a/deploit/teams/69d8dd1e5d3e1f8c350e006f/users/68af3d99c99eb7bd2ff47bc8/projects/69f80768ca774c668fbaaed8/jobs/6a22c7580859d97fbe7b688b/results/binary_scores_symbols_pancreas_Han_Nature_2020_author_cell_type_X_umap_5c7ea7.csv
binary_scores_symbols_pancreas_Han_Nature_2020_author_cell_type_X_umap_5c7ea7.pkl,s3://lifebit-user-data-6941eed90a4dd7a1d1026d7a/deploit/teams/69d8dd1e5d3e1f8c350e006f/users/68af3d99c99eb7bd2ff47bc8/projects/69f80768ca774c668fbaaed8/jobs/6a22c7580859d97fbe7b688b/results/binary_scores_symbols_pancreas_Han_Nature_2020_author_cell_type_X_umap_5c7ea7.pkl
binary_scores_symbols_pancreas_Muraro_Cell_Systems_2016_cellular_classification_X_tsne_652149.csv,s3://lifebit-user-data-6941eed90a4dd7a1d1026d7a/deploit/teams/69d8dd1e5d3e1f8c350e006f/users/68af3d99c99eb7bd2ff47bc8/projects/69f80768ca774c668fbaaed8/jobs/6a22c7580859d97fbe7b688b/results/binary_scores_symbols_pancreas_Muraro_Cell_Systems_2016_cellular_classification_X_tsne_652149.csv
binary_scores_symbols_pancreas_Muraro_Cell_Systems_2016_cellular_classification_X_tsne_652149.pkl,s3://lifebit-user-data-6941eed90a4dd7a1d1026d7a/deploit/teams/69d8dd1e5d3e1f8c350e006f/users/68af3d99c99eb7bd2ff47bc8/projects/69f80768ca774c668fbaaed8/jobs/6a22c7580859d97fbe7b688b/results/binary_scores_symbols_pancreas_Muraro_Cell_Systems_2016_cellular_classification_X_tsne_652149.pkl
binary_scores_symbols_pancreas_Tritschler_Molecular_Metabolism_2022_louvain_anno_fine_X_umap_98d050.csv,s3://lifebit-user-data-6941eed90a4dd7a1d1026d7a/deploit/teams/69d8dd1e5d3e1f8c350e006f/users/68af3d99c99eb7bd2ff47bc8/projects/69f80768ca774c668fbaaed8/jobs/6a22c7580859d97fbe7b688b/results/binary_scores_symbols_pancreas_Tritschler_Molecular_Metabolism_2022_louvain_anno_fine_X_umap_98d050.csv
binary_scores_symbols_pancreas_Tritschler_Molecular_Metabolism_2022_louvain_anno_fine_X_umap_98d050.pkl,s3://lifebit-user-data-6941eed90a4dd7a1d1026d7a/deploit/teams/69d8dd1e5d3e1f8c350e006f/users/68af3d99c99eb7bd2ff47bc8/projects/69f80768ca774c668fbaaed8/jobs/6a22c7580859d97fbe7b688b/results/binary_scores_symbols_pancreas_Tritschler_Molecular_Metabolism_2022_louvain_anno_fine_X_umap_98d050.pkl
binary_scores_symbols_pancreas_Xu_Cell_2023_Curated_annotation_X_umap_f2ac0d.csv,s3://lifebit-user-data-6941eed90a4dd7a1d1026d7a/deploit/teams/69d8dd1e5d3e1f8c350e006f/users/68af3d99c99eb7bd2ff47bc8/projects/69f80768ca774c668fbaaed8/jobs/6a22c7580859d97fbe7b688b/results/binary_scores_symbols_pancreas_Xu_Cell_2023_Curated_annotation_X_umap_f2ac0d.csv
binary_scores_symbols_pancreas_Xu_Cell_2023_Curated_annotation_X_umap_f2ac0d.pkl,s3://lifebit-user-data-6941eed90a4dd7a1d1026d7a/deploit/teams/69d8dd1e5d3e1f8c350e006f/users/68af3d99c99eb7bd2ff47bc8/projects/69f80768ca774c668fbaaed8/jobs/6a22c7580859d97fbe7b688b/results/binary_scores_symbols_pancreas_Xu_Cell_2023_Curated_annotation_X_umap_f2ac0d.pkl
boxplot_pancreas_Fasolino_Nat_Metab_2022_cell_label_X_umap_77ee93_f_score.html,s3://lifebit-user-data-6941eed90a4dd7a1d1026d7a/deploit/teams/69d8dd1e5d3e1f8c350e006f/users/68af3d99c99eb7bd2ff47bc8/projects/69f80768ca774c668fbaaed8/jobs/6a22c7580859d97fbe7b688b/results/boxplot_pancreas_Fasolino_Nat_Metab_2022_cell_label_X_umap_77ee93_f_score.html
boxplot_pancreas_Fasolino_Nat_Metab_2022_cell_label_X_umap_77ee93_f_score.svg,s3://lifebit-user-data-6941eed90a4dd7a1d1026d7a/deploit/teams/69d8dd1e5d3e1f8c350e006f/users/68af3d99c99eb7bd2ff47bc8/projects/69f80768ca774c668fbaaed8/jobs/6a22c7580859d97fbe7b688b/results/boxplot_pancreas_Fasolino_Nat_Metab_2022_cell_label_X_umap_77ee93_f_score.svg
boxplot_pancreas_Fasolino_Nat_Metab_2022_cell_label_X_umap_77ee93_onTarget.html,s3://lifebit-user-data-6941eed90a4dd7a1d1026d7a/deploit/teams/69d8dd1e5d3e1f8c350e006f/users/68af3d99c99eb7bd2ff47bc8/projects/69f80768ca774c668fbaaed8/jobs/6a22c7580859d97fbe7b688b/results/boxplot_pancreas_Fasolino_Nat_Metab_2022_cell_label_X_umap_77ee93_onTarget.html
boxplot_pancreas_Fasolino_Nat_Metab_2022_cell_label_X_umap_77ee93_onTarget.svg,s3://lifebit-user-data-6941eed90a4dd7a1d1026d7a/deploit/teams/69d8dd1e5d3e1f8c350e006f/users/68af3d99c99eb7bd2ff47bc8/projects/69f80768ca774c668fbaaed8/jobs/6a22c7580859d97fbe7b688b/results/boxplot_pancreas_Fasolino_Nat_Metab_2022_cell_label_X_umap_77ee93_onTarget.svg
boxplot_pancreas_Fasolino_Nat_Metab_2022_cell_label_X_umap_77ee93_precision.html,s3://lifebit-user-data-6941eed90a4dd7a1d1026d7a/deploit/teams/69d8dd1e5d3e1f8c350e006f/users/68af3d99c99eb7bd2ff47bc8/projects/69f80768ca774c668fbaaed8/jobs/6a22c7580859d97fbe7b688b/results/boxplot_pancreas_Fasolino_Nat_Metab_2022_cell_label_X_umap_77ee93_precision.html
boxplot_pancreas_Fasolino_Nat_Metab_2022_cell_label_X_umap_77ee93_precision.svg,s3://lifebit-user-data-6941eed90a4dd7a1d1026d7a/deploit/teams/69d8dd1e5d3e1f8c350e006f/users/68af3d99c99eb7bd2ff47bc8/projects/69f80768ca774c668fbaaed8/jobs/6a22c7580859d97fbe7b688b/results/boxplot_pancreas_Fasolino_Nat_Metab_2022_cell_label_X_umap_77ee93_precision.svg
boxplot_pancreas_Fasolino_Nat_Metab_2022_cell_label_X_umap_77ee93_recall.html,s3://lifebit-user-data-6941eed90a4dd7a1d1026d7a/deploit/teams/69d8dd1e5d3e1f8c350e006f/users/68af3d99c99eb7bd2ff47bc8/projects/69f80768ca774c668fbaaed8/jobs/6a22c7580859d97fbe7b688b/results/boxplot_pancreas_Fasolino_Nat_Metab_2022_cell_label_X_umap_77ee93_recall.html
boxplot_pancreas_Fasolino_Nat_Metab_2022_cell_label_X_umap_77ee93_recall.svg,s3://lifebit-user-data-6941eed90a4dd7a1d1026d7a/deploit/teams/69d8dd1e5d3e1f8c350e006f/users/68af3d99c99eb7bd2ff47bc8/projects/69f80768ca774c668fbaaed8/jobs/6a22c7580859d97fbe7b688b/results/boxplot_pancreas_Fasolino_Nat_Metab_2022_cell_label_X_umap_77ee93_recall.svg
boxplot_pancreas_Han_Nature_2020_author_cell_type_X_umap_5c7ea7_f_score.html,s3://lifebit-user-data-6941eed90a4dd7a1d1026d7a/deploit/teams/69d8dd1e5d3e1f8c350e006f/users/68af3d99c99eb7bd2ff47bc8/projects/69f80768ca774c668fbaaed8/jobs/6a22c7580859d97fbe7b688b/results/boxplot_pancreas_Han_Nature_2020_author_cell_type_X_umap_5c7ea7_f_score.html
boxplot_pancreas_Han_Nature_2020_author_cell_type_X_umap_5c7ea7_f_score.svg,s3://lifebit-user-data-6941eed90a4dd7a1d1026d7a/deploit/teams/69d8dd1e5d3e1f8c350e006f/users/68af3d99c99eb7bd2ff47bc8/projects/69f80768ca774c668fbaaed8/jobs/6a22c7580859d97fbe7b688b/results/boxplot_pancreas_Han_Nature_2020_author_cell_type_X_umap_5c7ea7_f_score.svg
boxplot_pancreas_Han_Nature_2020_author_cell_type_X_umap_5c7ea7_onTarget.html,s3://lifebit-user-data-6941eed90a4dd7a1d1026d7a/deploit/teams/69d8dd1e5d3e1f8c350e006f/users/68af3d99c99eb7bd2ff47bc8/projects/69f80768ca774c668fbaaed8/jobs/6a22c7580859d97fbe7b688b/results/boxplot_pancreas_Han_Nature_2020_author_cell_type_X_umap_5c7ea7_onTarget.html
boxplot_pancreas_Han_Nature_2020_author_cell_type_X_umap_5c7ea7_onTarget.svg,s3://lifebit-user-data-6941eed90a4dd7a1d1026d7a/deploit/teams/69d8dd1e5d3e1f8c350e006f/users/68af3d99c99eb7bd2ff47bc8/projects/69f80768ca774c668fbaaed8/jobs/6a22c7580859d97fbe7b688b/results/boxplot_pancreas_Han_Nature_2020_author_cell_type_X_umap_5c7ea7_onTarget.svg
boxplot_pancreas_Han_Nature_2020_author_cell_type_X_umap_5c7ea7_precision.html,s3://lifebit-user-data-6941eed90a4dd7a1d1026d7a/deploit/teams/69d8dd1e5d3e1f8c350e006f/users/68af3d99c99eb7bd2ff47bc8/projects/69f80768ca774c668fbaaed8/jobs/6a22c7580859d97fbe7b688b/results/boxplot_pancreas_Han_Nature_2020_author_cell_type_X_umap_5c7ea7_precision.html
boxplot_pancreas_Han_Nature_2020_author_cell_type_X_umap_5c7ea7_precision.svg,s3://lifebit-user-data-6941eed90a4dd7a1d1026d7a/deploit/teams/69d8dd1e5d3e1f8c350e006f/users/68af3d99c99eb7bd2ff47bc8/projects/69f80768ca774c668fbaaed8/jobs/6a22c7580859d97fbe7b688b/results/boxplot_pancreas_Han_Nature_2020_author_cell_type_X_umap_5c7ea7_precision.svg
boxplot_pancreas_Han_Nature_2020_author_cell_type_X_umap_5c7ea7_recall.html,s3://lifebit-user-data-6941eed90a4dd7a1d1026d7a/deploit/teams/69d8dd1e5d3e1f8c350e006f/users/68af3d99c99eb7bd2ff47bc8/projects/69f80768ca774c668fbaaed8/jobs/6a22c7580859d97fbe7b688b/results/boxplot_pancreas_Han_Nature_2020_author_cell_type_X_umap_5c7ea7_recall.html
boxplot_pancreas_Han_Nature_2020_author_cell_type_X_umap_5c7ea7_recall.svg,s3://lifebit-user-data-6941eed90a4dd7a1d1026d7a/deploit/teams/69d8dd1e5d3e1f8c350e006f/users/68af3d99c99eb7bd2ff47bc8/projects/69f80768ca774c668fbaaed8/jobs/6a22c7580859d97fbe7b688b/results/boxplot_pancreas_Han_Nature_2020_author_cell_type_X_umap_5c7ea7_recall.svg
boxplot_pancreas_Muraro_Cell_Systems_2016_cellular_classification_X_tsne_652149_f_score.html,s3://lifebit-user-data-6941eed90a4dd7a1d1026d7a/deploit/teams/69d8dd1e5d3e1f8c350e006f/users/68af3d99c99eb7bd2ff47bc8/projects/69f80768ca774c668fbaaed8/jobs/6a22c7580859d97fbe7b688b/results/boxplot_pancreas_Muraro_Cell_Systems_2016_cellular_classification_X_tsne_652149_f_score.html
boxplot_pancreas_Muraro_Cell_Systems_2016_cellular_classification_X_tsne_652149_f_score.svg,s3://lifebit-user-data-6941eed90a4dd7a1d1026d7a/deploit/teams/69d8dd1e5d3e1f8c350e006f/users/68af3d99c99eb7bd2ff47bc8/projects/69f80768ca774c668fbaaed8/jobs/6a22c7580859d97fbe7b688b/results/boxplot_pancreas_Muraro_Cell_Systems_2016_cellular_classification_X_tsne_652149_f_score.svg
boxplot_pancreas_Muraro_Cell_Systems_2016_cellular_classification_X_tsne_652149_onTarget.html,s3://lifebit-user-data-6941eed90a4dd7a1d1026d7a/deploit/teams/69d8dd1e5d3e1f8c350e006f/users/68af3d99c99eb7bd2ff47bc8/projects/69f80768ca774c668fbaaed8/jobs/6a22c7580859d97fbe7b688b/results/boxplot_pancreas_Muraro_Cell_Systems_2016_cellular_classification_X_tsne_652149_onTarget.html
boxplot_pancreas_Muraro_Cell_Systems_2016_cellular_classification_X_tsne_652149_onTarget.svg,s3://lifebit-user-data-6941eed90a4dd7a1d1026d7a/deploit/teams/69d8dd1e5d3e1f8c350e006f/users/68af3d99c99eb7bd2ff47bc8/projects/69f80768ca774c668fbaaed8/jobs/6a22c7580859d97fbe7b688b/results/boxplot_pancreas_Muraro_Cell_Systems_2016_cellular_classification_X_tsne_652149_onTarget.svg
boxplot_pancreas_Muraro_Cell_Systems_2016_cellular_classification_X_tsne_652149_precision.html,s3://lifebit-user-data-6941eed90a4dd7a1d1026d7a/deploit/teams/69d8dd1e5d3e1f8c350e006f/users/68af3d99c99eb7bd2ff47bc8/projects/69f80768ca774c668fbaaed8/jobs/6a22c7580859d97fbe7b688b/results/boxplot_pancreas_Muraro_Cell_Systems_2016_cellular_classification_X_tsne_652149_precision.html
boxplot_pancreas_Muraro_Cell_Systems_2016_cellular_classification_X_tsne_652149_precision.svg,s3://lifebit-user-data-6941eed90a4dd7a1d1026d7a/deploit/teams/69d8dd1e5d3e1f8c350e006f/users/68af3d99c99eb7bd2ff47bc8/projects/69f80768ca774c668fbaaed8/jobs/6a22c7580859d97fbe7b688b/results/boxplot_pancreas_Muraro_Cell_Systems_2016_cellular_classification_X_tsne_652149_precision.svg
boxplot_pancreas_Muraro_Cell_Systems_2016_cellular_classification_X_tsne_652149_recall.html,s3://lifebit-user-data-6941eed90a4dd7a1d1026d7a/deploit/teams/69d8dd1e5d3e1f8c350e006f/users/68af3d99c99eb7bd2ff47bc8/projects/69f80768ca774c668fbaaed8/jobs/6a22c7580859d97fbe7b688b/results/boxplot_pancreas_Muraro_Cell_Systems_2016_cellular_classification_X_tsne_652149_recall.html
boxplot_pancreas_Muraro_Cell_Systems_2016_cellular_classification_X_tsne_652149_recall.svg,s3://lifebit-user-data-6941eed90a4dd7a1d1026d7a/deploit/teams/69d8dd1e5d3e1f8c350e006f/users/68af3d99c99eb7bd2ff47bc8/projects/69f80768ca774c668fbaaed8/jobs/6a22c7580859d97fbe7b688b/results/boxplot_pancreas_Muraro_Cell_Systems_2016_cellular_classification_X_tsne_652149_recall.svg
boxplot_pancreas_Tritschler_Molecular_Metabolism_2022_louvain_anno_fine_X_umap_98d050_f_score.html,s3://lifebit-user-data-6941eed90a4dd7a1d1026d7a/deploit/teams/69d8dd1e5d3e1f8c350e006f/users/68af3d99c99eb7bd2ff47bc8/projects/69f80768ca774c668fbaaed8/jobs/6a22c7580859d97fbe7b688b/results/boxplot_pancreas_Tritschler_Molecular_Metabolism_2022_louvain_anno_fine_X_umap_98d050_f_score.html
boxplot_pancreas_Tritschler_Molecular_Metabolism_2022_louvain_anno_fine_X_umap_98d050_f_score.svg,s3://lifebit-user-data-6941eed90a4dd7a1d1026d7a/deploit/teams/69d8dd1e5d3e1f8c350e006f/users/68af3d99c99eb7bd2ff47bc8/projects/69f80768ca774c668fbaaed8/jobs/6a22c7580859d97fbe7b688b/results/boxplot_pancreas_Tritschler_Molecular_Metabolism_2022_louvain_anno_fine_X_umap_98d050_f_score.svg
boxplot_pancreas_Tritschler_Molecular_Metabolism_2022_louvain_anno_fine_X_umap_98d050_onTarget.html,s3://lifebit-user-data-6941eed90a4dd7a1d1026d7a/deploit/teams/69d8dd1e5d3e1f8c350e006f/users/68af3d99c99eb7bd2ff47bc8/projects/69f80768ca774c668fbaaed8/jobs/6a22c7580859d97fbe7b688b/results/boxplot_pancreas_Tritschler_Molecular_Metabolism_2022_louvain_anno_fine_X_umap_98d050_onTarget.html
boxplot_pancreas_Tritschler_Molecular_Metabolism_2022_louvain_anno_fine_X_umap_98d050_onTarget.svg,s3://lifebit-user-data-6941eed90a4dd7a1d1026d7a/deploit/teams/69d8dd1e5d3e1f8c350e006f/users/68af3d99c99eb7bd2ff47bc8/projects/69f80768ca774c668fbaaed8/jobs/6a22c7580859d97fbe7b688b/results/boxplot_pancreas_Tritschler_Molecular_Metabolism_2022_louvain_anno_fine_X_umap_98d050_onTarget.svg
boxplot_pancreas_Tritschler_Molecular_Metabolism_2022_louvain_anno_fine_X_umap_98d050_precision.html,s3://lifebit-user-data-6941eed90a4dd7a1d1026d7a/deploit/teams/69d8dd1e5d3e1f8c350e006f/users/68af3d99c99eb7bd2ff47bc8/projects/69f80768ca774c668fbaaed8/jobs/6a22c7580859d97fbe7b688b/results/boxplot_pancreas_Tritschler_Molecular_Metabolism_2022_louvain_anno_fine_X_umap_98d050_precision.html
boxplot_pancreas_Tritschler_Molecular_Metabolism_2022_louvain_anno_fine_X_umap_98d050_precision.svg,s3://lifebit-user-data-6941eed90a4dd7a1d1026d7a/deploit/teams/69d8dd1e5d3e1f8c350e006f/users/68af3d99c99eb7bd2ff47bc8/projects/69f80768ca774c668fbaaed8/jobs/6a22c7580859d97fbe7b688b/results/boxplot_pancreas_Tritschler_Molecular_Metabolism_2022_louvain_anno_fine_X_umap_98d050_precision.svg
boxplot_pancreas_Tritschler_Molecular_Metabolism_2022_louvain_anno_fine_X_umap_98d050_recall.html,s3://lifebit-user-data-6941eed90a4dd7a1d1026d7a/deploit/teams/69d8dd1e5d3e1f8c350e006f/users/68af3d99c99eb7bd2ff47bc8/projects/69f80768ca774c668fbaaed8/jobs/6a22c7580859d97fbe7b688b/results/boxplot_pancreas_Tritschler_Molecular_Metabolism_2022_louvain_anno_fine_X_umap_98d050_recall.html
boxplot_pancreas_Tritschler_Molecular_Metabolism_2022_louvain_anno_fine_X_umap_98d050_recall.svg,s3://lifebit-user-data-6941eed90a4dd7a1d1026d7a/deploit/teams/69d8dd1e5d3e1f8c350e006f/users/68af3d99c99eb7bd2ff47bc8/projects/69f80768ca774c668fbaaed8/jobs/6a22c7580859d97fbe7b688b/results/boxplot_pancreas_Tritschler_Molecular_Metabolism_2022_louvain_anno_fine_X_umap_98d050_recall.svg
boxplot_pancreas_Xu_Cell_2023_Curated_annotation_X_umap_f2ac0d_f_score.html,s3://lifebit-user-data-6941eed90a4dd7a1d1026d7a/deploit/teams/69d8dd1e5d3e1f8c350e006f/users/68af3d99c99eb7bd2ff47bc8/projects/69f80768ca774c668fbaaed8/jobs/6a22c7580859d97fbe7b688b/results/boxplot_pancreas_Xu_Cell_2023_Curated_annotation_X_umap_f2ac0d_f_score.html
boxplot_pancreas_Xu_Cell_2023_Curated_annotation_X_umap_f2ac0d_f_score.svg,s3://lifebit-user-data-6941eed90a4dd7a1d1026d7a/deploit/teams/69d8dd1e5d3e1f8c350e006f/users/68af3d99c99eb7bd2ff47bc8/projects/69f80768ca774c668fbaaed8/jobs/6a22c7580859d97fbe7b688b/results/boxplot_pancreas_Xu_Cell_2023_Curated_annotation_X_umap_f2ac0d_f_score.svg
boxplot_pancreas_Xu_Cell_2023_Curated_annotation_X_umap_f2ac0d_onTarget.html,s3://lifebit-user-data-6941eed90a4dd7a1d1026d7a/deploit/teams/69d8dd1e5d3e1f8c350e006f/users/68af3d99c99eb7bd2ff47bc8/projects/69f80768ca774c668fbaaed8/jobs/6a22c7580859d97fbe7b688b/results/boxplot_pancreas_Xu_Cell_2023_Curated_annotation_X_umap_f2ac0d_onTarget.html
boxplot_pancreas_Xu_Cell_2023_Curated_annotation_X_umap_f2ac0d_onTarget.svg,s3://lifebit-user-data-6941eed90a4dd7a1d1026d7a/deploit/teams/69d8dd1e5d3e1f8c350e006f/users/68af3d99c99eb7bd2ff47bc8/projects/69f80768ca774c668fbaaed8/jobs/6a22c7580859d97fbe7b688b/results/boxplot_pancreas_Xu_Cell_2023_Curated_annotation_X_umap_f2ac0d_onTarget.svg
boxplot_pancreas_Xu_Cell_2023_Curated_annotation_X_umap_f2ac0d_precision.html,s3://lifebit-user-data-6941eed90a4dd7a1d1026d7a/deploit/teams/69d8dd1e5d3e1f8c350e006f/users/68af3d99c99eb7bd2ff47bc8/projects/69f80768ca774c668fbaaed8/jobs/6a22c7580859d97fbe7b688b/results/boxplot_pancreas_Xu_Cell_2023_Curated_annotation_X_umap_f2ac0d_precision.html
boxplot_pancreas_Xu_Cell_2023_Curated_annotation_X_umap_f2ac0d_precision.svg,s3://lifebit-user-data-6941eed90a4dd7a1d1026d7a/deploit/teams/69d8dd1e5d3e1f8c350e006f/users/68af3d99c99eb7bd2ff47bc8/projects/69f80768ca774c668fbaaed8/jobs/6a22c7580859d97fbe7b688b/results/boxplot_pancreas_Xu_Cell_2023_Curated_annotation_X_umap_f2ac0d_precision.svg
boxplot_pancreas_Xu_Cell_2023_Curated_annotation_X_umap_f2ac0d_recall.html,s3://lifebit-user-data-6941eed90a4dd7a1d1026d7a/deploit/teams/69d8dd1e5d3e1f8c350e006f/users/68af3d99c99eb7bd2ff47bc8/projects/69f80768ca774c668fbaaed8/jobs/6a22c7580859d97fbe7b688b/results/boxplot_pancreas_Xu_Cell_2023_Curated_annotation_X_umap_f2ac0d_recall.html
boxplot_pancreas_Xu_Cell_2023_Curated_annotation_X_umap_f2ac0d_recall.svg,s3://lifebit-user-data-6941eed90a4dd7a1d1026d7a/deploit/teams/69d8dd1e5d3e1f8c350e006f/users/68af3d99c99eb7bd2ff47bc8/projects/69f80768ca774c668fbaaed8/jobs/6a22c7580859d97fbe7b688b/results/boxplot_pancreas_Xu_Cell_2023_Curated_annotation_X_umap_f2ac0d_recall.svg
cluster_cid_mapping_pancreas_Fasolino_Nat_Metab_2022_cell_label_X_umap_77ee93.csv,s3://lifebit-user-data-6941eed90a4dd7a1d1026d7a/deploit/teams/69d8dd1e5d3e1f8c350e006f/users/68af3d99c99eb7bd2ff47bc8/projects/69f80768ca774c668fbaaed8/jobs/6a22c7580859d97fbe7b688b/results/cluster_cid_mapping_pancreas_Fasolino_Nat_Metab_2022_cell_label_X_umap_77ee93.csv
cluster_cid_mapping_pancreas_Han_Nature_2020_author_cell_type_X_umap_5c7ea7.csv,s3://lifebit-user-data-6941eed90a4dd7a1d1026d7a/deploit/teams/69d8dd1e5d3e1f8c350e006f/users/68af3d99c99eb7bd2ff47bc8/projects/69f80768ca774c668fbaaed8/jobs/6a22c7580859d97fbe7b688b/results/cluster_cid_mapping_pancreas_Han_Nature_2020_author_cell_type_X_umap_5c7ea7.csv
cluster_cid_mapping_pancreas_Muraro_Cell_Systems_2016_cellular_classification_X_tsne_652149.csv,s3://lifebit-user-data-6941eed90a4dd7a1d1026d7a/deploit/teams/69d8dd1e5d3e1f8c350e006f/users/68af3d99c99eb7bd2ff47bc8/projects/69f80768ca774c668fbaaed8/jobs/6a22c7580859d97fbe7b688b/results/cluster_cid_mapping_pancreas_Muraro_Cell_Systems_2016_cellular_classification_X_tsne_652149.csv
cluster_cid_mapping_pancreas_Tritschler_Molecular_Metabolism_2022_louvain_anno_fine_X_umap_98d050.csv,s3://lifebit-user-data-6941eed90a4dd7a1d1026d7a/deploit/teams/69d8dd1e5d3e1f8c350e006f/users/68af3d99c99eb7bd2ff47bc8/projects/69f80768ca774c668fbaaed8/jobs/6a22c7580859d97fbe7b688b/results/cluster_cid_mapping_pancreas_Tritschler_Molecular_Metabolism_2022_louvain_anno_fine_X_umap_98d050.csv
cluster_cid_mapping_pancreas_Xu_Cell_2023_Curated_annotation_X_umap_f2ac0d.csv,s3://lifebit-user-data-6941eed90a4dd7a1d1026d7a/deploit/teams/69d8dd1e5d3e1f8c350e006f/users/68af3d99c99eb7bd2ff47bc8/projects/69f80768ca774c668fbaaed8/jobs/6a22c7580859d97fbe7b688b/results/cluster_cid_mapping_pancreas_Xu_Cell_2023_Curated_annotation_X_umap_f2ac0d.csv
cluster_order_before_filter_pancreas_Fasolino_Nat_Metab_2022_cell_label_X_umap_77ee93.csv,s3://lifebit-user-data-6941eed90a4dd7a1d1026d7a/deploit/teams/69d8dd1e5d3e1f8c350e006f/users/68af3d99c99eb7bd2ff47bc8/projects/69f80768ca774c668fbaaed8/jobs/6a22c7580859d97fbe7b688b/results/cluster_order_before_filter_pancreas_Fasolino_Nat_Metab_2022_cell_label_X_umap_77ee93.csv
cluster_order_before_filter_pancreas_Han_Nature_2020_author_cell_type_X_umap_5c7ea7.csv,s3://lifebit-user-data-6941eed90a4dd7a1d1026d7a/deploit/teams/69d8dd1e5d3e1f8c350e006f/users/68af3d99c99eb7bd2ff47bc8/projects/69f80768ca774c668fbaaed8/jobs/6a22c7580859d97fbe7b688b/results/cluster_order_before_filter_pancreas_Han_Nature_2020_author_cell_type_X_umap_5c7ea7.csv
cluster_order_before_filter_pancreas_Muraro_Cell_Systems_2016_cellular_classification_X_tsne_652149.csv,s3://lifebit-user-data-6941eed90a4dd7a1d1026d7a/deploit/teams/69d8dd1e5d3e1f8c350e006f/users/68af3d99c99eb7bd2ff47bc8/projects/69f80768ca774c668fbaaed8/jobs/6a22c7580859d97fbe7b688b/results/cluster_order_before_filter_pancreas_Muraro_Cell_Systems_2016_cellular_classification_X_tsne_652149.csv
cluster_order_before_filter_pancreas_Tritschler_Molecular_Metabolism_2022_louvain_anno_fine_X_umap_98d050.csv,s3://lifebit-user-data-6941eed90a4dd7a1d1026d7a/deploit/teams/69d8dd1e5d3e1f8c350e006f/users/68af3d99c99eb7bd2ff47bc8/projects/69f80768ca774c668fbaaed8/jobs/6a22c7580859d97fbe7b688b/results/cluster_order_before_filter_pancreas_Tritschler_Molecular_Metabolism_2022_louvain_anno_fine_X_umap_98d050.csv
cluster_order_before_filter_pancreas_Xu_Cell_2023_Curated_annotation_X_umap_f2ac0d.csv,s3://lifebit-user-data-6941eed90a4dd7a1d1026d7a/deploit/teams/69d8dd1e5d3e1f8c350e006f/users/68af3d99c99eb7bd2ff47bc8/projects/69f80768ca774c668fbaaed8/jobs/6a22c7580859d97fbe7b688b/results/cluster_order_before_filter_pancreas_Xu_Cell_2023_Curated_annotation_X_umap_f2ac0d.csv
cluster_order_pancreas_Fasolino_Nat_Metab_2022_cell_label_X_umap_77ee93.csv,s3://lifebit-user-data-6941eed90a4dd7a1d1026d7a/deploit/teams/69d8dd1e5d3e1f8c350e006f/users/68af3d99c99eb7bd2ff47bc8/projects/69f80768ca774c668fbaaed8/jobs/6a22c7580859d97fbe7b688b/results/cluster_order_pancreas_Fasolino_Nat_Metab_2022_cell_label_X_umap_77ee93.csv
cluster_order_pancreas_Han_Nature_2020_author_cell_type_X_umap_5c7ea7.csv,s3://lifebit-user-data-6941eed90a4dd7a1d1026d7a/deploit/teams/69d8dd1e5d3e1f8c350e006f/users/68af3d99c99eb7bd2ff47bc8/projects/69f80768ca774c668fbaaed8/jobs/6a22c7580859d97fbe7b688b/results/cluster_order_pancreas_Han_Nature_2020_author_cell_type_X_umap_5c7ea7.csv
cluster_order_pancreas_Muraro_Cell_Systems_2016_cellular_classification_X_tsne_652149.csv,s3://lifebit-user-data-6941eed90a4dd7a1d1026d7a/deploit/teams/69d8dd1e5d3e1f8c350e006f/users/68af3d99c99eb7bd2ff47bc8/projects/69f80768ca774c668fbaaed8/jobs/6a22c7580859d97fbe7b688b/results/cluster_order_pancreas_Muraro_Cell_Systems_2016_cellular_classification_X_tsne_652149.csv
cluster_order_pancreas_Tritschler_Molecular_Metabolism_2022_louvain_anno_fine_X_umap_98d050.csv,s3://lifebit-user-data-6941eed90a4dd7a1d1026d7a/deploit/teams/69d8dd1e5d3e1f8c350e006f/users/68af3d99c99eb7bd2ff47bc8/projects/69f80768ca774c668fbaaed8/jobs/6a22c7580859d97fbe7b688b/results/cluster_order_pancreas_Tritschler_Molecular_Metabolism_2022_louvain_anno_fine_X_umap_98d050.csv
cluster_order_pancreas_Xu_Cell_2023_Curated_annotation_X_umap_f2ac0d.csv,s3://lifebit-user-data-6941eed90a4dd7a1d1026d7a/deploit/teams/69d8dd1e5d3e1f8c350e006f/users/68af3d99c99eb7bd2ff47bc8/projects/69f80768ca774c668fbaaed8/jobs/6a22c7580859d97fbe7b688b/results/cluster_order_pancreas_Xu_Cell_2023_Curated_annotation_X_umap_f2ac0d.csv
cluster_sizes_before_filter_pancreas_Fasolino_Nat_Metab_2022_cell_label_X_umap_77ee93.csv,s3://lifebit-user-data-6941eed90a4dd7a1d1026d7a/deploit/teams/69d8dd1e5d3e1f8c350e006f/users/68af3d99c99eb7bd2ff47bc8/projects/69f80768ca774c668fbaaed8/jobs/6a22c7580859d97fbe7b688b/results/cluster_sizes_before_filter_pancreas_Fasolino_Nat_Metab_2022_cell_label_X_umap_77ee93.csv
cluster_sizes_before_filter_pancreas_Han_Nature_2020_author_cell_type_X_umap_5c7ea7.csv,s3://lifebit-user-data-6941eed90a4dd7a1d1026d7a/deploit/teams/69d8dd1e5d3e1f8c350e006f/users/68af3d99c99eb7bd2ff47bc8/projects/69f80768ca774c668fbaaed8/jobs/6a22c7580859d97fbe7b688b/results/cluster_sizes_before_filter_pancreas_Han_Nature_2020_author_cell_type_X_umap_5c7ea7.csv
cluster_sizes_before_filter_pancreas_Muraro_Cell_Systems_2016_cellular_classification_X_tsne_652149.csv,s3://lifebit-user-data-6941eed90a4dd7a1d1026d7a/deploit/teams/69d8dd1e5d3e1f8c350e006f/users/68af3d99c99eb7bd2ff47bc8/projects/69f80768ca774c668fbaaed8/jobs/6a22c7580859d97fbe7b688b/results/cluster_sizes_before_filter_pancreas_Muraro_Cell_Systems_2016_cellular_classification_X_tsne_652149.csv
cluster_sizes_before_filter_pancreas_Tritschler_Molecular_Metabolism_2022_louvain_anno_fine_X_umap_98d050.csv,s3://lifebit-user-data-6941eed90a4dd7a1d1026d7a/deploit/teams/69d8dd1e5d3e1f8c350e006f/users/68af3d99c99eb7bd2ff47bc8/projects/69f80768ca774c668fbaaed8/jobs/6a22c7580859d97fbe7b688b/results/cluster_sizes_before_filter_pancreas_Tritschler_Molecular_Metabolism_2022_louvain_anno_fine_X_umap_98d050.csv
cluster_sizes_before_filter_pancreas_Xu_Cell_2023_Curated_annotation_X_umap_f2ac0d.csv,s3://lifebit-user-data-6941eed90a4dd7a1d1026d7a/deploit/teams/69d8dd1e5d3e1f8c350e006f/users/68af3d99c99eb7bd2ff47bc8/projects/69f80768ca774c668fbaaed8/jobs/6a22c7580859d97fbe7b688b/results/cluster_sizes_before_filter_pancreas_Xu_Cell_2023_Curated_annotation_X_umap_f2ac0d.csv
cluster_sizes_pancreas_Fasolino_Nat_Metab_2022_cell_label_X_umap_77ee93.csv,s3://lifebit-user-data-6941eed90a4dd7a1d1026d7a/deploit/teams/69d8dd1e5d3e1f8c350e006f/users/68af3d99c99eb7bd2ff47bc8/projects/69f80768ca774c668fbaaed8/jobs/6a22c7580859d97fbe7b688b/results/cluster_sizes_pancreas_Fasolino_Nat_Metab_2022_cell_label_X_umap_77ee93.csv
cluster_sizes_pancreas_Han_Nature_2020_author_cell_type_X_umap_5c7ea7.csv,s3://lifebit-user-data-6941eed90a4dd7a1d1026d7a/deploit/teams/69d8dd1e5d3e1f8c350e006f/users/68af3d99c99eb7bd2ff47bc8/projects/69f80768ca774c668fbaaed8/jobs/6a22c7580859d97fbe7b688b/results/cluster_sizes_pancreas_Han_Nature_2020_author_cell_type_X_umap_5c7ea7.csv
cluster_sizes_pancreas_Muraro_Cell_Systems_2016_cellular_classification_X_tsne_652149.csv,s3://lifebit-user-data-6941eed90a4dd7a1d1026d7a/deploit/teams/69d8dd1e5d3e1f8c350e006f/users/68af3d99c99eb7bd2ff47bc8/projects/69f80768ca774c668fbaaed8/jobs/6a22c7580859d97fbe7b688b/results/cluster_sizes_pancreas_Muraro_Cell_Systems_2016_cellular_classification_X_tsne_652149.csv
cluster_sizes_pancreas_Tritschler_Molecular_Metabolism_2022_louvain_anno_fine_X_umap_98d050.csv,s3://lifebit-user-data-6941eed90a4dd7a1d1026d7a/deploit/teams/69d8dd1e5d3e1f8c350e006f/users/68af3d99c99eb7bd2ff47bc8/projects/69f80768ca774c668fbaaed8/jobs/6a22c7580859d97fbe7b688b/results/cluster_sizes_pancreas_Tritschler_Molecular_Metabolism_2022_louvain_anno_fine_X_umap_98d050.csv
cluster_sizes_pancreas_Xu_Cell_2023_Curated_annotation_X_umap_f2ac0d.csv,s3://lifebit-user-data-6941eed90a4dd7a1d1026d7a/deploit/teams/69d8dd1e5d3e1f8c350e006f/users/68af3d99c99eb7bd2ff47bc8/projects/69f80768ca774c668fbaaed8/jobs/6a22c7580859d97fbe7b688b/results/cluster_sizes_pancreas_Xu_Cell_2023_Curated_annotation_X_umap_f2ac0d.csv
cluster_statistics_pancreas_Fasolino_Nat_Metab_2022_cell_label_X_umap_77ee93.csv,s3://lifebit-user-data-6941eed90a4dd7a1d1026d7a/deploit/teams/69d8dd1e5d3e1f8c350e006f/users/68af3d99c99eb7bd2ff47bc8/projects/69f80768ca774c668fbaaed8/jobs/6a22c7580859d97fbe7b688b/results/cluster_statistics_pancreas_Fasolino_Nat_Metab_2022_cell_label_X_umap_77ee93.csv
cluster_statistics_pancreas_Han_Nature_2020_author_cell_type_X_umap_5c7ea7.csv,s3://lifebit-user-data-6941eed90a4dd7a1d1026d7a/deploit/teams/69d8dd1e5d3e1f8c350e006f/users/68af3d99c99eb7bd2ff47bc8/projects/69f80768ca774c668fbaaed8/jobs/6a22c7580859d97fbe7b688b/results/cluster_statistics_pancreas_Han_Nature_2020_author_cell_type_X_umap_5c7ea7.csv
cluster_statistics_pancreas_Muraro_Cell_Systems_2016_cellular_classification_X_tsne_652149.csv,s3://lifebit-user-data-6941eed90a4dd7a1d1026d7a/deploit/teams/69d8dd1e5d3e1f8c350e006f/users/68af3d99c99eb7bd2ff47bc8/projects/69f80768ca774c668fbaaed8/jobs/6a22c7580859d97fbe7b688b/results/cluster_statistics_pancreas_Muraro_Cell_Systems_2016_cellular_classification_X_tsne_652149.csv
cluster_statistics_pancreas_Tritschler_Molecular_Metabolism_2022_louvain_anno_fine_X_umap_98d050.csv,s3://lifebit-user-data-6941eed90a4dd7a1d1026d7a/deploit/teams/69d8dd1e5d3e1f8c350e006f/users/68af3d99c99eb7bd2ff47bc8/projects/69f80768ca774c668fbaaed8/jobs/6a22c7580859d97fbe7b688b/results/cluster_statistics_pancreas_Tritschler_Molecular_Metabolism_2022_louvain_anno_fine_X_umap_98d050.csv
cluster_statistics_pancreas_Xu_Cell_2023_Curated_annotation_X_umap_f2ac0d.csv,s3://lifebit-user-data-6941eed90a4dd7a1d1026d7a/deploit/teams/69d8dd1e5d3e1f8c350e006f/users/68af3d99c99eb7bd2ff47bc8/projects/69f80768ca774c668fbaaed8/jobs/6a22c7580859d97fbe7b688b/results/cluster_statistics_pancreas_Xu_Cell_2023_Curated_annotation_X_umap_f2ac0d.csv
cluster_stats.log,s3://lifebit-user-data-6941eed90a4dd7a1d1026d7a/deploit/teams/69d8dd1e5d3e1f8c350e006f/users/68af3d99c99eb7bd2ff47bc8/projects/69f80768ca774c668fbaaed8/jobs/6a22c7580859d97fbe7b688b/results/cluster_stats.log
dataset_summary_pancreas_Fasolino_Nat_Metab_2022_cell_label_X_umap_77ee93.csv,s3://lifebit-user-data-6941eed90a4dd7a1d1026d7a/deploit/teams/69d8dd1e5d3e1f8c350e006f/users/68af3d99c99eb7bd2ff47bc8/projects/69f80768ca774c668fbaaed8/jobs/6a22c7580859d97fbe7b688b/results/dataset_summary_pancreas_Fasolino_Nat_Metab_2022_cell_label_X_umap_77ee93.csv
dataset_summary_pancreas_Han_Nature_2020_author_cell_type_X_umap_5c7ea7.csv,s3://lifebit-user-data-6941eed90a4dd7a1d1026d7a/deploit/teams/69d8dd1e5d3e1f8c350e006f/users/68af3d99c99eb7bd2ff47bc8/projects/69f80768ca774c668fbaaed8/jobs/6a22c7580859d97fbe7b688b/results/dataset_summary_pancreas_Han_Nature_2020_author_cell_type_X_umap_5c7ea7.csv
dataset_summary_pancreas_Muraro_Cell_Systems_2016_cellular_classification_X_tsne_652149.csv,s3://lifebit-user-data-6941eed90a4dd7a1d1026d7a/deploit/teams/69d8dd1e5d3e1f8c350e006f/users/68af3d99c99eb7bd2ff47bc8/projects/69f80768ca774c668fbaaed8/jobs/6a22c7580859d97fbe7b688b/results/dataset_summary_pancreas_Muraro_Cell_Systems_2016_cellular_classification_X_tsne_652149.csv
dataset_summary_pancreas_Tritschler_Molecular_Metabolism_2022_louvain_anno_fine_X_umap_98d050.csv,s3://lifebit-user-data-6941eed90a4dd7a1d1026d7a/deploit/teams/69d8dd1e5d3e1f8c350e006f/users/68af3d99c99eb7bd2ff47bc8/projects/69f80768ca774c668fbaaed8/jobs/6a22c7580859d97fbe7b688b/results/dataset_summary_pancreas_Tritschler_Molecular_Metabolism_2022_louvain_anno_fine_X_umap_98d050.csv
dataset_summary_pancreas_Xu_Cell_2023_Curated_annotation_X_umap_f2ac0d.csv,s3://lifebit-user-data-6941eed90a4dd7a1d1026d7a/deploit/teams/69d8dd1e5d3e1f8c350e006f/users/68af3d99c99eb7bd2ff47bc8/projects/69f80768ca774c668fbaaed8/jobs/6a22c7580859d97fbe7b688b/results/dataset_summary_pancreas_Xu_Cell_2023_Curated_annotation_X_umap_f2ac0d.csv
dendrogram_before_filter_pancreas_Fasolino_Nat_Metab_2022_cell_label_X_umap_77ee93.svg,s3://lifebit-user-data-6941eed90a4dd7a1d1026d7a/deploit/teams/69d8dd1e5d3e1f8c350e006f/users/68af3d99c99eb7bd2ff47bc8/projects/69f80768ca774c668fbaaed8/jobs/6a22c7580859d97fbe7b688b/results/dendrogram_before_filter_pancreas_Fasolino_Nat_Metab_2022_cell_label_X_umap_77ee93.svg
dendrogram_before_filter_pancreas_Han_Nature_2020_author_cell_type_X_umap_5c7ea7.svg,s3://lifebit-user-data-6941eed90a4dd7a1d1026d7a/deploit/teams/69d8dd1e5d3e1f8c350e006f/users/68af3d99c99eb7bd2ff47bc8/projects/69f80768ca774c668fbaaed8/jobs/6a22c7580859d97fbe7b688b/results/dendrogram_before_filter_pancreas_Han_Nature_2020_author_cell_type_X_umap_5c7ea7.svg
dendrogram_before_filter_pancreas_Muraro_Cell_Systems_2016_cellular_classification_X_tsne_652149.svg,s3://lifebit-user-data-6941eed90a4dd7a1d1026d7a/deploit/teams/69d8dd1e5d3e1f8c350e006f/users/68af3d99c99eb7bd2ff47bc8/projects/69f80768ca774c668fbaaed8/jobs/6a22c7580859d97fbe7b688b/results/dendrogram_before_filter_pancreas_Muraro_Cell_Systems_2016_cellular_classification_X_tsne_652149.svg
dendrogram_before_filter_pancreas_Tritschler_Molecular_Metabolism_2022_louvain_anno_fine_X_umap_98d050.svg,s3://lifebit-user-data-6941eed90a4dd7a1d1026d7a/deploit/teams/69d8dd1e5d3e1f8c350e006f/users/68af3d99c99eb7bd2ff47bc8/projects/69f80768ca774c668fbaaed8/jobs/6a22c7580859d97fbe7b688b/results/dendrogram_before_filter_pancreas_Tritschler_Molecular_Metabolism_2022_louvain_anno_fine_X_umap_98d050.svg
dendrogram_before_filter_pancreas_Xu_Cell_2023_Curated_annotation_X_umap_f2ac0d.svg,s3://lifebit-user-data-6941eed90a4dd7a1d1026d7a/deploit/teams/69d8dd1e5d3e1f8c350e006f/users/68af3d99c99eb7bd2ff47bc8/projects/69f80768ca774c668fbaaed8/jobs/6a22c7580859d97fbe7b688b/results/dendrogram_before_filter_pancreas_Xu_Cell_2023_Curated_annotation_X_umap_f2ac0d.svg
dendrogram_pancreas_Fasolino_Nat_Metab_2022_cell_label_X_umap_77ee93.svg,s3://lifebit-user-data-6941eed90a4dd7a1d1026d7a/deploit/teams/69d8dd1e5d3e1f8c350e006f/users/68af3d99c99eb7bd2ff47bc8/projects/69f80768ca774c668fbaaed8/jobs/6a22c7580859d97fbe7b688b/results/dendrogram_pancreas_Fasolino_Nat_Metab_2022_cell_label_X_umap_77ee93.svg
dendrogram_pancreas_Han_Nature_2020_author_cell_type_X_umap_5c7ea7.svg,s3://lifebit-user-data-6941eed90a4dd7a1d1026d7a/deploit/teams/69d8dd1e5d3e1f8c350e006f/users/68af3d99c99eb7bd2ff47bc8/projects/69f80768ca774c668fbaaed8/jobs/6a22c7580859d97fbe7b688b/results/dendrogram_pancreas_Han_Nature_2020_author_cell_type_X_umap_5c7ea7.svg
dendrogram_pancreas_Muraro_Cell_Systems_2016_cellular_classification_X_tsne_652149.svg,s3://lifebit-user-data-6941eed90a4dd7a1d1026d7a/deploit/teams/69d8dd1e5d3e1f8c350e006f/users/68af3d99c99eb7bd2ff47bc8/projects/69f80768ca774c668fbaaed8/jobs/6a22c7580859d97fbe7b688b/results/dendrogram_pancreas_Muraro_Cell_Systems_2016_cellular_classification_X_tsne_652149.svg
dendrogram_pancreas_Tritschler_Molecular_Metabolism_2022_louvain_anno_fine_X_umap_98d050.svg,s3://lifebit-user-data-6941eed90a4dd7a1d1026d7a/deploit/teams/69d8dd1e5d3e1f8c350e006f/users/68af3d99c99eb7bd2ff47bc8/projects/69f80768ca774c668fbaaed8/jobs/6a22c7580859d97fbe7b688b/results/dendrogram_pancreas_Tritschler_Molecular_Metabolism_2022_louvain_anno_fine_X_umap_98d050.svg
dendrogram_pancreas_Xu_Cell_2023_Curated_annotation_X_umap_f2ac0d.svg,s3://lifebit-user-data-6941eed90a4dd7a1d1026d7a/deploit/teams/69d8dd1e5d3e1f8c350e006f/users/68af3d99c99eb7bd2ff47bc8/projects/69f80768ca774c668fbaaed8/jobs/6a22c7580859d97fbe7b688b/results/dendrogram_pancreas_Xu_Cell_2023_Curated_annotation_X_umap_f2ac0d.svg
distribution_log10_pancreas_Fasolino_Nat_Metab_2022_cell_label_X_umap_77ee93.html,s3://lifebit-user-data-6941eed90a4dd7a1d1026d7a/deploit/teams/69d8dd1e5d3e1f8c350e006f/users/68af3d99c99eb7bd2ff47bc8/projects/69f80768ca774c668fbaaed8/jobs/6a22c7580859d97fbe7b688b/results/distribution_log10_pancreas_Fasolino_Nat_Metab_2022_cell_label_X_umap_77ee93.html
distribution_log10_pancreas_Fasolino_Nat_Metab_2022_cell_label_X_umap_77ee93.svg,s3://lifebit-user-data-6941eed90a4dd7a1d1026d7a/deploit/teams/69d8dd1e5d3e1f8c350e006f/users/68af3d99c99eb7bd2ff47bc8/projects/69f80768ca774c668fbaaed8/jobs/6a22c7580859d97fbe7b688b/results/distribution_log10_pancreas_Fasolino_Nat_Metab_2022_cell_label_X_umap_77ee93.svg
distribution_log10_pancreas_Han_Nature_2020_author_cell_type_X_umap_5c7ea7.html,s3://lifebit-user-data-6941eed90a4dd7a1d1026d7a/deploit/teams/69d8dd1e5d3e1f8c350e006f/users/68af3d99c99eb7bd2ff47bc8/projects/69f80768ca774c668fbaaed8/jobs/6a22c7580859d97fbe7b688b/results/distribution_log10_pancreas_Han_Nature_2020_author_cell_type_X_umap_5c7ea7.html
distribution_log10_pancreas_Han_Nature_2020_author_cell_type_X_umap_5c7ea7.svg,s3://lifebit-user-data-6941eed90a4dd7a1d1026d7a/deploit/teams/69d8dd1e5d3e1f8c350e006f/users/68af3d99c99eb7bd2ff47bc8/projects/69f80768ca774c668fbaaed8/jobs/6a22c7580859d97fbe7b688b/results/distribution_log10_pancreas_Han_Nature_2020_author_cell_type_X_umap_5c7ea7.svg
distribution_log10_pancreas_Muraro_Cell_Systems_2016_cellular_classification_X_tsne_652149.html,s3://lifebit-user-data-6941eed90a4dd7a1d1026d7a/deploit/teams/69d8dd1e5d3e1f8c350e006f/users/68af3d99c99eb7bd2ff47bc8/projects/69f80768ca774c668fbaaed8/jobs/6a22c7580859d97fbe7b688b/results/distribution_log10_pancreas_Muraro_Cell_Systems_2016_cellular_classification_X_tsne_652149.html
distribution_log10_pancreas_Muraro_Cell_Systems_2016_cellular_classification_X_tsne_652149.svg,s3://lifebit-user-data-6941eed90a4dd7a1d1026d7a/deploit/teams/69d8dd1e5d3e1f8c350e006f/users/68af3d99c99eb7bd2ff47bc8/projects/69f80768ca774c668fbaaed8/jobs/6a22c7580859d97fbe7b688b/results/distribution_log10_pancreas_Muraro_Cell_Systems_2016_cellular_classification_X_tsne_652149.svg
distribution_log10_pancreas_Tritschler_Molecular_Metabolism_2022_louvain_anno_fine_X_umap_98d050.html,s3://lifebit-user-data-6941eed90a4dd7a1d1026d7a/deploit/teams/69d8dd1e5d3e1f8c350e006f/users/68af3d99c99eb7bd2ff47bc8/projects/69f80768ca774c668fbaaed8/jobs/6a22c7580859d97fbe7b688b/results/distribution_log10_pancreas_Tritschler_Molecular_Metabolism_2022_louvain_anno_fine_X_umap_98d050.html
distribution_log10_pancreas_Tritschler_Molecular_Metabolism_2022_louvain_anno_fine_X_umap_98d050.svg,s3://lifebit-user-data-6941eed90a4dd7a1d1026d7a/deploit/teams/69d8dd1e5d3e1f8c350e006f/users/68af3d99c99eb7bd2ff47bc8/projects/69f80768ca774c668fbaaed8/jobs/6a22c7580859d97fbe7b688b/results/distribution_log10_pancreas_Tritschler_Molecular_Metabolism_2022_louvain_anno_fine_X_umap_98d050.svg
distribution_log10_pancreas_Xu_Cell_2023_Curated_annotation_X_umap_f2ac0d.html,s3://lifebit-user-data-6941eed90a4dd7a1d1026d7a/deploit/teams/69d8dd1e5d3e1f8c350e006f/users/68af3d99c99eb7bd2ff47bc8/projects/69f80768ca774c668fbaaed8/jobs/6a22c7580859d97fbe7b688b/results/distribution_log10_pancreas_Xu_Cell_2023_Curated_annotation_X_umap_f2ac0d.html
distribution_log10_pancreas_Xu_Cell_2023_Curated_annotation_X_umap_f2ac0d.svg,s3://lifebit-user-data-6941eed90a4dd7a1d1026d7a/deploit/teams/69d8dd1e5d3e1f8c350e006f/users/68af3d99c99eb7bd2ff47bc8/projects/69f80768ca774c668fbaaed8/jobs/6a22c7580859d97fbe7b688b/results/distribution_log10_pancreas_Xu_Cell_2023_Curated_annotation_X_umap_f2ac0d.svg
distribution_raw_pancreas_Fasolino_Nat_Metab_2022_cell_label_X_umap_77ee93.html,s3://lifebit-user-data-6941eed90a4dd7a1d1026d7a/deploit/teams/69d8dd1e5d3e1f8c350e006f/users/68af3d99c99eb7bd2ff47bc8/projects/69f80768ca774c668fbaaed8/jobs/6a22c7580859d97fbe7b688b/results/distribution_raw_pancreas_Fasolino_Nat_Metab_2022_cell_label_X_umap_77ee93.html
distribution_raw_pancreas_Fasolino_Nat_Metab_2022_cell_label_X_umap_77ee93.svg,s3://lifebit-user-data-6941eed90a4dd7a1d1026d7a/deploit/teams/69d8dd1e5d3e1f8c350e006f/users/68af3d99c99eb7bd2ff47bc8/projects/69f80768ca774c668fbaaed8/jobs/6a22c7580859d97fbe7b688b/results/distribution_raw_pancreas_Fasolino_Nat_Metab_2022_cell_label_X_umap_77ee93.svg
distribution_raw_pancreas_Han_Nature_2020_author_cell_type_X_umap_5c7ea7.html,s3://lifebit-user-data-6941eed90a4dd7a1d1026d7a/deploit/teams/69d8dd1e5d3e1f8c350e006f/users/68af3d99c99eb7bd2ff47bc8/projects/69f80768ca774c668fbaaed8/jobs/6a22c7580859d97fbe7b688b/results/distribution_raw_pancreas_Han_Nature_2020_author_cell_type_X_umap_5c7ea7.html
distribution_raw_pancreas_Han_Nature_2020_author_cell_type_X_umap_5c7ea7.svg,s3://lifebit-user-data-6941eed90a4dd7a1d1026d7a/deploit/teams/69d8dd1e5d3e1f8c350e006f/users/68af3d99c99eb7bd2ff47bc8/projects/69f80768ca774c668fbaaed8/jobs/6a22c7580859d97fbe7b688b/results/distribution_raw_pancreas_Han_Nature_2020_author_cell_type_X_umap_5c7ea7.svg
distribution_raw_pancreas_Muraro_Cell_Systems_2016_cellular_classification_X_tsne_652149.html,s3://lifebit-user-data-6941eed90a4dd7a1d1026d7a/deploit/teams/69d8dd1e5d3e1f8c350e006f/users/68af3d99c99eb7bd2ff47bc8/projects/69f80768ca774c668fbaaed8/jobs/6a22c7580859d97fbe7b688b/results/distribution_raw_pancreas_Muraro_Cell_Systems_2016_cellular_classification_X_tsne_652149.html
distribution_raw_pancreas_Muraro_Cell_Systems_2016_cellular_classification_X_tsne_652149.svg,s3://lifebit-user-data-6941eed90a4dd7a1d1026d7a/deploit/teams/69d8dd1e5d3e1f8c350e006f/users/68af3d99c99eb7bd2ff47bc8/projects/69f80768ca774c668fbaaed8/jobs/6a22c7580859d97fbe7b688b/results/distribution_raw_pancreas_Muraro_Cell_Systems_2016_cellular_classification_X_tsne_652149.svg
distribution_raw_pancreas_Tritschler_Molecular_Metabolism_2022_louvain_anno_fine_X_umap_98d050.html,s3://lifebit-user-data-6941eed90a4dd7a1d1026d7a/deploit/teams/69d8dd1e5d3e1f8c350e006f/users/68af3d99c99eb7bd2ff47bc8/projects/69f80768ca774c668fbaaed8/jobs/6a22c7580859d97fbe7b688b/results/distribution_raw_pancreas_Tritschler_Molecular_Metabolism_2022_louvain_anno_fine_X_umap_98d050.html
distribution_raw_pancreas_Tritschler_Molecular_Metabolism_2022_louvain_anno_fine_X_umap_98d050.svg,s3://lifebit-user-data-6941eed90a4dd7a1d1026d7a/deploit/teams/69d8dd1e5d3e1f8c350e006f/users/68af3d99c99eb7bd2ff47bc8/projects/69f80768ca774c668fbaaed8/jobs/6a22c7580859d97fbe7b688b/results/distribution_raw_pancreas_Tritschler_Molecular_Metabolism_2022_louvain_anno_fine_X_umap_98d050.svg
distribution_raw_pancreas_Xu_Cell_2023_Curated_annotation_X_umap_f2ac0d.html,s3://lifebit-user-data-6941eed90a4dd7a1d1026d7a/deploit/teams/69d8dd1e5d3e1f8c350e006f/users/68af3d99c99eb7bd2ff47bc8/projects/69f80768ca774c668fbaaed8/jobs/6a22c7580859d97fbe7b688b/results/distribution_raw_pancreas_Xu_Cell_2023_Curated_annotation_X_umap_f2ac0d.html
distribution_raw_pancreas_Xu_Cell_2023_Curated_annotation_X_umap_f2ac0d.svg,s3://lifebit-user-data-6941eed90a4dd7a1d1026d7a/deploit/teams/69d8dd1e5d3e1f8c350e006f/users/68af3d99c99eb7bd2ff47bc8/projects/69f80768ca774c668fbaaed8/jobs/6a22c7580859d97fbe7b688b/results/distribution_raw_pancreas_Xu_Cell_2023_Curated_annotation_X_umap_f2ac0d.svg
dotplot__scaledpancreas_Fasolino_Nat_Metab_2022_cell_label_X_umap_77ee93.svg,s3://lifebit-user-data-6941eed90a4dd7a1d1026d7a/deploit/teams/69d8dd1e5d3e1f8c350e006f/users/68af3d99c99eb7bd2ff47bc8/projects/69f80768ca774c668fbaaed8/jobs/6a22c7580859d97fbe7b688b/results/dotplot__scaledpancreas_Fasolino_Nat_Metab_2022_cell_label_X_umap_77ee93.svg
dotplot__scaledpancreas_Han_Nature_2020_author_cell_type_X_umap_5c7ea7.svg,s3://lifebit-user-data-6941eed90a4dd7a1d1026d7a/deploit/teams/69d8dd1e5d3e1f8c350e006f/users/68af3d99c99eb7bd2ff47bc8/projects/69f80768ca774c668fbaaed8/jobs/6a22c7580859d97fbe7b688b/results/dotplot__scaledpancreas_Han_Nature_2020_author_cell_type_X_umap_5c7ea7.svg
dotplot__scaledpancreas_Muraro_Cell_Systems_2016_cellular_classification_X_tsne_652149.svg,s3://lifebit-user-data-6941eed90a4dd7a1d1026d7a/deploit/teams/69d8dd1e5d3e1f8c350e006f/users/68af3d99c99eb7bd2ff47bc8/projects/69f80768ca774c668fbaaed8/jobs/6a22c7580859d97fbe7b688b/results/dotplot__scaledpancreas_Muraro_Cell_Systems_2016_cellular_classification_X_tsne_652149.svg
dotplot__scaledpancreas_Tritschler_Molecular_Metabolism_2022_louvain_anno_fine_X_umap_98d050.svg,s3://lifebit-user-data-6941eed90a4dd7a1d1026d7a/deploit/teams/69d8dd1e5d3e1f8c350e006f/users/68af3d99c99eb7bd2ff47bc8/projects/69f80768ca774c668fbaaed8/jobs/6a22c7580859d97fbe7b688b/results/dotplot__scaledpancreas_Tritschler_Molecular_Metabolism_2022_louvain_anno_fine_X_umap_98d050.svg
dotplot__scaledpancreas_Xu_Cell_2023_Curated_annotation_X_umap_f2ac0d.svg,s3://lifebit-user-data-6941eed90a4dd7a1d1026d7a/deploit/teams/69d8dd1e5d3e1f8c350e006f/users/68af3d99c99eb7bd2ff47bc8/projects/69f80768ca774c668fbaaed8/jobs/6a22c7580859d97fbe7b688b/results/dotplot__scaledpancreas_Xu_Cell_2023_Curated_annotation_X_umap_f2ac0d.svg
dotplot_pancreas_Fasolino_Nat_Metab_2022_cell_label_X_umap_77ee93.svg,s3://lifebit-user-data-6941eed90a4dd7a1d1026d7a/deploit/teams/69d8dd1e5d3e1f8c350e006f/users/68af3d99c99eb7bd2ff47bc8/projects/69f80768ca774c668fbaaed8/jobs/6a22c7580859d97fbe7b688b/results/dotplot_pancreas_Fasolino_Nat_Metab_2022_cell_label_X_umap_77ee93.svg
dotplot_pancreas_Han_Nature_2020_author_cell_type_X_umap_5c7ea7.svg,s3://lifebit-user-data-6941eed90a4dd7a1d1026d7a/deploit/teams/69d8dd1e5d3e1f8c350e006f/users/68af3d99c99eb7bd2ff47bc8/projects/69f80768ca774c668fbaaed8/jobs/6a22c7580859d97fbe7b688b/results/dotplot_pancreas_Han_Nature_2020_author_cell_type_X_umap_5c7ea7.svg
dotplot_pancreas_Muraro_Cell_Systems_2016_cellular_classification_X_tsne_652149.svg,s3://lifebit-user-data-6941eed90a4dd7a1d1026d7a/deploit/teams/69d8dd1e5d3e1f8c350e006f/users/68af3d99c99eb7bd2ff47bc8/projects/69f80768ca774c668fbaaed8/jobs/6a22c7580859d97fbe7b688b/results/dotplot_pancreas_Muraro_Cell_Systems_2016_cellular_classification_X_tsne_652149.svg
dotplot_pancreas_Tritschler_Molecular_Metabolism_2022_louvain_anno_fine_X_umap_98d050.svg,s3://lifebit-user-data-6941eed90a4dd7a1d1026d7a/deploit/teams/69d8dd1e5d3e1f8c350e006f/users/68af3d99c99eb7bd2ff47bc8/projects/69f80768ca774c668fbaaed8/jobs/6a22c7580859d97fbe7b688b/results/dotplot_pancreas_Tritschler_Molecular_Metabolism_2022_louvain_anno_fine_X_umap_98d050.svg
dotplot_pancreas_Xu_Cell_2023_Curated_annotation_X_umap_f2ac0d.svg,s3://lifebit-user-data-6941eed90a4dd7a1d1026d7a/deploit/teams/69d8dd1e5d3e1f8c350e006f/users/68af3d99c99eb7bd2ff47bc8/projects/69f80768ca774c668fbaaed8/jobs/6a22c7580859d97fbe7b688b/results/dotplot_pancreas_Xu_Cell_2023_Curated_annotation_X_umap_f2ac0d.svg
gene_selection_ensg_pancreas_Fasolino_Nat_Metab_2022_cell_label_X_umap_77ee93.csv,s3://lifebit-user-data-6941eed90a4dd7a1d1026d7a/deploit/teams/69d8dd1e5d3e1f8c350e006f/users/68af3d99c99eb7bd2ff47bc8/projects/69f80768ca774c668fbaaed8/jobs/6a22c7580859d97fbe7b688b/results/gene_selection_ensg_pancreas_Fasolino_Nat_Metab_2022_cell_label_X_umap_77ee93.csv
gene_selection_ensg_pancreas_Han_Nature_2020_author_cell_type_X_umap_5c7ea7.csv,s3://lifebit-user-data-6941eed90a4dd7a1d1026d7a/deploit/teams/69d8dd1e5d3e1f8c350e006f/users/68af3d99c99eb7bd2ff47bc8/projects/69f80768ca774c668fbaaed8/jobs/6a22c7580859d97fbe7b688b/results/gene_selection_ensg_pancreas_Han_Nature_2020_author_cell_type_X_umap_5c7ea7.csv
gene_selection_ensg_pancreas_Muraro_Cell_Systems_2016_cellular_classification_X_tsne_652149.csv,s3://lifebit-user-data-6941eed90a4dd7a1d1026d7a/deploit/teams/69d8dd1e5d3e1f8c350e006f/users/68af3d99c99eb7bd2ff47bc8/projects/69f80768ca774c668fbaaed8/jobs/6a22c7580859d97fbe7b688b/results/gene_selection_ensg_pancreas_Muraro_Cell_Systems_2016_cellular_classification_X_tsne_652149.csv
gene_selection_ensg_pancreas_Tritschler_Molecular_Metabolism_2022_louvain_anno_fine_X_umap_98d050.csv,s3://lifebit-user-data-6941eed90a4dd7a1d1026d7a/deploit/teams/69d8dd1e5d3e1f8c350e006f/users/68af3d99c99eb7bd2ff47bc8/projects/69f80768ca774c668fbaaed8/jobs/6a22c7580859d97fbe7b688b/results/gene_selection_ensg_pancreas_Tritschler_Molecular_Metabolism_2022_louvain_anno_fine_X_umap_98d050.csv
gene_selection_ensg_pancreas_Xu_Cell_2023_Curated_annotation_X_umap_f2ac0d.csv,s3://lifebit-user-data-6941eed90a4dd7a1d1026d7a/deploit/teams/69d8dd1e5d3e1f8c350e006f/users/68af3d99c99eb7bd2ff47bc8/projects/69f80768ca774c668fbaaed8/jobs/6a22c7580859d97fbe7b688b/results/gene_selection_ensg_pancreas_Xu_Cell_2023_Curated_annotation_X_umap_f2ac0d.csv
gene_selection_symbols_pancreas_Fasolino_Nat_Metab_2022_cell_label_X_umap_77ee93.csv,s3://lifebit-user-data-6941eed90a4dd7a1d1026d7a/deploit/teams/69d8dd1e5d3e1f8c350e006f/users/68af3d99c99eb7bd2ff47bc8/projects/69f80768ca774c668fbaaed8/jobs/6a22c7580859d97fbe7b688b/results/gene_selection_symbols_pancreas_Fasolino_Nat_Metab_2022_cell_label_X_umap_77ee93.csv
gene_selection_symbols_pancreas_Han_Nature_2020_author_cell_type_X_umap_5c7ea7.csv,s3://lifebit-user-data-6941eed90a4dd7a1d1026d7a/deploit/teams/69d8dd1e5d3e1f8c350e006f/users/68af3d99c99eb7bd2ff47bc8/projects/69f80768ca774c668fbaaed8/jobs/6a22c7580859d97fbe7b688b/results/gene_selection_symbols_pancreas_Han_Nature_2020_author_cell_type_X_umap_5c7ea7.csv
gene_selection_symbols_pancreas_Muraro_Cell_Systems_2016_cellular_classification_X_tsne_652149.csv,s3://lifebit-user-data-6941eed90a4dd7a1d1026d7a/deploit/teams/69d8dd1e5d3e1f8c350e006f/users/68af3d99c99eb7bd2ff47bc8/projects/69f80768ca774c668fbaaed8/jobs/6a22c7580859d97fbe7b688b/results/gene_selection_symbols_pancreas_Muraro_Cell_Systems_2016_cellular_classification_X_tsne_652149.csv
gene_selection_symbols_pancreas_Tritschler_Molecular_Metabolism_2022_louvain_anno_fine_X_umap_98d050.csv,s3://lifebit-user-data-6941eed90a4dd7a1d1026d7a/deploit/teams/69d8dd1e5d3e1f8c350e006f/users/68af3d99c99eb7bd2ff47bc8/projects/69f80768ca774c668fbaaed8/jobs/6a22c7580859d97fbe7b688b/results/gene_selection_symbols_pancreas_Tritschler_Molecular_Metabolism_2022_louvain_anno_fine_X_umap_98d050.csv
gene_selection_symbols_pancreas_Xu_Cell_2023_Curated_annotation_X_umap_f2ac0d.csv,s3://lifebit-user-data-6941eed90a4dd7a1d1026d7a/deploit/teams/69d8dd1e5d3e1f8c350e006f/users/68af3d99c99eb7bd2ff47bc8/projects/69f80768ca774c668fbaaed8/jobs/6a22c7580859d97fbe7b688b/results/gene_selection_symbols_pancreas_Xu_Cell_2023_Curated_annotation_X_umap_f2ac0d.csv
hist_nonzero_binary_scores_pancreas_Fasolino_Nat_Metab_2022_cell_label_X_umap_77ee93.svg,s3://lifebit-user-data-6941eed90a4dd7a1d1026d7a/deploit/teams/69d8dd1e5d3e1f8c350e006f/users/68af3d99c99eb7bd2ff47bc8/projects/69f80768ca774c668fbaaed8/jobs/6a22c7580859d97fbe7b688b/results/hist_nonzero_binary_scores_pancreas_Fasolino_Nat_Metab_2022_cell_label_X_umap_77ee93.svg
hist_nonzero_binary_scores_pancreas_Han_Nature_2020_author_cell_type_X_umap_5c7ea7.svg,s3://lifebit-user-data-6941eed90a4dd7a1d1026d7a/deploit/teams/69d8dd1e5d3e1f8c350e006f/users/68af3d99c99eb7bd2ff47bc8/projects/69f80768ca774c668fbaaed8/jobs/6a22c7580859d97fbe7b688b/results/hist_nonzero_binary_scores_pancreas_Han_Nature_2020_author_cell_type_X_umap_5c7ea7.svg
hist_nonzero_binary_scores_pancreas_Muraro_Cell_Systems_2016_cellular_classification_X_tsne_652149.svg,s3://lifebit-user-data-6941eed90a4dd7a1d1026d7a/deploit/teams/69d8dd1e5d3e1f8c350e006f/users/68af3d99c99eb7bd2ff47bc8/projects/69f80768ca774c668fbaaed8/jobs/6a22c7580859d97fbe7b688b/results/hist_nonzero_binary_scores_pancreas_Muraro_Cell_Systems_2016_cellular_classification_X_tsne_652149.svg
hist_nonzero_binary_scores_pancreas_Tritschler_Molecular_Metabolism_2022_louvain_anno_fine_X_umap_98d050.svg,s3://lifebit-user-data-6941eed90a4dd7a1d1026d7a/deploit/teams/69d8dd1e5d3e1f8c350e006f/users/68af3d99c99eb7bd2ff47bc8/projects/69f80768ca774c668fbaaed8/jobs/6a22c7580859d97fbe7b688b/results/hist_nonzero_binary_scores_pancreas_Tritschler_Molecular_Metabolism_2022_louvain_anno_fine_X_umap_98d050.svg
hist_nonzero_binary_scores_pancreas_Xu_Cell_2023_Curated_annotation_X_umap_f2ac0d.svg,s3://lifebit-user-data-6941eed90a4dd7a1d1026d7a/deploit/teams/69d8dd1e5d3e1f8c350e006f/users/68af3d99c99eb7bd2ff47bc8/projects/69f80768ca774c668fbaaed8/jobs/6a22c7580859d97fbe7b688b/results/hist_nonzero_binary_scores_pancreas_Xu_Cell_2023_Curated_annotation_X_umap_f2ac0d.svg
hist_nonzero_medians_pancreas_Fasolino_Nat_Metab_2022_cell_label_X_umap_77ee93.svg,s3://lifebit-user-data-6941eed90a4dd7a1d1026d7a/deploit/teams/69d8dd1e5d3e1f8c350e006f/users/68af3d99c99eb7bd2ff47bc8/projects/69f80768ca774c668fbaaed8/jobs/6a22c7580859d97fbe7b688b/results/hist_nonzero_medians_pancreas_Fasolino_Nat_Metab_2022_cell_label_X_umap_77ee93.svg
hist_nonzero_medians_pancreas_Han_Nature_2020_author_cell_type_X_umap_5c7ea7.svg,s3://lifebit-user-data-6941eed90a4dd7a1d1026d7a/deploit/teams/69d8dd1e5d3e1f8c350e006f/users/68af3d99c99eb7bd2ff47bc8/projects/69f80768ca774c668fbaaed8/jobs/6a22c7580859d97fbe7b688b/results/hist_nonzero_medians_pancreas_Han_Nature_2020_author_cell_type_X_umap_5c7ea7.svg
hist_nonzero_medians_pancreas_Muraro_Cell_Systems_2016_cellular_classification_X_tsne_652149.svg,s3://lifebit-user-data-6941eed90a4dd7a1d1026d7a/deploit/teams/69d8dd1e5d3e1f8c350e006f/users/68af3d99c99eb7bd2ff47bc8/projects/69f80768ca774c668fbaaed8/jobs/6a22c7580859d97fbe7b688b/results/hist_nonzero_medians_pancreas_Muraro_Cell_Systems_2016_cellular_classification_X_tsne_652149.svg
hist_nonzero_medians_pancreas_Tritschler_Molecular_Metabolism_2022_louvain_anno_fine_X_umap_98d050.svg,s3://lifebit-user-data-6941eed90a4dd7a1d1026d7a/deploit/teams/69d8dd1e5d3e1f8c350e006f/users/68af3d99c99eb7bd2ff47bc8/projects/69f80768ca774c668fbaaed8/jobs/6a22c7580859d97fbe7b688b/results/hist_nonzero_medians_pancreas_Tritschler_Molecular_Metabolism_2022_louvain_anno_fine_X_umap_98d050.svg
hist_nonzero_medians_pancreas_Xu_Cell_2023_Curated_annotation_X_umap_f2ac0d.svg,s3://lifebit-user-data-6941eed90a4dd7a1d1026d7a/deploit/teams/69d8dd1e5d3e1f8c350e006f/users/68af3d99c99eb7bd2ff47bc8/projects/69f80768ca774c668fbaaed8/jobs/6a22c7580859d97fbe7b688b/results/hist_nonzero_medians_pancreas_Xu_Cell_2023_Curated_annotation_X_umap_f2ac0d.svg
markers_ensg_pancreas_Fasolino_Nat_Metab_2022_cell_label_X_umap_77ee93.csv,s3://lifebit-user-data-6941eed90a4dd7a1d1026d7a/deploit/teams/69d8dd1e5d3e1f8c350e006f/users/68af3d99c99eb7bd2ff47bc8/projects/69f80768ca774c668fbaaed8/jobs/6a22c7580859d97fbe7b688b/results/markers_ensg_pancreas_Fasolino_Nat_Metab_2022_cell_label_X_umap_77ee93.csv
markers_ensg_pancreas_Han_Nature_2020_author_cell_type_X_umap_5c7ea7.csv,s3://lifebit-user-data-6941eed90a4dd7a1d1026d7a/deploit/teams/69d8dd1e5d3e1f8c350e006f/users/68af3d99c99eb7bd2ff47bc8/projects/69f80768ca774c668fbaaed8/jobs/6a22c7580859d97fbe7b688b/results/markers_ensg_pancreas_Han_Nature_2020_author_cell_type_X_umap_5c7ea7.csv
markers_ensg_pancreas_Muraro_Cell_Systems_2016_cellular_classification_X_tsne_652149.csv,s3://lifebit-user-data-6941eed90a4dd7a1d1026d7a/deploit/teams/69d8dd1e5d3e1f8c350e006f/users/68af3d99c99eb7bd2ff47bc8/projects/69f80768ca774c668fbaaed8/jobs/6a22c7580859d97fbe7b688b/results/markers_ensg_pancreas_Muraro_Cell_Systems_2016_cellular_classification_X_tsne_652149.csv
markers_ensg_pancreas_Tritschler_Molecular_Metabolism_2022_louvain_anno_fine_X_umap_98d050.csv,s3://lifebit-user-data-6941eed90a4dd7a1d1026d7a/deploit/teams/69d8dd1e5d3e1f8c350e006f/users/68af3d99c99eb7bd2ff47bc8/projects/69f80768ca774c668fbaaed8/jobs/6a22c7580859d97fbe7b688b/results/markers_ensg_pancreas_Tritschler_Molecular_Metabolism_2022_louvain_anno_fine_X_umap_98d050.csv
markers_ensg_pancreas_Xu_Cell_2023_Curated_annotation_X_umap_f2ac0d.csv,s3://lifebit-user-data-6941eed90a4dd7a1d1026d7a/deploit/teams/69d8dd1e5d3e1f8c350e006f/users/68af3d99c99eb7bd2ff47bc8/projects/69f80768ca774c668fbaaed8/jobs/6a22c7580859d97fbe7b688b/results/markers_ensg_pancreas_Xu_Cell_2023_Curated_annotation_X_umap_f2ac0d.csv
markers_onTarget_ensg_pancreas_Fasolino_Nat_Metab_2022_cell_label_X_umap_77ee93.csv,s3://lifebit-user-data-6941eed90a4dd7a1d1026d7a/deploit/teams/69d8dd1e5d3e1f8c350e006f/users/68af3d99c99eb7bd2ff47bc8/projects/69f80768ca774c668fbaaed8/jobs/6a22c7580859d97fbe7b688b/results/markers_onTarget_ensg_pancreas_Fasolino_Nat_Metab_2022_cell_label_X_umap_77ee93.csv
markers_onTarget_ensg_pancreas_Han_Nature_2020_author_cell_type_X_umap_5c7ea7.csv,s3://lifebit-user-data-6941eed90a4dd7a1d1026d7a/deploit/teams/69d8dd1e5d3e1f8c350e006f/users/68af3d99c99eb7bd2ff47bc8/projects/69f80768ca774c668fbaaed8/jobs/6a22c7580859d97fbe7b688b/results/markers_onTarget_ensg_pancreas_Han_Nature_2020_author_cell_type_X_umap_5c7ea7.csv
markers_onTarget_ensg_pancreas_Muraro_Cell_Systems_2016_cellular_classification_X_tsne_652149.csv,s3://lifebit-user-data-6941eed90a4dd7a1d1026d7a/deploit/teams/69d8dd1e5d3e1f8c350e006f/users/68af3d99c99eb7bd2ff47bc8/projects/69f80768ca774c668fbaaed8/jobs/6a22c7580859d97fbe7b688b/results/markers_onTarget_ensg_pancreas_Muraro_Cell_Systems_2016_cellular_classification_X_tsne_652149.csv
markers_onTarget_ensg_pancreas_Tritschler_Molecular_Metabolism_2022_louvain_anno_fine_X_umap_98d050.csv,s3://lifebit-user-data-6941eed90a4dd7a1d1026d7a/deploit/teams/69d8dd1e5d3e1f8c350e006f/users/68af3d99c99eb7bd2ff47bc8/projects/69f80768ca774c668fbaaed8/jobs/6a22c7580859d97fbe7b688b/results/markers_onTarget_ensg_pancreas_Tritschler_Molecular_Metabolism_2022_louvain_anno_fine_X_umap_98d050.csv
markers_onTarget_ensg_pancreas_Xu_Cell_2023_Curated_annotation_X_umap_f2ac0d.csv,s3://lifebit-user-data-6941eed90a4dd7a1d1026d7a/deploit/teams/69d8dd1e5d3e1f8c350e006f/users/68af3d99c99eb7bd2ff47bc8/projects/69f80768ca774c668fbaaed8/jobs/6a22c7580859d97fbe7b688b/results/markers_onTarget_ensg_pancreas_Xu_Cell_2023_Curated_annotation_X_umap_f2ac0d.csv
markers_onTarget_supp_ensg_pancreas_Fasolino_Nat_Metab_2022_cell_label_X_umap_77ee93.csv,s3://lifebit-user-data-6941eed90a4dd7a1d1026d7a/deploit/teams/69d8dd1e5d3e1f8c350e006f/users/68af3d99c99eb7bd2ff47bc8/projects/69f80768ca774c668fbaaed8/jobs/6a22c7580859d97fbe7b688b/results/markers_onTarget_supp_ensg_pancreas_Fasolino_Nat_Metab_2022_cell_label_X_umap_77ee93.csv
markers_onTarget_supp_ensg_pancreas_Han_Nature_2020_author_cell_type_X_umap_5c7ea7.csv,s3://lifebit-user-data-6941eed90a4dd7a1d1026d7a/deploit/teams/69d8dd1e5d3e1f8c350e006f/users/68af3d99c99eb7bd2ff47bc8/projects/69f80768ca774c668fbaaed8/jobs/6a22c7580859d97fbe7b688b/results/markers_onTarget_supp_ensg_pancreas_Han_Nature_2020_author_cell_type_X_umap_5c7ea7.csv
markers_onTarget_supp_ensg_pancreas_Muraro_Cell_Systems_2016_cellular_classification_X_tsne_652149.csv,s3://lifebit-user-data-6941eed90a4dd7a1d1026d7a/deploit/teams/69d8dd1e5d3e1f8c350e006f/users/68af3d99c99eb7bd2ff47bc8/projects/69f80768ca774c668fbaaed8/jobs/6a22c7580859d97fbe7b688b/results/markers_onTarget_supp_ensg_pancreas_Muraro_Cell_Systems_2016_cellular_classification_X_tsne_652149.csv
markers_onTarget_supp_ensg_pancreas_Tritschler_Molecular_Metabolism_2022_louvain_anno_fine_X_umap_98d050.csv,s3://lifebit-user-data-6941eed90a4dd7a1d1026d7a/deploit/teams/69d8dd1e5d3e1f8c350e006f/users/68af3d99c99eb7bd2ff47bc8/projects/69f80768ca774c668fbaaed8/jobs/6a22c7580859d97fbe7b688b/results/markers_onTarget_supp_ensg_pancreas_Tritschler_Molecular_Metabolism_2022_louvain_anno_fine_X_umap_98d050.csv
markers_onTarget_supp_ensg_pancreas_Xu_Cell_2023_Curated_annotation_X_umap_f2ac0d.csv,s3://lifebit-user-data-6941eed90a4dd7a1d1026d7a/deploit/teams/69d8dd1e5d3e1f8c350e006f/users/68af3d99c99eb7bd2ff47bc8/projects/69f80768ca774c668fbaaed8/jobs/6a22c7580859d97fbe7b688b/results/markers_onTarget_supp_ensg_pancreas_Xu_Cell_2023_Curated_annotation_X_umap_f2ac0d.csv
markers_onTarget_supp_symbols_pancreas_Fasolino_Nat_Metab_2022_cell_label_X_umap_77ee93.csv,s3://lifebit-user-data-6941eed90a4dd7a1d1026d7a/deploit/teams/69d8dd1e5d3e1f8c350e006f/users/68af3d99c99eb7bd2ff47bc8/projects/69f80768ca774c668fbaaed8/jobs/6a22c7580859d97fbe7b688b/results/markers_onTarget_supp_symbols_pancreas_Fasolino_Nat_Metab_2022_cell_label_X_umap_77ee93.csv
markers_onTarget_supp_symbols_pancreas_Han_Nature_2020_author_cell_type_X_umap_5c7ea7.csv,s3://lifebit-user-data-6941eed90a4dd7a1d1026d7a/deploit/teams/69d8dd1e5d3e1f8c350e006f/users/68af3d99c99eb7bd2ff47bc8/projects/69f80768ca774c668fbaaed8/jobs/6a22c7580859d97fbe7b688b/results/markers_onTarget_supp_symbols_pancreas_Han_Nature_2020_author_cell_type_X_umap_5c7ea7.csv
markers_onTarget_supp_symbols_pancreas_Muraro_Cell_Systems_2016_cellular_classification_X_tsne_652149.csv,s3://lifebit-user-data-6941eed90a4dd7a1d1026d7a/deploit/teams/69d8dd1e5d3e1f8c350e006f/users/68af3d99c99eb7bd2ff47bc8/projects/69f80768ca774c668fbaaed8/jobs/6a22c7580859d97fbe7b688b/results/markers_onTarget_supp_symbols_pancreas_Muraro_Cell_Systems_2016_cellular_classification_X_tsne_652149.csv
markers_onTarget_supp_symbols_pancreas_Tritschler_Molecular_Metabolism_2022_louvain_anno_fine_X_umap_98d050.csv,s3://lifebit-user-data-6941eed90a4dd7a1d1026d7a/deploit/teams/69d8dd1e5d3e1f8c350e006f/users/68af3d99c99eb7bd2ff47bc8/projects/69f80768ca774c668fbaaed8/jobs/6a22c7580859d97fbe7b688b/results/markers_onTarget_supp_symbols_pancreas_Tritschler_Molecular_Metabolism_2022_louvain_anno_fine_X_umap_98d050.csv
markers_onTarget_supp_symbols_pancreas_Xu_Cell_2023_Curated_annotation_X_umap_f2ac0d.csv,s3://lifebit-user-data-6941eed90a4dd7a1d1026d7a/deploit/teams/69d8dd1e5d3e1f8c350e006f/users/68af3d99c99eb7bd2ff47bc8/projects/69f80768ca774c668fbaaed8/jobs/6a22c7580859d97fbe7b688b/results/markers_onTarget_supp_symbols_pancreas_Xu_Cell_2023_Curated_annotation_X_umap_f2ac0d.csv
markers_onTarget_symbols_pancreas_Fasolino_Nat_Metab_2022_cell_label_X_umap_77ee93.csv,s3://lifebit-user-data-6941eed90a4dd7a1d1026d7a/deploit/teams/69d8dd1e5d3e1f8c350e006f/users/68af3d99c99eb7bd2ff47bc8/projects/69f80768ca774c668fbaaed8/jobs/6a22c7580859d97fbe7b688b/results/markers_onTarget_symbols_pancreas_Fasolino_Nat_Metab_2022_cell_label_X_umap_77ee93.csv
markers_onTarget_symbols_pancreas_Han_Nature_2020_author_cell_type_X_umap_5c7ea7.csv,s3://lifebit-user-data-6941eed90a4dd7a1d1026d7a/deploit/teams/69d8dd1e5d3e1f8c350e006f/users/68af3d99c99eb7bd2ff47bc8/projects/69f80768ca774c668fbaaed8/jobs/6a22c7580859d97fbe7b688b/results/markers_onTarget_symbols_pancreas_Han_Nature_2020_author_cell_type_X_umap_5c7ea7.csv
markers_onTarget_symbols_pancreas_Muraro_Cell_Systems_2016_cellular_classification_X_tsne_652149.csv,s3://lifebit-user-data-6941eed90a4dd7a1d1026d7a/deploit/teams/69d8dd1e5d3e1f8c350e006f/users/68af3d99c99eb7bd2ff47bc8/projects/69f80768ca774c668fbaaed8/jobs/6a22c7580859d97fbe7b688b/results/markers_onTarget_symbols_pancreas_Muraro_Cell_Systems_2016_cellular_classification_X_tsne_652149.csv
markers_onTarget_symbols_pancreas_Tritschler_Molecular_Metabolism_2022_louvain_anno_fine_X_umap_98d050.csv,s3://lifebit-user-data-6941eed90a4dd7a1d1026d7a/deploit/teams/69d8dd1e5d3e1f8c350e006f/users/68af3d99c99eb7bd2ff47bc8/projects/69f80768ca774c668fbaaed8/jobs/6a22c7580859d97fbe7b688b/results/markers_onTarget_symbols_pancreas_Tritschler_Molecular_Metabolism_2022_louvain_anno_fine_X_umap_98d050.csv
markers_onTarget_symbols_pancreas_Xu_Cell_2023_Curated_annotation_X_umap_f2ac0d.csv,s3://lifebit-user-data-6941eed90a4dd7a1d1026d7a/deploit/teams/69d8dd1e5d3e1f8c350e006f/users/68af3d99c99eb7bd2ff47bc8/projects/69f80768ca774c668fbaaed8/jobs/6a22c7580859d97fbe7b688b/results/markers_onTarget_symbols_pancreas_Xu_Cell_2023_Curated_annotation_X_umap_f2ac0d.csv
markers_symbols_pancreas_Fasolino_Nat_Metab_2022_cell_label_X_umap_77ee93.csv,s3://lifebit-user-data-6941eed90a4dd7a1d1026d7a/deploit/teams/69d8dd1e5d3e1f8c350e006f/users/68af3d99c99eb7bd2ff47bc8/projects/69f80768ca774c668fbaaed8/jobs/6a22c7580859d97fbe7b688b/results/markers_symbols_pancreas_Fasolino_Nat_Metab_2022_cell_label_X_umap_77ee93.csv
markers_symbols_pancreas_Han_Nature_2020_author_cell_type_X_umap_5c7ea7.csv,s3://lifebit-user-data-6941eed90a4dd7a1d1026d7a/deploit/teams/69d8dd1e5d3e1f8c350e006f/users/68af3d99c99eb7bd2ff47bc8/projects/69f80768ca774c668fbaaed8/jobs/6a22c7580859d97fbe7b688b/results/markers_symbols_pancreas_Han_Nature_2020_author_cell_type_X_umap_5c7ea7.csv
markers_symbols_pancreas_Muraro_Cell_Systems_2016_cellular_classification_X_tsne_652149.csv,s3://lifebit-user-data-6941eed90a4dd7a1d1026d7a/deploit/teams/69d8dd1e5d3e1f8c350e006f/users/68af3d99c99eb7bd2ff47bc8/projects/69f80768ca774c668fbaaed8/jobs/6a22c7580859d97fbe7b688b/results/markers_symbols_pancreas_Muraro_Cell_Systems_2016_cellular_classification_X_tsne_652149.csv
markers_symbols_pancreas_Tritschler_Molecular_Metabolism_2022_louvain_anno_fine_X_umap_98d050.csv,s3://lifebit-user-data-6941eed90a4dd7a1d1026d7a/deploit/teams/69d8dd1e5d3e1f8c350e006f/users/68af3d99c99eb7bd2ff47bc8/projects/69f80768ca774c668fbaaed8/jobs/6a22c7580859d97fbe7b688b/results/markers_symbols_pancreas_Tritschler_Molecular_Metabolism_2022_louvain_anno_fine_X_umap_98d050.csv
markers_symbols_pancreas_Xu_Cell_2023_Curated_annotation_X_umap_f2ac0d.csv,s3://lifebit-user-data-6941eed90a4dd7a1d1026d7a/deploit/teams/69d8dd1e5d3e1f8c350e006f/users/68af3d99c99eb7bd2ff47bc8/projects/69f80768ca774c668fbaaed8/jobs/6a22c7580859d97fbe7b688b/results/markers_symbols_pancreas_Xu_Cell_2023_Curated_annotation_X_umap_f2ac0d.csv
master_dataset_summary_pancreas_Fasolino_Nat_Metab_2022_cell_label_X_umap_77ee93.csv,s3://lifebit-user-data-6941eed90a4dd7a1d1026d7a/deploit/teams/69d8dd1e5d3e1f8c350e006f/users/68af3d99c99eb7bd2ff47bc8/projects/69f80768ca774c668fbaaed8/jobs/6a22c7580859d97fbe7b688b/results/master_dataset_summary_pancreas_Fasolino_Nat_Metab_2022_cell_label_X_umap_77ee93.csv
master_dataset_summary_pancreas_Han_Nature_2020_author_cell_type_X_umap_5c7ea7.csv,s3://lifebit-user-data-6941eed90a4dd7a1d1026d7a/deploit/teams/69d8dd1e5d3e1f8c350e006f/users/68af3d99c99eb7bd2ff47bc8/projects/69f80768ca774c668fbaaed8/jobs/6a22c7580859d97fbe7b688b/results/master_dataset_summary_pancreas_Han_Nature_2020_author_cell_type_X_umap_5c7ea7.csv
master_dataset_summary_pancreas_Muraro_Cell_Systems_2016_cellular_classification_X_tsne_652149.csv,s3://lifebit-user-data-6941eed90a4dd7a1d1026d7a/deploit/teams/69d8dd1e5d3e1f8c350e006f/users/68af3d99c99eb7bd2ff47bc8/projects/69f80768ca774c668fbaaed8/jobs/6a22c7580859d97fbe7b688b/results/master_dataset_summary_pancreas_Muraro_Cell_Systems_2016_cellular_classification_X_tsne_652149.csv
master_dataset_summary_pancreas_Tritschler_Molecular_Metabolism_2022_louvain_anno_fine_X_umap_98d050.csv,s3://lifebit-user-data-6941eed90a4dd7a1d1026d7a/deploit/teams/69d8dd1e5d3e1f8c350e006f/users/68af3d99c99eb7bd2ff47bc8/projects/69f80768ca774c668fbaaed8/jobs/6a22c7580859d97fbe7b688b/results/master_dataset_summary_pancreas_Tritschler_Molecular_Metabolism_2022_louvain_anno_fine_X_umap_98d050.csv
master_dataset_summary_pancreas_Xu_Cell_2023_Curated_annotation_X_umap_f2ac0d.csv,s3://lifebit-user-data-6941eed90a4dd7a1d1026d7a/deploit/teams/69d8dd1e5d3e1f8c350e006f/users/68af3d99c99eb7bd2ff47bc8/projects/69f80768ca774c668fbaaed8/jobs/6a22c7580859d97fbe7b688b/results/master_dataset_summary_pancreas_Xu_Cell_2023_Curated_annotation_X_umap_f2ac0d.csv
matrixplot__scaledpancreas_Fasolino_Nat_Metab_2022_cell_label_X_umap_77ee93.svg,s3://lifebit-user-data-6941eed90a4dd7a1d1026d7a/deploit/teams/69d8dd1e5d3e1f8c350e006f/users/68af3d99c99eb7bd2ff47bc8/projects/69f80768ca774c668fbaaed8/jobs/6a22c7580859d97fbe7b688b/results/matrixplot__scaledpancreas_Fasolino_Nat_Metab_2022_cell_label_X_umap_77ee93.svg
matrixplot__scaledpancreas_Han_Nature_2020_author_cell_type_X_umap_5c7ea7.svg,s3://lifebit-user-data-6941eed90a4dd7a1d1026d7a/deploit/teams/69d8dd1e5d3e1f8c350e006f/users/68af3d99c99eb7bd2ff47bc8/projects/69f80768ca774c668fbaaed8/jobs/6a22c7580859d97fbe7b688b/results/matrixplot__scaledpancreas_Han_Nature_2020_author_cell_type_X_umap_5c7ea7.svg
matrixplot__scaledpancreas_Muraro_Cell_Systems_2016_cellular_classification_X_tsne_652149.svg,s3://lifebit-user-data-6941eed90a4dd7a1d1026d7a/deploit/teams/69d8dd1e5d3e1f8c350e006f/users/68af3d99c99eb7bd2ff47bc8/projects/69f80768ca774c668fbaaed8/jobs/6a22c7580859d97fbe7b688b/results/matrixplot__scaledpancreas_Muraro_Cell_Systems_2016_cellular_classification_X_tsne_652149.svg
matrixplot__scaledpancreas_Tritschler_Molecular_Metabolism_2022_louvain_anno_fine_X_umap_98d050.svg,s3://lifebit-user-data-6941eed90a4dd7a1d1026d7a/deploit/teams/69d8dd1e5d3e1f8c350e006f/users/68af3d99c99eb7bd2ff47bc8/projects/69f80768ca774c668fbaaed8/jobs/6a22c7580859d97fbe7b688b/results/matrixplot__scaledpancreas_Tritschler_Molecular_Metabolism_2022_louvain_anno_fine_X_umap_98d050.svg
matrixplot__scaledpancreas_Xu_Cell_2023_Curated_annotation_X_umap_f2ac0d.svg,s3://lifebit-user-data-6941eed90a4dd7a1d1026d7a/deploit/teams/69d8dd1e5d3e1f8c350e006f/users/68af3d99c99eb7bd2ff47bc8/projects/69f80768ca774c668fbaaed8/jobs/6a22c7580859d97fbe7b688b/results/matrixplot__scaledpancreas_Xu_Cell_2023_Curated_annotation_X_umap_f2ac0d.svg
matrixplot_pancreas_Fasolino_Nat_Metab_2022_cell_label_X_umap_77ee93.svg,s3://lifebit-user-data-6941eed90a4dd7a1d1026d7a/deploit/teams/69d8dd1e5d3e1f8c350e006f/users/68af3d99c99eb7bd2ff47bc8/projects/69f80768ca774c668fbaaed8/jobs/6a22c7580859d97fbe7b688b/results/matrixplot_pancreas_Fasolino_Nat_Metab_2022_cell_label_X_umap_77ee93.svg
matrixplot_pancreas_Han_Nature_2020_author_cell_type_X_umap_5c7ea7.svg,s3://lifebit-user-data-6941eed90a4dd7a1d1026d7a/deploit/teams/69d8dd1e5d3e1f8c350e006f/users/68af3d99c99eb7bd2ff47bc8/projects/69f80768ca774c668fbaaed8/jobs/6a22c7580859d97fbe7b688b/results/matrixplot_pancreas_Han_Nature_2020_author_cell_type_X_umap_5c7ea7.svg
matrixplot_pancreas_Muraro_Cell_Systems_2016_cellular_classification_X_tsne_652149.svg,s3://lifebit-user-data-6941eed90a4dd7a1d1026d7a/deploit/teams/69d8dd1e5d3e1f8c350e006f/users/68af3d99c99eb7bd2ff47bc8/projects/69f80768ca774c668fbaaed8/jobs/6a22c7580859d97fbe7b688b/results/matrixplot_pancreas_Muraro_Cell_Systems_2016_cellular_classification_X_tsne_652149.svg
matrixplot_pancreas_Tritschler_Molecular_Metabolism_2022_louvain_anno_fine_X_umap_98d050.svg,s3://lifebit-user-data-6941eed90a4dd7a1d1026d7a/deploit/teams/69d8dd1e5d3e1f8c350e006f/users/68af3d99c99eb7bd2ff47bc8/projects/69f80768ca774c668fbaaed8/jobs/6a22c7580859d97fbe7b688b/results/matrixplot_pancreas_Tritschler_Molecular_Metabolism_2022_louvain_anno_fine_X_umap_98d050.svg
matrixplot_pancreas_Xu_Cell_2023_Curated_annotation_X_umap_f2ac0d.svg,s3://lifebit-user-data-6941eed90a4dd7a1d1026d7a/deploit/teams/69d8dd1e5d3e1f8c350e006f/users/68af3d99c99eb7bd2ff47bc8/projects/69f80768ca774c668fbaaed8/jobs/6a22c7580859d97fbe7b688b/results/matrixplot_pancreas_Xu_Cell_2023_Curated_annotation_X_umap_f2ac0d.svg
medians_ensg_pancreas_Fasolino_Nat_Metab_2022_cell_label_X_umap_77ee93.csv,s3://lifebit-user-data-6941eed90a4dd7a1d1026d7a/deploit/teams/69d8dd1e5d3e1f8c350e006f/users/68af3d99c99eb7bd2ff47bc8/projects/69f80768ca774c668fbaaed8/jobs/6a22c7580859d97fbe7b688b/results/medians_ensg_pancreas_Fasolino_Nat_Metab_2022_cell_label_X_umap_77ee93.csv
medians_ensg_pancreas_Fasolino_Nat_Metab_2022_cell_label_X_umap_77ee93.pkl,s3://lifebit-user-data-6941eed90a4dd7a1d1026d7a/deploit/teams/69d8dd1e5d3e1f8c350e006f/users/68af3d99c99eb7bd2ff47bc8/projects/69f80768ca774c668fbaaed8/jobs/6a22c7580859d97fbe7b688b/results/medians_ensg_pancreas_Fasolino_Nat_Metab_2022_cell_label_X_umap_77ee93.pkl
medians_ensg_pancreas_Han_Nature_2020_author_cell_type_X_umap_5c7ea7.csv,s3://lifebit-user-data-6941eed90a4dd7a1d1026d7a/deploit/teams/69d8dd1e5d3e1f8c350e006f/users/68af3d99c99eb7bd2ff47bc8/projects/69f80768ca774c668fbaaed8/jobs/6a22c7580859d97fbe7b688b/results/medians_ensg_pancreas_Han_Nature_2020_author_cell_type_X_umap_5c7ea7.csv
medians_ensg_pancreas_Han_Nature_2020_author_cell_type_X_umap_5c7ea7.pkl,s3://lifebit-user-data-6941eed90a4dd7a1d1026d7a/deploit/teams/69d8dd1e5d3e1f8c350e006f/users/68af3d99c99eb7bd2ff47bc8/projects/69f80768ca774c668fbaaed8/jobs/6a22c7580859d97fbe7b688b/results/medians_ensg_pancreas_Han_Nature_2020_author_cell_type_X_umap_5c7ea7.pkl
medians_ensg_pancreas_Muraro_Cell_Systems_2016_cellular_classification_X_tsne_652149.csv,s3://lifebit-user-data-6941eed90a4dd7a1d1026d7a/deploit/teams/69d8dd1e5d3e1f8c350e006f/users/68af3d99c99eb7bd2ff47bc8/projects/69f80768ca774c668fbaaed8/jobs/6a22c7580859d97fbe7b688b/results/medians_ensg_pancreas_Muraro_Cell_Systems_2016_cellular_classification_X_tsne_652149.csv
medians_ensg_pancreas_Muraro_Cell_Systems_2016_cellular_classification_X_tsne_652149.pkl,s3://lifebit-user-data-6941eed90a4dd7a1d1026d7a/deploit/teams/69d8dd1e5d3e1f8c350e006f/users/68af3d99c99eb7bd2ff47bc8/projects/69f80768ca774c668fbaaed8/jobs/6a22c7580859d97fbe7b688b/results/medians_ensg_pancreas_Muraro_Cell_Systems_2016_cellular_classification_X_tsne_652149.pkl
medians_ensg_pancreas_Tritschler_Molecular_Metabolism_2022_louvain_anno_fine_X_umap_98d050.csv,s3://lifebit-user-data-6941eed90a4dd7a1d1026d7a/deploit/teams/69d8dd1e5d3e1f8c350e006f/users/68af3d99c99eb7bd2ff47bc8/projects/69f80768ca774c668fbaaed8/jobs/6a22c7580859d97fbe7b688b/results/medians_ensg_pancreas_Tritschler_Molecular_Metabolism_2022_louvain_anno_fine_X_umap_98d050.csv
medians_ensg_pancreas_Tritschler_Molecular_Metabolism_2022_louvain_anno_fine_X_umap_98d050.pkl,s3://lifebit-user-data-6941eed90a4dd7a1d1026d7a/deploit/teams/69d8dd1e5d3e1f8c350e006f/users/68af3d99c99eb7bd2ff47bc8/projects/69f80768ca774c668fbaaed8/jobs/6a22c7580859d97fbe7b688b/results/medians_ensg_pancreas_Tritschler_Molecular_Metabolism_2022_louvain_anno_fine_X_umap_98d050.pkl
medians_ensg_pancreas_Xu_Cell_2023_Curated_annotation_X_umap_f2ac0d.csv,s3://lifebit-user-data-6941eed90a4dd7a1d1026d7a/deploit/teams/69d8dd1e5d3e1f8c350e006f/users/68af3d99c99eb7bd2ff47bc8/projects/69f80768ca774c668fbaaed8/jobs/6a22c7580859d97fbe7b688b/results/medians_ensg_pancreas_Xu_Cell_2023_Curated_annotation_X_umap_f2ac0d.csv
medians_ensg_pancreas_Xu_Cell_2023_Curated_annotation_X_umap_f2ac0d.pkl,s3://lifebit-user-data-6941eed90a4dd7a1d1026d7a/deploit/teams/69d8dd1e5d3e1f8c350e006f/users/68af3d99c99eb7bd2ff47bc8/projects/69f80768ca774c668fbaaed8/jobs/6a22c7580859d97fbe7b688b/results/medians_ensg_pancreas_Xu_Cell_2023_Curated_annotation_X_umap_f2ac0d.pkl
medians_symbols_pancreas_Fasolino_Nat_Metab_2022_cell_label_X_umap_77ee93.csv,s3://lifebit-user-data-6941eed90a4dd7a1d1026d7a/deploit/teams/69d8dd1e5d3e1f8c350e006f/users/68af3d99c99eb7bd2ff47bc8/projects/69f80768ca774c668fbaaed8/jobs/6a22c7580859d97fbe7b688b/results/medians_symbols_pancreas_Fasolino_Nat_Metab_2022_cell_label_X_umap_77ee93.csv
medians_symbols_pancreas_Fasolino_Nat_Metab_2022_cell_label_X_umap_77ee93.pkl,s3://lifebit-user-data-6941eed90a4dd7a1d1026d7a/deploit/teams/69d8dd1e5d3e1f8c350e006f/users/68af3d99c99eb7bd2ff47bc8/projects/69f80768ca774c668fbaaed8/jobs/6a22c7580859d97fbe7b688b/results/medians_symbols_pancreas_Fasolino_Nat_Metab_2022_cell_label_X_umap_77ee93.pkl
medians_symbols_pancreas_Han_Nature_2020_author_cell_type_X_umap_5c7ea7.csv,s3://lifebit-user-data-6941eed90a4dd7a1d1026d7a/deploit/teams/69d8dd1e5d3e1f8c350e006f/users/68af3d99c99eb7bd2ff47bc8/projects/69f80768ca774c668fbaaed8/jobs/6a22c7580859d97fbe7b688b/results/medians_symbols_pancreas_Han_Nature_2020_author_cell_type_X_umap_5c7ea7.csv
medians_symbols_pancreas_Han_Nature_2020_author_cell_type_X_umap_5c7ea7.pkl,s3://lifebit-user-data-6941eed90a4dd7a1d1026d7a/deploit/teams/69d8dd1e5d3e1f8c350e006f/users/68af3d99c99eb7bd2ff47bc8/projects/69f80768ca774c668fbaaed8/jobs/6a22c7580859d97fbe7b688b/results/medians_symbols_pancreas_Han_Nature_2020_author_cell_type_X_umap_5c7ea7.pkl
medians_symbols_pancreas_Muraro_Cell_Systems_2016_cellular_classification_X_tsne_652149.csv,s3://lifebit-user-data-6941eed90a4dd7a1d1026d7a/deploit/teams/69d8dd1e5d3e1f8c350e006f/users/68af3d99c99eb7bd2ff47bc8/projects/69f80768ca774c668fbaaed8/jobs/6a22c7580859d97fbe7b688b/results/medians_symbols_pancreas_Muraro_Cell_Systems_2016_cellular_classification_X_tsne_652149.csv
medians_symbols_pancreas_Muraro_Cell_Systems_2016_cellular_classification_X_tsne_652149.pkl,s3://lifebit-user-data-6941eed90a4dd7a1d1026d7a/deploit/teams/69d8dd1e5d3e1f8c350e006f/users/68af3d99c99eb7bd2ff47bc8/projects/69f80768ca774c668fbaaed8/jobs/6a22c7580859d97fbe7b688b/results/medians_symbols_pancreas_Muraro_Cell_Systems_2016_cellular_classification_X_tsne_652149.pkl
medians_symbols_pancreas_Tritschler_Molecular_Metabolism_2022_louvain_anno_fine_X_umap_98d050.csv,s3://lifebit-user-data-6941eed90a4dd7a1d1026d7a/deploit/teams/69d8dd1e5d3e1f8c350e006f/users/68af3d99c99eb7bd2ff47bc8/projects/69f80768ca774c668fbaaed8/jobs/6a22c7580859d97fbe7b688b/results/medians_symbols_pancreas_Tritschler_Molecular_Metabolism_2022_louvain_anno_fine_X_umap_98d050.csv
medians_symbols_pancreas_Tritschler_Molecular_Metabolism_2022_louvain_anno_fine_X_umap_98d050.pkl,s3://lifebit-user-data-6941eed90a4dd7a1d1026d7a/deploit/teams/69d8dd1e5d3e1f8c350e006f/users/68af3d99c99eb7bd2ff47bc8/projects/69f80768ca774c668fbaaed8/jobs/6a22c7580859d97fbe7b688b/results/medians_symbols_pancreas_Tritschler_Molecular_Metabolism_2022_louvain_anno_fine_X_umap_98d050.pkl
medians_symbols_pancreas_Xu_Cell_2023_Curated_annotation_X_umap_f2ac0d.csv,s3://lifebit-user-data-6941eed90a4dd7a1d1026d7a/deploit/teams/69d8dd1e5d3e1f8c350e006f/users/68af3d99c99eb7bd2ff47bc8/projects/69f80768ca774c668fbaaed8/jobs/6a22c7580859d97fbe7b688b/results/medians_symbols_pancreas_Xu_Cell_2023_Curated_annotation_X_umap_f2ac0d.csv
medians_symbols_pancreas_Xu_Cell_2023_Curated_annotation_X_umap_f2ac0d.pkl,s3://lifebit-user-data-6941eed90a4dd7a1d1026d7a/deploit/teams/69d8dd1e5d3e1f8c350e006f/users/68af3d99c99eb7bd2ff47bc8/projects/69f80768ca774c668fbaaed8/jobs/6a22c7580859d97fbe7b688b/results/medians_symbols_pancreas_Xu_Cell_2023_Curated_annotation_X_umap_f2ac0d.pkl
results_ensg_pancreas_Fasolino_Nat_Metab_2022_cell_label_X_umap_77ee93.csv,s3://lifebit-user-data-6941eed90a4dd7a1d1026d7a/deploit/teams/69d8dd1e5d3e1f8c350e006f/users/68af3d99c99eb7bd2ff47bc8/projects/69f80768ca774c668fbaaed8/jobs/6a22c7580859d97fbe7b688b/results/results_ensg_pancreas_Fasolino_Nat_Metab_2022_cell_label_X_umap_77ee93.csv
results_ensg_pancreas_Fasolino_Nat_Metab_2022_cell_label_X_umap_77ee93.pkl,s3://lifebit-user-data-6941eed90a4dd7a1d1026d7a/deploit/teams/69d8dd1e5d3e1f8c350e006f/users/68af3d99c99eb7bd2ff47bc8/projects/69f80768ca774c668fbaaed8/jobs/6a22c7580859d97fbe7b688b/results/results_ensg_pancreas_Fasolino_Nat_Metab_2022_cell_label_X_umap_77ee93.pkl
results_ensg_pancreas_Han_Nature_2020_author_cell_type_X_umap_5c7ea7.csv,s3://lifebit-user-data-6941eed90a4dd7a1d1026d7a/deploit/teams/69d8dd1e5d3e1f8c350e006f/users/68af3d99c99eb7bd2ff47bc8/projects/69f80768ca774c668fbaaed8/jobs/6a22c7580859d97fbe7b688b/results/results_ensg_pancreas_Han_Nature_2020_author_cell_type_X_umap_5c7ea7.csv
results_ensg_pancreas_Han_Nature_2020_author_cell_type_X_umap_5c7ea7.pkl,s3://lifebit-user-data-6941eed90a4dd7a1d1026d7a/deploit/teams/69d8dd1e5d3e1f8c350e006f/users/68af3d99c99eb7bd2ff47bc8/projects/69f80768ca774c668fbaaed8/jobs/6a22c7580859d97fbe7b688b/results/results_ensg_pancreas_Han_Nature_2020_author_cell_type_X_umap_5c7ea7.pkl
results_ensg_pancreas_Muraro_Cell_Systems_2016_cellular_classification_X_tsne_652149.csv,s3://lifebit-user-data-6941eed90a4dd7a1d1026d7a/deploit/teams/69d8dd1e5d3e1f8c350e006f/users/68af3d99c99eb7bd2ff47bc8/projects/69f80768ca774c668fbaaed8/jobs/6a22c7580859d97fbe7b688b/results/results_ensg_pancreas_Muraro_Cell_Systems_2016_cellular_classification_X_tsne_652149.csv
results_ensg_pancreas_Muraro_Cell_Systems_2016_cellular_classification_X_tsne_652149.pkl,s3://lifebit-user-data-6941eed90a4dd7a1d1026d7a/deploit/teams/69d8dd1e5d3e1f8c350e006f/users/68af3d99c99eb7bd2ff47bc8/projects/69f80768ca774c668fbaaed8/jobs/6a22c7580859d97fbe7b688b/results/results_ensg_pancreas_Muraro_Cell_Systems_2016_cellular_classification_X_tsne_652149.pkl
results_ensg_pancreas_Tritschler_Molecular_Metabolism_2022_louvain_anno_fine_X_umap_98d050.csv,s3://lifebit-user-data-6941eed90a4dd7a1d1026d7a/deploit/teams/69d8dd1e5d3e1f8c350e006f/users/68af3d99c99eb7bd2ff47bc8/projects/69f80768ca774c668fbaaed8/jobs/6a22c7580859d97fbe7b688b/results/results_ensg_pancreas_Tritschler_Molecular_Metabolism_2022_louvain_anno_fine_X_umap_98d050.csv
results_ensg_pancreas_Tritschler_Molecular_Metabolism_2022_louvain_anno_fine_X_umap_98d050.pkl,s3://lifebit-user-data-6941eed90a4dd7a1d1026d7a/deploit/teams/69d8dd1e5d3e1f8c350e006f/users/68af3d99c99eb7bd2ff47bc8/projects/69f80768ca774c668fbaaed8/jobs/6a22c7580859d97fbe7b688b/results/results_ensg_pancreas_Tritschler_Molecular_Metabolism_2022_louvain_anno_fine_X_umap_98d050.pkl
results_ensg_pancreas_Xu_Cell_2023_Curated_annotation_X_umap_f2ac0d.csv,s3://lifebit-user-data-6941eed90a4dd7a1d1026d7a/deploit/teams/69d8dd1e5d3e1f8c350e006f/users/68af3d99c99eb7bd2ff47bc8/projects/69f80768ca774c668fbaaed8/jobs/6a22c7580859d97fbe7b688b/results/results_ensg_pancreas_Xu_Cell_2023_Curated_annotation_X_umap_f2ac0d.csv
results_ensg_pancreas_Xu_Cell_2023_Curated_annotation_X_umap_f2ac0d.pkl,s3://lifebit-user-data-6941eed90a4dd7a1d1026d7a/deploit/teams/69d8dd1e5d3e1f8c350e006f/users/68af3d99c99eb7bd2ff47bc8/projects/69f80768ca774c668fbaaed8/jobs/6a22c7580859d97fbe7b688b/results/results_ensg_pancreas_Xu_Cell_2023_Curated_annotation_X_umap_f2ac0d.pkl
results_symbols_pancreas_Fasolino_Nat_Metab_2022_cell_label_X_umap_77ee93.csv,s3://lifebit-user-data-6941eed90a4dd7a1d1026d7a/deploit/teams/69d8dd1e5d3e1f8c350e006f/users/68af3d99c99eb7bd2ff47bc8/projects/69f80768ca774c668fbaaed8/jobs/6a22c7580859d97fbe7b688b/results/results_symbols_pancreas_Fasolino_Nat_Metab_2022_cell_label_X_umap_77ee93.csv
results_symbols_pancreas_Fasolino_Nat_Metab_2022_cell_label_X_umap_77ee93.pkl,s3://lifebit-user-data-6941eed90a4dd7a1d1026d7a/deploit/teams/69d8dd1e5d3e1f8c350e006f/users/68af3d99c99eb7bd2ff47bc8/projects/69f80768ca774c668fbaaed8/jobs/6a22c7580859d97fbe7b688b/results/results_symbols_pancreas_Fasolino_Nat_Metab_2022_cell_label_X_umap_77ee93.pkl
results_symbols_pancreas_Han_Nature_2020_author_cell_type_X_umap_5c7ea7.csv,s3://lifebit-user-data-6941eed90a4dd7a1d1026d7a/deploit/teams/69d8dd1e5d3e1f8c350e006f/users/68af3d99c99eb7bd2ff47bc8/projects/69f80768ca774c668fbaaed8/jobs/6a22c7580859d97fbe7b688b/results/results_symbols_pancreas_Han_Nature_2020_author_cell_type_X_umap_5c7ea7.csv
results_symbols_pancreas_Han_Nature_2020_author_cell_type_X_umap_5c7ea7.pkl,s3://lifebit-user-data-6941eed90a4dd7a1d1026d7a/deploit/teams/69d8dd1e5d3e1f8c350e006f/users/68af3d99c99eb7bd2ff47bc8/projects/69f80768ca774c668fbaaed8/jobs/6a22c7580859d97fbe7b688b/results/results_symbols_pancreas_Han_Nature_2020_author_cell_type_X_umap_5c7ea7.pkl
results_symbols_pancreas_Muraro_Cell_Systems_2016_cellular_classification_X_tsne_652149.csv,s3://lifebit-user-data-6941eed90a4dd7a1d1026d7a/deploit/teams/69d8dd1e5d3e1f8c350e006f/users/68af3d99c99eb7bd2ff47bc8/projects/69f80768ca774c668fbaaed8/jobs/6a22c7580859d97fbe7b688b/results/results_symbols_pancreas_Muraro_Cell_Systems_2016_cellular_classification_X_tsne_652149.csv
results_symbols_pancreas_Muraro_Cell_Systems_2016_cellular_classification_X_tsne_652149.pkl,s3://lifebit-user-data-6941eed90a4dd7a1d1026d7a/deploit/teams/69d8dd1e5d3e1f8c350e006f/users/68af3d99c99eb7bd2ff47bc8/projects/69f80768ca774c668fbaaed8/jobs/6a22c7580859d97fbe7b688b/results/results_symbols_pancreas_Muraro_Cell_Systems_2016_cellular_classification_X_tsne_652149.pkl
results_symbols_pancreas_Tritschler_Molecular_Metabolism_2022_louvain_anno_fine_X_umap_98d050.csv,s3://lifebit-user-data-6941eed90a4dd7a1d1026d7a/deploit/teams/69d8dd1e5d3e1f8c350e006f/users/68af3d99c99eb7bd2ff47bc8/projects/69f80768ca774c668fbaaed8/jobs/6a22c7580859d97fbe7b688b/results/results_symbols_pancreas_Tritschler_Molecular_Metabolism_2022_louvain_anno_fine_X_umap_98d050.csv
results_symbols_pancreas_Tritschler_Molecular_Metabolism_2022_louvain_anno_fine_X_umap_98d050.pkl,s3://lifebit-user-data-6941eed90a4dd7a1d1026d7a/deploit/teams/69d8dd1e5d3e1f8c350e006f/users/68af3d99c99eb7bd2ff47bc8/projects/69f80768ca774c668fbaaed8/jobs/6a22c7580859d97fbe7b688b/results/results_symbols_pancreas_Tritschler_Molecular_Metabolism_2022_louvain_anno_fine_X_umap_98d050.pkl
results_symbols_pancreas_Xu_Cell_2023_Curated_annotation_X_umap_f2ac0d.csv,s3://lifebit-user-data-6941eed90a4dd7a1d1026d7a/deploit/teams/69d8dd1e5d3e1f8c350e006f/users/68af3d99c99eb7bd2ff47bc8/projects/69f80768ca774c668fbaaed8/jobs/6a22c7580859d97fbe7b688b/results/results_symbols_pancreas_Xu_Cell_2023_Curated_annotation_X_umap_f2ac0d.csv
results_symbols_pancreas_Xu_Cell_2023_Curated_annotation_X_umap_f2ac0d.pkl,s3://lifebit-user-data-6941eed90a4dd7a1d1026d7a/deploit/teams/69d8dd1e5d3e1f8c350e006f/users/68af3d99c99eb7bd2ff47bc8/projects/69f80768ca774c668fbaaed8/jobs/6a22c7580859d97fbe7b688b/results/results_symbols_pancreas_Xu_Cell_2023_Curated_annotation_X_umap_f2ac0d.pkl
scatter_pancreas_Fasolino_Nat_Metab_2022_cell_label_X_umap_77ee93_f_score.html,s3://lifebit-user-data-6941eed90a4dd7a1d1026d7a/deploit/teams/69d8dd1e5d3e1f8c350e006f/users/68af3d99c99eb7bd2ff47bc8/projects/69f80768ca774c668fbaaed8/jobs/6a22c7580859d97fbe7b688b/results/scatter_pancreas_Fasolino_Nat_Metab_2022_cell_label_X_umap_77ee93_f_score.html
scatter_pancreas_Fasolino_Nat_Metab_2022_cell_label_X_umap_77ee93_f_score.svg,s3://lifebit-user-data-6941eed90a4dd7a1d1026d7a/deploit/teams/69d8dd1e5d3e1f8c350e006f/users/68af3d99c99eb7bd2ff47bc8/projects/69f80768ca774c668fbaaed8/jobs/6a22c7580859d97fbe7b688b/results/scatter_pancreas_Fasolino_Nat_Metab_2022_cell_label_X_umap_77ee93_f_score.svg
scatter_pancreas_Fasolino_Nat_Metab_2022_cell_label_X_umap_77ee93_onTarget.html,s3://lifebit-user-data-6941eed90a4dd7a1d1026d7a/deploit/teams/69d8dd1e5d3e1f8c350e006f/users/68af3d99c99eb7bd2ff47bc8/projects/69f80768ca774c668fbaaed8/jobs/6a22c7580859d97fbe7b688b/results/scatter_pancreas_Fasolino_Nat_Metab_2022_cell_label_X_umap_77ee93_onTarget.html
scatter_pancreas_Fasolino_Nat_Metab_2022_cell_label_X_umap_77ee93_onTarget.svg,s3://lifebit-user-data-6941eed90a4dd7a1d1026d7a/deploit/teams/69d8dd1e5d3e1f8c350e006f/users/68af3d99c99eb7bd2ff47bc8/projects/69f80768ca774c668fbaaed8/jobs/6a22c7580859d97fbe7b688b/results/scatter_pancreas_Fasolino_Nat_Metab_2022_cell_label_X_umap_77ee93_onTarget.svg
scatter_pancreas_Fasolino_Nat_Metab_2022_cell_label_X_umap_77ee93_precision.html,s3://lifebit-user-data-6941eed90a4dd7a1d1026d7a/deploit/teams/69d8dd1e5d3e1f8c350e006f/users/68af3d99c99eb7bd2ff47bc8/projects/69f80768ca774c668fbaaed8/jobs/6a22c7580859d97fbe7b688b/results/scatter_pancreas_Fasolino_Nat_Metab_2022_cell_label_X_umap_77ee93_precision.html
scatter_pancreas_Fasolino_Nat_Metab_2022_cell_label_X_umap_77ee93_precision.svg,s3://lifebit-user-data-6941eed90a4dd7a1d1026d7a/deploit/teams/69d8dd1e5d3e1f8c350e006f/users/68af3d99c99eb7bd2ff47bc8/projects/69f80768ca774c668fbaaed8/jobs/6a22c7580859d97fbe7b688b/results/scatter_pancreas_Fasolino_Nat_Metab_2022_cell_label_X_umap_77ee93_precision.svg
scatter_pancreas_Fasolino_Nat_Metab_2022_cell_label_X_umap_77ee93_recall.html,s3://lifebit-user-data-6941eed90a4dd7a1d1026d7a/deploit/teams/69d8dd1e5d3e1f8c350e006f/users/68af3d99c99eb7bd2ff47bc8/projects/69f80768ca774c668fbaaed8/jobs/6a22c7580859d97fbe7b688b/results/scatter_pancreas_Fasolino_Nat_Metab_2022_cell_label_X_umap_77ee93_recall.html
scatter_pancreas_Fasolino_Nat_Metab_2022_cell_label_X_umap_77ee93_recall.svg,s3://lifebit-user-data-6941eed90a4dd7a1d1026d7a/deploit/teams/69d8dd1e5d3e1f8c350e006f/users/68af3d99c99eb7bd2ff47bc8/projects/69f80768ca774c668fbaaed8/jobs/6a22c7580859d97fbe7b688b/results/scatter_pancreas_Fasolino_Nat_Metab_2022_cell_label_X_umap_77ee93_recall.svg
scatter_pancreas_Han_Nature_2020_author_cell_type_X_umap_5c7ea7_f_score.html,s3://lifebit-user-data-6941eed90a4dd7a1d1026d7a/deploit/teams/69d8dd1e5d3e1f8c350e006f/users/68af3d99c99eb7bd2ff47bc8/projects/69f80768ca774c668fbaaed8/jobs/6a22c7580859d97fbe7b688b/results/scatter_pancreas_Han_Nature_2020_author_cell_type_X_umap_5c7ea7_f_score.html
scatter_pancreas_Han_Nature_2020_author_cell_type_X_umap_5c7ea7_f_score.svg,s3://lifebit-user-data-6941eed90a4dd7a1d1026d7a/deploit/teams/69d8dd1e5d3e1f8c350e006f/users/68af3d99c99eb7bd2ff47bc8/projects/69f80768ca774c668fbaaed8/jobs/6a22c7580859d97fbe7b688b/results/scatter_pancreas_Han_Nature_2020_author_cell_type_X_umap_5c7ea7_f_score.svg
scatter_pancreas_Han_Nature_2020_author_cell_type_X_umap_5c7ea7_onTarget.html,s3://lifebit-user-data-6941eed90a4dd7a1d1026d7a/deploit/teams/69d8dd1e5d3e1f8c350e006f/users/68af3d99c99eb7bd2ff47bc8/projects/69f80768ca774c668fbaaed8/jobs/6a22c7580859d97fbe7b688b/results/scatter_pancreas_Han_Nature_2020_author_cell_type_X_umap_5c7ea7_onTarget.html
scatter_pancreas_Han_Nature_2020_author_cell_type_X_umap_5c7ea7_onTarget.svg,s3://lifebit-user-data-6941eed90a4dd7a1d1026d7a/deploit/teams/69d8dd1e5d3e1f8c350e006f/users/68af3d99c99eb7bd2ff47bc8/projects/69f80768ca774c668fbaaed8/jobs/6a22c7580859d97fbe7b688b/results/scatter_pancreas_Han_Nature_2020_author_cell_type_X_umap_5c7ea7_onTarget.svg
scatter_pancreas_Han_Nature_2020_author_cell_type_X_umap_5c7ea7_precision.html,s3://lifebit-user-data-6941eed90a4dd7a1d1026d7a/deploit/teams/69d8dd1e5d3e1f8c350e006f/users/68af3d99c99eb7bd2ff47bc8/projects/69f80768ca774c668fbaaed8/jobs/6a22c7580859d97fbe7b688b/results/scatter_pancreas_Han_Nature_2020_author_cell_type_X_umap_5c7ea7_precision.html
scatter_pancreas_Han_Nature_2020_author_cell_type_X_umap_5c7ea7_precision.svg,s3://lifebit-user-data-6941eed90a4dd7a1d1026d7a/deploit/teams/69d8dd1e5d3e1f8c350e006f/users/68af3d99c99eb7bd2ff47bc8/projects/69f80768ca774c668fbaaed8/jobs/6a22c7580859d97fbe7b688b/results/scatter_pancreas_Han_Nature_2020_author_cell_type_X_umap_5c7ea7_precision.svg
scatter_pancreas_Han_Nature_2020_author_cell_type_X_umap_5c7ea7_recall.html,s3://lifebit-user-data-6941eed90a4dd7a1d1026d7a/deploit/teams/69d8dd1e5d3e1f8c350e006f/users/68af3d99c99eb7bd2ff47bc8/projects/69f80768ca774c668fbaaed8/jobs/6a22c7580859d97fbe7b688b/results/scatter_pancreas_Han_Nature_2020_author_cell_type_X_umap_5c7ea7_recall.html
scatter_pancreas_Han_Nature_2020_author_cell_type_X_umap_5c7ea7_recall.svg,s3://lifebit-user-data-6941eed90a4dd7a1d1026d7a/deploit/teams/69d8dd1e5d3e1f8c350e006f/users/68af3d99c99eb7bd2ff47bc8/projects/69f80768ca774c668fbaaed8/jobs/6a22c7580859d97fbe7b688b/results/scatter_pancreas_Han_Nature_2020_author_cell_type_X_umap_5c7ea7_recall.svg
scatter_pancreas_Muraro_Cell_Systems_2016_cellular_classification_X_tsne_652149_f_score.html,s3://lifebit-user-data-6941eed90a4dd7a1d1026d7a/deploit/teams/69d8dd1e5d3e1f8c350e006f/users/68af3d99c99eb7bd2ff47bc8/projects/69f80768ca774c668fbaaed8/jobs/6a22c7580859d97fbe7b688b/results/scatter_pancreas_Muraro_Cell_Systems_2016_cellular_classification_X_tsne_652149_f_score.html
scatter_pancreas_Muraro_Cell_Systems_2016_cellular_classification_X_tsne_652149_f_score.svg,s3://lifebit-user-data-6941eed90a4dd7a1d1026d7a/deploit/teams/69d8dd1e5d3e1f8c350e006f/users/68af3d99c99eb7bd2ff47bc8/projects/69f80768ca774c668fbaaed8/jobs/6a22c7580859d97fbe7b688b/results/scatter_pancreas_Muraro_Cell_Systems_2016_cellular_classification_X_tsne_652149_f_score.svg
scatter_pancreas_Muraro_Cell_Systems_2016_cellular_classification_X_tsne_652149_onTarget.html,s3://lifebit-user-data-6941eed90a4dd7a1d1026d7a/deploit/teams/69d8dd1e5d3e1f8c350e006f/users/68af3d99c99eb7bd2ff47bc8/projects/69f80768ca774c668fbaaed8/jobs/6a22c7580859d97fbe7b688b/results/scatter_pancreas_Muraro_Cell_Systems_2016_cellular_classification_X_tsne_652149_onTarget.html
scatter_pancreas_Muraro_Cell_Systems_2016_cellular_classification_X_tsne_652149_onTarget.svg,s3://lifebit-user-data-6941eed90a4dd7a1d1026d7a/deploit/teams/69d8dd1e5d3e1f8c350e006f/users/68af3d99c99eb7bd2ff47bc8/projects/69f80768ca774c668fbaaed8/jobs/6a22c7580859d97fbe7b688b/results/scatter_pancreas_Muraro_Cell_Systems_2016_cellular_classification_X_tsne_652149_onTarget.svg
scatter_pancreas_Muraro_Cell_Systems_2016_cellular_classification_X_tsne_652149_precision.html,s3://lifebit-user-data-6941eed90a4dd7a1d1026d7a/deploit/teams/69d8dd1e5d3e1f8c350e006f/users/68af3d99c99eb7bd2ff47bc8/projects/69f80768ca774c668fbaaed8/jobs/6a22c7580859d97fbe7b688b/results/scatter_pancreas_Muraro_Cell_Systems_2016_cellular_classification_X_tsne_652149_precision.html
scatter_pancreas_Muraro_Cell_Systems_2016_cellular_classification_X_tsne_652149_precision.svg,s3://lifebit-user-data-6941eed90a4dd7a1d1026d7a/deploit/teams/69d8dd1e5d3e1f8c350e006f/users/68af3d99c99eb7bd2ff47bc8/projects/69f80768ca774c668fbaaed8/jobs/6a22c7580859d97fbe7b688b/results/scatter_pancreas_Muraro_Cell_Systems_2016_cellular_classification_X_tsne_652149_precision.svg
scatter_pancreas_Muraro_Cell_Systems_2016_cellular_classification_X_tsne_652149_recall.html,s3://lifebit-user-data-6941eed90a4dd7a1d1026d7a/deploit/teams/69d8dd1e5d3e1f8c350e006f/users/68af3d99c99eb7bd2ff47bc8/projects/69f80768ca774c668fbaaed8/jobs/6a22c7580859d97fbe7b688b/results/scatter_pancreas_Muraro_Cell_Systems_2016_cellular_classification_X_tsne_652149_recall.html
scatter_pancreas_Muraro_Cell_Systems_2016_cellular_classification_X_tsne_652149_recall.svg,s3://lifebit-user-data-6941eed90a4dd7a1d1026d7a/deploit/teams/69d8dd1e5d3e1f8c350e006f/users/68af3d99c99eb7bd2ff47bc8/projects/69f80768ca774c668fbaaed8/jobs/6a22c7580859d97fbe7b688b/results/scatter_pancreas_Muraro_Cell_Systems_2016_cellular_classification_X_tsne_652149_recall.svg
scatter_pancreas_Tritschler_Molecular_Metabolism_2022_louvain_anno_fine_X_umap_98d050_f_score.html,s3://lifebit-user-data-6941eed90a4dd7a1d1026d7a/deploit/teams/69d8dd1e5d3e1f8c350e006f/users/68af3d99c99eb7bd2ff47bc8/projects/69f80768ca774c668fbaaed8/jobs/6a22c7580859d97fbe7b688b/results/scatter_pancreas_Tritschler_Molecular_Metabolism_2022_louvain_anno_fine_X_umap_98d050_f_score.html
scatter_pancreas_Tritschler_Molecular_Metabolism_2022_louvain_anno_fine_X_umap_98d050_f_score.svg,s3://lifebit-user-data-6941eed90a4dd7a1d1026d7a/deploit/teams/69d8dd1e5d3e1f8c350e006f/users/68af3d99c99eb7bd2ff47bc8/projects/69f80768ca774c668fbaaed8/jobs/6a22c7580859d97fbe7b688b/results/scatter_pancreas_Tritschler_Molecular_Metabolism_2022_louvain_anno_fine_X_umap_98d050_f_score.svg
scatter_pancreas_Tritschler_Molecular_Metabolism_2022_louvain_anno_fine_X_umap_98d050_onTarget.html,s3://lifebit-user-data-6941eed90a4dd7a1d1026d7a/deploit/teams/69d8dd1e5d3e1f8c350e006f/users/68af3d99c99eb7bd2ff47bc8/projects/69f80768ca774c668fbaaed8/jobs/6a22c7580859d97fbe7b688b/results/scatter_pancreas_Tritschler_Molecular_Metabolism_2022_louvain_anno_fine_X_umap_98d050_onTarget.html
scatter_pancreas_Tritschler_Molecular_Metabolism_2022_louvain_anno_fine_X_umap_98d050_onTarget.svg,s3://lifebit-user-data-6941eed90a4dd7a1d1026d7a/deploit/teams/69d8dd1e5d3e1f8c350e006f/users/68af3d99c99eb7bd2ff47bc8/projects/69f80768ca774c668fbaaed8/jobs/6a22c7580859d97fbe7b688b/results/scatter_pancreas_Tritschler_Molecular_Metabolism_2022_louvain_anno_fine_X_umap_98d050_onTarget.svg
scatter_pancreas_Tritschler_Molecular_Metabolism_2022_louvain_anno_fine_X_umap_98d050_precision.html,s3://lifebit-user-data-6941eed90a4dd7a1d1026d7a/deploit/teams/69d8dd1e5d3e1f8c350e006f/users/68af3d99c99eb7bd2ff47bc8/projects/69f80768ca774c668fbaaed8/jobs/6a22c7580859d97fbe7b688b/results/scatter_pancreas_Tritschler_Molecular_Metabolism_2022_louvain_anno_fine_X_umap_98d050_precision.html
scatter_pancreas_Tritschler_Molecular_Metabolism_2022_louvain_anno_fine_X_umap_98d050_precision.svg,s3://lifebit-user-data-6941eed90a4dd7a1d1026d7a/deploit/teams/69d8dd1e5d3e1f8c350e006f/users/68af3d99c99eb7bd2ff47bc8/projects/69f80768ca774c668fbaaed8/jobs/6a22c7580859d97fbe7b688b/results/scatter_pancreas_Tritschler_Molecular_Metabolism_2022_louvain_anno_fine_X_umap_98d050_precision.svg
scatter_pancreas_Tritschler_Molecular_Metabolism_2022_louvain_anno_fine_X_umap_98d050_recall.html,s3://lifebit-user-data-6941eed90a4dd7a1d1026d7a/deploit/teams/69d8dd1e5d3e1f8c350e006f/users/68af3d99c99eb7bd2ff47bc8/projects/69f80768ca774c668fbaaed8/jobs/6a22c7580859d97fbe7b688b/results/scatter_pancreas_Tritschler_Molecular_Metabolism_2022_louvain_anno_fine_X_umap_98d050_recall.html
scatter_pancreas_Tritschler_Molecular_Metabolism_2022_louvain_anno_fine_X_umap_98d050_recall.svg,s3://lifebit-user-data-6941eed90a4dd7a1d1026d7a/deploit/teams/69d8dd1e5d3e1f8c350e006f/users/68af3d99c99eb7bd2ff47bc8/projects/69f80768ca774c668fbaaed8/jobs/6a22c7580859d97fbe7b688b/results/scatter_pancreas_Tritschler_Molecular_Metabolism_2022_louvain_anno_fine_X_umap_98d050_recall.svg
scatter_pancreas_Xu_Cell_2023_Curated_annotation_X_umap_f2ac0d_f_score.html,s3://lifebit-user-data-6941eed90a4dd7a1d1026d7a/deploit/teams/69d8dd1e5d3e1f8c350e006f/users/68af3d99c99eb7bd2ff47bc8/projects/69f80768ca774c668fbaaed8/jobs/6a22c7580859d97fbe7b688b/results/scatter_pancreas_Xu_Cell_2023_Curated_annotation_X_umap_f2ac0d_f_score.html
scatter_pancreas_Xu_Cell_2023_Curated_annotation_X_umap_f2ac0d_f_score.svg,s3://lifebit-user-data-6941eed90a4dd7a1d1026d7a/deploit/teams/69d8dd1e5d3e1f8c350e006f/users/68af3d99c99eb7bd2ff47bc8/projects/69f80768ca774c668fbaaed8/jobs/6a22c7580859d97fbe7b688b/results/scatter_pancreas_Xu_Cell_2023_Curated_annotation_X_umap_f2ac0d_f_score.svg
scatter_pancreas_Xu_Cell_2023_Curated_annotation_X_umap_f2ac0d_onTarget.html,s3://lifebit-user-data-6941eed90a4dd7a1d1026d7a/deploit/teams/69d8dd1e5d3e1f8c350e006f/users/68af3d99c99eb7bd2ff47bc8/projects/69f80768ca774c668fbaaed8/jobs/6a22c7580859d97fbe7b688b/results/scatter_pancreas_Xu_Cell_2023_Curated_annotation_X_umap_f2ac0d_onTarget.html
scatter_pancreas_Xu_Cell_2023_Curated_annotation_X_umap_f2ac0d_onTarget.svg,s3://lifebit-user-data-6941eed90a4dd7a1d1026d7a/deploit/teams/69d8dd1e5d3e1f8c350e006f/users/68af3d99c99eb7bd2ff47bc8/projects/69f80768ca774c668fbaaed8/jobs/6a22c7580859d97fbe7b688b/results/scatter_pancreas_Xu_Cell_2023_Curated_annotation_X_umap_f2ac0d_onTarget.svg
scatter_pancreas_Xu_Cell_2023_Curated_annotation_X_umap_f2ac0d_precision.html,s3://lifebit-user-data-6941eed90a4dd7a1d1026d7a/deploit/teams/69d8dd1e5d3e1f8c350e006f/users/68af3d99c99eb7bd2ff47bc8/projects/69f80768ca774c668fbaaed8/jobs/6a22c7580859d97fbe7b688b/results/scatter_pancreas_Xu_Cell_2023_Curated_annotation_X_umap_f2ac0d_precision.html
scatter_pancreas_Xu_Cell_2023_Curated_annotation_X_umap_f2ac0d_precision.svg,s3://lifebit-user-data-6941eed90a4dd7a1d1026d7a/deploit/teams/69d8dd1e5d3e1f8c350e006f/users/68af3d99c99eb7bd2ff47bc8/projects/69f80768ca774c668fbaaed8/jobs/6a22c7580859d97fbe7b688b/results/scatter_pancreas_Xu_Cell_2023_Curated_annotation_X_umap_f2ac0d_precision.svg
scatter_pancreas_Xu_Cell_2023_Curated_annotation_X_umap_f2ac0d_recall.html,s3://lifebit-user-data-6941eed90a4dd7a1d1026d7a/deploit/teams/69d8dd1e5d3e1f8c350e006f/users/68af3d99c99eb7bd2ff47bc8/projects/69f80768ca774c668fbaaed8/jobs/6a22c7580859d97fbe7b688b/results/scatter_pancreas_Xu_Cell_2023_Curated_annotation_X_umap_f2ac0d_recall.html
scatter_pancreas_Xu_Cell_2023_Curated_annotation_X_umap_f2ac0d_recall.svg,s3://lifebit-user-data-6941eed90a4dd7a1d1026d7a/deploit/teams/69d8dd1e5d3e1f8c350e006f/users/68af3d99c99eb7bd2ff47bc8/projects/69f80768ca774c668fbaaed8/jobs/6a22c7580859d97fbe7b688b/results/scatter_pancreas_Xu_Cell_2023_Curated_annotation_X_umap_f2ac0d_recall.svg
scsilhouette_cluster_summary_pancreas_Fasolino_Nat_Metab_2022_cell_label_X_umap_77ee93.csv,s3://lifebit-user-data-6941eed90a4dd7a1d1026d7a/deploit/teams/69d8dd1e5d3e1f8c350e006f/users/68af3d99c99eb7bd2ff47bc8/projects/69f80768ca774c668fbaaed8/jobs/6a22c7580859d97fbe7b688b/results/scsilhouette_cluster_summary_pancreas_Fasolino_Nat_Metab_2022_cell_label_X_umap_77ee93.csv
scsilhouette_cluster_summary_pancreas_Han_Nature_2020_author_cell_type_X_umap_5c7ea7.csv,s3://lifebit-user-data-6941eed90a4dd7a1d1026d7a/deploit/teams/69d8dd1e5d3e1f8c350e006f/users/68af3d99c99eb7bd2ff47bc8/projects/69f80768ca774c668fbaaed8/jobs/6a22c7580859d97fbe7b688b/results/scsilhouette_cluster_summary_pancreas_Han_Nature_2020_author_cell_type_X_umap_5c7ea7.csv
scsilhouette_cluster_summary_pancreas_Muraro_Cell_Systems_2016_cellular_classification_X_tsne_652149.csv,s3://lifebit-user-data-6941eed90a4dd7a1d1026d7a/deploit/teams/69d8dd1e5d3e1f8c350e006f/users/68af3d99c99eb7bd2ff47bc8/projects/69f80768ca774c668fbaaed8/jobs/6a22c7580859d97fbe7b688b/results/scsilhouette_cluster_summary_pancreas_Muraro_Cell_Systems_2016_cellular_classification_X_tsne_652149.csv
scsilhouette_cluster_summary_pancreas_Tritschler_Molecular_Metabolism_2022_louvain_anno_fine_X_umap_98d050.csv,s3://lifebit-user-data-6941eed90a4dd7a1d1026d7a/deploit/teams/69d8dd1e5d3e1f8c350e006f/users/68af3d99c99eb7bd2ff47bc8/projects/69f80768ca774c668fbaaed8/jobs/6a22c7580859d97fbe7b688b/results/scsilhouette_cluster_summary_pancreas_Tritschler_Molecular_Metabolism_2022_louvain_anno_fine_X_umap_98d050.csv
scsilhouette_cluster_summary_pancreas_Xu_Cell_2023_Curated_annotation_X_umap_f2ac0d.csv,s3://lifebit-user-data-6941eed90a4dd7a1d1026d7a/deploit/teams/69d8dd1e5d3e1f8c350e006f/users/68af3d99c99eb7bd2ff47bc8/projects/69f80768ca774c668fbaaed8/jobs/6a22c7580859d97fbe7b688b/results/scsilhouette_cluster_summary_pancreas_Xu_Cell_2023_Curated_annotation_X_umap_f2ac0d.csv
silhouette_fscore_summary_pancreas_Fasolino_Nat_Metab_2022_cell_label_X_umap_77ee93.csv,s3://lifebit-user-data-6941eed90a4dd7a1d1026d7a/deploit/teams/69d8dd1e5d3e1f8c350e006f/users/68af3d99c99eb7bd2ff47bc8/projects/69f80768ca774c668fbaaed8/jobs/6a22c7580859d97fbe7b688b/results/silhouette_fscore_summary_pancreas_Fasolino_Nat_Metab_2022_cell_label_X_umap_77ee93.csv
silhouette_fscore_summary_pancreas_Fasolino_Nat_Metab_2022_cell_label_X_umap_77ee93.html,s3://lifebit-user-data-6941eed90a4dd7a1d1026d7a/deploit/teams/69d8dd1e5d3e1f8c350e006f/users/68af3d99c99eb7bd2ff47bc8/projects/69f80768ca774c668fbaaed8/jobs/6a22c7580859d97fbe7b688b/results/silhouette_fscore_summary_pancreas_Fasolino_Nat_Metab_2022_cell_label_X_umap_77ee93.html
silhouette_fscore_summary_pancreas_Fasolino_Nat_Metab_2022_cell_label_X_umap_77ee93.svg,s3://lifebit-user-data-6941eed90a4dd7a1d1026d7a/deploit/teams/69d8dd1e5d3e1f8c350e006f/users/68af3d99c99eb7bd2ff47bc8/projects/69f80768ca774c668fbaaed8/jobs/6a22c7580859d97fbe7b688b/results/silhouette_fscore_summary_pancreas_Fasolino_Nat_Metab_2022_cell_label_X_umap_77ee93.svg
silhouette_fscore_summary_pancreas_Han_Nature_2020_author_cell_type_X_umap_5c7ea7.csv,s3://lifebit-user-data-6941eed90a4dd7a1d1026d7a/deploit/teams/69d8dd1e5d3e1f8c350e006f/users/68af3d99c99eb7bd2ff47bc8/projects/69f80768ca774c668fbaaed8/jobs/6a22c7580859d97fbe7b688b/results/silhouette_fscore_summary_pancreas_Han_Nature_2020_author_cell_type_X_umap_5c7ea7.csv
silhouette_fscore_summary_pancreas_Han_Nature_2020_author_cell_type_X_umap_5c7ea7.html,s3://lifebit-user-data-6941eed90a4dd7a1d1026d7a/deploit/teams/69d8dd1e5d3e1f8c350e006f/users/68af3d99c99eb7bd2ff47bc8/projects/69f80768ca774c668fbaaed8/jobs/6a22c7580859d97fbe7b688b/results/silhouette_fscore_summary_pancreas_Han_Nature_2020_author_cell_type_X_umap_5c7ea7.html
silhouette_fscore_summary_pancreas_Han_Nature_2020_author_cell_type_X_umap_5c7ea7.svg,s3://lifebit-user-data-6941eed90a4dd7a1d1026d7a/deploit/teams/69d8dd1e5d3e1f8c350e006f/users/68af3d99c99eb7bd2ff47bc8/projects/69f80768ca774c668fbaaed8/jobs/6a22c7580859d97fbe7b688b/results/silhouette_fscore_summary_pancreas_Han_Nature_2020_author_cell_type_X_umap_5c7ea7.svg
silhouette_fscore_summary_pancreas_Muraro_Cell_Systems_2016_cellular_classification_X_tsne_652149.csv,s3://lifebit-user-data-6941eed90a4dd7a1d1026d7a/deploit/teams/69d8dd1e5d3e1f8c350e006f/users/68af3d99c99eb7bd2ff47bc8/projects/69f80768ca774c668fbaaed8/jobs/6a22c7580859d97fbe7b688b/results/silhouette_fscore_summary_pancreas_Muraro_Cell_Systems_2016_cellular_classification_X_tsne_652149.csv
silhouette_fscore_summary_pancreas_Muraro_Cell_Systems_2016_cellular_classification_X_tsne_652149.html,s3://lifebit-user-data-6941eed90a4dd7a1d1026d7a/deploit/teams/69d8dd1e5d3e1f8c350e006f/users/68af3d99c99eb7bd2ff47bc8/projects/69f80768ca774c668fbaaed8/jobs/6a22c7580859d97fbe7b688b/results/silhouette_fscore_summary_pancreas_Muraro_Cell_Systems_2016_cellular_classification_X_tsne_652149.html
silhouette_fscore_summary_pancreas_Muraro_Cell_Systems_2016_cellular_classification_X_tsne_652149.svg,s3://lifebit-user-data-6941eed90a4dd7a1d1026d7a/deploit/teams/69d8dd1e5d3e1f8c350e006f/users/68af3d99c99eb7bd2ff47bc8/projects/69f80768ca774c668fbaaed8/jobs/6a22c7580859d97fbe7b688b/results/silhouette_fscore_summary_pancreas_Muraro_Cell_Systems_2016_cellular_classification_X_tsne_652149.svg
silhouette_fscore_summary_pancreas_Tritschler_Molecular_Metabolism_2022_louvain_anno_fine_X_umap_98d050.csv,s3://lifebit-user-data-6941eed90a4dd7a1d1026d7a/deploit/teams/69d8dd1e5d3e1f8c350e006f/users/68af3d99c99eb7bd2ff47bc8/projects/69f80768ca774c668fbaaed8/jobs/6a22c7580859d97fbe7b688b/results/silhouette_fscore_summary_pancreas_Tritschler_Molecular_Metabolism_2022_louvain_anno_fine_X_umap_98d050.csv
silhouette_fscore_summary_pancreas_Tritschler_Molecular_Metabolism_2022_louvain_anno_fine_X_umap_98d050.html,s3://lifebit-user-data-6941eed90a4dd7a1d1026d7a/deploit/teams/69d8dd1e5d3e1f8c350e006f/users/68af3d99c99eb7bd2ff47bc8/projects/69f80768ca774c668fbaaed8/jobs/6a22c7580859d97fbe7b688b/results/silhouette_fscore_summary_pancreas_Tritschler_Molecular_Metabolism_2022_louvain_anno_fine_X_umap_98d050.html
silhouette_fscore_summary_pancreas_Tritschler_Molecular_Metabolism_2022_louvain_anno_fine_X_umap_98d050.svg,s3://lifebit-user-data-6941eed90a4dd7a1d1026d7a/deploit/teams/69d8dd1e5d3e1f8c350e006f/users/68af3d99c99eb7bd2ff47bc8/projects/69f80768ca774c668fbaaed8/jobs/6a22c7580859d97fbe7b688b/results/silhouette_fscore_summary_pancreas_Tritschler_Molecular_Metabolism_2022_louvain_anno_fine_X_umap_98d050.svg
silhouette_fscore_summary_pancreas_Xu_Cell_2023_Curated_annotation_X_umap_f2ac0d.csv,s3://lifebit-user-data-6941eed90a4dd7a1d1026d7a/deploit/teams/69d8dd1e5d3e1f8c350e006f/users/68af3d99c99eb7bd2ff47bc8/projects/69f80768ca774c668fbaaed8/jobs/6a22c7580859d97fbe7b688b/results/silhouette_fscore_summary_pancreas_Xu_Cell_2023_Curated_annotation_X_umap_f2ac0d.csv
silhouette_fscore_summary_pancreas_Xu_Cell_2023_Curated_annotation_X_umap_f2ac0d.html,s3://lifebit-user-data-6941eed90a4dd7a1d1026d7a/deploit/teams/69d8dd1e5d3e1f8c350e006f/users/68af3d99c99eb7bd2ff47bc8/projects/69f80768ca774c668fbaaed8/jobs/6a22c7580859d97fbe7b688b/results/silhouette_fscore_summary_pancreas_Xu_Cell_2023_Curated_annotation_X_umap_f2ac0d.html
silhouette_fscore_summary_pancreas_Xu_Cell_2023_Curated_annotation_X_umap_f2ac0d.svg,s3://lifebit-user-data-6941eed90a4dd7a1d1026d7a/deploit/teams/69d8dd1e5d3e1f8c350e006f/users/68af3d99c99eb7bd2ff47bc8/projects/69f80768ca774c668fbaaed8/jobs/6a22c7580859d97fbe7b688b/results/silhouette_fscore_summary_pancreas_Xu_Cell_2023_Curated_annotation_X_umap_f2ac0d.svg
silhouette_scores_pancreas_Fasolino_Nat_Metab_2022_cell_label_X_umap_77ee93.csv,s3://lifebit-user-data-6941eed90a4dd7a1d1026d7a/deploit/teams/69d8dd1e5d3e1f8c350e006f/users/68af3d99c99eb7bd2ff47bc8/projects/69f80768ca774c668fbaaed8/jobs/6a22c7580859d97fbe7b688b/results/silhouette_scores_pancreas_Fasolino_Nat_Metab_2022_cell_label_X_umap_77ee93.csv
silhouette_scores_pancreas_Han_Nature_2020_author_cell_type_X_umap_5c7ea7.csv,s3://lifebit-user-data-6941eed90a4dd7a1d1026d7a/deploit/teams/69d8dd1e5d3e1f8c350e006f/users/68af3d99c99eb7bd2ff47bc8/projects/69f80768ca774c668fbaaed8/jobs/6a22c7580859d97fbe7b688b/results/silhouette_scores_pancreas_Han_Nature_2020_author_cell_type_X_umap_5c7ea7.csv
silhouette_scores_pancreas_Muraro_Cell_Systems_2016_cellular_classification_X_tsne_652149.csv,s3://lifebit-user-data-6941eed90a4dd7a1d1026d7a/deploit/teams/69d8dd1e5d3e1f8c350e006f/users/68af3d99c99eb7bd2ff47bc8/projects/69f80768ca774c668fbaaed8/jobs/6a22c7580859d97fbe7b688b/results/silhouette_scores_pancreas_Muraro_Cell_Systems_2016_cellular_classification_X_tsne_652149.csv
silhouette_scores_pancreas_Tritschler_Molecular_Metabolism_2022_louvain_anno_fine_X_umap_98d050.csv,s3://lifebit-user-data-6941eed90a4dd7a1d1026d7a/deploit/teams/69d8dd1e5d3e1f8c350e006f/users/68af3d99c99eb7bd2ff47bc8/projects/69f80768ca774c668fbaaed8/jobs/6a22c7580859d97fbe7b688b/results/silhouette_scores_pancreas_Tritschler_Molecular_Metabolism_2022_louvain_anno_fine_X_umap_98d050.csv
silhouette_scores_pancreas_Xu_Cell_2023_Curated_annotation_X_umap_f2ac0d.csv,s3://lifebit-user-data-6941eed90a4dd7a1d1026d7a/deploit/teams/69d8dd1e5d3e1f8c350e006f/users/68af3d99c99eb7bd2ff47bc8/projects/69f80768ca774c668fbaaed8/jobs/6a22c7580859d97fbe7b688b/results/silhouette_scores_pancreas_Xu_Cell_2023_Curated_annotation_X_umap_f2ac0d.csv
stacked_violin__scaledpancreas_Fasolino_Nat_Metab_2022_cell_label_X_umap_77ee93.svg,s3://lifebit-user-data-6941eed90a4dd7a1d1026d7a/deploit/teams/69d8dd1e5d3e1f8c350e006f/users/68af3d99c99eb7bd2ff47bc8/projects/69f80768ca774c668fbaaed8/jobs/6a22c7580859d97fbe7b688b/results/stacked_violin__scaledpancreas_Fasolino_Nat_Metab_2022_cell_label_X_umap_77ee93.svg
stacked_violin__scaledpancreas_Han_Nature_2020_author_cell_type_X_umap_5c7ea7.svg,s3://lifebit-user-data-6941eed90a4dd7a1d1026d7a/deploit/teams/69d8dd1e5d3e1f8c350e006f/users/68af3d99c99eb7bd2ff47bc8/projects/69f80768ca774c668fbaaed8/jobs/6a22c7580859d97fbe7b688b/results/stacked_violin__scaledpancreas_Han_Nature_2020_author_cell_type_X_umap_5c7ea7.svg
stacked_violin__scaledpancreas_Muraro_Cell_Systems_2016_cellular_classification_X_tsne_652149.svg,s3://lifebit-user-data-6941eed90a4dd7a1d1026d7a/deploit/teams/69d8dd1e5d3e1f8c350e006f/users/68af3d99c99eb7bd2ff47bc8/projects/69f80768ca774c668fbaaed8/jobs/6a22c7580859d97fbe7b688b/results/stacked_violin__scaledpancreas_Muraro_Cell_Systems_2016_cellular_classification_X_tsne_652149.svg
stacked_violin__scaledpancreas_Tritschler_Molecular_Metabolism_2022_louvain_anno_fine_X_umap_98d050.svg,s3://lifebit-user-data-6941eed90a4dd7a1d1026d7a/deploit/teams/69d8dd1e5d3e1f8c350e006f/users/68af3d99c99eb7bd2ff47bc8/projects/69f80768ca774c668fbaaed8/jobs/6a22c7580859d97fbe7b688b/results/stacked_violin__scaledpancreas_Tritschler_Molecular_Metabolism_2022_louvain_anno_fine_X_umap_98d050.svg
stacked_violin__scaledpancreas_Xu_Cell_2023_Curated_annotation_X_umap_f2ac0d.svg,s3://lifebit-user-data-6941eed90a4dd7a1d1026d7a/deploit/teams/69d8dd1e5d3e1f8c350e006f/users/68af3d99c99eb7bd2ff47bc8/projects/69f80768ca774c668fbaaed8/jobs/6a22c7580859d97fbe7b688b/results/stacked_violin__scaledpancreas_Xu_Cell_2023_Curated_annotation_X_umap_f2ac0d.svg
stacked_violin_pancreas_Fasolino_Nat_Metab_2022_cell_label_X_umap_77ee93.svg,s3://lifebit-user-data-6941eed90a4dd7a1d1026d7a/deploit/teams/69d8dd1e5d3e1f8c350e006f/users/68af3d99c99eb7bd2ff47bc8/projects/69f80768ca774c668fbaaed8/jobs/6a22c7580859d97fbe7b688b/results/stacked_violin_pancreas_Fasolino_Nat_Metab_2022_cell_label_X_umap_77ee93.svg
stacked_violin_pancreas_Han_Nature_2020_author_cell_type_X_umap_5c7ea7.svg,s3://lifebit-user-data-6941eed90a4dd7a1d1026d7a/deploit/teams/69d8dd1e5d3e1f8c350e006f/users/68af3d99c99eb7bd2ff47bc8/projects/69f80768ca774c668fbaaed8/jobs/6a22c7580859d97fbe7b688b/results/stacked_violin_pancreas_Han_Nature_2020_author_cell_type_X_umap_5c7ea7.svg
stacked_violin_pancreas_Muraro_Cell_Systems_2016_cellular_classification_X_tsne_652149.svg,s3://lifebit-user-data-6941eed90a4dd7a1d1026d7a/deploit/teams/69d8dd1e5d3e1f8c350e006f/users/68af3d99c99eb7bd2ff47bc8/projects/69f80768ca774c668fbaaed8/jobs/6a22c7580859d97fbe7b688b/results/stacked_violin_pancreas_Muraro_Cell_Systems_2016_cellular_classification_X_tsne_652149.svg
stacked_violin_pancreas_Tritschler_Molecular_Metabolism_2022_louvain_anno_fine_X_umap_98d050.svg,s3://lifebit-user-data-6941eed90a4dd7a1d1026d7a/deploit/teams/69d8dd1e5d3e1f8c350e006f/users/68af3d99c99eb7bd2ff47bc8/projects/69f80768ca774c668fbaaed8/jobs/6a22c7580859d97fbe7b688b/results/stacked_violin_pancreas_Tritschler_Molecular_Metabolism_2022_louvain_anno_fine_X_umap_98d050.svg
stacked_violin_pancreas_Xu_Cell_2023_Curated_annotation_X_umap_f2ac0d.svg,s3://lifebit-user-data-6941eed90a4dd7a1d1026d7a/deploit/teams/69d8dd1e5d3e1f8c350e006f/users/68af3d99c99eb7bd2ff47bc8/projects/69f80768ca774c668fbaaed8/jobs/6a22c7580859d97fbe7b688b/results/stacked_violin_pancreas_Xu_Cell_2023_Curated_annotation_X_umap_f2ac0d.svg
summary_before_filter_pancreas_Fasolino_Nat_Metab_2022_cell_label_X_umap_77ee93.csv,s3://lifebit-user-data-6941eed90a4dd7a1d1026d7a/deploit/teams/69d8dd1e5d3e1f8c350e006f/users/68af3d99c99eb7bd2ff47bc8/projects/69f80768ca774c668fbaaed8/jobs/6a22c7580859d97fbe7b688b/results/summary_before_filter_pancreas_Fasolino_Nat_Metab_2022_cell_label_X_umap_77ee93.csv
summary_before_filter_pancreas_Han_Nature_2020_author_cell_type_X_umap_5c7ea7.csv,s3://lifebit-user-data-6941eed90a4dd7a1d1026d7a/deploit/teams/69d8dd1e5d3e1f8c350e006f/users/68af3d99c99eb7bd2ff47bc8/projects/69f80768ca774c668fbaaed8/jobs/6a22c7580859d97fbe7b688b/results/summary_before_filter_pancreas_Han_Nature_2020_author_cell_type_X_umap_5c7ea7.csv
summary_before_filter_pancreas_Muraro_Cell_Systems_2016_cellular_classification_X_tsne_652149.csv,s3://lifebit-user-data-6941eed90a4dd7a1d1026d7a/deploit/teams/69d8dd1e5d3e1f8c350e006f/users/68af3d99c99eb7bd2ff47bc8/projects/69f80768ca774c668fbaaed8/jobs/6a22c7580859d97fbe7b688b/results/summary_before_filter_pancreas_Muraro_Cell_Systems_2016_cellular_classification_X_tsne_652149.csv
summary_before_filter_pancreas_Tritschler_Molecular_Metabolism_2022_louvain_anno_fine_X_umap_98d050.csv,s3://lifebit-user-data-6941eed90a4dd7a1d1026d7a/deploit/teams/69d8dd1e5d3e1f8c350e006f/users/68af3d99c99eb7bd2ff47bc8/projects/69f80768ca774c668fbaaed8/jobs/6a22c7580859d97fbe7b688b/results/summary_before_filter_pancreas_Tritschler_Molecular_Metabolism_2022_louvain_anno_fine_X_umap_98d050.csv
summary_before_filter_pancreas_Xu_Cell_2023_Curated_annotation_X_umap_f2ac0d.csv,s3://lifebit-user-data-6941eed90a4dd7a1d1026d7a/deploit/teams/69d8dd1e5d3e1f8c350e006f/users/68af3d99c99eb7bd2ff47bc8/projects/69f80768ca774c668fbaaed8/jobs/6a22c7580859d97fbe7b688b/results/summary_before_filter_pancreas_Xu_Cell_2023_Curated_annotation_X_umap_f2ac0d.csv
summary_normal_pancreas_Fasolino_Nat_Metab_2022_cell_label_X_umap_77ee93.csv,s3://lifebit-user-data-6941eed90a4dd7a1d1026d7a/deploit/teams/69d8dd1e5d3e1f8c350e006f/users/68af3d99c99eb7bd2ff47bc8/projects/69f80768ca774c668fbaaed8/jobs/6a22c7580859d97fbe7b688b/results/summary_normal_pancreas_Fasolino_Nat_Metab_2022_cell_label_X_umap_77ee93.csv
summary_normal_pancreas_Han_Nature_2020_author_cell_type_X_umap_5c7ea7.csv,s3://lifebit-user-data-6941eed90a4dd7a1d1026d7a/deploit/teams/69d8dd1e5d3e1f8c350e006f/users/68af3d99c99eb7bd2ff47bc8/projects/69f80768ca774c668fbaaed8/jobs/6a22c7580859d97fbe7b688b/results/summary_normal_pancreas_Han_Nature_2020_author_cell_type_X_umap_5c7ea7.csv
summary_normal_pancreas_Muraro_Cell_Systems_2016_cellular_classification_X_tsne_652149.csv,s3://lifebit-user-data-6941eed90a4dd7a1d1026d7a/deploit/teams/69d8dd1e5d3e1f8c350e006f/users/68af3d99c99eb7bd2ff47bc8/projects/69f80768ca774c668fbaaed8/jobs/6a22c7580859d97fbe7b688b/results/summary_normal_pancreas_Muraro_Cell_Systems_2016_cellular_classification_X_tsne_652149.csv
summary_normal_pancreas_Tritschler_Molecular_Metabolism_2022_louvain_anno_fine_X_umap_98d050.csv,s3://lifebit-user-data-6941eed90a4dd7a1d1026d7a/deploit/teams/69d8dd1e5d3e1f8c350e006f/users/68af3d99c99eb7bd2ff47bc8/projects/69f80768ca774c668fbaaed8/jobs/6a22c7580859d97fbe7b688b/results/summary_normal_pancreas_Tritschler_Molecular_Metabolism_2022_louvain_anno_fine_X_umap_98d050.csv
summary_normal_pancreas_Xu_Cell_2023_Curated_annotation_X_umap_f2ac0d.csv,s3://lifebit-user-data-6941eed90a4dd7a1d1026d7a/deploit/teams/69d8dd1e5d3e1f8c350e006f/users/68af3d99c99eb7bd2ff47bc8/projects/69f80768ca774c668fbaaed8/jobs/6a22c7580859d97fbe7b688b/results/summary_normal_pancreas_Xu_Cell_2023_Curated_annotation_X_umap_f2ac0d.csv
