filename,s3_path
2D_projection_liver_Andrews_Hepatol_Commun_2022_author_cell_type_X_umap_3d10a5.html,s3://lifebit-user-data-6941eed90a4dd7a1d1026d7a/deploit/teams/69d8dd1e5d3e1f8c350e006f/users/68af3d99c99eb7bd2ff47bc8/projects/69f80768ca774c668fbaaed8/jobs/6a22c7257e433821290d90bc/results/2D_projection_liver_Andrews_Hepatol_Commun_2022_author_cell_type_X_umap_3d10a5.html
2D_projection_liver_Andrews_Hepatol_Commun_2022_author_cell_type_X_umap_3d10a5.svg,s3://lifebit-user-data-6941eed90a4dd7a1d1026d7a/deploit/teams/69d8dd1e5d3e1f8c350e006f/users/68af3d99c99eb7bd2ff47bc8/projects/69f80768ca774c668fbaaed8/jobs/6a22c7257e433821290d90bc/results/2D_projection_liver_Andrews_Hepatol_Commun_2022_author_cell_type_X_umap_3d10a5.svg
2D_projection_liver_Andrews_Journal_of_Hepatology_2024_author_cell_type_X_umap_00ddc4.html,s3://lifebit-user-data-6941eed90a4dd7a1d1026d7a/deploit/teams/69d8dd1e5d3e1f8c350e006f/users/68af3d99c99eb7bd2ff47bc8/projects/69f80768ca774c668fbaaed8/jobs/6a22c7257e433821290d90bc/results/2D_projection_liver_Andrews_Journal_of_Hepatology_2024_author_cell_type_X_umap_00ddc4.html
2D_projection_liver_Andrews_Journal_of_Hepatology_2024_author_cell_type_X_umap_00ddc4.svg,s3://lifebit-user-data-6941eed90a4dd7a1d1026d7a/deploit/teams/69d8dd1e5d3e1f8c350e006f/users/68af3d99c99eb7bd2ff47bc8/projects/69f80768ca774c668fbaaed8/jobs/6a22c7257e433821290d90bc/results/2D_projection_liver_Andrews_Journal_of_Hepatology_2024_author_cell_type_X_umap_00ddc4.svg
2D_projection_liver_Andrews_Journal_of_Hepatology_2024_author_cell_type_X_umap_2b80fc.html,s3://lifebit-user-data-6941eed90a4dd7a1d1026d7a/deploit/teams/69d8dd1e5d3e1f8c350e006f/users/68af3d99c99eb7bd2ff47bc8/projects/69f80768ca774c668fbaaed8/jobs/6a22c7257e433821290d90bc/results/2D_projection_liver_Andrews_Journal_of_Hepatology_2024_author_cell_type_X_umap_2b80fc.html
2D_projection_liver_Andrews_Journal_of_Hepatology_2024_author_cell_type_X_umap_2b80fc.svg,s3://lifebit-user-data-6941eed90a4dd7a1d1026d7a/deploit/teams/69d8dd1e5d3e1f8c350e006f/users/68af3d99c99eb7bd2ff47bc8/projects/69f80768ca774c668fbaaed8/jobs/6a22c7257e433821290d90bc/results/2D_projection_liver_Andrews_Journal_of_Hepatology_2024_author_cell_type_X_umap_2b80fc.svg
2D_projection_liver_Dominguez_Conde_Science_2022_Manually_curated_celltype_X_umap_04d255.html,s3://lifebit-user-data-6941eed90a4dd7a1d1026d7a/deploit/teams/69d8dd1e5d3e1f8c350e006f/users/68af3d99c99eb7bd2ff47bc8/projects/69f80768ca774c668fbaaed8/jobs/6a22c7257e433821290d90bc/results/2D_projection_liver_Dominguez_Conde_Science_2022_Manually_curated_celltype_X_umap_04d255.html
2D_projection_liver_Dominguez_Conde_Science_2022_Manually_curated_celltype_X_umap_04d255.svg,s3://lifebit-user-data-6941eed90a4dd7a1d1026d7a/deploit/teams/69d8dd1e5d3e1f8c350e006f/users/68af3d99c99eb7bd2ff47bc8/projects/69f80768ca774c668fbaaed8/jobs/6a22c7257e433821290d90bc/results/2D_projection_liver_Dominguez_Conde_Science_2022_Manually_curated_celltype_X_umap_04d255.svg
2D_projection_liver_Edgar_Hepatology_Communications_2025_author_cell_type_X_umap_90971d.html,s3://lifebit-user-data-6941eed90a4dd7a1d1026d7a/deploit/teams/69d8dd1e5d3e1f8c350e006f/users/68af3d99c99eb7bd2ff47bc8/projects/69f80768ca774c668fbaaed8/jobs/6a22c7257e433821290d90bc/results/2D_projection_liver_Edgar_Hepatology_Communications_2025_author_cell_type_X_umap_90971d.html
2D_projection_liver_Edgar_Hepatology_Communications_2025_author_cell_type_X_umap_90971d.svg,s3://lifebit-user-data-6941eed90a4dd7a1d1026d7a/deploit/teams/69d8dd1e5d3e1f8c350e006f/users/68af3d99c99eb7bd2ff47bc8/projects/69f80768ca774c668fbaaed8/jobs/6a22c7257e433821290d90bc/results/2D_projection_liver_Edgar_Hepatology_Communications_2025_author_cell_type_X_umap_90971d.svg
2D_projection_liver_Edgar_Hepatology_Communications_2025_author_cell_type_X_umap_c0113a.html,s3://lifebit-user-data-6941eed90a4dd7a1d1026d7a/deploit/teams/69d8dd1e5d3e1f8c350e006f/users/68af3d99c99eb7bd2ff47bc8/projects/69f80768ca774c668fbaaed8/jobs/6a22c7257e433821290d90bc/results/2D_projection_liver_Edgar_Hepatology_Communications_2025_author_cell_type_X_umap_c0113a.html
2D_projection_liver_Edgar_Hepatology_Communications_2025_author_cell_type_X_umap_c0113a.svg,s3://lifebit-user-data-6941eed90a4dd7a1d1026d7a/deploit/teams/69d8dd1e5d3e1f8c350e006f/users/68af3d99c99eb7bd2ff47bc8/projects/69f80768ca774c668fbaaed8/jobs/6a22c7257e433821290d90bc/results/2D_projection_liver_Edgar_Hepatology_Communications_2025_author_cell_type_X_umap_c0113a.svg
2D_projection_liver_Guilliams_Cell_2022_author_cell_type_X_umap_ec5dd4.html,s3://lifebit-user-data-6941eed90a4dd7a1d1026d7a/deploit/teams/69d8dd1e5d3e1f8c350e006f/users/68af3d99c99eb7bd2ff47bc8/projects/69f80768ca774c668fbaaed8/jobs/6a22c7257e433821290d90bc/results/2D_projection_liver_Guilliams_Cell_2022_author_cell_type_X_umap_ec5dd4.html
2D_projection_liver_Guilliams_Cell_2022_author_cell_type_X_umap_ec5dd4.svg,s3://lifebit-user-data-6941eed90a4dd7a1d1026d7a/deploit/teams/69d8dd1e5d3e1f8c350e006f/users/68af3d99c99eb7bd2ff47bc8/projects/69f80768ca774c668fbaaed8/jobs/6a22c7257e433821290d90bc/results/2D_projection_liver_Guilliams_Cell_2022_author_cell_type_X_umap_ec5dd4.svg
2D_projection_liver_Han_Nature_2020_author_cell_type_X_umap_5c7ea7.html,s3://lifebit-user-data-6941eed90a4dd7a1d1026d7a/deploit/teams/69d8dd1e5d3e1f8c350e006f/users/68af3d99c99eb7bd2ff47bc8/projects/69f80768ca774c668fbaaed8/jobs/6a22c7257e433821290d90bc/results/2D_projection_liver_Han_Nature_2020_author_cell_type_X_umap_5c7ea7.html
2D_projection_liver_Han_Nature_2020_author_cell_type_X_umap_5c7ea7.svg,s3://lifebit-user-data-6941eed90a4dd7a1d1026d7a/deploit/teams/69d8dd1e5d3e1f8c350e006f/users/68af3d99c99eb7bd2ff47bc8/projects/69f80768ca774c668fbaaed8/jobs/6a22c7257e433821290d90bc/results/2D_projection_liver_Han_Nature_2020_author_cell_type_X_umap_5c7ea7.svg
2D_projection_liver_MacParland_Nat_Commun_2018_CellType_X_umap_hm_9f00be.html,s3://lifebit-user-data-6941eed90a4dd7a1d1026d7a/deploit/teams/69d8dd1e5d3e1f8c350e006f/users/68af3d99c99eb7bd2ff47bc8/projects/69f80768ca774c668fbaaed8/jobs/6a22c7257e433821290d90bc/results/2D_projection_liver_MacParland_Nat_Commun_2018_CellType_X_umap_hm_9f00be.html
2D_projection_liver_MacParland_Nat_Commun_2018_CellType_X_umap_hm_9f00be.svg,s3://lifebit-user-data-6941eed90a4dd7a1d1026d7a/deploit/teams/69d8dd1e5d3e1f8c350e006f/users/68af3d99c99eb7bd2ff47bc8/projects/69f80768ca774c668fbaaed8/jobs/6a22c7257e433821290d90bc/results/2D_projection_liver_MacParland_Nat_Commun_2018_CellType_X_umap_hm_9f00be.svg
2D_projection_liver_Wells_Nat_Immunol_2025_author_cell_type_X_umap_74e9e1.html,s3://lifebit-user-data-6941eed90a4dd7a1d1026d7a/deploit/teams/69d8dd1e5d3e1f8c350e006f/users/68af3d99c99eb7bd2ff47bc8/projects/69f80768ca774c668fbaaed8/jobs/6a22c7257e433821290d90bc/results/2D_projection_liver_Wells_Nat_Immunol_2025_author_cell_type_X_umap_74e9e1.html
2D_projection_liver_Wells_Nat_Immunol_2025_author_cell_type_X_umap_74e9e1.svg,s3://lifebit-user-data-6941eed90a4dd7a1d1026d7a/deploit/teams/69d8dd1e5d3e1f8c350e006f/users/68af3d99c99eb7bd2ff47bc8/projects/69f80768ca774c668fbaaed8/jobs/6a22c7257e433821290d90bc/results/2D_projection_liver_Wells_Nat_Immunol_2025_author_cell_type_X_umap_74e9e1.svg
2D_projection_liver_Xu_Cell_2023_Curated_annotation_X_umap_a72286.html,s3://lifebit-user-data-6941eed90a4dd7a1d1026d7a/deploit/teams/69d8dd1e5d3e1f8c350e006f/users/68af3d99c99eb7bd2ff47bc8/projects/69f80768ca774c668fbaaed8/jobs/6a22c7257e433821290d90bc/results/2D_projection_liver_Xu_Cell_2023_Curated_annotation_X_umap_a72286.html
2D_projection_liver_Xu_Cell_2023_Curated_annotation_X_umap_a72286.svg,s3://lifebit-user-data-6941eed90a4dd7a1d1026d7a/deploit/teams/69d8dd1e5d3e1f8c350e006f/users/68af3d99c99eb7bd2ff47bc8/projects/69f80768ca774c668fbaaed8/jobs/6a22c7257e433821290d90bc/results/2D_projection_liver_Xu_Cell_2023_Curated_annotation_X_umap_a72286.svg
adata_filtered_liver_Andrews_Hepatol_Commun_2022_author_cell_type_X_umap_3d10a5.h5ad,s3://lifebit-user-data-6941eed90a4dd7a1d1026d7a/deploit/teams/69d8dd1e5d3e1f8c350e006f/users/68af3d99c99eb7bd2ff47bc8/projects/69f80768ca774c668fbaaed8/jobs/6a22c7257e433821290d90bc/results/adata_filtered_liver_Andrews_Hepatol_Commun_2022_author_cell_type_X_umap_3d10a5.h5ad
adata_filtered_liver_Andrews_Journal_of_Hepatology_2024_author_cell_type_X_umap_00ddc4.h5ad,s3://lifebit-user-data-6941eed90a4dd7a1d1026d7a/deploit/teams/69d8dd1e5d3e1f8c350e006f/users/68af3d99c99eb7bd2ff47bc8/projects/69f80768ca774c668fbaaed8/jobs/6a22c7257e433821290d90bc/results/adata_filtered_liver_Andrews_Journal_of_Hepatology_2024_author_cell_type_X_umap_00ddc4.h5ad
adata_filtered_liver_Andrews_Journal_of_Hepatology_2024_author_cell_type_X_umap_2b80fc.h5ad,s3://lifebit-user-data-6941eed90a4dd7a1d1026d7a/deploit/teams/69d8dd1e5d3e1f8c350e006f/users/68af3d99c99eb7bd2ff47bc8/projects/69f80768ca774c668fbaaed8/jobs/6a22c7257e433821290d90bc/results/adata_filtered_liver_Andrews_Journal_of_Hepatology_2024_author_cell_type_X_umap_2b80fc.h5ad
adata_filtered_liver_Dominguez_Conde_Science_2022_Manually_curated_celltype_X_umap_04d255.h5ad,s3://lifebit-user-data-6941eed90a4dd7a1d1026d7a/deploit/teams/69d8dd1e5d3e1f8c350e006f/users/68af3d99c99eb7bd2ff47bc8/projects/69f80768ca774c668fbaaed8/jobs/6a22c7257e433821290d90bc/results/adata_filtered_liver_Dominguez_Conde_Science_2022_Manually_curated_celltype_X_umap_04d255.h5ad
adata_filtered_liver_Edgar_Hepatology_Communications_2025_author_cell_type_X_umap_90971d.h5ad,s3://lifebit-user-data-6941eed90a4dd7a1d1026d7a/deploit/teams/69d8dd1e5d3e1f8c350e006f/users/68af3d99c99eb7bd2ff47bc8/projects/69f80768ca774c668fbaaed8/jobs/6a22c7257e433821290d90bc/results/adata_filtered_liver_Edgar_Hepatology_Communications_2025_author_cell_type_X_umap_90971d.h5ad
adata_filtered_liver_Edgar_Hepatology_Communications_2025_author_cell_type_X_umap_c0113a.h5ad,s3://lifebit-user-data-6941eed90a4dd7a1d1026d7a/deploit/teams/69d8dd1e5d3e1f8c350e006f/users/68af3d99c99eb7bd2ff47bc8/projects/69f80768ca774c668fbaaed8/jobs/6a22c7257e433821290d90bc/results/adata_filtered_liver_Edgar_Hepatology_Communications_2025_author_cell_type_X_umap_c0113a.h5ad
adata_filtered_liver_Guilliams_Cell_2022_author_cell_type_X_umap_ec5dd4.h5ad,s3://lifebit-user-data-6941eed90a4dd7a1d1026d7a/deploit/teams/69d8dd1e5d3e1f8c350e006f/users/68af3d99c99eb7bd2ff47bc8/projects/69f80768ca774c668fbaaed8/jobs/6a22c7257e433821290d90bc/results/adata_filtered_liver_Guilliams_Cell_2022_author_cell_type_X_umap_ec5dd4.h5ad
adata_filtered_liver_Han_Nature_2020_author_cell_type_X_umap_5c7ea7.h5ad,s3://lifebit-user-data-6941eed90a4dd7a1d1026d7a/deploit/teams/69d8dd1e5d3e1f8c350e006f/users/68af3d99c99eb7bd2ff47bc8/projects/69f80768ca774c668fbaaed8/jobs/6a22c7257e433821290d90bc/results/adata_filtered_liver_Han_Nature_2020_author_cell_type_X_umap_5c7ea7.h5ad
adata_filtered_liver_MacParland_Nat_Commun_2018_CellType_X_umap_hm_9f00be.h5ad,s3://lifebit-user-data-6941eed90a4dd7a1d1026d7a/deploit/teams/69d8dd1e5d3e1f8c350e006f/users/68af3d99c99eb7bd2ff47bc8/projects/69f80768ca774c668fbaaed8/jobs/6a22c7257e433821290d90bc/results/adata_filtered_liver_MacParland_Nat_Commun_2018_CellType_X_umap_hm_9f00be.h5ad
adata_filtered_liver_Wells_Nat_Immunol_2025_author_cell_type_X_umap_74e9e1.h5ad,s3://lifebit-user-data-6941eed90a4dd7a1d1026d7a/deploit/teams/69d8dd1e5d3e1f8c350e006f/users/68af3d99c99eb7bd2ff47bc8/projects/69f80768ca774c668fbaaed8/jobs/6a22c7257e433821290d90bc/results/adata_filtered_liver_Wells_Nat_Immunol_2025_author_cell_type_X_umap_74e9e1.h5ad
adata_filtered_liver_Xu_Cell_2023_Curated_annotation_X_umap_a72286.h5ad,s3://lifebit-user-data-6941eed90a4dd7a1d1026d7a/deploit/teams/69d8dd1e5d3e1f8c350e006f/users/68af3d99c99eb7bd2ff47bc8/projects/69f80768ca774c668fbaaed8/jobs/6a22c7257e433821290d90bc/results/adata_filtered_liver_Xu_Cell_2023_Curated_annotation_X_umap_a72286.h5ad
annotation_liver_Andrews_Hepatol_Commun_2022_author_cell_type_X_umap_3d10a5.json,s3://lifebit-user-data-6941eed90a4dd7a1d1026d7a/deploit/teams/69d8dd1e5d3e1f8c350e006f/users/68af3d99c99eb7bd2ff47bc8/projects/69f80768ca774c668fbaaed8/jobs/6a22c7257e433821290d90bc/results/annotation_liver_Andrews_Hepatol_Commun_2022_author_cell_type_X_umap_3d10a5.json
annotation_liver_Andrews_Journal_of_Hepatology_2024_author_cell_type_X_umap_00ddc4.json,s3://lifebit-user-data-6941eed90a4dd7a1d1026d7a/deploit/teams/69d8dd1e5d3e1f8c350e006f/users/68af3d99c99eb7bd2ff47bc8/projects/69f80768ca774c668fbaaed8/jobs/6a22c7257e433821290d90bc/results/annotation_liver_Andrews_Journal_of_Hepatology_2024_author_cell_type_X_umap_00ddc4.json
annotation_liver_Andrews_Journal_of_Hepatology_2024_author_cell_type_X_umap_2b80fc.json,s3://lifebit-user-data-6941eed90a4dd7a1d1026d7a/deploit/teams/69d8dd1e5d3e1f8c350e006f/users/68af3d99c99eb7bd2ff47bc8/projects/69f80768ca774c668fbaaed8/jobs/6a22c7257e433821290d90bc/results/annotation_liver_Andrews_Journal_of_Hepatology_2024_author_cell_type_X_umap_2b80fc.json
annotation_liver_Dominguez_Conde_Science_2022_Manually_curated_celltype_X_umap_04d255.json,s3://lifebit-user-data-6941eed90a4dd7a1d1026d7a/deploit/teams/69d8dd1e5d3e1f8c350e006f/users/68af3d99c99eb7bd2ff47bc8/projects/69f80768ca774c668fbaaed8/jobs/6a22c7257e433821290d90bc/results/annotation_liver_Dominguez_Conde_Science_2022_Manually_curated_celltype_X_umap_04d255.json
annotation_liver_Edgar_Hepatology_Communications_2025_author_cell_type_X_umap_90971d.json,s3://lifebit-user-data-6941eed90a4dd7a1d1026d7a/deploit/teams/69d8dd1e5d3e1f8c350e006f/users/68af3d99c99eb7bd2ff47bc8/projects/69f80768ca774c668fbaaed8/jobs/6a22c7257e433821290d90bc/results/annotation_liver_Edgar_Hepatology_Communications_2025_author_cell_type_X_umap_90971d.json
annotation_liver_Edgar_Hepatology_Communications_2025_author_cell_type_X_umap_c0113a.json,s3://lifebit-user-data-6941eed90a4dd7a1d1026d7a/deploit/teams/69d8dd1e5d3e1f8c350e006f/users/68af3d99c99eb7bd2ff47bc8/projects/69f80768ca774c668fbaaed8/jobs/6a22c7257e433821290d90bc/results/annotation_liver_Edgar_Hepatology_Communications_2025_author_cell_type_X_umap_c0113a.json
annotation_liver_Guilliams_Cell_2022_author_cell_type_X_umap_ec5dd4.json,s3://lifebit-user-data-6941eed90a4dd7a1d1026d7a/deploit/teams/69d8dd1e5d3e1f8c350e006f/users/68af3d99c99eb7bd2ff47bc8/projects/69f80768ca774c668fbaaed8/jobs/6a22c7257e433821290d90bc/results/annotation_liver_Guilliams_Cell_2022_author_cell_type_X_umap_ec5dd4.json
annotation_liver_Han_Nature_2020_author_cell_type_X_umap_5c7ea7.json,s3://lifebit-user-data-6941eed90a4dd7a1d1026d7a/deploit/teams/69d8dd1e5d3e1f8c350e006f/users/68af3d99c99eb7bd2ff47bc8/projects/69f80768ca774c668fbaaed8/jobs/6a22c7257e433821290d90bc/results/annotation_liver_Han_Nature_2020_author_cell_type_X_umap_5c7ea7.json
annotation_liver_MacParland_Nat_Commun_2018_CellType_X_umap_hm_9f00be.json,s3://lifebit-user-data-6941eed90a4dd7a1d1026d7a/deploit/teams/69d8dd1e5d3e1f8c350e006f/users/68af3d99c99eb7bd2ff47bc8/projects/69f80768ca774c668fbaaed8/jobs/6a22c7257e433821290d90bc/results/annotation_liver_MacParland_Nat_Commun_2018_CellType_X_umap_hm_9f00be.json
annotation_liver_Wells_Nat_Immunol_2025_author_cell_type_X_umap_74e9e1.json,s3://lifebit-user-data-6941eed90a4dd7a1d1026d7a/deploit/teams/69d8dd1e5d3e1f8c350e006f/users/68af3d99c99eb7bd2ff47bc8/projects/69f80768ca774c668fbaaed8/jobs/6a22c7257e433821290d90bc/results/annotation_liver_Wells_Nat_Immunol_2025_author_cell_type_X_umap_74e9e1.json
annotation_liver_Xu_Cell_2023_Curated_annotation_X_umap_a72286.json,s3://lifebit-user-data-6941eed90a4dd7a1d1026d7a/deploit/teams/69d8dd1e5d3e1f8c350e006f/users/68af3d99c99eb7bd2ff47bc8/projects/69f80768ca774c668fbaaed8/jobs/6a22c7257e433821290d90bc/results/annotation_liver_Xu_Cell_2023_Curated_annotation_X_umap_a72286.json
binary_scores_ensg_liver_Andrews_Hepatol_Commun_2022_author_cell_type_X_umap_3d10a5.csv,s3://lifebit-user-data-6941eed90a4dd7a1d1026d7a/deploit/teams/69d8dd1e5d3e1f8c350e006f/users/68af3d99c99eb7bd2ff47bc8/projects/69f80768ca774c668fbaaed8/jobs/6a22c7257e433821290d90bc/results/binary_scores_ensg_liver_Andrews_Hepatol_Commun_2022_author_cell_type_X_umap_3d10a5.csv
binary_scores_ensg_liver_Andrews_Hepatol_Commun_2022_author_cell_type_X_umap_3d10a5.pkl,s3://lifebit-user-data-6941eed90a4dd7a1d1026d7a/deploit/teams/69d8dd1e5d3e1f8c350e006f/users/68af3d99c99eb7bd2ff47bc8/projects/69f80768ca774c668fbaaed8/jobs/6a22c7257e433821290d90bc/results/binary_scores_ensg_liver_Andrews_Hepatol_Commun_2022_author_cell_type_X_umap_3d10a5.pkl
binary_scores_ensg_liver_Andrews_Journal_of_Hepatology_2024_author_cell_type_X_umap_00ddc4.csv,s3://lifebit-user-data-6941eed90a4dd7a1d1026d7a/deploit/teams/69d8dd1e5d3e1f8c350e006f/users/68af3d99c99eb7bd2ff47bc8/projects/69f80768ca774c668fbaaed8/jobs/6a22c7257e433821290d90bc/results/binary_scores_ensg_liver_Andrews_Journal_of_Hepatology_2024_author_cell_type_X_umap_00ddc4.csv
binary_scores_ensg_liver_Andrews_Journal_of_Hepatology_2024_author_cell_type_X_umap_00ddc4.pkl,s3://lifebit-user-data-6941eed90a4dd7a1d1026d7a/deploit/teams/69d8dd1e5d3e1f8c350e006f/users/68af3d99c99eb7bd2ff47bc8/projects/69f80768ca774c668fbaaed8/jobs/6a22c7257e433821290d90bc/results/binary_scores_ensg_liver_Andrews_Journal_of_Hepatology_2024_author_cell_type_X_umap_00ddc4.pkl
binary_scores_ensg_liver_Andrews_Journal_of_Hepatology_2024_author_cell_type_X_umap_2b80fc.csv,s3://lifebit-user-data-6941eed90a4dd7a1d1026d7a/deploit/teams/69d8dd1e5d3e1f8c350e006f/users/68af3d99c99eb7bd2ff47bc8/projects/69f80768ca774c668fbaaed8/jobs/6a22c7257e433821290d90bc/results/binary_scores_ensg_liver_Andrews_Journal_of_Hepatology_2024_author_cell_type_X_umap_2b80fc.csv
binary_scores_ensg_liver_Andrews_Journal_of_Hepatology_2024_author_cell_type_X_umap_2b80fc.pkl,s3://lifebit-user-data-6941eed90a4dd7a1d1026d7a/deploit/teams/69d8dd1e5d3e1f8c350e006f/users/68af3d99c99eb7bd2ff47bc8/projects/69f80768ca774c668fbaaed8/jobs/6a22c7257e433821290d90bc/results/binary_scores_ensg_liver_Andrews_Journal_of_Hepatology_2024_author_cell_type_X_umap_2b80fc.pkl
binary_scores_ensg_liver_Dominguez_Conde_Science_2022_Manually_curated_celltype_X_umap_04d255.csv,s3://lifebit-user-data-6941eed90a4dd7a1d1026d7a/deploit/teams/69d8dd1e5d3e1f8c350e006f/users/68af3d99c99eb7bd2ff47bc8/projects/69f80768ca774c668fbaaed8/jobs/6a22c7257e433821290d90bc/results/binary_scores_ensg_liver_Dominguez_Conde_Science_2022_Manually_curated_celltype_X_umap_04d255.csv
binary_scores_ensg_liver_Dominguez_Conde_Science_2022_Manually_curated_celltype_X_umap_04d255.pkl,s3://lifebit-user-data-6941eed90a4dd7a1d1026d7a/deploit/teams/69d8dd1e5d3e1f8c350e006f/users/68af3d99c99eb7bd2ff47bc8/projects/69f80768ca774c668fbaaed8/jobs/6a22c7257e433821290d90bc/results/binary_scores_ensg_liver_Dominguez_Conde_Science_2022_Manually_curated_celltype_X_umap_04d255.pkl
binary_scores_ensg_liver_Edgar_Hepatology_Communications_2025_author_cell_type_X_umap_90971d.csv,s3://lifebit-user-data-6941eed90a4dd7a1d1026d7a/deploit/teams/69d8dd1e5d3e1f8c350e006f/users/68af3d99c99eb7bd2ff47bc8/projects/69f80768ca774c668fbaaed8/jobs/6a22c7257e433821290d90bc/results/binary_scores_ensg_liver_Edgar_Hepatology_Communications_2025_author_cell_type_X_umap_90971d.csv
binary_scores_ensg_liver_Edgar_Hepatology_Communications_2025_author_cell_type_X_umap_90971d.pkl,s3://lifebit-user-data-6941eed90a4dd7a1d1026d7a/deploit/teams/69d8dd1e5d3e1f8c350e006f/users/68af3d99c99eb7bd2ff47bc8/projects/69f80768ca774c668fbaaed8/jobs/6a22c7257e433821290d90bc/results/binary_scores_ensg_liver_Edgar_Hepatology_Communications_2025_author_cell_type_X_umap_90971d.pkl
binary_scores_ensg_liver_Edgar_Hepatology_Communications_2025_author_cell_type_X_umap_c0113a.csv,s3://lifebit-user-data-6941eed90a4dd7a1d1026d7a/deploit/teams/69d8dd1e5d3e1f8c350e006f/users/68af3d99c99eb7bd2ff47bc8/projects/69f80768ca774c668fbaaed8/jobs/6a22c7257e433821290d90bc/results/binary_scores_ensg_liver_Edgar_Hepatology_Communications_2025_author_cell_type_X_umap_c0113a.csv
binary_scores_ensg_liver_Edgar_Hepatology_Communications_2025_author_cell_type_X_umap_c0113a.pkl,s3://lifebit-user-data-6941eed90a4dd7a1d1026d7a/deploit/teams/69d8dd1e5d3e1f8c350e006f/users/68af3d99c99eb7bd2ff47bc8/projects/69f80768ca774c668fbaaed8/jobs/6a22c7257e433821290d90bc/results/binary_scores_ensg_liver_Edgar_Hepatology_Communications_2025_author_cell_type_X_umap_c0113a.pkl
binary_scores_ensg_liver_Guilliams_Cell_2022_author_cell_type_X_umap_ec5dd4.csv,s3://lifebit-user-data-6941eed90a4dd7a1d1026d7a/deploit/teams/69d8dd1e5d3e1f8c350e006f/users/68af3d99c99eb7bd2ff47bc8/projects/69f80768ca774c668fbaaed8/jobs/6a22c7257e433821290d90bc/results/binary_scores_ensg_liver_Guilliams_Cell_2022_author_cell_type_X_umap_ec5dd4.csv
binary_scores_ensg_liver_Guilliams_Cell_2022_author_cell_type_X_umap_ec5dd4.pkl,s3://lifebit-user-data-6941eed90a4dd7a1d1026d7a/deploit/teams/69d8dd1e5d3e1f8c350e006f/users/68af3d99c99eb7bd2ff47bc8/projects/69f80768ca774c668fbaaed8/jobs/6a22c7257e433821290d90bc/results/binary_scores_ensg_liver_Guilliams_Cell_2022_author_cell_type_X_umap_ec5dd4.pkl
binary_scores_ensg_liver_Han_Nature_2020_author_cell_type_X_umap_5c7ea7.csv,s3://lifebit-user-data-6941eed90a4dd7a1d1026d7a/deploit/teams/69d8dd1e5d3e1f8c350e006f/users/68af3d99c99eb7bd2ff47bc8/projects/69f80768ca774c668fbaaed8/jobs/6a22c7257e433821290d90bc/results/binary_scores_ensg_liver_Han_Nature_2020_author_cell_type_X_umap_5c7ea7.csv
binary_scores_ensg_liver_Han_Nature_2020_author_cell_type_X_umap_5c7ea7.pkl,s3://lifebit-user-data-6941eed90a4dd7a1d1026d7a/deploit/teams/69d8dd1e5d3e1f8c350e006f/users/68af3d99c99eb7bd2ff47bc8/projects/69f80768ca774c668fbaaed8/jobs/6a22c7257e433821290d90bc/results/binary_scores_ensg_liver_Han_Nature_2020_author_cell_type_X_umap_5c7ea7.pkl
binary_scores_ensg_liver_MacParland_Nat_Commun_2018_CellType_X_umap_hm_9f00be.csv,s3://lifebit-user-data-6941eed90a4dd7a1d1026d7a/deploit/teams/69d8dd1e5d3e1f8c350e006f/users/68af3d99c99eb7bd2ff47bc8/projects/69f80768ca774c668fbaaed8/jobs/6a22c7257e433821290d90bc/results/binary_scores_ensg_liver_MacParland_Nat_Commun_2018_CellType_X_umap_hm_9f00be.csv
binary_scores_ensg_liver_MacParland_Nat_Commun_2018_CellType_X_umap_hm_9f00be.pkl,s3://lifebit-user-data-6941eed90a4dd7a1d1026d7a/deploit/teams/69d8dd1e5d3e1f8c350e006f/users/68af3d99c99eb7bd2ff47bc8/projects/69f80768ca774c668fbaaed8/jobs/6a22c7257e433821290d90bc/results/binary_scores_ensg_liver_MacParland_Nat_Commun_2018_CellType_X_umap_hm_9f00be.pkl
binary_scores_ensg_liver_Wells_Nat_Immunol_2025_author_cell_type_X_umap_74e9e1.csv,s3://lifebit-user-data-6941eed90a4dd7a1d1026d7a/deploit/teams/69d8dd1e5d3e1f8c350e006f/users/68af3d99c99eb7bd2ff47bc8/projects/69f80768ca774c668fbaaed8/jobs/6a22c7257e433821290d90bc/results/binary_scores_ensg_liver_Wells_Nat_Immunol_2025_author_cell_type_X_umap_74e9e1.csv
binary_scores_ensg_liver_Wells_Nat_Immunol_2025_author_cell_type_X_umap_74e9e1.pkl,s3://lifebit-user-data-6941eed90a4dd7a1d1026d7a/deploit/teams/69d8dd1e5d3e1f8c350e006f/users/68af3d99c99eb7bd2ff47bc8/projects/69f80768ca774c668fbaaed8/jobs/6a22c7257e433821290d90bc/results/binary_scores_ensg_liver_Wells_Nat_Immunol_2025_author_cell_type_X_umap_74e9e1.pkl
binary_scores_ensg_liver_Xu_Cell_2023_Curated_annotation_X_umap_a72286.csv,s3://lifebit-user-data-6941eed90a4dd7a1d1026d7a/deploit/teams/69d8dd1e5d3e1f8c350e006f/users/68af3d99c99eb7bd2ff47bc8/projects/69f80768ca774c668fbaaed8/jobs/6a22c7257e433821290d90bc/results/binary_scores_ensg_liver_Xu_Cell_2023_Curated_annotation_X_umap_a72286.csv
binary_scores_ensg_liver_Xu_Cell_2023_Curated_annotation_X_umap_a72286.pkl,s3://lifebit-user-data-6941eed90a4dd7a1d1026d7a/deploit/teams/69d8dd1e5d3e1f8c350e006f/users/68af3d99c99eb7bd2ff47bc8/projects/69f80768ca774c668fbaaed8/jobs/6a22c7257e433821290d90bc/results/binary_scores_ensg_liver_Xu_Cell_2023_Curated_annotation_X_umap_a72286.pkl
binary_scores_symbols_liver_Andrews_Hepatol_Commun_2022_author_cell_type_X_umap_3d10a5.csv,s3://lifebit-user-data-6941eed90a4dd7a1d1026d7a/deploit/teams/69d8dd1e5d3e1f8c350e006f/users/68af3d99c99eb7bd2ff47bc8/projects/69f80768ca774c668fbaaed8/jobs/6a22c7257e433821290d90bc/results/binary_scores_symbols_liver_Andrews_Hepatol_Commun_2022_author_cell_type_X_umap_3d10a5.csv
binary_scores_symbols_liver_Andrews_Hepatol_Commun_2022_author_cell_type_X_umap_3d10a5.pkl,s3://lifebit-user-data-6941eed90a4dd7a1d1026d7a/deploit/teams/69d8dd1e5d3e1f8c350e006f/users/68af3d99c99eb7bd2ff47bc8/projects/69f80768ca774c668fbaaed8/jobs/6a22c7257e433821290d90bc/results/binary_scores_symbols_liver_Andrews_Hepatol_Commun_2022_author_cell_type_X_umap_3d10a5.pkl
binary_scores_symbols_liver_Andrews_Journal_of_Hepatology_2024_author_cell_type_X_umap_00ddc4.csv,s3://lifebit-user-data-6941eed90a4dd7a1d1026d7a/deploit/teams/69d8dd1e5d3e1f8c350e006f/users/68af3d99c99eb7bd2ff47bc8/projects/69f80768ca774c668fbaaed8/jobs/6a22c7257e433821290d90bc/results/binary_scores_symbols_liver_Andrews_Journal_of_Hepatology_2024_author_cell_type_X_umap_00ddc4.csv
binary_scores_symbols_liver_Andrews_Journal_of_Hepatology_2024_author_cell_type_X_umap_00ddc4.pkl,s3://lifebit-user-data-6941eed90a4dd7a1d1026d7a/deploit/teams/69d8dd1e5d3e1f8c350e006f/users/68af3d99c99eb7bd2ff47bc8/projects/69f80768ca774c668fbaaed8/jobs/6a22c7257e433821290d90bc/results/binary_scores_symbols_liver_Andrews_Journal_of_Hepatology_2024_author_cell_type_X_umap_00ddc4.pkl
binary_scores_symbols_liver_Andrews_Journal_of_Hepatology_2024_author_cell_type_X_umap_2b80fc.csv,s3://lifebit-user-data-6941eed90a4dd7a1d1026d7a/deploit/teams/69d8dd1e5d3e1f8c350e006f/users/68af3d99c99eb7bd2ff47bc8/projects/69f80768ca774c668fbaaed8/jobs/6a22c7257e433821290d90bc/results/binary_scores_symbols_liver_Andrews_Journal_of_Hepatology_2024_author_cell_type_X_umap_2b80fc.csv
binary_scores_symbols_liver_Andrews_Journal_of_Hepatology_2024_author_cell_type_X_umap_2b80fc.pkl,s3://lifebit-user-data-6941eed90a4dd7a1d1026d7a/deploit/teams/69d8dd1e5d3e1f8c350e006f/users/68af3d99c99eb7bd2ff47bc8/projects/69f80768ca774c668fbaaed8/jobs/6a22c7257e433821290d90bc/results/binary_scores_symbols_liver_Andrews_Journal_of_Hepatology_2024_author_cell_type_X_umap_2b80fc.pkl
binary_scores_symbols_liver_Dominguez_Conde_Science_2022_Manually_curated_celltype_X_umap_04d255.csv,s3://lifebit-user-data-6941eed90a4dd7a1d1026d7a/deploit/teams/69d8dd1e5d3e1f8c350e006f/users/68af3d99c99eb7bd2ff47bc8/projects/69f80768ca774c668fbaaed8/jobs/6a22c7257e433821290d90bc/results/binary_scores_symbols_liver_Dominguez_Conde_Science_2022_Manually_curated_celltype_X_umap_04d255.csv
binary_scores_symbols_liver_Dominguez_Conde_Science_2022_Manually_curated_celltype_X_umap_04d255.pkl,s3://lifebit-user-data-6941eed90a4dd7a1d1026d7a/deploit/teams/69d8dd1e5d3e1f8c350e006f/users/68af3d99c99eb7bd2ff47bc8/projects/69f80768ca774c668fbaaed8/jobs/6a22c7257e433821290d90bc/results/binary_scores_symbols_liver_Dominguez_Conde_Science_2022_Manually_curated_celltype_X_umap_04d255.pkl
binary_scores_symbols_liver_Edgar_Hepatology_Communications_2025_author_cell_type_X_umap_90971d.csv,s3://lifebit-user-data-6941eed90a4dd7a1d1026d7a/deploit/teams/69d8dd1e5d3e1f8c350e006f/users/68af3d99c99eb7bd2ff47bc8/projects/69f80768ca774c668fbaaed8/jobs/6a22c7257e433821290d90bc/results/binary_scores_symbols_liver_Edgar_Hepatology_Communications_2025_author_cell_type_X_umap_90971d.csv
binary_scores_symbols_liver_Edgar_Hepatology_Communications_2025_author_cell_type_X_umap_90971d.pkl,s3://lifebit-user-data-6941eed90a4dd7a1d1026d7a/deploit/teams/69d8dd1e5d3e1f8c350e006f/users/68af3d99c99eb7bd2ff47bc8/projects/69f80768ca774c668fbaaed8/jobs/6a22c7257e433821290d90bc/results/binary_scores_symbols_liver_Edgar_Hepatology_Communications_2025_author_cell_type_X_umap_90971d.pkl
binary_scores_symbols_liver_Edgar_Hepatology_Communications_2025_author_cell_type_X_umap_c0113a.csv,s3://lifebit-user-data-6941eed90a4dd7a1d1026d7a/deploit/teams/69d8dd1e5d3e1f8c350e006f/users/68af3d99c99eb7bd2ff47bc8/projects/69f80768ca774c668fbaaed8/jobs/6a22c7257e433821290d90bc/results/binary_scores_symbols_liver_Edgar_Hepatology_Communications_2025_author_cell_type_X_umap_c0113a.csv
binary_scores_symbols_liver_Edgar_Hepatology_Communications_2025_author_cell_type_X_umap_c0113a.pkl,s3://lifebit-user-data-6941eed90a4dd7a1d1026d7a/deploit/teams/69d8dd1e5d3e1f8c350e006f/users/68af3d99c99eb7bd2ff47bc8/projects/69f80768ca774c668fbaaed8/jobs/6a22c7257e433821290d90bc/results/binary_scores_symbols_liver_Edgar_Hepatology_Communications_2025_author_cell_type_X_umap_c0113a.pkl
binary_scores_symbols_liver_Guilliams_Cell_2022_author_cell_type_X_umap_ec5dd4.csv,s3://lifebit-user-data-6941eed90a4dd7a1d1026d7a/deploit/teams/69d8dd1e5d3e1f8c350e006f/users/68af3d99c99eb7bd2ff47bc8/projects/69f80768ca774c668fbaaed8/jobs/6a22c7257e433821290d90bc/results/binary_scores_symbols_liver_Guilliams_Cell_2022_author_cell_type_X_umap_ec5dd4.csv
binary_scores_symbols_liver_Guilliams_Cell_2022_author_cell_type_X_umap_ec5dd4.pkl,s3://lifebit-user-data-6941eed90a4dd7a1d1026d7a/deploit/teams/69d8dd1e5d3e1f8c350e006f/users/68af3d99c99eb7bd2ff47bc8/projects/69f80768ca774c668fbaaed8/jobs/6a22c7257e433821290d90bc/results/binary_scores_symbols_liver_Guilliams_Cell_2022_author_cell_type_X_umap_ec5dd4.pkl
binary_scores_symbols_liver_Han_Nature_2020_author_cell_type_X_umap_5c7ea7.csv,s3://lifebit-user-data-6941eed90a4dd7a1d1026d7a/deploit/teams/69d8dd1e5d3e1f8c350e006f/users/68af3d99c99eb7bd2ff47bc8/projects/69f80768ca774c668fbaaed8/jobs/6a22c7257e433821290d90bc/results/binary_scores_symbols_liver_Han_Nature_2020_author_cell_type_X_umap_5c7ea7.csv
binary_scores_symbols_liver_Han_Nature_2020_author_cell_type_X_umap_5c7ea7.pkl,s3://lifebit-user-data-6941eed90a4dd7a1d1026d7a/deploit/teams/69d8dd1e5d3e1f8c350e006f/users/68af3d99c99eb7bd2ff47bc8/projects/69f80768ca774c668fbaaed8/jobs/6a22c7257e433821290d90bc/results/binary_scores_symbols_liver_Han_Nature_2020_author_cell_type_X_umap_5c7ea7.pkl
binary_scores_symbols_liver_MacParland_Nat_Commun_2018_CellType_X_umap_hm_9f00be.csv,s3://lifebit-user-data-6941eed90a4dd7a1d1026d7a/deploit/teams/69d8dd1e5d3e1f8c350e006f/users/68af3d99c99eb7bd2ff47bc8/projects/69f80768ca774c668fbaaed8/jobs/6a22c7257e433821290d90bc/results/binary_scores_symbols_liver_MacParland_Nat_Commun_2018_CellType_X_umap_hm_9f00be.csv
binary_scores_symbols_liver_MacParland_Nat_Commun_2018_CellType_X_umap_hm_9f00be.pkl,s3://lifebit-user-data-6941eed90a4dd7a1d1026d7a/deploit/teams/69d8dd1e5d3e1f8c350e006f/users/68af3d99c99eb7bd2ff47bc8/projects/69f80768ca774c668fbaaed8/jobs/6a22c7257e433821290d90bc/results/binary_scores_symbols_liver_MacParland_Nat_Commun_2018_CellType_X_umap_hm_9f00be.pkl
binary_scores_symbols_liver_Wells_Nat_Immunol_2025_author_cell_type_X_umap_74e9e1.csv,s3://lifebit-user-data-6941eed90a4dd7a1d1026d7a/deploit/teams/69d8dd1e5d3e1f8c350e006f/users/68af3d99c99eb7bd2ff47bc8/projects/69f80768ca774c668fbaaed8/jobs/6a22c7257e433821290d90bc/results/binary_scores_symbols_liver_Wells_Nat_Immunol_2025_author_cell_type_X_umap_74e9e1.csv
binary_scores_symbols_liver_Wells_Nat_Immunol_2025_author_cell_type_X_umap_74e9e1.pkl,s3://lifebit-user-data-6941eed90a4dd7a1d1026d7a/deploit/teams/69d8dd1e5d3e1f8c350e006f/users/68af3d99c99eb7bd2ff47bc8/projects/69f80768ca774c668fbaaed8/jobs/6a22c7257e433821290d90bc/results/binary_scores_symbols_liver_Wells_Nat_Immunol_2025_author_cell_type_X_umap_74e9e1.pkl
binary_scores_symbols_liver_Xu_Cell_2023_Curated_annotation_X_umap_a72286.csv,s3://lifebit-user-data-6941eed90a4dd7a1d1026d7a/deploit/teams/69d8dd1e5d3e1f8c350e006f/users/68af3d99c99eb7bd2ff47bc8/projects/69f80768ca774c668fbaaed8/jobs/6a22c7257e433821290d90bc/results/binary_scores_symbols_liver_Xu_Cell_2023_Curated_annotation_X_umap_a72286.csv
binary_scores_symbols_liver_Xu_Cell_2023_Curated_annotation_X_umap_a72286.pkl,s3://lifebit-user-data-6941eed90a4dd7a1d1026d7a/deploit/teams/69d8dd1e5d3e1f8c350e006f/users/68af3d99c99eb7bd2ff47bc8/projects/69f80768ca774c668fbaaed8/jobs/6a22c7257e433821290d90bc/results/binary_scores_symbols_liver_Xu_Cell_2023_Curated_annotation_X_umap_a72286.pkl
boxplot_liver_Andrews_Hepatol_Commun_2022_author_cell_type_X_umap_3d10a5_f_score.html,s3://lifebit-user-data-6941eed90a4dd7a1d1026d7a/deploit/teams/69d8dd1e5d3e1f8c350e006f/users/68af3d99c99eb7bd2ff47bc8/projects/69f80768ca774c668fbaaed8/jobs/6a22c7257e433821290d90bc/results/boxplot_liver_Andrews_Hepatol_Commun_2022_author_cell_type_X_umap_3d10a5_f_score.html
boxplot_liver_Andrews_Hepatol_Commun_2022_author_cell_type_X_umap_3d10a5_f_score.svg,s3://lifebit-user-data-6941eed90a4dd7a1d1026d7a/deploit/teams/69d8dd1e5d3e1f8c350e006f/users/68af3d99c99eb7bd2ff47bc8/projects/69f80768ca774c668fbaaed8/jobs/6a22c7257e433821290d90bc/results/boxplot_liver_Andrews_Hepatol_Commun_2022_author_cell_type_X_umap_3d10a5_f_score.svg
boxplot_liver_Andrews_Hepatol_Commun_2022_author_cell_type_X_umap_3d10a5_onTarget.html,s3://lifebit-user-data-6941eed90a4dd7a1d1026d7a/deploit/teams/69d8dd1e5d3e1f8c350e006f/users/68af3d99c99eb7bd2ff47bc8/projects/69f80768ca774c668fbaaed8/jobs/6a22c7257e433821290d90bc/results/boxplot_liver_Andrews_Hepatol_Commun_2022_author_cell_type_X_umap_3d10a5_onTarget.html
boxplot_liver_Andrews_Hepatol_Commun_2022_author_cell_type_X_umap_3d10a5_onTarget.svg,s3://lifebit-user-data-6941eed90a4dd7a1d1026d7a/deploit/teams/69d8dd1e5d3e1f8c350e006f/users/68af3d99c99eb7bd2ff47bc8/projects/69f80768ca774c668fbaaed8/jobs/6a22c7257e433821290d90bc/results/boxplot_liver_Andrews_Hepatol_Commun_2022_author_cell_type_X_umap_3d10a5_onTarget.svg
boxplot_liver_Andrews_Hepatol_Commun_2022_author_cell_type_X_umap_3d10a5_precision.html,s3://lifebit-user-data-6941eed90a4dd7a1d1026d7a/deploit/teams/69d8dd1e5d3e1f8c350e006f/users/68af3d99c99eb7bd2ff47bc8/projects/69f80768ca774c668fbaaed8/jobs/6a22c7257e433821290d90bc/results/boxplot_liver_Andrews_Hepatol_Commun_2022_author_cell_type_X_umap_3d10a5_precision.html
boxplot_liver_Andrews_Hepatol_Commun_2022_author_cell_type_X_umap_3d10a5_precision.svg,s3://lifebit-user-data-6941eed90a4dd7a1d1026d7a/deploit/teams/69d8dd1e5d3e1f8c350e006f/users/68af3d99c99eb7bd2ff47bc8/projects/69f80768ca774c668fbaaed8/jobs/6a22c7257e433821290d90bc/results/boxplot_liver_Andrews_Hepatol_Commun_2022_author_cell_type_X_umap_3d10a5_precision.svg
boxplot_liver_Andrews_Hepatol_Commun_2022_author_cell_type_X_umap_3d10a5_recall.html,s3://lifebit-user-data-6941eed90a4dd7a1d1026d7a/deploit/teams/69d8dd1e5d3e1f8c350e006f/users/68af3d99c99eb7bd2ff47bc8/projects/69f80768ca774c668fbaaed8/jobs/6a22c7257e433821290d90bc/results/boxplot_liver_Andrews_Hepatol_Commun_2022_author_cell_type_X_umap_3d10a5_recall.html
boxplot_liver_Andrews_Hepatol_Commun_2022_author_cell_type_X_umap_3d10a5_recall.svg,s3://lifebit-user-data-6941eed90a4dd7a1d1026d7a/deploit/teams/69d8dd1e5d3e1f8c350e006f/users/68af3d99c99eb7bd2ff47bc8/projects/69f80768ca774c668fbaaed8/jobs/6a22c7257e433821290d90bc/results/boxplot_liver_Andrews_Hepatol_Commun_2022_author_cell_type_X_umap_3d10a5_recall.svg
boxplot_liver_Andrews_Journal_of_Hepatology_2024_author_cell_type_X_umap_00ddc4_f_score.html,s3://lifebit-user-data-6941eed90a4dd7a1d1026d7a/deploit/teams/69d8dd1e5d3e1f8c350e006f/users/68af3d99c99eb7bd2ff47bc8/projects/69f80768ca774c668fbaaed8/jobs/6a22c7257e433821290d90bc/results/boxplot_liver_Andrews_Journal_of_Hepatology_2024_author_cell_type_X_umap_00ddc4_f_score.html
boxplot_liver_Andrews_Journal_of_Hepatology_2024_author_cell_type_X_umap_00ddc4_f_score.svg,s3://lifebit-user-data-6941eed90a4dd7a1d1026d7a/deploit/teams/69d8dd1e5d3e1f8c350e006f/users/68af3d99c99eb7bd2ff47bc8/projects/69f80768ca774c668fbaaed8/jobs/6a22c7257e433821290d90bc/results/boxplot_liver_Andrews_Journal_of_Hepatology_2024_author_cell_type_X_umap_00ddc4_f_score.svg
boxplot_liver_Andrews_Journal_of_Hepatology_2024_author_cell_type_X_umap_00ddc4_onTarget.html,s3://lifebit-user-data-6941eed90a4dd7a1d1026d7a/deploit/teams/69d8dd1e5d3e1f8c350e006f/users/68af3d99c99eb7bd2ff47bc8/projects/69f80768ca774c668fbaaed8/jobs/6a22c7257e433821290d90bc/results/boxplot_liver_Andrews_Journal_of_Hepatology_2024_author_cell_type_X_umap_00ddc4_onTarget.html
boxplot_liver_Andrews_Journal_of_Hepatology_2024_author_cell_type_X_umap_00ddc4_onTarget.svg,s3://lifebit-user-data-6941eed90a4dd7a1d1026d7a/deploit/teams/69d8dd1e5d3e1f8c350e006f/users/68af3d99c99eb7bd2ff47bc8/projects/69f80768ca774c668fbaaed8/jobs/6a22c7257e433821290d90bc/results/boxplot_liver_Andrews_Journal_of_Hepatology_2024_author_cell_type_X_umap_00ddc4_onTarget.svg
boxplot_liver_Andrews_Journal_of_Hepatology_2024_author_cell_type_X_umap_00ddc4_precision.html,s3://lifebit-user-data-6941eed90a4dd7a1d1026d7a/deploit/teams/69d8dd1e5d3e1f8c350e006f/users/68af3d99c99eb7bd2ff47bc8/projects/69f80768ca774c668fbaaed8/jobs/6a22c7257e433821290d90bc/results/boxplot_liver_Andrews_Journal_of_Hepatology_2024_author_cell_type_X_umap_00ddc4_precision.html
boxplot_liver_Andrews_Journal_of_Hepatology_2024_author_cell_type_X_umap_00ddc4_precision.svg,s3://lifebit-user-data-6941eed90a4dd7a1d1026d7a/deploit/teams/69d8dd1e5d3e1f8c350e006f/users/68af3d99c99eb7bd2ff47bc8/projects/69f80768ca774c668fbaaed8/jobs/6a22c7257e433821290d90bc/results/boxplot_liver_Andrews_Journal_of_Hepatology_2024_author_cell_type_X_umap_00ddc4_precision.svg
boxplot_liver_Andrews_Journal_of_Hepatology_2024_author_cell_type_X_umap_00ddc4_recall.html,s3://lifebit-user-data-6941eed90a4dd7a1d1026d7a/deploit/teams/69d8dd1e5d3e1f8c350e006f/users/68af3d99c99eb7bd2ff47bc8/projects/69f80768ca774c668fbaaed8/jobs/6a22c7257e433821290d90bc/results/boxplot_liver_Andrews_Journal_of_Hepatology_2024_author_cell_type_X_umap_00ddc4_recall.html
boxplot_liver_Andrews_Journal_of_Hepatology_2024_author_cell_type_X_umap_00ddc4_recall.svg,s3://lifebit-user-data-6941eed90a4dd7a1d1026d7a/deploit/teams/69d8dd1e5d3e1f8c350e006f/users/68af3d99c99eb7bd2ff47bc8/projects/69f80768ca774c668fbaaed8/jobs/6a22c7257e433821290d90bc/results/boxplot_liver_Andrews_Journal_of_Hepatology_2024_author_cell_type_X_umap_00ddc4_recall.svg
boxplot_liver_Andrews_Journal_of_Hepatology_2024_author_cell_type_X_umap_2b80fc_f_score.html,s3://lifebit-user-data-6941eed90a4dd7a1d1026d7a/deploit/teams/69d8dd1e5d3e1f8c350e006f/users/68af3d99c99eb7bd2ff47bc8/projects/69f80768ca774c668fbaaed8/jobs/6a22c7257e433821290d90bc/results/boxplot_liver_Andrews_Journal_of_Hepatology_2024_author_cell_type_X_umap_2b80fc_f_score.html
boxplot_liver_Andrews_Journal_of_Hepatology_2024_author_cell_type_X_umap_2b80fc_f_score.svg,s3://lifebit-user-data-6941eed90a4dd7a1d1026d7a/deploit/teams/69d8dd1e5d3e1f8c350e006f/users/68af3d99c99eb7bd2ff47bc8/projects/69f80768ca774c668fbaaed8/jobs/6a22c7257e433821290d90bc/results/boxplot_liver_Andrews_Journal_of_Hepatology_2024_author_cell_type_X_umap_2b80fc_f_score.svg
boxplot_liver_Andrews_Journal_of_Hepatology_2024_author_cell_type_X_umap_2b80fc_onTarget.html,s3://lifebit-user-data-6941eed90a4dd7a1d1026d7a/deploit/teams/69d8dd1e5d3e1f8c350e006f/users/68af3d99c99eb7bd2ff47bc8/projects/69f80768ca774c668fbaaed8/jobs/6a22c7257e433821290d90bc/results/boxplot_liver_Andrews_Journal_of_Hepatology_2024_author_cell_type_X_umap_2b80fc_onTarget.html
boxplot_liver_Andrews_Journal_of_Hepatology_2024_author_cell_type_X_umap_2b80fc_onTarget.svg,s3://lifebit-user-data-6941eed90a4dd7a1d1026d7a/deploit/teams/69d8dd1e5d3e1f8c350e006f/users/68af3d99c99eb7bd2ff47bc8/projects/69f80768ca774c668fbaaed8/jobs/6a22c7257e433821290d90bc/results/boxplot_liver_Andrews_Journal_of_Hepatology_2024_author_cell_type_X_umap_2b80fc_onTarget.svg
boxplot_liver_Andrews_Journal_of_Hepatology_2024_author_cell_type_X_umap_2b80fc_precision.html,s3://lifebit-user-data-6941eed90a4dd7a1d1026d7a/deploit/teams/69d8dd1e5d3e1f8c350e006f/users/68af3d99c99eb7bd2ff47bc8/projects/69f80768ca774c668fbaaed8/jobs/6a22c7257e433821290d90bc/results/boxplot_liver_Andrews_Journal_of_Hepatology_2024_author_cell_type_X_umap_2b80fc_precision.html
boxplot_liver_Andrews_Journal_of_Hepatology_2024_author_cell_type_X_umap_2b80fc_precision.svg,s3://lifebit-user-data-6941eed90a4dd7a1d1026d7a/deploit/teams/69d8dd1e5d3e1f8c350e006f/users/68af3d99c99eb7bd2ff47bc8/projects/69f80768ca774c668fbaaed8/jobs/6a22c7257e433821290d90bc/results/boxplot_liver_Andrews_Journal_of_Hepatology_2024_author_cell_type_X_umap_2b80fc_precision.svg
boxplot_liver_Andrews_Journal_of_Hepatology_2024_author_cell_type_X_umap_2b80fc_recall.html,s3://lifebit-user-data-6941eed90a4dd7a1d1026d7a/deploit/teams/69d8dd1e5d3e1f8c350e006f/users/68af3d99c99eb7bd2ff47bc8/projects/69f80768ca774c668fbaaed8/jobs/6a22c7257e433821290d90bc/results/boxplot_liver_Andrews_Journal_of_Hepatology_2024_author_cell_type_X_umap_2b80fc_recall.html
boxplot_liver_Andrews_Journal_of_Hepatology_2024_author_cell_type_X_umap_2b80fc_recall.svg,s3://lifebit-user-data-6941eed90a4dd7a1d1026d7a/deploit/teams/69d8dd1e5d3e1f8c350e006f/users/68af3d99c99eb7bd2ff47bc8/projects/69f80768ca774c668fbaaed8/jobs/6a22c7257e433821290d90bc/results/boxplot_liver_Andrews_Journal_of_Hepatology_2024_author_cell_type_X_umap_2b80fc_recall.svg
boxplot_liver_Dominguez_Conde_Science_2022_Manually_curated_celltype_X_umap_04d255_f_score.html,s3://lifebit-user-data-6941eed90a4dd7a1d1026d7a/deploit/teams/69d8dd1e5d3e1f8c350e006f/users/68af3d99c99eb7bd2ff47bc8/projects/69f80768ca774c668fbaaed8/jobs/6a22c7257e433821290d90bc/results/boxplot_liver_Dominguez_Conde_Science_2022_Manually_curated_celltype_X_umap_04d255_f_score.html
boxplot_liver_Dominguez_Conde_Science_2022_Manually_curated_celltype_X_umap_04d255_f_score.svg,s3://lifebit-user-data-6941eed90a4dd7a1d1026d7a/deploit/teams/69d8dd1e5d3e1f8c350e006f/users/68af3d99c99eb7bd2ff47bc8/projects/69f80768ca774c668fbaaed8/jobs/6a22c7257e433821290d90bc/results/boxplot_liver_Dominguez_Conde_Science_2022_Manually_curated_celltype_X_umap_04d255_f_score.svg
boxplot_liver_Dominguez_Conde_Science_2022_Manually_curated_celltype_X_umap_04d255_onTarget.html,s3://lifebit-user-data-6941eed90a4dd7a1d1026d7a/deploit/teams/69d8dd1e5d3e1f8c350e006f/users/68af3d99c99eb7bd2ff47bc8/projects/69f80768ca774c668fbaaed8/jobs/6a22c7257e433821290d90bc/results/boxplot_liver_Dominguez_Conde_Science_2022_Manually_curated_celltype_X_umap_04d255_onTarget.html
boxplot_liver_Dominguez_Conde_Science_2022_Manually_curated_celltype_X_umap_04d255_onTarget.svg,s3://lifebit-user-data-6941eed90a4dd7a1d1026d7a/deploit/teams/69d8dd1e5d3e1f8c350e006f/users/68af3d99c99eb7bd2ff47bc8/projects/69f80768ca774c668fbaaed8/jobs/6a22c7257e433821290d90bc/results/boxplot_liver_Dominguez_Conde_Science_2022_Manually_curated_celltype_X_umap_04d255_onTarget.svg
boxplot_liver_Dominguez_Conde_Science_2022_Manually_curated_celltype_X_umap_04d255_precision.html,s3://lifebit-user-data-6941eed90a4dd7a1d1026d7a/deploit/teams/69d8dd1e5d3e1f8c350e006f/users/68af3d99c99eb7bd2ff47bc8/projects/69f80768ca774c668fbaaed8/jobs/6a22c7257e433821290d90bc/results/boxplot_liver_Dominguez_Conde_Science_2022_Manually_curated_celltype_X_umap_04d255_precision.html
boxplot_liver_Dominguez_Conde_Science_2022_Manually_curated_celltype_X_umap_04d255_precision.svg,s3://lifebit-user-data-6941eed90a4dd7a1d1026d7a/deploit/teams/69d8dd1e5d3e1f8c350e006f/users/68af3d99c99eb7bd2ff47bc8/projects/69f80768ca774c668fbaaed8/jobs/6a22c7257e433821290d90bc/results/boxplot_liver_Dominguez_Conde_Science_2022_Manually_curated_celltype_X_umap_04d255_precision.svg
boxplot_liver_Dominguez_Conde_Science_2022_Manually_curated_celltype_X_umap_04d255_recall.html,s3://lifebit-user-data-6941eed90a4dd7a1d1026d7a/deploit/teams/69d8dd1e5d3e1f8c350e006f/users/68af3d99c99eb7bd2ff47bc8/projects/69f80768ca774c668fbaaed8/jobs/6a22c7257e433821290d90bc/results/boxplot_liver_Dominguez_Conde_Science_2022_Manually_curated_celltype_X_umap_04d255_recall.html
boxplot_liver_Dominguez_Conde_Science_2022_Manually_curated_celltype_X_umap_04d255_recall.svg,s3://lifebit-user-data-6941eed90a4dd7a1d1026d7a/deploit/teams/69d8dd1e5d3e1f8c350e006f/users/68af3d99c99eb7bd2ff47bc8/projects/69f80768ca774c668fbaaed8/jobs/6a22c7257e433821290d90bc/results/boxplot_liver_Dominguez_Conde_Science_2022_Manually_curated_celltype_X_umap_04d255_recall.svg
boxplot_liver_Edgar_Hepatology_Communications_2025_author_cell_type_X_umap_90971d_f_score.html,s3://lifebit-user-data-6941eed90a4dd7a1d1026d7a/deploit/teams/69d8dd1e5d3e1f8c350e006f/users/68af3d99c99eb7bd2ff47bc8/projects/69f80768ca774c668fbaaed8/jobs/6a22c7257e433821290d90bc/results/boxplot_liver_Edgar_Hepatology_Communications_2025_author_cell_type_X_umap_90971d_f_score.html
boxplot_liver_Edgar_Hepatology_Communications_2025_author_cell_type_X_umap_90971d_f_score.svg,s3://lifebit-user-data-6941eed90a4dd7a1d1026d7a/deploit/teams/69d8dd1e5d3e1f8c350e006f/users/68af3d99c99eb7bd2ff47bc8/projects/69f80768ca774c668fbaaed8/jobs/6a22c7257e433821290d90bc/results/boxplot_liver_Edgar_Hepatology_Communications_2025_author_cell_type_X_umap_90971d_f_score.svg
boxplot_liver_Edgar_Hepatology_Communications_2025_author_cell_type_X_umap_90971d_onTarget.html,s3://lifebit-user-data-6941eed90a4dd7a1d1026d7a/deploit/teams/69d8dd1e5d3e1f8c350e006f/users/68af3d99c99eb7bd2ff47bc8/projects/69f80768ca774c668fbaaed8/jobs/6a22c7257e433821290d90bc/results/boxplot_liver_Edgar_Hepatology_Communications_2025_author_cell_type_X_umap_90971d_onTarget.html
boxplot_liver_Edgar_Hepatology_Communications_2025_author_cell_type_X_umap_90971d_onTarget.svg,s3://lifebit-user-data-6941eed90a4dd7a1d1026d7a/deploit/teams/69d8dd1e5d3e1f8c350e006f/users/68af3d99c99eb7bd2ff47bc8/projects/69f80768ca774c668fbaaed8/jobs/6a22c7257e433821290d90bc/results/boxplot_liver_Edgar_Hepatology_Communications_2025_author_cell_type_X_umap_90971d_onTarget.svg
boxplot_liver_Edgar_Hepatology_Communications_2025_author_cell_type_X_umap_90971d_precision.html,s3://lifebit-user-data-6941eed90a4dd7a1d1026d7a/deploit/teams/69d8dd1e5d3e1f8c350e006f/users/68af3d99c99eb7bd2ff47bc8/projects/69f80768ca774c668fbaaed8/jobs/6a22c7257e433821290d90bc/results/boxplot_liver_Edgar_Hepatology_Communications_2025_author_cell_type_X_umap_90971d_precision.html
boxplot_liver_Edgar_Hepatology_Communications_2025_author_cell_type_X_umap_90971d_precision.svg,s3://lifebit-user-data-6941eed90a4dd7a1d1026d7a/deploit/teams/69d8dd1e5d3e1f8c350e006f/users/68af3d99c99eb7bd2ff47bc8/projects/69f80768ca774c668fbaaed8/jobs/6a22c7257e433821290d90bc/results/boxplot_liver_Edgar_Hepatology_Communications_2025_author_cell_type_X_umap_90971d_precision.svg
boxplot_liver_Edgar_Hepatology_Communications_2025_author_cell_type_X_umap_90971d_recall.html,s3://lifebit-user-data-6941eed90a4dd7a1d1026d7a/deploit/teams/69d8dd1e5d3e1f8c350e006f/users/68af3d99c99eb7bd2ff47bc8/projects/69f80768ca774c668fbaaed8/jobs/6a22c7257e433821290d90bc/results/boxplot_liver_Edgar_Hepatology_Communications_2025_author_cell_type_X_umap_90971d_recall.html
boxplot_liver_Edgar_Hepatology_Communications_2025_author_cell_type_X_umap_90971d_recall.svg,s3://lifebit-user-data-6941eed90a4dd7a1d1026d7a/deploit/teams/69d8dd1e5d3e1f8c350e006f/users/68af3d99c99eb7bd2ff47bc8/projects/69f80768ca774c668fbaaed8/jobs/6a22c7257e433821290d90bc/results/boxplot_liver_Edgar_Hepatology_Communications_2025_author_cell_type_X_umap_90971d_recall.svg
boxplot_liver_Edgar_Hepatology_Communications_2025_author_cell_type_X_umap_c0113a_f_score.html,s3://lifebit-user-data-6941eed90a4dd7a1d1026d7a/deploit/teams/69d8dd1e5d3e1f8c350e006f/users/68af3d99c99eb7bd2ff47bc8/projects/69f80768ca774c668fbaaed8/jobs/6a22c7257e433821290d90bc/results/boxplot_liver_Edgar_Hepatology_Communications_2025_author_cell_type_X_umap_c0113a_f_score.html
boxplot_liver_Edgar_Hepatology_Communications_2025_author_cell_type_X_umap_c0113a_f_score.svg,s3://lifebit-user-data-6941eed90a4dd7a1d1026d7a/deploit/teams/69d8dd1e5d3e1f8c350e006f/users/68af3d99c99eb7bd2ff47bc8/projects/69f80768ca774c668fbaaed8/jobs/6a22c7257e433821290d90bc/results/boxplot_liver_Edgar_Hepatology_Communications_2025_author_cell_type_X_umap_c0113a_f_score.svg
boxplot_liver_Edgar_Hepatology_Communications_2025_author_cell_type_X_umap_c0113a_onTarget.html,s3://lifebit-user-data-6941eed90a4dd7a1d1026d7a/deploit/teams/69d8dd1e5d3e1f8c350e006f/users/68af3d99c99eb7bd2ff47bc8/projects/69f80768ca774c668fbaaed8/jobs/6a22c7257e433821290d90bc/results/boxplot_liver_Edgar_Hepatology_Communications_2025_author_cell_type_X_umap_c0113a_onTarget.html
boxplot_liver_Edgar_Hepatology_Communications_2025_author_cell_type_X_umap_c0113a_onTarget.svg,s3://lifebit-user-data-6941eed90a4dd7a1d1026d7a/deploit/teams/69d8dd1e5d3e1f8c350e006f/users/68af3d99c99eb7bd2ff47bc8/projects/69f80768ca774c668fbaaed8/jobs/6a22c7257e433821290d90bc/results/boxplot_liver_Edgar_Hepatology_Communications_2025_author_cell_type_X_umap_c0113a_onTarget.svg
boxplot_liver_Edgar_Hepatology_Communications_2025_author_cell_type_X_umap_c0113a_precision.html,s3://lifebit-user-data-6941eed90a4dd7a1d1026d7a/deploit/teams/69d8dd1e5d3e1f8c350e006f/users/68af3d99c99eb7bd2ff47bc8/projects/69f80768ca774c668fbaaed8/jobs/6a22c7257e433821290d90bc/results/boxplot_liver_Edgar_Hepatology_Communications_2025_author_cell_type_X_umap_c0113a_precision.html
boxplot_liver_Edgar_Hepatology_Communications_2025_author_cell_type_X_umap_c0113a_precision.svg,s3://lifebit-user-data-6941eed90a4dd7a1d1026d7a/deploit/teams/69d8dd1e5d3e1f8c350e006f/users/68af3d99c99eb7bd2ff47bc8/projects/69f80768ca774c668fbaaed8/jobs/6a22c7257e433821290d90bc/results/boxplot_liver_Edgar_Hepatology_Communications_2025_author_cell_type_X_umap_c0113a_precision.svg
boxplot_liver_Edgar_Hepatology_Communications_2025_author_cell_type_X_umap_c0113a_recall.html,s3://lifebit-user-data-6941eed90a4dd7a1d1026d7a/deploit/teams/69d8dd1e5d3e1f8c350e006f/users/68af3d99c99eb7bd2ff47bc8/projects/69f80768ca774c668fbaaed8/jobs/6a22c7257e433821290d90bc/results/boxplot_liver_Edgar_Hepatology_Communications_2025_author_cell_type_X_umap_c0113a_recall.html
boxplot_liver_Edgar_Hepatology_Communications_2025_author_cell_type_X_umap_c0113a_recall.svg,s3://lifebit-user-data-6941eed90a4dd7a1d1026d7a/deploit/teams/69d8dd1e5d3e1f8c350e006f/users/68af3d99c99eb7bd2ff47bc8/projects/69f80768ca774c668fbaaed8/jobs/6a22c7257e433821290d90bc/results/boxplot_liver_Edgar_Hepatology_Communications_2025_author_cell_type_X_umap_c0113a_recall.svg
boxplot_liver_Guilliams_Cell_2022_author_cell_type_X_umap_ec5dd4_f_score.html,s3://lifebit-user-data-6941eed90a4dd7a1d1026d7a/deploit/teams/69d8dd1e5d3e1f8c350e006f/users/68af3d99c99eb7bd2ff47bc8/projects/69f80768ca774c668fbaaed8/jobs/6a22c7257e433821290d90bc/results/boxplot_liver_Guilliams_Cell_2022_author_cell_type_X_umap_ec5dd4_f_score.html
boxplot_liver_Guilliams_Cell_2022_author_cell_type_X_umap_ec5dd4_f_score.svg,s3://lifebit-user-data-6941eed90a4dd7a1d1026d7a/deploit/teams/69d8dd1e5d3e1f8c350e006f/users/68af3d99c99eb7bd2ff47bc8/projects/69f80768ca774c668fbaaed8/jobs/6a22c7257e433821290d90bc/results/boxplot_liver_Guilliams_Cell_2022_author_cell_type_X_umap_ec5dd4_f_score.svg
boxplot_liver_Guilliams_Cell_2022_author_cell_type_X_umap_ec5dd4_onTarget.html,s3://lifebit-user-data-6941eed90a4dd7a1d1026d7a/deploit/teams/69d8dd1e5d3e1f8c350e006f/users/68af3d99c99eb7bd2ff47bc8/projects/69f80768ca774c668fbaaed8/jobs/6a22c7257e433821290d90bc/results/boxplot_liver_Guilliams_Cell_2022_author_cell_type_X_umap_ec5dd4_onTarget.html
boxplot_liver_Guilliams_Cell_2022_author_cell_type_X_umap_ec5dd4_onTarget.svg,s3://lifebit-user-data-6941eed90a4dd7a1d1026d7a/deploit/teams/69d8dd1e5d3e1f8c350e006f/users/68af3d99c99eb7bd2ff47bc8/projects/69f80768ca774c668fbaaed8/jobs/6a22c7257e433821290d90bc/results/boxplot_liver_Guilliams_Cell_2022_author_cell_type_X_umap_ec5dd4_onTarget.svg
boxplot_liver_Guilliams_Cell_2022_author_cell_type_X_umap_ec5dd4_precision.html,s3://lifebit-user-data-6941eed90a4dd7a1d1026d7a/deploit/teams/69d8dd1e5d3e1f8c350e006f/users/68af3d99c99eb7bd2ff47bc8/projects/69f80768ca774c668fbaaed8/jobs/6a22c7257e433821290d90bc/results/boxplot_liver_Guilliams_Cell_2022_author_cell_type_X_umap_ec5dd4_precision.html
boxplot_liver_Guilliams_Cell_2022_author_cell_type_X_umap_ec5dd4_precision.svg,s3://lifebit-user-data-6941eed90a4dd7a1d1026d7a/deploit/teams/69d8dd1e5d3e1f8c350e006f/users/68af3d99c99eb7bd2ff47bc8/projects/69f80768ca774c668fbaaed8/jobs/6a22c7257e433821290d90bc/results/boxplot_liver_Guilliams_Cell_2022_author_cell_type_X_umap_ec5dd4_precision.svg
boxplot_liver_Guilliams_Cell_2022_author_cell_type_X_umap_ec5dd4_recall.html,s3://lifebit-user-data-6941eed90a4dd7a1d1026d7a/deploit/teams/69d8dd1e5d3e1f8c350e006f/users/68af3d99c99eb7bd2ff47bc8/projects/69f80768ca774c668fbaaed8/jobs/6a22c7257e433821290d90bc/results/boxplot_liver_Guilliams_Cell_2022_author_cell_type_X_umap_ec5dd4_recall.html
boxplot_liver_Guilliams_Cell_2022_author_cell_type_X_umap_ec5dd4_recall.svg,s3://lifebit-user-data-6941eed90a4dd7a1d1026d7a/deploit/teams/69d8dd1e5d3e1f8c350e006f/users/68af3d99c99eb7bd2ff47bc8/projects/69f80768ca774c668fbaaed8/jobs/6a22c7257e433821290d90bc/results/boxplot_liver_Guilliams_Cell_2022_author_cell_type_X_umap_ec5dd4_recall.svg
boxplot_liver_Han_Nature_2020_author_cell_type_X_umap_5c7ea7_f_score.html,s3://lifebit-user-data-6941eed90a4dd7a1d1026d7a/deploit/teams/69d8dd1e5d3e1f8c350e006f/users/68af3d99c99eb7bd2ff47bc8/projects/69f80768ca774c668fbaaed8/jobs/6a22c7257e433821290d90bc/results/boxplot_liver_Han_Nature_2020_author_cell_type_X_umap_5c7ea7_f_score.html
boxplot_liver_Han_Nature_2020_author_cell_type_X_umap_5c7ea7_f_score.svg,s3://lifebit-user-data-6941eed90a4dd7a1d1026d7a/deploit/teams/69d8dd1e5d3e1f8c350e006f/users/68af3d99c99eb7bd2ff47bc8/projects/69f80768ca774c668fbaaed8/jobs/6a22c7257e433821290d90bc/results/boxplot_liver_Han_Nature_2020_author_cell_type_X_umap_5c7ea7_f_score.svg
boxplot_liver_Han_Nature_2020_author_cell_type_X_umap_5c7ea7_onTarget.html,s3://lifebit-user-data-6941eed90a4dd7a1d1026d7a/deploit/teams/69d8dd1e5d3e1f8c350e006f/users/68af3d99c99eb7bd2ff47bc8/projects/69f80768ca774c668fbaaed8/jobs/6a22c7257e433821290d90bc/results/boxplot_liver_Han_Nature_2020_author_cell_type_X_umap_5c7ea7_onTarget.html
boxplot_liver_Han_Nature_2020_author_cell_type_X_umap_5c7ea7_onTarget.svg,s3://lifebit-user-data-6941eed90a4dd7a1d1026d7a/deploit/teams/69d8dd1e5d3e1f8c350e006f/users/68af3d99c99eb7bd2ff47bc8/projects/69f80768ca774c668fbaaed8/jobs/6a22c7257e433821290d90bc/results/boxplot_liver_Han_Nature_2020_author_cell_type_X_umap_5c7ea7_onTarget.svg
boxplot_liver_Han_Nature_2020_author_cell_type_X_umap_5c7ea7_precision.html,s3://lifebit-user-data-6941eed90a4dd7a1d1026d7a/deploit/teams/69d8dd1e5d3e1f8c350e006f/users/68af3d99c99eb7bd2ff47bc8/projects/69f80768ca774c668fbaaed8/jobs/6a22c7257e433821290d90bc/results/boxplot_liver_Han_Nature_2020_author_cell_type_X_umap_5c7ea7_precision.html
boxplot_liver_Han_Nature_2020_author_cell_type_X_umap_5c7ea7_precision.svg,s3://lifebit-user-data-6941eed90a4dd7a1d1026d7a/deploit/teams/69d8dd1e5d3e1f8c350e006f/users/68af3d99c99eb7bd2ff47bc8/projects/69f80768ca774c668fbaaed8/jobs/6a22c7257e433821290d90bc/results/boxplot_liver_Han_Nature_2020_author_cell_type_X_umap_5c7ea7_precision.svg
boxplot_liver_Han_Nature_2020_author_cell_type_X_umap_5c7ea7_recall.html,s3://lifebit-user-data-6941eed90a4dd7a1d1026d7a/deploit/teams/69d8dd1e5d3e1f8c350e006f/users/68af3d99c99eb7bd2ff47bc8/projects/69f80768ca774c668fbaaed8/jobs/6a22c7257e433821290d90bc/results/boxplot_liver_Han_Nature_2020_author_cell_type_X_umap_5c7ea7_recall.html
boxplot_liver_Han_Nature_2020_author_cell_type_X_umap_5c7ea7_recall.svg,s3://lifebit-user-data-6941eed90a4dd7a1d1026d7a/deploit/teams/69d8dd1e5d3e1f8c350e006f/users/68af3d99c99eb7bd2ff47bc8/projects/69f80768ca774c668fbaaed8/jobs/6a22c7257e433821290d90bc/results/boxplot_liver_Han_Nature_2020_author_cell_type_X_umap_5c7ea7_recall.svg
boxplot_liver_MacParland_Nat_Commun_2018_CellType_X_umap_hm_9f00be_f_score.html,s3://lifebit-user-data-6941eed90a4dd7a1d1026d7a/deploit/teams/69d8dd1e5d3e1f8c350e006f/users/68af3d99c99eb7bd2ff47bc8/projects/69f80768ca774c668fbaaed8/jobs/6a22c7257e433821290d90bc/results/boxplot_liver_MacParland_Nat_Commun_2018_CellType_X_umap_hm_9f00be_f_score.html
boxplot_liver_MacParland_Nat_Commun_2018_CellType_X_umap_hm_9f00be_f_score.svg,s3://lifebit-user-data-6941eed90a4dd7a1d1026d7a/deploit/teams/69d8dd1e5d3e1f8c350e006f/users/68af3d99c99eb7bd2ff47bc8/projects/69f80768ca774c668fbaaed8/jobs/6a22c7257e433821290d90bc/results/boxplot_liver_MacParland_Nat_Commun_2018_CellType_X_umap_hm_9f00be_f_score.svg
boxplot_liver_MacParland_Nat_Commun_2018_CellType_X_umap_hm_9f00be_onTarget.html,s3://lifebit-user-data-6941eed90a4dd7a1d1026d7a/deploit/teams/69d8dd1e5d3e1f8c350e006f/users/68af3d99c99eb7bd2ff47bc8/projects/69f80768ca774c668fbaaed8/jobs/6a22c7257e433821290d90bc/results/boxplot_liver_MacParland_Nat_Commun_2018_CellType_X_umap_hm_9f00be_onTarget.html
boxplot_liver_MacParland_Nat_Commun_2018_CellType_X_umap_hm_9f00be_onTarget.svg,s3://lifebit-user-data-6941eed90a4dd7a1d1026d7a/deploit/teams/69d8dd1e5d3e1f8c350e006f/users/68af3d99c99eb7bd2ff47bc8/projects/69f80768ca774c668fbaaed8/jobs/6a22c7257e433821290d90bc/results/boxplot_liver_MacParland_Nat_Commun_2018_CellType_X_umap_hm_9f00be_onTarget.svg
boxplot_liver_MacParland_Nat_Commun_2018_CellType_X_umap_hm_9f00be_precision.html,s3://lifebit-user-data-6941eed90a4dd7a1d1026d7a/deploit/teams/69d8dd1e5d3e1f8c350e006f/users/68af3d99c99eb7bd2ff47bc8/projects/69f80768ca774c668fbaaed8/jobs/6a22c7257e433821290d90bc/results/boxplot_liver_MacParland_Nat_Commun_2018_CellType_X_umap_hm_9f00be_precision.html
boxplot_liver_MacParland_Nat_Commun_2018_CellType_X_umap_hm_9f00be_precision.svg,s3://lifebit-user-data-6941eed90a4dd7a1d1026d7a/deploit/teams/69d8dd1e5d3e1f8c350e006f/users/68af3d99c99eb7bd2ff47bc8/projects/69f80768ca774c668fbaaed8/jobs/6a22c7257e433821290d90bc/results/boxplot_liver_MacParland_Nat_Commun_2018_CellType_X_umap_hm_9f00be_precision.svg
boxplot_liver_MacParland_Nat_Commun_2018_CellType_X_umap_hm_9f00be_recall.html,s3://lifebit-user-data-6941eed90a4dd7a1d1026d7a/deploit/teams/69d8dd1e5d3e1f8c350e006f/users/68af3d99c99eb7bd2ff47bc8/projects/69f80768ca774c668fbaaed8/jobs/6a22c7257e433821290d90bc/results/boxplot_liver_MacParland_Nat_Commun_2018_CellType_X_umap_hm_9f00be_recall.html
boxplot_liver_MacParland_Nat_Commun_2018_CellType_X_umap_hm_9f00be_recall.svg,s3://lifebit-user-data-6941eed90a4dd7a1d1026d7a/deploit/teams/69d8dd1e5d3e1f8c350e006f/users/68af3d99c99eb7bd2ff47bc8/projects/69f80768ca774c668fbaaed8/jobs/6a22c7257e433821290d90bc/results/boxplot_liver_MacParland_Nat_Commun_2018_CellType_X_umap_hm_9f00be_recall.svg
boxplot_liver_Wells_Nat_Immunol_2025_author_cell_type_X_umap_74e9e1_f_score.html,s3://lifebit-user-data-6941eed90a4dd7a1d1026d7a/deploit/teams/69d8dd1e5d3e1f8c350e006f/users/68af3d99c99eb7bd2ff47bc8/projects/69f80768ca774c668fbaaed8/jobs/6a22c7257e433821290d90bc/results/boxplot_liver_Wells_Nat_Immunol_2025_author_cell_type_X_umap_74e9e1_f_score.html
boxplot_liver_Wells_Nat_Immunol_2025_author_cell_type_X_umap_74e9e1_f_score.svg,s3://lifebit-user-data-6941eed90a4dd7a1d1026d7a/deploit/teams/69d8dd1e5d3e1f8c350e006f/users/68af3d99c99eb7bd2ff47bc8/projects/69f80768ca774c668fbaaed8/jobs/6a22c7257e433821290d90bc/results/boxplot_liver_Wells_Nat_Immunol_2025_author_cell_type_X_umap_74e9e1_f_score.svg
boxplot_liver_Wells_Nat_Immunol_2025_author_cell_type_X_umap_74e9e1_onTarget.html,s3://lifebit-user-data-6941eed90a4dd7a1d1026d7a/deploit/teams/69d8dd1e5d3e1f8c350e006f/users/68af3d99c99eb7bd2ff47bc8/projects/69f80768ca774c668fbaaed8/jobs/6a22c7257e433821290d90bc/results/boxplot_liver_Wells_Nat_Immunol_2025_author_cell_type_X_umap_74e9e1_onTarget.html
boxplot_liver_Wells_Nat_Immunol_2025_author_cell_type_X_umap_74e9e1_onTarget.svg,s3://lifebit-user-data-6941eed90a4dd7a1d1026d7a/deploit/teams/69d8dd1e5d3e1f8c350e006f/users/68af3d99c99eb7bd2ff47bc8/projects/69f80768ca774c668fbaaed8/jobs/6a22c7257e433821290d90bc/results/boxplot_liver_Wells_Nat_Immunol_2025_author_cell_type_X_umap_74e9e1_onTarget.svg
boxplot_liver_Wells_Nat_Immunol_2025_author_cell_type_X_umap_74e9e1_precision.html,s3://lifebit-user-data-6941eed90a4dd7a1d1026d7a/deploit/teams/69d8dd1e5d3e1f8c350e006f/users/68af3d99c99eb7bd2ff47bc8/projects/69f80768ca774c668fbaaed8/jobs/6a22c7257e433821290d90bc/results/boxplot_liver_Wells_Nat_Immunol_2025_author_cell_type_X_umap_74e9e1_precision.html
boxplot_liver_Wells_Nat_Immunol_2025_author_cell_type_X_umap_74e9e1_precision.svg,s3://lifebit-user-data-6941eed90a4dd7a1d1026d7a/deploit/teams/69d8dd1e5d3e1f8c350e006f/users/68af3d99c99eb7bd2ff47bc8/projects/69f80768ca774c668fbaaed8/jobs/6a22c7257e433821290d90bc/results/boxplot_liver_Wells_Nat_Immunol_2025_author_cell_type_X_umap_74e9e1_precision.svg
boxplot_liver_Wells_Nat_Immunol_2025_author_cell_type_X_umap_74e9e1_recall.html,s3://lifebit-user-data-6941eed90a4dd7a1d1026d7a/deploit/teams/69d8dd1e5d3e1f8c350e006f/users/68af3d99c99eb7bd2ff47bc8/projects/69f80768ca774c668fbaaed8/jobs/6a22c7257e433821290d90bc/results/boxplot_liver_Wells_Nat_Immunol_2025_author_cell_type_X_umap_74e9e1_recall.html
boxplot_liver_Wells_Nat_Immunol_2025_author_cell_type_X_umap_74e9e1_recall.svg,s3://lifebit-user-data-6941eed90a4dd7a1d1026d7a/deploit/teams/69d8dd1e5d3e1f8c350e006f/users/68af3d99c99eb7bd2ff47bc8/projects/69f80768ca774c668fbaaed8/jobs/6a22c7257e433821290d90bc/results/boxplot_liver_Wells_Nat_Immunol_2025_author_cell_type_X_umap_74e9e1_recall.svg
boxplot_liver_Xu_Cell_2023_Curated_annotation_X_umap_a72286_f_score.html,s3://lifebit-user-data-6941eed90a4dd7a1d1026d7a/deploit/teams/69d8dd1e5d3e1f8c350e006f/users/68af3d99c99eb7bd2ff47bc8/projects/69f80768ca774c668fbaaed8/jobs/6a22c7257e433821290d90bc/results/boxplot_liver_Xu_Cell_2023_Curated_annotation_X_umap_a72286_f_score.html
boxplot_liver_Xu_Cell_2023_Curated_annotation_X_umap_a72286_f_score.svg,s3://lifebit-user-data-6941eed90a4dd7a1d1026d7a/deploit/teams/69d8dd1e5d3e1f8c350e006f/users/68af3d99c99eb7bd2ff47bc8/projects/69f80768ca774c668fbaaed8/jobs/6a22c7257e433821290d90bc/results/boxplot_liver_Xu_Cell_2023_Curated_annotation_X_umap_a72286_f_score.svg
boxplot_liver_Xu_Cell_2023_Curated_annotation_X_umap_a72286_onTarget.html,s3://lifebit-user-data-6941eed90a4dd7a1d1026d7a/deploit/teams/69d8dd1e5d3e1f8c350e006f/users/68af3d99c99eb7bd2ff47bc8/projects/69f80768ca774c668fbaaed8/jobs/6a22c7257e433821290d90bc/results/boxplot_liver_Xu_Cell_2023_Curated_annotation_X_umap_a72286_onTarget.html
boxplot_liver_Xu_Cell_2023_Curated_annotation_X_umap_a72286_onTarget.svg,s3://lifebit-user-data-6941eed90a4dd7a1d1026d7a/deploit/teams/69d8dd1e5d3e1f8c350e006f/users/68af3d99c99eb7bd2ff47bc8/projects/69f80768ca774c668fbaaed8/jobs/6a22c7257e433821290d90bc/results/boxplot_liver_Xu_Cell_2023_Curated_annotation_X_umap_a72286_onTarget.svg
boxplot_liver_Xu_Cell_2023_Curated_annotation_X_umap_a72286_precision.html,s3://lifebit-user-data-6941eed90a4dd7a1d1026d7a/deploit/teams/69d8dd1e5d3e1f8c350e006f/users/68af3d99c99eb7bd2ff47bc8/projects/69f80768ca774c668fbaaed8/jobs/6a22c7257e433821290d90bc/results/boxplot_liver_Xu_Cell_2023_Curated_annotation_X_umap_a72286_precision.html
boxplot_liver_Xu_Cell_2023_Curated_annotation_X_umap_a72286_precision.svg,s3://lifebit-user-data-6941eed90a4dd7a1d1026d7a/deploit/teams/69d8dd1e5d3e1f8c350e006f/users/68af3d99c99eb7bd2ff47bc8/projects/69f80768ca774c668fbaaed8/jobs/6a22c7257e433821290d90bc/results/boxplot_liver_Xu_Cell_2023_Curated_annotation_X_umap_a72286_precision.svg
boxplot_liver_Xu_Cell_2023_Curated_annotation_X_umap_a72286_recall.html,s3://lifebit-user-data-6941eed90a4dd7a1d1026d7a/deploit/teams/69d8dd1e5d3e1f8c350e006f/users/68af3d99c99eb7bd2ff47bc8/projects/69f80768ca774c668fbaaed8/jobs/6a22c7257e433821290d90bc/results/boxplot_liver_Xu_Cell_2023_Curated_annotation_X_umap_a72286_recall.html
boxplot_liver_Xu_Cell_2023_Curated_annotation_X_umap_a72286_recall.svg,s3://lifebit-user-data-6941eed90a4dd7a1d1026d7a/deploit/teams/69d8dd1e5d3e1f8c350e006f/users/68af3d99c99eb7bd2ff47bc8/projects/69f80768ca774c668fbaaed8/jobs/6a22c7257e433821290d90bc/results/boxplot_liver_Xu_Cell_2023_Curated_annotation_X_umap_a72286_recall.svg
cluster_cid_mapping_liver_Andrews_Hepatol_Commun_2022_author_cell_type_X_umap_3d10a5.csv,s3://lifebit-user-data-6941eed90a4dd7a1d1026d7a/deploit/teams/69d8dd1e5d3e1f8c350e006f/users/68af3d99c99eb7bd2ff47bc8/projects/69f80768ca774c668fbaaed8/jobs/6a22c7257e433821290d90bc/results/cluster_cid_mapping_liver_Andrews_Hepatol_Commun_2022_author_cell_type_X_umap_3d10a5.csv
cluster_cid_mapping_liver_Andrews_Journal_of_Hepatology_2024_author_cell_type_X_umap_00ddc4.csv,s3://lifebit-user-data-6941eed90a4dd7a1d1026d7a/deploit/teams/69d8dd1e5d3e1f8c350e006f/users/68af3d99c99eb7bd2ff47bc8/projects/69f80768ca774c668fbaaed8/jobs/6a22c7257e433821290d90bc/results/cluster_cid_mapping_liver_Andrews_Journal_of_Hepatology_2024_author_cell_type_X_umap_00ddc4.csv
cluster_cid_mapping_liver_Andrews_Journal_of_Hepatology_2024_author_cell_type_X_umap_2b80fc.csv,s3://lifebit-user-data-6941eed90a4dd7a1d1026d7a/deploit/teams/69d8dd1e5d3e1f8c350e006f/users/68af3d99c99eb7bd2ff47bc8/projects/69f80768ca774c668fbaaed8/jobs/6a22c7257e433821290d90bc/results/cluster_cid_mapping_liver_Andrews_Journal_of_Hepatology_2024_author_cell_type_X_umap_2b80fc.csv
cluster_cid_mapping_liver_Dominguez_Conde_Science_2022_Manually_curated_celltype_X_umap_04d255.csv,s3://lifebit-user-data-6941eed90a4dd7a1d1026d7a/deploit/teams/69d8dd1e5d3e1f8c350e006f/users/68af3d99c99eb7bd2ff47bc8/projects/69f80768ca774c668fbaaed8/jobs/6a22c7257e433821290d90bc/results/cluster_cid_mapping_liver_Dominguez_Conde_Science_2022_Manually_curated_celltype_X_umap_04d255.csv
cluster_cid_mapping_liver_Edgar_Hepatology_Communications_2025_author_cell_type_X_umap_90971d.csv,s3://lifebit-user-data-6941eed90a4dd7a1d1026d7a/deploit/teams/69d8dd1e5d3e1f8c350e006f/users/68af3d99c99eb7bd2ff47bc8/projects/69f80768ca774c668fbaaed8/jobs/6a22c7257e433821290d90bc/results/cluster_cid_mapping_liver_Edgar_Hepatology_Communications_2025_author_cell_type_X_umap_90971d.csv
cluster_cid_mapping_liver_Edgar_Hepatology_Communications_2025_author_cell_type_X_umap_c0113a.csv,s3://lifebit-user-data-6941eed90a4dd7a1d1026d7a/deploit/teams/69d8dd1e5d3e1f8c350e006f/users/68af3d99c99eb7bd2ff47bc8/projects/69f80768ca774c668fbaaed8/jobs/6a22c7257e433821290d90bc/results/cluster_cid_mapping_liver_Edgar_Hepatology_Communications_2025_author_cell_type_X_umap_c0113a.csv
cluster_cid_mapping_liver_Guilliams_Cell_2022_author_cell_type_X_umap_ec5dd4.csv,s3://lifebit-user-data-6941eed90a4dd7a1d1026d7a/deploit/teams/69d8dd1e5d3e1f8c350e006f/users/68af3d99c99eb7bd2ff47bc8/projects/69f80768ca774c668fbaaed8/jobs/6a22c7257e433821290d90bc/results/cluster_cid_mapping_liver_Guilliams_Cell_2022_author_cell_type_X_umap_ec5dd4.csv
cluster_cid_mapping_liver_Han_Nature_2020_author_cell_type_X_umap_5c7ea7.csv,s3://lifebit-user-data-6941eed90a4dd7a1d1026d7a/deploit/teams/69d8dd1e5d3e1f8c350e006f/users/68af3d99c99eb7bd2ff47bc8/projects/69f80768ca774c668fbaaed8/jobs/6a22c7257e433821290d90bc/results/cluster_cid_mapping_liver_Han_Nature_2020_author_cell_type_X_umap_5c7ea7.csv
cluster_cid_mapping_liver_MacParland_Nat_Commun_2018_CellType_X_umap_hm_9f00be.csv,s3://lifebit-user-data-6941eed90a4dd7a1d1026d7a/deploit/teams/69d8dd1e5d3e1f8c350e006f/users/68af3d99c99eb7bd2ff47bc8/projects/69f80768ca774c668fbaaed8/jobs/6a22c7257e433821290d90bc/results/cluster_cid_mapping_liver_MacParland_Nat_Commun_2018_CellType_X_umap_hm_9f00be.csv
cluster_cid_mapping_liver_Wells_Nat_Immunol_2025_author_cell_type_X_umap_74e9e1.csv,s3://lifebit-user-data-6941eed90a4dd7a1d1026d7a/deploit/teams/69d8dd1e5d3e1f8c350e006f/users/68af3d99c99eb7bd2ff47bc8/projects/69f80768ca774c668fbaaed8/jobs/6a22c7257e433821290d90bc/results/cluster_cid_mapping_liver_Wells_Nat_Immunol_2025_author_cell_type_X_umap_74e9e1.csv
cluster_cid_mapping_liver_Xu_Cell_2023_Curated_annotation_X_umap_a72286.csv,s3://lifebit-user-data-6941eed90a4dd7a1d1026d7a/deploit/teams/69d8dd1e5d3e1f8c350e006f/users/68af3d99c99eb7bd2ff47bc8/projects/69f80768ca774c668fbaaed8/jobs/6a22c7257e433821290d90bc/results/cluster_cid_mapping_liver_Xu_Cell_2023_Curated_annotation_X_umap_a72286.csv
cluster_order_before_filter_liver_Andrews_Hepatol_Commun_2022_author_cell_type_X_umap_3d10a5.csv,s3://lifebit-user-data-6941eed90a4dd7a1d1026d7a/deploit/teams/69d8dd1e5d3e1f8c350e006f/users/68af3d99c99eb7bd2ff47bc8/projects/69f80768ca774c668fbaaed8/jobs/6a22c7257e433821290d90bc/results/cluster_order_before_filter_liver_Andrews_Hepatol_Commun_2022_author_cell_type_X_umap_3d10a5.csv
cluster_order_before_filter_liver_Andrews_Journal_of_Hepatology_2024_author_cell_type_X_umap_00ddc4.csv,s3://lifebit-user-data-6941eed90a4dd7a1d1026d7a/deploit/teams/69d8dd1e5d3e1f8c350e006f/users/68af3d99c99eb7bd2ff47bc8/projects/69f80768ca774c668fbaaed8/jobs/6a22c7257e433821290d90bc/results/cluster_order_before_filter_liver_Andrews_Journal_of_Hepatology_2024_author_cell_type_X_umap_00ddc4.csv
cluster_order_before_filter_liver_Andrews_Journal_of_Hepatology_2024_author_cell_type_X_umap_2b80fc.csv,s3://lifebit-user-data-6941eed90a4dd7a1d1026d7a/deploit/teams/69d8dd1e5d3e1f8c350e006f/users/68af3d99c99eb7bd2ff47bc8/projects/69f80768ca774c668fbaaed8/jobs/6a22c7257e433821290d90bc/results/cluster_order_before_filter_liver_Andrews_Journal_of_Hepatology_2024_author_cell_type_X_umap_2b80fc.csv
cluster_order_before_filter_liver_Dominguez_Conde_Science_2022_Manually_curated_celltype_X_umap_04d255.csv,s3://lifebit-user-data-6941eed90a4dd7a1d1026d7a/deploit/teams/69d8dd1e5d3e1f8c350e006f/users/68af3d99c99eb7bd2ff47bc8/projects/69f80768ca774c668fbaaed8/jobs/6a22c7257e433821290d90bc/results/cluster_order_before_filter_liver_Dominguez_Conde_Science_2022_Manually_curated_celltype_X_umap_04d255.csv
cluster_order_before_filter_liver_Edgar_Hepatology_Communications_2025_author_cell_type_X_umap_90971d.csv,s3://lifebit-user-data-6941eed90a4dd7a1d1026d7a/deploit/teams/69d8dd1e5d3e1f8c350e006f/users/68af3d99c99eb7bd2ff47bc8/projects/69f80768ca774c668fbaaed8/jobs/6a22c7257e433821290d90bc/results/cluster_order_before_filter_liver_Edgar_Hepatology_Communications_2025_author_cell_type_X_umap_90971d.csv
cluster_order_before_filter_liver_Edgar_Hepatology_Communications_2025_author_cell_type_X_umap_c0113a.csv,s3://lifebit-user-data-6941eed90a4dd7a1d1026d7a/deploit/teams/69d8dd1e5d3e1f8c350e006f/users/68af3d99c99eb7bd2ff47bc8/projects/69f80768ca774c668fbaaed8/jobs/6a22c7257e433821290d90bc/results/cluster_order_before_filter_liver_Edgar_Hepatology_Communications_2025_author_cell_type_X_umap_c0113a.csv
cluster_order_before_filter_liver_Guilliams_Cell_2022_author_cell_type_X_umap_ec5dd4.csv,s3://lifebit-user-data-6941eed90a4dd7a1d1026d7a/deploit/teams/69d8dd1e5d3e1f8c350e006f/users/68af3d99c99eb7bd2ff47bc8/projects/69f80768ca774c668fbaaed8/jobs/6a22c7257e433821290d90bc/results/cluster_order_before_filter_liver_Guilliams_Cell_2022_author_cell_type_X_umap_ec5dd4.csv
cluster_order_before_filter_liver_Han_Nature_2020_author_cell_type_X_umap_5c7ea7.csv,s3://lifebit-user-data-6941eed90a4dd7a1d1026d7a/deploit/teams/69d8dd1e5d3e1f8c350e006f/users/68af3d99c99eb7bd2ff47bc8/projects/69f80768ca774c668fbaaed8/jobs/6a22c7257e433821290d90bc/results/cluster_order_before_filter_liver_Han_Nature_2020_author_cell_type_X_umap_5c7ea7.csv
cluster_order_before_filter_liver_MacParland_Nat_Commun_2018_CellType_X_umap_hm_9f00be.csv,s3://lifebit-user-data-6941eed90a4dd7a1d1026d7a/deploit/teams/69d8dd1e5d3e1f8c350e006f/users/68af3d99c99eb7bd2ff47bc8/projects/69f80768ca774c668fbaaed8/jobs/6a22c7257e433821290d90bc/results/cluster_order_before_filter_liver_MacParland_Nat_Commun_2018_CellType_X_umap_hm_9f00be.csv
cluster_order_before_filter_liver_Wells_Nat_Immunol_2025_author_cell_type_X_umap_74e9e1.csv,s3://lifebit-user-data-6941eed90a4dd7a1d1026d7a/deploit/teams/69d8dd1e5d3e1f8c350e006f/users/68af3d99c99eb7bd2ff47bc8/projects/69f80768ca774c668fbaaed8/jobs/6a22c7257e433821290d90bc/results/cluster_order_before_filter_liver_Wells_Nat_Immunol_2025_author_cell_type_X_umap_74e9e1.csv
cluster_order_before_filter_liver_Xu_Cell_2023_Curated_annotation_X_umap_a72286.csv,s3://lifebit-user-data-6941eed90a4dd7a1d1026d7a/deploit/teams/69d8dd1e5d3e1f8c350e006f/users/68af3d99c99eb7bd2ff47bc8/projects/69f80768ca774c668fbaaed8/jobs/6a22c7257e433821290d90bc/results/cluster_order_before_filter_liver_Xu_Cell_2023_Curated_annotation_X_umap_a72286.csv
cluster_order_liver_Andrews_Hepatol_Commun_2022_author_cell_type_X_umap_3d10a5.csv,s3://lifebit-user-data-6941eed90a4dd7a1d1026d7a/deploit/teams/69d8dd1e5d3e1f8c350e006f/users/68af3d99c99eb7bd2ff47bc8/projects/69f80768ca774c668fbaaed8/jobs/6a22c7257e433821290d90bc/results/cluster_order_liver_Andrews_Hepatol_Commun_2022_author_cell_type_X_umap_3d10a5.csv
cluster_order_liver_Andrews_Journal_of_Hepatology_2024_author_cell_type_X_umap_00ddc4.csv,s3://lifebit-user-data-6941eed90a4dd7a1d1026d7a/deploit/teams/69d8dd1e5d3e1f8c350e006f/users/68af3d99c99eb7bd2ff47bc8/projects/69f80768ca774c668fbaaed8/jobs/6a22c7257e433821290d90bc/results/cluster_order_liver_Andrews_Journal_of_Hepatology_2024_author_cell_type_X_umap_00ddc4.csv
cluster_order_liver_Andrews_Journal_of_Hepatology_2024_author_cell_type_X_umap_2b80fc.csv,s3://lifebit-user-data-6941eed90a4dd7a1d1026d7a/deploit/teams/69d8dd1e5d3e1f8c350e006f/users/68af3d99c99eb7bd2ff47bc8/projects/69f80768ca774c668fbaaed8/jobs/6a22c7257e433821290d90bc/results/cluster_order_liver_Andrews_Journal_of_Hepatology_2024_author_cell_type_X_umap_2b80fc.csv
cluster_order_liver_Dominguez_Conde_Science_2022_Manually_curated_celltype_X_umap_04d255.csv,s3://lifebit-user-data-6941eed90a4dd7a1d1026d7a/deploit/teams/69d8dd1e5d3e1f8c350e006f/users/68af3d99c99eb7bd2ff47bc8/projects/69f80768ca774c668fbaaed8/jobs/6a22c7257e433821290d90bc/results/cluster_order_liver_Dominguez_Conde_Science_2022_Manually_curated_celltype_X_umap_04d255.csv
cluster_order_liver_Edgar_Hepatology_Communications_2025_author_cell_type_X_umap_90971d.csv,s3://lifebit-user-data-6941eed90a4dd7a1d1026d7a/deploit/teams/69d8dd1e5d3e1f8c350e006f/users/68af3d99c99eb7bd2ff47bc8/projects/69f80768ca774c668fbaaed8/jobs/6a22c7257e433821290d90bc/results/cluster_order_liver_Edgar_Hepatology_Communications_2025_author_cell_type_X_umap_90971d.csv
cluster_order_liver_Edgar_Hepatology_Communications_2025_author_cell_type_X_umap_c0113a.csv,s3://lifebit-user-data-6941eed90a4dd7a1d1026d7a/deploit/teams/69d8dd1e5d3e1f8c350e006f/users/68af3d99c99eb7bd2ff47bc8/projects/69f80768ca774c668fbaaed8/jobs/6a22c7257e433821290d90bc/results/cluster_order_liver_Edgar_Hepatology_Communications_2025_author_cell_type_X_umap_c0113a.csv
cluster_order_liver_Guilliams_Cell_2022_author_cell_type_X_umap_ec5dd4.csv,s3://lifebit-user-data-6941eed90a4dd7a1d1026d7a/deploit/teams/69d8dd1e5d3e1f8c350e006f/users/68af3d99c99eb7bd2ff47bc8/projects/69f80768ca774c668fbaaed8/jobs/6a22c7257e433821290d90bc/results/cluster_order_liver_Guilliams_Cell_2022_author_cell_type_X_umap_ec5dd4.csv
cluster_order_liver_Han_Nature_2020_author_cell_type_X_umap_5c7ea7.csv,s3://lifebit-user-data-6941eed90a4dd7a1d1026d7a/deploit/teams/69d8dd1e5d3e1f8c350e006f/users/68af3d99c99eb7bd2ff47bc8/projects/69f80768ca774c668fbaaed8/jobs/6a22c7257e433821290d90bc/results/cluster_order_liver_Han_Nature_2020_author_cell_type_X_umap_5c7ea7.csv
cluster_order_liver_MacParland_Nat_Commun_2018_CellType_X_umap_hm_9f00be.csv,s3://lifebit-user-data-6941eed90a4dd7a1d1026d7a/deploit/teams/69d8dd1e5d3e1f8c350e006f/users/68af3d99c99eb7bd2ff47bc8/projects/69f80768ca774c668fbaaed8/jobs/6a22c7257e433821290d90bc/results/cluster_order_liver_MacParland_Nat_Commun_2018_CellType_X_umap_hm_9f00be.csv
cluster_order_liver_Wells_Nat_Immunol_2025_author_cell_type_X_umap_74e9e1.csv,s3://lifebit-user-data-6941eed90a4dd7a1d1026d7a/deploit/teams/69d8dd1e5d3e1f8c350e006f/users/68af3d99c99eb7bd2ff47bc8/projects/69f80768ca774c668fbaaed8/jobs/6a22c7257e433821290d90bc/results/cluster_order_liver_Wells_Nat_Immunol_2025_author_cell_type_X_umap_74e9e1.csv
cluster_order_liver_Xu_Cell_2023_Curated_annotation_X_umap_a72286.csv,s3://lifebit-user-data-6941eed90a4dd7a1d1026d7a/deploit/teams/69d8dd1e5d3e1f8c350e006f/users/68af3d99c99eb7bd2ff47bc8/projects/69f80768ca774c668fbaaed8/jobs/6a22c7257e433821290d90bc/results/cluster_order_liver_Xu_Cell_2023_Curated_annotation_X_umap_a72286.csv
cluster_sizes_before_filter_liver_Andrews_Hepatol_Commun_2022_author_cell_type_X_umap_3d10a5.csv,s3://lifebit-user-data-6941eed90a4dd7a1d1026d7a/deploit/teams/69d8dd1e5d3e1f8c350e006f/users/68af3d99c99eb7bd2ff47bc8/projects/69f80768ca774c668fbaaed8/jobs/6a22c7257e433821290d90bc/results/cluster_sizes_before_filter_liver_Andrews_Hepatol_Commun_2022_author_cell_type_X_umap_3d10a5.csv
cluster_sizes_before_filter_liver_Andrews_Journal_of_Hepatology_2024_author_cell_type_X_umap_00ddc4.csv,s3://lifebit-user-data-6941eed90a4dd7a1d1026d7a/deploit/teams/69d8dd1e5d3e1f8c350e006f/users/68af3d99c99eb7bd2ff47bc8/projects/69f80768ca774c668fbaaed8/jobs/6a22c7257e433821290d90bc/results/cluster_sizes_before_filter_liver_Andrews_Journal_of_Hepatology_2024_author_cell_type_X_umap_00ddc4.csv
cluster_sizes_before_filter_liver_Andrews_Journal_of_Hepatology_2024_author_cell_type_X_umap_2b80fc.csv,s3://lifebit-user-data-6941eed90a4dd7a1d1026d7a/deploit/teams/69d8dd1e5d3e1f8c350e006f/users/68af3d99c99eb7bd2ff47bc8/projects/69f80768ca774c668fbaaed8/jobs/6a22c7257e433821290d90bc/results/cluster_sizes_before_filter_liver_Andrews_Journal_of_Hepatology_2024_author_cell_type_X_umap_2b80fc.csv
cluster_sizes_before_filter_liver_Dominguez_Conde_Science_2022_Manually_curated_celltype_X_umap_04d255.csv,s3://lifebit-user-data-6941eed90a4dd7a1d1026d7a/deploit/teams/69d8dd1e5d3e1f8c350e006f/users/68af3d99c99eb7bd2ff47bc8/projects/69f80768ca774c668fbaaed8/jobs/6a22c7257e433821290d90bc/results/cluster_sizes_before_filter_liver_Dominguez_Conde_Science_2022_Manually_curated_celltype_X_umap_04d255.csv
cluster_sizes_before_filter_liver_Edgar_Hepatology_Communications_2025_author_cell_type_X_umap_90971d.csv,s3://lifebit-user-data-6941eed90a4dd7a1d1026d7a/deploit/teams/69d8dd1e5d3e1f8c350e006f/users/68af3d99c99eb7bd2ff47bc8/projects/69f80768ca774c668fbaaed8/jobs/6a22c7257e433821290d90bc/results/cluster_sizes_before_filter_liver_Edgar_Hepatology_Communications_2025_author_cell_type_X_umap_90971d.csv
cluster_sizes_before_filter_liver_Edgar_Hepatology_Communications_2025_author_cell_type_X_umap_c0113a.csv,s3://lifebit-user-data-6941eed90a4dd7a1d1026d7a/deploit/teams/69d8dd1e5d3e1f8c350e006f/users/68af3d99c99eb7bd2ff47bc8/projects/69f80768ca774c668fbaaed8/jobs/6a22c7257e433821290d90bc/results/cluster_sizes_before_filter_liver_Edgar_Hepatology_Communications_2025_author_cell_type_X_umap_c0113a.csv
cluster_sizes_before_filter_liver_Guilliams_Cell_2022_author_cell_type_X_umap_ec5dd4.csv,s3://lifebit-user-data-6941eed90a4dd7a1d1026d7a/deploit/teams/69d8dd1e5d3e1f8c350e006f/users/68af3d99c99eb7bd2ff47bc8/projects/69f80768ca774c668fbaaed8/jobs/6a22c7257e433821290d90bc/results/cluster_sizes_before_filter_liver_Guilliams_Cell_2022_author_cell_type_X_umap_ec5dd4.csv
cluster_sizes_before_filter_liver_Han_Nature_2020_author_cell_type_X_umap_5c7ea7.csv,s3://lifebit-user-data-6941eed90a4dd7a1d1026d7a/deploit/teams/69d8dd1e5d3e1f8c350e006f/users/68af3d99c99eb7bd2ff47bc8/projects/69f80768ca774c668fbaaed8/jobs/6a22c7257e433821290d90bc/results/cluster_sizes_before_filter_liver_Han_Nature_2020_author_cell_type_X_umap_5c7ea7.csv
cluster_sizes_before_filter_liver_MacParland_Nat_Commun_2018_CellType_X_umap_hm_9f00be.csv,s3://lifebit-user-data-6941eed90a4dd7a1d1026d7a/deploit/teams/69d8dd1e5d3e1f8c350e006f/users/68af3d99c99eb7bd2ff47bc8/projects/69f80768ca774c668fbaaed8/jobs/6a22c7257e433821290d90bc/results/cluster_sizes_before_filter_liver_MacParland_Nat_Commun_2018_CellType_X_umap_hm_9f00be.csv
cluster_sizes_before_filter_liver_Wells_Nat_Immunol_2025_author_cell_type_X_umap_74e9e1.csv,s3://lifebit-user-data-6941eed90a4dd7a1d1026d7a/deploit/teams/69d8dd1e5d3e1f8c350e006f/users/68af3d99c99eb7bd2ff47bc8/projects/69f80768ca774c668fbaaed8/jobs/6a22c7257e433821290d90bc/results/cluster_sizes_before_filter_liver_Wells_Nat_Immunol_2025_author_cell_type_X_umap_74e9e1.csv
cluster_sizes_before_filter_liver_Xu_Cell_2023_Curated_annotation_X_umap_a72286.csv,s3://lifebit-user-data-6941eed90a4dd7a1d1026d7a/deploit/teams/69d8dd1e5d3e1f8c350e006f/users/68af3d99c99eb7bd2ff47bc8/projects/69f80768ca774c668fbaaed8/jobs/6a22c7257e433821290d90bc/results/cluster_sizes_before_filter_liver_Xu_Cell_2023_Curated_annotation_X_umap_a72286.csv
cluster_sizes_liver_Andrews_Hepatol_Commun_2022_author_cell_type_X_umap_3d10a5.csv,s3://lifebit-user-data-6941eed90a4dd7a1d1026d7a/deploit/teams/69d8dd1e5d3e1f8c350e006f/users/68af3d99c99eb7bd2ff47bc8/projects/69f80768ca774c668fbaaed8/jobs/6a22c7257e433821290d90bc/results/cluster_sizes_liver_Andrews_Hepatol_Commun_2022_author_cell_type_X_umap_3d10a5.csv
cluster_sizes_liver_Andrews_Journal_of_Hepatology_2024_author_cell_type_X_umap_00ddc4.csv,s3://lifebit-user-data-6941eed90a4dd7a1d1026d7a/deploit/teams/69d8dd1e5d3e1f8c350e006f/users/68af3d99c99eb7bd2ff47bc8/projects/69f80768ca774c668fbaaed8/jobs/6a22c7257e433821290d90bc/results/cluster_sizes_liver_Andrews_Journal_of_Hepatology_2024_author_cell_type_X_umap_00ddc4.csv
cluster_sizes_liver_Andrews_Journal_of_Hepatology_2024_author_cell_type_X_umap_2b80fc.csv,s3://lifebit-user-data-6941eed90a4dd7a1d1026d7a/deploit/teams/69d8dd1e5d3e1f8c350e006f/users/68af3d99c99eb7bd2ff47bc8/projects/69f80768ca774c668fbaaed8/jobs/6a22c7257e433821290d90bc/results/cluster_sizes_liver_Andrews_Journal_of_Hepatology_2024_author_cell_type_X_umap_2b80fc.csv
cluster_sizes_liver_Dominguez_Conde_Science_2022_Manually_curated_celltype_X_umap_04d255.csv,s3://lifebit-user-data-6941eed90a4dd7a1d1026d7a/deploit/teams/69d8dd1e5d3e1f8c350e006f/users/68af3d99c99eb7bd2ff47bc8/projects/69f80768ca774c668fbaaed8/jobs/6a22c7257e433821290d90bc/results/cluster_sizes_liver_Dominguez_Conde_Science_2022_Manually_curated_celltype_X_umap_04d255.csv
cluster_sizes_liver_Edgar_Hepatology_Communications_2025_author_cell_type_X_umap_90971d.csv,s3://lifebit-user-data-6941eed90a4dd7a1d1026d7a/deploit/teams/69d8dd1e5d3e1f8c350e006f/users/68af3d99c99eb7bd2ff47bc8/projects/69f80768ca774c668fbaaed8/jobs/6a22c7257e433821290d90bc/results/cluster_sizes_liver_Edgar_Hepatology_Communications_2025_author_cell_type_X_umap_90971d.csv
cluster_sizes_liver_Edgar_Hepatology_Communications_2025_author_cell_type_X_umap_c0113a.csv,s3://lifebit-user-data-6941eed90a4dd7a1d1026d7a/deploit/teams/69d8dd1e5d3e1f8c350e006f/users/68af3d99c99eb7bd2ff47bc8/projects/69f80768ca774c668fbaaed8/jobs/6a22c7257e433821290d90bc/results/cluster_sizes_liver_Edgar_Hepatology_Communications_2025_author_cell_type_X_umap_c0113a.csv
cluster_sizes_liver_Guilliams_Cell_2022_author_cell_type_X_umap_ec5dd4.csv,s3://lifebit-user-data-6941eed90a4dd7a1d1026d7a/deploit/teams/69d8dd1e5d3e1f8c350e006f/users/68af3d99c99eb7bd2ff47bc8/projects/69f80768ca774c668fbaaed8/jobs/6a22c7257e433821290d90bc/results/cluster_sizes_liver_Guilliams_Cell_2022_author_cell_type_X_umap_ec5dd4.csv
cluster_sizes_liver_Han_Nature_2020_author_cell_type_X_umap_5c7ea7.csv,s3://lifebit-user-data-6941eed90a4dd7a1d1026d7a/deploit/teams/69d8dd1e5d3e1f8c350e006f/users/68af3d99c99eb7bd2ff47bc8/projects/69f80768ca774c668fbaaed8/jobs/6a22c7257e433821290d90bc/results/cluster_sizes_liver_Han_Nature_2020_author_cell_type_X_umap_5c7ea7.csv
cluster_sizes_liver_MacParland_Nat_Commun_2018_CellType_X_umap_hm_9f00be.csv,s3://lifebit-user-data-6941eed90a4dd7a1d1026d7a/deploit/teams/69d8dd1e5d3e1f8c350e006f/users/68af3d99c99eb7bd2ff47bc8/projects/69f80768ca774c668fbaaed8/jobs/6a22c7257e433821290d90bc/results/cluster_sizes_liver_MacParland_Nat_Commun_2018_CellType_X_umap_hm_9f00be.csv
cluster_sizes_liver_Wells_Nat_Immunol_2025_author_cell_type_X_umap_74e9e1.csv,s3://lifebit-user-data-6941eed90a4dd7a1d1026d7a/deploit/teams/69d8dd1e5d3e1f8c350e006f/users/68af3d99c99eb7bd2ff47bc8/projects/69f80768ca774c668fbaaed8/jobs/6a22c7257e433821290d90bc/results/cluster_sizes_liver_Wells_Nat_Immunol_2025_author_cell_type_X_umap_74e9e1.csv
cluster_sizes_liver_Xu_Cell_2023_Curated_annotation_X_umap_a72286.csv,s3://lifebit-user-data-6941eed90a4dd7a1d1026d7a/deploit/teams/69d8dd1e5d3e1f8c350e006f/users/68af3d99c99eb7bd2ff47bc8/projects/69f80768ca774c668fbaaed8/jobs/6a22c7257e433821290d90bc/results/cluster_sizes_liver_Xu_Cell_2023_Curated_annotation_X_umap_a72286.csv
cluster_statistics_liver_Andrews_Hepatol_Commun_2022_author_cell_type_X_umap_3d10a5.csv,s3://lifebit-user-data-6941eed90a4dd7a1d1026d7a/deploit/teams/69d8dd1e5d3e1f8c350e006f/users/68af3d99c99eb7bd2ff47bc8/projects/69f80768ca774c668fbaaed8/jobs/6a22c7257e433821290d90bc/results/cluster_statistics_liver_Andrews_Hepatol_Commun_2022_author_cell_type_X_umap_3d10a5.csv
cluster_statistics_liver_Andrews_Journal_of_Hepatology_2024_author_cell_type_X_umap_00ddc4.csv,s3://lifebit-user-data-6941eed90a4dd7a1d1026d7a/deploit/teams/69d8dd1e5d3e1f8c350e006f/users/68af3d99c99eb7bd2ff47bc8/projects/69f80768ca774c668fbaaed8/jobs/6a22c7257e433821290d90bc/results/cluster_statistics_liver_Andrews_Journal_of_Hepatology_2024_author_cell_type_X_umap_00ddc4.csv
cluster_statistics_liver_Andrews_Journal_of_Hepatology_2024_author_cell_type_X_umap_2b80fc.csv,s3://lifebit-user-data-6941eed90a4dd7a1d1026d7a/deploit/teams/69d8dd1e5d3e1f8c350e006f/users/68af3d99c99eb7bd2ff47bc8/projects/69f80768ca774c668fbaaed8/jobs/6a22c7257e433821290d90bc/results/cluster_statistics_liver_Andrews_Journal_of_Hepatology_2024_author_cell_type_X_umap_2b80fc.csv
cluster_statistics_liver_Dominguez_Conde_Science_2022_Manually_curated_celltype_X_umap_04d255.csv,s3://lifebit-user-data-6941eed90a4dd7a1d1026d7a/deploit/teams/69d8dd1e5d3e1f8c350e006f/users/68af3d99c99eb7bd2ff47bc8/projects/69f80768ca774c668fbaaed8/jobs/6a22c7257e433821290d90bc/results/cluster_statistics_liver_Dominguez_Conde_Science_2022_Manually_curated_celltype_X_umap_04d255.csv
cluster_statistics_liver_Edgar_Hepatology_Communications_2025_author_cell_type_X_umap_90971d.csv,s3://lifebit-user-data-6941eed90a4dd7a1d1026d7a/deploit/teams/69d8dd1e5d3e1f8c350e006f/users/68af3d99c99eb7bd2ff47bc8/projects/69f80768ca774c668fbaaed8/jobs/6a22c7257e433821290d90bc/results/cluster_statistics_liver_Edgar_Hepatology_Communications_2025_author_cell_type_X_umap_90971d.csv
cluster_statistics_liver_Edgar_Hepatology_Communications_2025_author_cell_type_X_umap_c0113a.csv,s3://lifebit-user-data-6941eed90a4dd7a1d1026d7a/deploit/teams/69d8dd1e5d3e1f8c350e006f/users/68af3d99c99eb7bd2ff47bc8/projects/69f80768ca774c668fbaaed8/jobs/6a22c7257e433821290d90bc/results/cluster_statistics_liver_Edgar_Hepatology_Communications_2025_author_cell_type_X_umap_c0113a.csv
cluster_statistics_liver_Guilliams_Cell_2022_author_cell_type_X_umap_ec5dd4.csv,s3://lifebit-user-data-6941eed90a4dd7a1d1026d7a/deploit/teams/69d8dd1e5d3e1f8c350e006f/users/68af3d99c99eb7bd2ff47bc8/projects/69f80768ca774c668fbaaed8/jobs/6a22c7257e433821290d90bc/results/cluster_statistics_liver_Guilliams_Cell_2022_author_cell_type_X_umap_ec5dd4.csv
cluster_statistics_liver_Han_Nature_2020_author_cell_type_X_umap_5c7ea7.csv,s3://lifebit-user-data-6941eed90a4dd7a1d1026d7a/deploit/teams/69d8dd1e5d3e1f8c350e006f/users/68af3d99c99eb7bd2ff47bc8/projects/69f80768ca774c668fbaaed8/jobs/6a22c7257e433821290d90bc/results/cluster_statistics_liver_Han_Nature_2020_author_cell_type_X_umap_5c7ea7.csv
cluster_statistics_liver_MacParland_Nat_Commun_2018_CellType_X_umap_hm_9f00be.csv,s3://lifebit-user-data-6941eed90a4dd7a1d1026d7a/deploit/teams/69d8dd1e5d3e1f8c350e006f/users/68af3d99c99eb7bd2ff47bc8/projects/69f80768ca774c668fbaaed8/jobs/6a22c7257e433821290d90bc/results/cluster_statistics_liver_MacParland_Nat_Commun_2018_CellType_X_umap_hm_9f00be.csv
cluster_statistics_liver_Wells_Nat_Immunol_2025_author_cell_type_X_umap_74e9e1.csv,s3://lifebit-user-data-6941eed90a4dd7a1d1026d7a/deploit/teams/69d8dd1e5d3e1f8c350e006f/users/68af3d99c99eb7bd2ff47bc8/projects/69f80768ca774c668fbaaed8/jobs/6a22c7257e433821290d90bc/results/cluster_statistics_liver_Wells_Nat_Immunol_2025_author_cell_type_X_umap_74e9e1.csv
cluster_statistics_liver_Xu_Cell_2023_Curated_annotation_X_umap_a72286.csv,s3://lifebit-user-data-6941eed90a4dd7a1d1026d7a/deploit/teams/69d8dd1e5d3e1f8c350e006f/users/68af3d99c99eb7bd2ff47bc8/projects/69f80768ca774c668fbaaed8/jobs/6a22c7257e433821290d90bc/results/cluster_statistics_liver_Xu_Cell_2023_Curated_annotation_X_umap_a72286.csv
cluster_stats.log,s3://lifebit-user-data-6941eed90a4dd7a1d1026d7a/deploit/teams/69d8dd1e5d3e1f8c350e006f/users/68af3d99c99eb7bd2ff47bc8/projects/69f80768ca774c668fbaaed8/jobs/6a22c7257e433821290d90bc/results/cluster_stats.log
dataset_summary_liver_Andrews_Hepatol_Commun_2022_author_cell_type_X_umap_3d10a5.csv,s3://lifebit-user-data-6941eed90a4dd7a1d1026d7a/deploit/teams/69d8dd1e5d3e1f8c350e006f/users/68af3d99c99eb7bd2ff47bc8/projects/69f80768ca774c668fbaaed8/jobs/6a22c7257e433821290d90bc/results/dataset_summary_liver_Andrews_Hepatol_Commun_2022_author_cell_type_X_umap_3d10a5.csv
dataset_summary_liver_Andrews_Journal_of_Hepatology_2024_author_cell_type_X_umap_00ddc4.csv,s3://lifebit-user-data-6941eed90a4dd7a1d1026d7a/deploit/teams/69d8dd1e5d3e1f8c350e006f/users/68af3d99c99eb7bd2ff47bc8/projects/69f80768ca774c668fbaaed8/jobs/6a22c7257e433821290d90bc/results/dataset_summary_liver_Andrews_Journal_of_Hepatology_2024_author_cell_type_X_umap_00ddc4.csv
dataset_summary_liver_Andrews_Journal_of_Hepatology_2024_author_cell_type_X_umap_2b80fc.csv,s3://lifebit-user-data-6941eed90a4dd7a1d1026d7a/deploit/teams/69d8dd1e5d3e1f8c350e006f/users/68af3d99c99eb7bd2ff47bc8/projects/69f80768ca774c668fbaaed8/jobs/6a22c7257e433821290d90bc/results/dataset_summary_liver_Andrews_Journal_of_Hepatology_2024_author_cell_type_X_umap_2b80fc.csv
dataset_summary_liver_Dominguez_Conde_Science_2022_Manually_curated_celltype_X_umap_04d255.csv,s3://lifebit-user-data-6941eed90a4dd7a1d1026d7a/deploit/teams/69d8dd1e5d3e1f8c350e006f/users/68af3d99c99eb7bd2ff47bc8/projects/69f80768ca774c668fbaaed8/jobs/6a22c7257e433821290d90bc/results/dataset_summary_liver_Dominguez_Conde_Science_2022_Manually_curated_celltype_X_umap_04d255.csv
dataset_summary_liver_Edgar_Hepatology_Communications_2025_author_cell_type_X_umap_90971d.csv,s3://lifebit-user-data-6941eed90a4dd7a1d1026d7a/deploit/teams/69d8dd1e5d3e1f8c350e006f/users/68af3d99c99eb7bd2ff47bc8/projects/69f80768ca774c668fbaaed8/jobs/6a22c7257e433821290d90bc/results/dataset_summary_liver_Edgar_Hepatology_Communications_2025_author_cell_type_X_umap_90971d.csv
dataset_summary_liver_Edgar_Hepatology_Communications_2025_author_cell_type_X_umap_c0113a.csv,s3://lifebit-user-data-6941eed90a4dd7a1d1026d7a/deploit/teams/69d8dd1e5d3e1f8c350e006f/users/68af3d99c99eb7bd2ff47bc8/projects/69f80768ca774c668fbaaed8/jobs/6a22c7257e433821290d90bc/results/dataset_summary_liver_Edgar_Hepatology_Communications_2025_author_cell_type_X_umap_c0113a.csv
dataset_summary_liver_Guilliams_Cell_2022_author_cell_type_X_umap_ec5dd4.csv,s3://lifebit-user-data-6941eed90a4dd7a1d1026d7a/deploit/teams/69d8dd1e5d3e1f8c350e006f/users/68af3d99c99eb7bd2ff47bc8/projects/69f80768ca774c668fbaaed8/jobs/6a22c7257e433821290d90bc/results/dataset_summary_liver_Guilliams_Cell_2022_author_cell_type_X_umap_ec5dd4.csv
dataset_summary_liver_Han_Nature_2020_author_cell_type_X_umap_5c7ea7.csv,s3://lifebit-user-data-6941eed90a4dd7a1d1026d7a/deploit/teams/69d8dd1e5d3e1f8c350e006f/users/68af3d99c99eb7bd2ff47bc8/projects/69f80768ca774c668fbaaed8/jobs/6a22c7257e433821290d90bc/results/dataset_summary_liver_Han_Nature_2020_author_cell_type_X_umap_5c7ea7.csv
dataset_summary_liver_MacParland_Nat_Commun_2018_CellType_X_umap_hm_9f00be.csv,s3://lifebit-user-data-6941eed90a4dd7a1d1026d7a/deploit/teams/69d8dd1e5d3e1f8c350e006f/users/68af3d99c99eb7bd2ff47bc8/projects/69f80768ca774c668fbaaed8/jobs/6a22c7257e433821290d90bc/results/dataset_summary_liver_MacParland_Nat_Commun_2018_CellType_X_umap_hm_9f00be.csv
dataset_summary_liver_Wells_Nat_Immunol_2025_author_cell_type_X_umap_74e9e1.csv,s3://lifebit-user-data-6941eed90a4dd7a1d1026d7a/deploit/teams/69d8dd1e5d3e1f8c350e006f/users/68af3d99c99eb7bd2ff47bc8/projects/69f80768ca774c668fbaaed8/jobs/6a22c7257e433821290d90bc/results/dataset_summary_liver_Wells_Nat_Immunol_2025_author_cell_type_X_umap_74e9e1.csv
dataset_summary_liver_Xu_Cell_2023_Curated_annotation_X_umap_a72286.csv,s3://lifebit-user-data-6941eed90a4dd7a1d1026d7a/deploit/teams/69d8dd1e5d3e1f8c350e006f/users/68af3d99c99eb7bd2ff47bc8/projects/69f80768ca774c668fbaaed8/jobs/6a22c7257e433821290d90bc/results/dataset_summary_liver_Xu_Cell_2023_Curated_annotation_X_umap_a72286.csv
dendrogram_before_filter_liver_Andrews_Hepatol_Commun_2022_author_cell_type_X_umap_3d10a5.svg,s3://lifebit-user-data-6941eed90a4dd7a1d1026d7a/deploit/teams/69d8dd1e5d3e1f8c350e006f/users/68af3d99c99eb7bd2ff47bc8/projects/69f80768ca774c668fbaaed8/jobs/6a22c7257e433821290d90bc/results/dendrogram_before_filter_liver_Andrews_Hepatol_Commun_2022_author_cell_type_X_umap_3d10a5.svg
dendrogram_before_filter_liver_Andrews_Journal_of_Hepatology_2024_author_cell_type_X_umap_00ddc4.svg,s3://lifebit-user-data-6941eed90a4dd7a1d1026d7a/deploit/teams/69d8dd1e5d3e1f8c350e006f/users/68af3d99c99eb7bd2ff47bc8/projects/69f80768ca774c668fbaaed8/jobs/6a22c7257e433821290d90bc/results/dendrogram_before_filter_liver_Andrews_Journal_of_Hepatology_2024_author_cell_type_X_umap_00ddc4.svg
dendrogram_before_filter_liver_Andrews_Journal_of_Hepatology_2024_author_cell_type_X_umap_2b80fc.svg,s3://lifebit-user-data-6941eed90a4dd7a1d1026d7a/deploit/teams/69d8dd1e5d3e1f8c350e006f/users/68af3d99c99eb7bd2ff47bc8/projects/69f80768ca774c668fbaaed8/jobs/6a22c7257e433821290d90bc/results/dendrogram_before_filter_liver_Andrews_Journal_of_Hepatology_2024_author_cell_type_X_umap_2b80fc.svg
dendrogram_before_filter_liver_Dominguez_Conde_Science_2022_Manually_curated_celltype_X_umap_04d255.svg,s3://lifebit-user-data-6941eed90a4dd7a1d1026d7a/deploit/teams/69d8dd1e5d3e1f8c350e006f/users/68af3d99c99eb7bd2ff47bc8/projects/69f80768ca774c668fbaaed8/jobs/6a22c7257e433821290d90bc/results/dendrogram_before_filter_liver_Dominguez_Conde_Science_2022_Manually_curated_celltype_X_umap_04d255.svg
dendrogram_before_filter_liver_Edgar_Hepatology_Communications_2025_author_cell_type_X_umap_90971d.svg,s3://lifebit-user-data-6941eed90a4dd7a1d1026d7a/deploit/teams/69d8dd1e5d3e1f8c350e006f/users/68af3d99c99eb7bd2ff47bc8/projects/69f80768ca774c668fbaaed8/jobs/6a22c7257e433821290d90bc/results/dendrogram_before_filter_liver_Edgar_Hepatology_Communications_2025_author_cell_type_X_umap_90971d.svg
dendrogram_before_filter_liver_Edgar_Hepatology_Communications_2025_author_cell_type_X_umap_c0113a.svg,s3://lifebit-user-data-6941eed90a4dd7a1d1026d7a/deploit/teams/69d8dd1e5d3e1f8c350e006f/users/68af3d99c99eb7bd2ff47bc8/projects/69f80768ca774c668fbaaed8/jobs/6a22c7257e433821290d90bc/results/dendrogram_before_filter_liver_Edgar_Hepatology_Communications_2025_author_cell_type_X_umap_c0113a.svg
dendrogram_before_filter_liver_Guilliams_Cell_2022_author_cell_type_X_umap_ec5dd4.svg,s3://lifebit-user-data-6941eed90a4dd7a1d1026d7a/deploit/teams/69d8dd1e5d3e1f8c350e006f/users/68af3d99c99eb7bd2ff47bc8/projects/69f80768ca774c668fbaaed8/jobs/6a22c7257e433821290d90bc/results/dendrogram_before_filter_liver_Guilliams_Cell_2022_author_cell_type_X_umap_ec5dd4.svg
dendrogram_before_filter_liver_Han_Nature_2020_author_cell_type_X_umap_5c7ea7.svg,s3://lifebit-user-data-6941eed90a4dd7a1d1026d7a/deploit/teams/69d8dd1e5d3e1f8c350e006f/users/68af3d99c99eb7bd2ff47bc8/projects/69f80768ca774c668fbaaed8/jobs/6a22c7257e433821290d90bc/results/dendrogram_before_filter_liver_Han_Nature_2020_author_cell_type_X_umap_5c7ea7.svg
dendrogram_before_filter_liver_MacParland_Nat_Commun_2018_CellType_X_umap_hm_9f00be.svg,s3://lifebit-user-data-6941eed90a4dd7a1d1026d7a/deploit/teams/69d8dd1e5d3e1f8c350e006f/users/68af3d99c99eb7bd2ff47bc8/projects/69f80768ca774c668fbaaed8/jobs/6a22c7257e433821290d90bc/results/dendrogram_before_filter_liver_MacParland_Nat_Commun_2018_CellType_X_umap_hm_9f00be.svg
dendrogram_before_filter_liver_Wells_Nat_Immunol_2025_author_cell_type_X_umap_74e9e1.svg,s3://lifebit-user-data-6941eed90a4dd7a1d1026d7a/deploit/teams/69d8dd1e5d3e1f8c350e006f/users/68af3d99c99eb7bd2ff47bc8/projects/69f80768ca774c668fbaaed8/jobs/6a22c7257e433821290d90bc/results/dendrogram_before_filter_liver_Wells_Nat_Immunol_2025_author_cell_type_X_umap_74e9e1.svg
dendrogram_before_filter_liver_Xu_Cell_2023_Curated_annotation_X_umap_a72286.svg,s3://lifebit-user-data-6941eed90a4dd7a1d1026d7a/deploit/teams/69d8dd1e5d3e1f8c350e006f/users/68af3d99c99eb7bd2ff47bc8/projects/69f80768ca774c668fbaaed8/jobs/6a22c7257e433821290d90bc/results/dendrogram_before_filter_liver_Xu_Cell_2023_Curated_annotation_X_umap_a72286.svg
dendrogram_liver_Andrews_Hepatol_Commun_2022_author_cell_type_X_umap_3d10a5.svg,s3://lifebit-user-data-6941eed90a4dd7a1d1026d7a/deploit/teams/69d8dd1e5d3e1f8c350e006f/users/68af3d99c99eb7bd2ff47bc8/projects/69f80768ca774c668fbaaed8/jobs/6a22c7257e433821290d90bc/results/dendrogram_liver_Andrews_Hepatol_Commun_2022_author_cell_type_X_umap_3d10a5.svg
dendrogram_liver_Andrews_Journal_of_Hepatology_2024_author_cell_type_X_umap_00ddc4.svg,s3://lifebit-user-data-6941eed90a4dd7a1d1026d7a/deploit/teams/69d8dd1e5d3e1f8c350e006f/users/68af3d99c99eb7bd2ff47bc8/projects/69f80768ca774c668fbaaed8/jobs/6a22c7257e433821290d90bc/results/dendrogram_liver_Andrews_Journal_of_Hepatology_2024_author_cell_type_X_umap_00ddc4.svg
dendrogram_liver_Andrews_Journal_of_Hepatology_2024_author_cell_type_X_umap_2b80fc.svg,s3://lifebit-user-data-6941eed90a4dd7a1d1026d7a/deploit/teams/69d8dd1e5d3e1f8c350e006f/users/68af3d99c99eb7bd2ff47bc8/projects/69f80768ca774c668fbaaed8/jobs/6a22c7257e433821290d90bc/results/dendrogram_liver_Andrews_Journal_of_Hepatology_2024_author_cell_type_X_umap_2b80fc.svg
dendrogram_liver_Dominguez_Conde_Science_2022_Manually_curated_celltype_X_umap_04d255.svg,s3://lifebit-user-data-6941eed90a4dd7a1d1026d7a/deploit/teams/69d8dd1e5d3e1f8c350e006f/users/68af3d99c99eb7bd2ff47bc8/projects/69f80768ca774c668fbaaed8/jobs/6a22c7257e433821290d90bc/results/dendrogram_liver_Dominguez_Conde_Science_2022_Manually_curated_celltype_X_umap_04d255.svg
dendrogram_liver_Edgar_Hepatology_Communications_2025_author_cell_type_X_umap_90971d.svg,s3://lifebit-user-data-6941eed90a4dd7a1d1026d7a/deploit/teams/69d8dd1e5d3e1f8c350e006f/users/68af3d99c99eb7bd2ff47bc8/projects/69f80768ca774c668fbaaed8/jobs/6a22c7257e433821290d90bc/results/dendrogram_liver_Edgar_Hepatology_Communications_2025_author_cell_type_X_umap_90971d.svg
dendrogram_liver_Edgar_Hepatology_Communications_2025_author_cell_type_X_umap_c0113a.svg,s3://lifebit-user-data-6941eed90a4dd7a1d1026d7a/deploit/teams/69d8dd1e5d3e1f8c350e006f/users/68af3d99c99eb7bd2ff47bc8/projects/69f80768ca774c668fbaaed8/jobs/6a22c7257e433821290d90bc/results/dendrogram_liver_Edgar_Hepatology_Communications_2025_author_cell_type_X_umap_c0113a.svg
dendrogram_liver_Guilliams_Cell_2022_author_cell_type_X_umap_ec5dd4.svg,s3://lifebit-user-data-6941eed90a4dd7a1d1026d7a/deploit/teams/69d8dd1e5d3e1f8c350e006f/users/68af3d99c99eb7bd2ff47bc8/projects/69f80768ca774c668fbaaed8/jobs/6a22c7257e433821290d90bc/results/dendrogram_liver_Guilliams_Cell_2022_author_cell_type_X_umap_ec5dd4.svg
dendrogram_liver_Han_Nature_2020_author_cell_type_X_umap_5c7ea7.svg,s3://lifebit-user-data-6941eed90a4dd7a1d1026d7a/deploit/teams/69d8dd1e5d3e1f8c350e006f/users/68af3d99c99eb7bd2ff47bc8/projects/69f80768ca774c668fbaaed8/jobs/6a22c7257e433821290d90bc/results/dendrogram_liver_Han_Nature_2020_author_cell_type_X_umap_5c7ea7.svg
dendrogram_liver_MacParland_Nat_Commun_2018_CellType_X_umap_hm_9f00be.svg,s3://lifebit-user-data-6941eed90a4dd7a1d1026d7a/deploit/teams/69d8dd1e5d3e1f8c350e006f/users/68af3d99c99eb7bd2ff47bc8/projects/69f80768ca774c668fbaaed8/jobs/6a22c7257e433821290d90bc/results/dendrogram_liver_MacParland_Nat_Commun_2018_CellType_X_umap_hm_9f00be.svg
dendrogram_liver_Wells_Nat_Immunol_2025_author_cell_type_X_umap_74e9e1.svg,s3://lifebit-user-data-6941eed90a4dd7a1d1026d7a/deploit/teams/69d8dd1e5d3e1f8c350e006f/users/68af3d99c99eb7bd2ff47bc8/projects/69f80768ca774c668fbaaed8/jobs/6a22c7257e433821290d90bc/results/dendrogram_liver_Wells_Nat_Immunol_2025_author_cell_type_X_umap_74e9e1.svg
dendrogram_liver_Xu_Cell_2023_Curated_annotation_X_umap_a72286.svg,s3://lifebit-user-data-6941eed90a4dd7a1d1026d7a/deploit/teams/69d8dd1e5d3e1f8c350e006f/users/68af3d99c99eb7bd2ff47bc8/projects/69f80768ca774c668fbaaed8/jobs/6a22c7257e433821290d90bc/results/dendrogram_liver_Xu_Cell_2023_Curated_annotation_X_umap_a72286.svg
distribution_log10_liver_Andrews_Hepatol_Commun_2022_author_cell_type_X_umap_3d10a5.html,s3://lifebit-user-data-6941eed90a4dd7a1d1026d7a/deploit/teams/69d8dd1e5d3e1f8c350e006f/users/68af3d99c99eb7bd2ff47bc8/projects/69f80768ca774c668fbaaed8/jobs/6a22c7257e433821290d90bc/results/distribution_log10_liver_Andrews_Hepatol_Commun_2022_author_cell_type_X_umap_3d10a5.html
distribution_log10_liver_Andrews_Hepatol_Commun_2022_author_cell_type_X_umap_3d10a5.svg,s3://lifebit-user-data-6941eed90a4dd7a1d1026d7a/deploit/teams/69d8dd1e5d3e1f8c350e006f/users/68af3d99c99eb7bd2ff47bc8/projects/69f80768ca774c668fbaaed8/jobs/6a22c7257e433821290d90bc/results/distribution_log10_liver_Andrews_Hepatol_Commun_2022_author_cell_type_X_umap_3d10a5.svg
distribution_log10_liver_Andrews_Journal_of_Hepatology_2024_author_cell_type_X_umap_00ddc4.html,s3://lifebit-user-data-6941eed90a4dd7a1d1026d7a/deploit/teams/69d8dd1e5d3e1f8c350e006f/users/68af3d99c99eb7bd2ff47bc8/projects/69f80768ca774c668fbaaed8/jobs/6a22c7257e433821290d90bc/results/distribution_log10_liver_Andrews_Journal_of_Hepatology_2024_author_cell_type_X_umap_00ddc4.html
distribution_log10_liver_Andrews_Journal_of_Hepatology_2024_author_cell_type_X_umap_00ddc4.svg,s3://lifebit-user-data-6941eed90a4dd7a1d1026d7a/deploit/teams/69d8dd1e5d3e1f8c350e006f/users/68af3d99c99eb7bd2ff47bc8/projects/69f80768ca774c668fbaaed8/jobs/6a22c7257e433821290d90bc/results/distribution_log10_liver_Andrews_Journal_of_Hepatology_2024_author_cell_type_X_umap_00ddc4.svg
distribution_log10_liver_Andrews_Journal_of_Hepatology_2024_author_cell_type_X_umap_2b80fc.html,s3://lifebit-user-data-6941eed90a4dd7a1d1026d7a/deploit/teams/69d8dd1e5d3e1f8c350e006f/users/68af3d99c99eb7bd2ff47bc8/projects/69f80768ca774c668fbaaed8/jobs/6a22c7257e433821290d90bc/results/distribution_log10_liver_Andrews_Journal_of_Hepatology_2024_author_cell_type_X_umap_2b80fc.html
distribution_log10_liver_Andrews_Journal_of_Hepatology_2024_author_cell_type_X_umap_2b80fc.svg,s3://lifebit-user-data-6941eed90a4dd7a1d1026d7a/deploit/teams/69d8dd1e5d3e1f8c350e006f/users/68af3d99c99eb7bd2ff47bc8/projects/69f80768ca774c668fbaaed8/jobs/6a22c7257e433821290d90bc/results/distribution_log10_liver_Andrews_Journal_of_Hepatology_2024_author_cell_type_X_umap_2b80fc.svg
distribution_log10_liver_Dominguez_Conde_Science_2022_Manually_curated_celltype_X_umap_04d255.html,s3://lifebit-user-data-6941eed90a4dd7a1d1026d7a/deploit/teams/69d8dd1e5d3e1f8c350e006f/users/68af3d99c99eb7bd2ff47bc8/projects/69f80768ca774c668fbaaed8/jobs/6a22c7257e433821290d90bc/results/distribution_log10_liver_Dominguez_Conde_Science_2022_Manually_curated_celltype_X_umap_04d255.html
distribution_log10_liver_Dominguez_Conde_Science_2022_Manually_curated_celltype_X_umap_04d255.svg,s3://lifebit-user-data-6941eed90a4dd7a1d1026d7a/deploit/teams/69d8dd1e5d3e1f8c350e006f/users/68af3d99c99eb7bd2ff47bc8/projects/69f80768ca774c668fbaaed8/jobs/6a22c7257e433821290d90bc/results/distribution_log10_liver_Dominguez_Conde_Science_2022_Manually_curated_celltype_X_umap_04d255.svg
distribution_log10_liver_Edgar_Hepatology_Communications_2025_author_cell_type_X_umap_90971d.html,s3://lifebit-user-data-6941eed90a4dd7a1d1026d7a/deploit/teams/69d8dd1e5d3e1f8c350e006f/users/68af3d99c99eb7bd2ff47bc8/projects/69f80768ca774c668fbaaed8/jobs/6a22c7257e433821290d90bc/results/distribution_log10_liver_Edgar_Hepatology_Communications_2025_author_cell_type_X_umap_90971d.html
distribution_log10_liver_Edgar_Hepatology_Communications_2025_author_cell_type_X_umap_90971d.svg,s3://lifebit-user-data-6941eed90a4dd7a1d1026d7a/deploit/teams/69d8dd1e5d3e1f8c350e006f/users/68af3d99c99eb7bd2ff47bc8/projects/69f80768ca774c668fbaaed8/jobs/6a22c7257e433821290d90bc/results/distribution_log10_liver_Edgar_Hepatology_Communications_2025_author_cell_type_X_umap_90971d.svg
distribution_log10_liver_Edgar_Hepatology_Communications_2025_author_cell_type_X_umap_c0113a.html,s3://lifebit-user-data-6941eed90a4dd7a1d1026d7a/deploit/teams/69d8dd1e5d3e1f8c350e006f/users/68af3d99c99eb7bd2ff47bc8/projects/69f80768ca774c668fbaaed8/jobs/6a22c7257e433821290d90bc/results/distribution_log10_liver_Edgar_Hepatology_Communications_2025_author_cell_type_X_umap_c0113a.html
distribution_log10_liver_Edgar_Hepatology_Communications_2025_author_cell_type_X_umap_c0113a.svg,s3://lifebit-user-data-6941eed90a4dd7a1d1026d7a/deploit/teams/69d8dd1e5d3e1f8c350e006f/users/68af3d99c99eb7bd2ff47bc8/projects/69f80768ca774c668fbaaed8/jobs/6a22c7257e433821290d90bc/results/distribution_log10_liver_Edgar_Hepatology_Communications_2025_author_cell_type_X_umap_c0113a.svg
distribution_log10_liver_Guilliams_Cell_2022_author_cell_type_X_umap_ec5dd4.html,s3://lifebit-user-data-6941eed90a4dd7a1d1026d7a/deploit/teams/69d8dd1e5d3e1f8c350e006f/users/68af3d99c99eb7bd2ff47bc8/projects/69f80768ca774c668fbaaed8/jobs/6a22c7257e433821290d90bc/results/distribution_log10_liver_Guilliams_Cell_2022_author_cell_type_X_umap_ec5dd4.html
distribution_log10_liver_Guilliams_Cell_2022_author_cell_type_X_umap_ec5dd4.svg,s3://lifebit-user-data-6941eed90a4dd7a1d1026d7a/deploit/teams/69d8dd1e5d3e1f8c350e006f/users/68af3d99c99eb7bd2ff47bc8/projects/69f80768ca774c668fbaaed8/jobs/6a22c7257e433821290d90bc/results/distribution_log10_liver_Guilliams_Cell_2022_author_cell_type_X_umap_ec5dd4.svg
distribution_log10_liver_Han_Nature_2020_author_cell_type_X_umap_5c7ea7.html,s3://lifebit-user-data-6941eed90a4dd7a1d1026d7a/deploit/teams/69d8dd1e5d3e1f8c350e006f/users/68af3d99c99eb7bd2ff47bc8/projects/69f80768ca774c668fbaaed8/jobs/6a22c7257e433821290d90bc/results/distribution_log10_liver_Han_Nature_2020_author_cell_type_X_umap_5c7ea7.html
distribution_log10_liver_Han_Nature_2020_author_cell_type_X_umap_5c7ea7.svg,s3://lifebit-user-data-6941eed90a4dd7a1d1026d7a/deploit/teams/69d8dd1e5d3e1f8c350e006f/users/68af3d99c99eb7bd2ff47bc8/projects/69f80768ca774c668fbaaed8/jobs/6a22c7257e433821290d90bc/results/distribution_log10_liver_Han_Nature_2020_author_cell_type_X_umap_5c7ea7.svg
distribution_log10_liver_MacParland_Nat_Commun_2018_CellType_X_umap_hm_9f00be.html,s3://lifebit-user-data-6941eed90a4dd7a1d1026d7a/deploit/teams/69d8dd1e5d3e1f8c350e006f/users/68af3d99c99eb7bd2ff47bc8/projects/69f80768ca774c668fbaaed8/jobs/6a22c7257e433821290d90bc/results/distribution_log10_liver_MacParland_Nat_Commun_2018_CellType_X_umap_hm_9f00be.html
distribution_log10_liver_MacParland_Nat_Commun_2018_CellType_X_umap_hm_9f00be.svg,s3://lifebit-user-data-6941eed90a4dd7a1d1026d7a/deploit/teams/69d8dd1e5d3e1f8c350e006f/users/68af3d99c99eb7bd2ff47bc8/projects/69f80768ca774c668fbaaed8/jobs/6a22c7257e433821290d90bc/results/distribution_log10_liver_MacParland_Nat_Commun_2018_CellType_X_umap_hm_9f00be.svg
distribution_log10_liver_Wells_Nat_Immunol_2025_author_cell_type_X_umap_74e9e1.html,s3://lifebit-user-data-6941eed90a4dd7a1d1026d7a/deploit/teams/69d8dd1e5d3e1f8c350e006f/users/68af3d99c99eb7bd2ff47bc8/projects/69f80768ca774c668fbaaed8/jobs/6a22c7257e433821290d90bc/results/distribution_log10_liver_Wells_Nat_Immunol_2025_author_cell_type_X_umap_74e9e1.html
distribution_log10_liver_Wells_Nat_Immunol_2025_author_cell_type_X_umap_74e9e1.svg,s3://lifebit-user-data-6941eed90a4dd7a1d1026d7a/deploit/teams/69d8dd1e5d3e1f8c350e006f/users/68af3d99c99eb7bd2ff47bc8/projects/69f80768ca774c668fbaaed8/jobs/6a22c7257e433821290d90bc/results/distribution_log10_liver_Wells_Nat_Immunol_2025_author_cell_type_X_umap_74e9e1.svg
distribution_log10_liver_Xu_Cell_2023_Curated_annotation_X_umap_a72286.html,s3://lifebit-user-data-6941eed90a4dd7a1d1026d7a/deploit/teams/69d8dd1e5d3e1f8c350e006f/users/68af3d99c99eb7bd2ff47bc8/projects/69f80768ca774c668fbaaed8/jobs/6a22c7257e433821290d90bc/results/distribution_log10_liver_Xu_Cell_2023_Curated_annotation_X_umap_a72286.html
distribution_log10_liver_Xu_Cell_2023_Curated_annotation_X_umap_a72286.svg,s3://lifebit-user-data-6941eed90a4dd7a1d1026d7a/deploit/teams/69d8dd1e5d3e1f8c350e006f/users/68af3d99c99eb7bd2ff47bc8/projects/69f80768ca774c668fbaaed8/jobs/6a22c7257e433821290d90bc/results/distribution_log10_liver_Xu_Cell_2023_Curated_annotation_X_umap_a72286.svg
distribution_raw_liver_Andrews_Hepatol_Commun_2022_author_cell_type_X_umap_3d10a5.html,s3://lifebit-user-data-6941eed90a4dd7a1d1026d7a/deploit/teams/69d8dd1e5d3e1f8c350e006f/users/68af3d99c99eb7bd2ff47bc8/projects/69f80768ca774c668fbaaed8/jobs/6a22c7257e433821290d90bc/results/distribution_raw_liver_Andrews_Hepatol_Commun_2022_author_cell_type_X_umap_3d10a5.html
distribution_raw_liver_Andrews_Hepatol_Commun_2022_author_cell_type_X_umap_3d10a5.svg,s3://lifebit-user-data-6941eed90a4dd7a1d1026d7a/deploit/teams/69d8dd1e5d3e1f8c350e006f/users/68af3d99c99eb7bd2ff47bc8/projects/69f80768ca774c668fbaaed8/jobs/6a22c7257e433821290d90bc/results/distribution_raw_liver_Andrews_Hepatol_Commun_2022_author_cell_type_X_umap_3d10a5.svg
distribution_raw_liver_Andrews_Journal_of_Hepatology_2024_author_cell_type_X_umap_00ddc4.html,s3://lifebit-user-data-6941eed90a4dd7a1d1026d7a/deploit/teams/69d8dd1e5d3e1f8c350e006f/users/68af3d99c99eb7bd2ff47bc8/projects/69f80768ca774c668fbaaed8/jobs/6a22c7257e433821290d90bc/results/distribution_raw_liver_Andrews_Journal_of_Hepatology_2024_author_cell_type_X_umap_00ddc4.html
distribution_raw_liver_Andrews_Journal_of_Hepatology_2024_author_cell_type_X_umap_00ddc4.svg,s3://lifebit-user-data-6941eed90a4dd7a1d1026d7a/deploit/teams/69d8dd1e5d3e1f8c350e006f/users/68af3d99c99eb7bd2ff47bc8/projects/69f80768ca774c668fbaaed8/jobs/6a22c7257e433821290d90bc/results/distribution_raw_liver_Andrews_Journal_of_Hepatology_2024_author_cell_type_X_umap_00ddc4.svg
distribution_raw_liver_Andrews_Journal_of_Hepatology_2024_author_cell_type_X_umap_2b80fc.html,s3://lifebit-user-data-6941eed90a4dd7a1d1026d7a/deploit/teams/69d8dd1e5d3e1f8c350e006f/users/68af3d99c99eb7bd2ff47bc8/projects/69f80768ca774c668fbaaed8/jobs/6a22c7257e433821290d90bc/results/distribution_raw_liver_Andrews_Journal_of_Hepatology_2024_author_cell_type_X_umap_2b80fc.html
distribution_raw_liver_Andrews_Journal_of_Hepatology_2024_author_cell_type_X_umap_2b80fc.svg,s3://lifebit-user-data-6941eed90a4dd7a1d1026d7a/deploit/teams/69d8dd1e5d3e1f8c350e006f/users/68af3d99c99eb7bd2ff47bc8/projects/69f80768ca774c668fbaaed8/jobs/6a22c7257e433821290d90bc/results/distribution_raw_liver_Andrews_Journal_of_Hepatology_2024_author_cell_type_X_umap_2b80fc.svg
distribution_raw_liver_Dominguez_Conde_Science_2022_Manually_curated_celltype_X_umap_04d255.html,s3://lifebit-user-data-6941eed90a4dd7a1d1026d7a/deploit/teams/69d8dd1e5d3e1f8c350e006f/users/68af3d99c99eb7bd2ff47bc8/projects/69f80768ca774c668fbaaed8/jobs/6a22c7257e433821290d90bc/results/distribution_raw_liver_Dominguez_Conde_Science_2022_Manually_curated_celltype_X_umap_04d255.html
distribution_raw_liver_Dominguez_Conde_Science_2022_Manually_curated_celltype_X_umap_04d255.svg,s3://lifebit-user-data-6941eed90a4dd7a1d1026d7a/deploit/teams/69d8dd1e5d3e1f8c350e006f/users/68af3d99c99eb7bd2ff47bc8/projects/69f80768ca774c668fbaaed8/jobs/6a22c7257e433821290d90bc/results/distribution_raw_liver_Dominguez_Conde_Science_2022_Manually_curated_celltype_X_umap_04d255.svg
distribution_raw_liver_Edgar_Hepatology_Communications_2025_author_cell_type_X_umap_90971d.html,s3://lifebit-user-data-6941eed90a4dd7a1d1026d7a/deploit/teams/69d8dd1e5d3e1f8c350e006f/users/68af3d99c99eb7bd2ff47bc8/projects/69f80768ca774c668fbaaed8/jobs/6a22c7257e433821290d90bc/results/distribution_raw_liver_Edgar_Hepatology_Communications_2025_author_cell_type_X_umap_90971d.html
distribution_raw_liver_Edgar_Hepatology_Communications_2025_author_cell_type_X_umap_90971d.svg,s3://lifebit-user-data-6941eed90a4dd7a1d1026d7a/deploit/teams/69d8dd1e5d3e1f8c350e006f/users/68af3d99c99eb7bd2ff47bc8/projects/69f80768ca774c668fbaaed8/jobs/6a22c7257e433821290d90bc/results/distribution_raw_liver_Edgar_Hepatology_Communications_2025_author_cell_type_X_umap_90971d.svg
distribution_raw_liver_Edgar_Hepatology_Communications_2025_author_cell_type_X_umap_c0113a.html,s3://lifebit-user-data-6941eed90a4dd7a1d1026d7a/deploit/teams/69d8dd1e5d3e1f8c350e006f/users/68af3d99c99eb7bd2ff47bc8/projects/69f80768ca774c668fbaaed8/jobs/6a22c7257e433821290d90bc/results/distribution_raw_liver_Edgar_Hepatology_Communications_2025_author_cell_type_X_umap_c0113a.html
distribution_raw_liver_Edgar_Hepatology_Communications_2025_author_cell_type_X_umap_c0113a.svg,s3://lifebit-user-data-6941eed90a4dd7a1d1026d7a/deploit/teams/69d8dd1e5d3e1f8c350e006f/users/68af3d99c99eb7bd2ff47bc8/projects/69f80768ca774c668fbaaed8/jobs/6a22c7257e433821290d90bc/results/distribution_raw_liver_Edgar_Hepatology_Communications_2025_author_cell_type_X_umap_c0113a.svg
distribution_raw_liver_Guilliams_Cell_2022_author_cell_type_X_umap_ec5dd4.html,s3://lifebit-user-data-6941eed90a4dd7a1d1026d7a/deploit/teams/69d8dd1e5d3e1f8c350e006f/users/68af3d99c99eb7bd2ff47bc8/projects/69f80768ca774c668fbaaed8/jobs/6a22c7257e433821290d90bc/results/distribution_raw_liver_Guilliams_Cell_2022_author_cell_type_X_umap_ec5dd4.html
distribution_raw_liver_Guilliams_Cell_2022_author_cell_type_X_umap_ec5dd4.svg,s3://lifebit-user-data-6941eed90a4dd7a1d1026d7a/deploit/teams/69d8dd1e5d3e1f8c350e006f/users/68af3d99c99eb7bd2ff47bc8/projects/69f80768ca774c668fbaaed8/jobs/6a22c7257e433821290d90bc/results/distribution_raw_liver_Guilliams_Cell_2022_author_cell_type_X_umap_ec5dd4.svg
distribution_raw_liver_Han_Nature_2020_author_cell_type_X_umap_5c7ea7.html,s3://lifebit-user-data-6941eed90a4dd7a1d1026d7a/deploit/teams/69d8dd1e5d3e1f8c350e006f/users/68af3d99c99eb7bd2ff47bc8/projects/69f80768ca774c668fbaaed8/jobs/6a22c7257e433821290d90bc/results/distribution_raw_liver_Han_Nature_2020_author_cell_type_X_umap_5c7ea7.html
distribution_raw_liver_Han_Nature_2020_author_cell_type_X_umap_5c7ea7.svg,s3://lifebit-user-data-6941eed90a4dd7a1d1026d7a/deploit/teams/69d8dd1e5d3e1f8c350e006f/users/68af3d99c99eb7bd2ff47bc8/projects/69f80768ca774c668fbaaed8/jobs/6a22c7257e433821290d90bc/results/distribution_raw_liver_Han_Nature_2020_author_cell_type_X_umap_5c7ea7.svg
distribution_raw_liver_MacParland_Nat_Commun_2018_CellType_X_umap_hm_9f00be.html,s3://lifebit-user-data-6941eed90a4dd7a1d1026d7a/deploit/teams/69d8dd1e5d3e1f8c350e006f/users/68af3d99c99eb7bd2ff47bc8/projects/69f80768ca774c668fbaaed8/jobs/6a22c7257e433821290d90bc/results/distribution_raw_liver_MacParland_Nat_Commun_2018_CellType_X_umap_hm_9f00be.html
distribution_raw_liver_MacParland_Nat_Commun_2018_CellType_X_umap_hm_9f00be.svg,s3://lifebit-user-data-6941eed90a4dd7a1d1026d7a/deploit/teams/69d8dd1e5d3e1f8c350e006f/users/68af3d99c99eb7bd2ff47bc8/projects/69f80768ca774c668fbaaed8/jobs/6a22c7257e433821290d90bc/results/distribution_raw_liver_MacParland_Nat_Commun_2018_CellType_X_umap_hm_9f00be.svg
distribution_raw_liver_Wells_Nat_Immunol_2025_author_cell_type_X_umap_74e9e1.html,s3://lifebit-user-data-6941eed90a4dd7a1d1026d7a/deploit/teams/69d8dd1e5d3e1f8c350e006f/users/68af3d99c99eb7bd2ff47bc8/projects/69f80768ca774c668fbaaed8/jobs/6a22c7257e433821290d90bc/results/distribution_raw_liver_Wells_Nat_Immunol_2025_author_cell_type_X_umap_74e9e1.html
distribution_raw_liver_Wells_Nat_Immunol_2025_author_cell_type_X_umap_74e9e1.svg,s3://lifebit-user-data-6941eed90a4dd7a1d1026d7a/deploit/teams/69d8dd1e5d3e1f8c350e006f/users/68af3d99c99eb7bd2ff47bc8/projects/69f80768ca774c668fbaaed8/jobs/6a22c7257e433821290d90bc/results/distribution_raw_liver_Wells_Nat_Immunol_2025_author_cell_type_X_umap_74e9e1.svg
distribution_raw_liver_Xu_Cell_2023_Curated_annotation_X_umap_a72286.html,s3://lifebit-user-data-6941eed90a4dd7a1d1026d7a/deploit/teams/69d8dd1e5d3e1f8c350e006f/users/68af3d99c99eb7bd2ff47bc8/projects/69f80768ca774c668fbaaed8/jobs/6a22c7257e433821290d90bc/results/distribution_raw_liver_Xu_Cell_2023_Curated_annotation_X_umap_a72286.html
distribution_raw_liver_Xu_Cell_2023_Curated_annotation_X_umap_a72286.svg,s3://lifebit-user-data-6941eed90a4dd7a1d1026d7a/deploit/teams/69d8dd1e5d3e1f8c350e006f/users/68af3d99c99eb7bd2ff47bc8/projects/69f80768ca774c668fbaaed8/jobs/6a22c7257e433821290d90bc/results/distribution_raw_liver_Xu_Cell_2023_Curated_annotation_X_umap_a72286.svg
dotplot__scaledliver_Andrews_Hepatol_Commun_2022_author_cell_type_X_umap_3d10a5.svg,s3://lifebit-user-data-6941eed90a4dd7a1d1026d7a/deploit/teams/69d8dd1e5d3e1f8c350e006f/users/68af3d99c99eb7bd2ff47bc8/projects/69f80768ca774c668fbaaed8/jobs/6a22c7257e433821290d90bc/results/dotplot__scaledliver_Andrews_Hepatol_Commun_2022_author_cell_type_X_umap_3d10a5.svg
dotplot__scaledliver_Andrews_Journal_of_Hepatology_2024_author_cell_type_X_umap_00ddc4.svg,s3://lifebit-user-data-6941eed90a4dd7a1d1026d7a/deploit/teams/69d8dd1e5d3e1f8c350e006f/users/68af3d99c99eb7bd2ff47bc8/projects/69f80768ca774c668fbaaed8/jobs/6a22c7257e433821290d90bc/results/dotplot__scaledliver_Andrews_Journal_of_Hepatology_2024_author_cell_type_X_umap_00ddc4.svg
dotplot__scaledliver_Andrews_Journal_of_Hepatology_2024_author_cell_type_X_umap_2b80fc.svg,s3://lifebit-user-data-6941eed90a4dd7a1d1026d7a/deploit/teams/69d8dd1e5d3e1f8c350e006f/users/68af3d99c99eb7bd2ff47bc8/projects/69f80768ca774c668fbaaed8/jobs/6a22c7257e433821290d90bc/results/dotplot__scaledliver_Andrews_Journal_of_Hepatology_2024_author_cell_type_X_umap_2b80fc.svg
dotplot__scaledliver_Dominguez_Conde_Science_2022_Manually_curated_celltype_X_umap_04d255.svg,s3://lifebit-user-data-6941eed90a4dd7a1d1026d7a/deploit/teams/69d8dd1e5d3e1f8c350e006f/users/68af3d99c99eb7bd2ff47bc8/projects/69f80768ca774c668fbaaed8/jobs/6a22c7257e433821290d90bc/results/dotplot__scaledliver_Dominguez_Conde_Science_2022_Manually_curated_celltype_X_umap_04d255.svg
dotplot__scaledliver_Edgar_Hepatology_Communications_2025_author_cell_type_X_umap_90971d.svg,s3://lifebit-user-data-6941eed90a4dd7a1d1026d7a/deploit/teams/69d8dd1e5d3e1f8c350e006f/users/68af3d99c99eb7bd2ff47bc8/projects/69f80768ca774c668fbaaed8/jobs/6a22c7257e433821290d90bc/results/dotplot__scaledliver_Edgar_Hepatology_Communications_2025_author_cell_type_X_umap_90971d.svg
dotplot__scaledliver_Edgar_Hepatology_Communications_2025_author_cell_type_X_umap_c0113a.svg,s3://lifebit-user-data-6941eed90a4dd7a1d1026d7a/deploit/teams/69d8dd1e5d3e1f8c350e006f/users/68af3d99c99eb7bd2ff47bc8/projects/69f80768ca774c668fbaaed8/jobs/6a22c7257e433821290d90bc/results/dotplot__scaledliver_Edgar_Hepatology_Communications_2025_author_cell_type_X_umap_c0113a.svg
dotplot__scaledliver_Guilliams_Cell_2022_author_cell_type_X_umap_ec5dd4.svg,s3://lifebit-user-data-6941eed90a4dd7a1d1026d7a/deploit/teams/69d8dd1e5d3e1f8c350e006f/users/68af3d99c99eb7bd2ff47bc8/projects/69f80768ca774c668fbaaed8/jobs/6a22c7257e433821290d90bc/results/dotplot__scaledliver_Guilliams_Cell_2022_author_cell_type_X_umap_ec5dd4.svg
dotplot__scaledliver_Han_Nature_2020_author_cell_type_X_umap_5c7ea7.svg,s3://lifebit-user-data-6941eed90a4dd7a1d1026d7a/deploit/teams/69d8dd1e5d3e1f8c350e006f/users/68af3d99c99eb7bd2ff47bc8/projects/69f80768ca774c668fbaaed8/jobs/6a22c7257e433821290d90bc/results/dotplot__scaledliver_Han_Nature_2020_author_cell_type_X_umap_5c7ea7.svg
dotplot__scaledliver_MacParland_Nat_Commun_2018_CellType_X_umap_hm_9f00be.svg,s3://lifebit-user-data-6941eed90a4dd7a1d1026d7a/deploit/teams/69d8dd1e5d3e1f8c350e006f/users/68af3d99c99eb7bd2ff47bc8/projects/69f80768ca774c668fbaaed8/jobs/6a22c7257e433821290d90bc/results/dotplot__scaledliver_MacParland_Nat_Commun_2018_CellType_X_umap_hm_9f00be.svg
dotplot__scaledliver_Wells_Nat_Immunol_2025_author_cell_type_X_umap_74e9e1.svg,s3://lifebit-user-data-6941eed90a4dd7a1d1026d7a/deploit/teams/69d8dd1e5d3e1f8c350e006f/users/68af3d99c99eb7bd2ff47bc8/projects/69f80768ca774c668fbaaed8/jobs/6a22c7257e433821290d90bc/results/dotplot__scaledliver_Wells_Nat_Immunol_2025_author_cell_type_X_umap_74e9e1.svg
dotplot__scaledliver_Xu_Cell_2023_Curated_annotation_X_umap_a72286.svg,s3://lifebit-user-data-6941eed90a4dd7a1d1026d7a/deploit/teams/69d8dd1e5d3e1f8c350e006f/users/68af3d99c99eb7bd2ff47bc8/projects/69f80768ca774c668fbaaed8/jobs/6a22c7257e433821290d90bc/results/dotplot__scaledliver_Xu_Cell_2023_Curated_annotation_X_umap_a72286.svg
dotplot_liver_Andrews_Hepatol_Commun_2022_author_cell_type_X_umap_3d10a5.svg,s3://lifebit-user-data-6941eed90a4dd7a1d1026d7a/deploit/teams/69d8dd1e5d3e1f8c350e006f/users/68af3d99c99eb7bd2ff47bc8/projects/69f80768ca774c668fbaaed8/jobs/6a22c7257e433821290d90bc/results/dotplot_liver_Andrews_Hepatol_Commun_2022_author_cell_type_X_umap_3d10a5.svg
dotplot_liver_Andrews_Journal_of_Hepatology_2024_author_cell_type_X_umap_00ddc4.svg,s3://lifebit-user-data-6941eed90a4dd7a1d1026d7a/deploit/teams/69d8dd1e5d3e1f8c350e006f/users/68af3d99c99eb7bd2ff47bc8/projects/69f80768ca774c668fbaaed8/jobs/6a22c7257e433821290d90bc/results/dotplot_liver_Andrews_Journal_of_Hepatology_2024_author_cell_type_X_umap_00ddc4.svg
dotplot_liver_Andrews_Journal_of_Hepatology_2024_author_cell_type_X_umap_2b80fc.svg,s3://lifebit-user-data-6941eed90a4dd7a1d1026d7a/deploit/teams/69d8dd1e5d3e1f8c350e006f/users/68af3d99c99eb7bd2ff47bc8/projects/69f80768ca774c668fbaaed8/jobs/6a22c7257e433821290d90bc/results/dotplot_liver_Andrews_Journal_of_Hepatology_2024_author_cell_type_X_umap_2b80fc.svg
dotplot_liver_Dominguez_Conde_Science_2022_Manually_curated_celltype_X_umap_04d255.svg,s3://lifebit-user-data-6941eed90a4dd7a1d1026d7a/deploit/teams/69d8dd1e5d3e1f8c350e006f/users/68af3d99c99eb7bd2ff47bc8/projects/69f80768ca774c668fbaaed8/jobs/6a22c7257e433821290d90bc/results/dotplot_liver_Dominguez_Conde_Science_2022_Manually_curated_celltype_X_umap_04d255.svg
dotplot_liver_Edgar_Hepatology_Communications_2025_author_cell_type_X_umap_90971d.svg,s3://lifebit-user-data-6941eed90a4dd7a1d1026d7a/deploit/teams/69d8dd1e5d3e1f8c350e006f/users/68af3d99c99eb7bd2ff47bc8/projects/69f80768ca774c668fbaaed8/jobs/6a22c7257e433821290d90bc/results/dotplot_liver_Edgar_Hepatology_Communications_2025_author_cell_type_X_umap_90971d.svg
dotplot_liver_Edgar_Hepatology_Communications_2025_author_cell_type_X_umap_c0113a.svg,s3://lifebit-user-data-6941eed90a4dd7a1d1026d7a/deploit/teams/69d8dd1e5d3e1f8c350e006f/users/68af3d99c99eb7bd2ff47bc8/projects/69f80768ca774c668fbaaed8/jobs/6a22c7257e433821290d90bc/results/dotplot_liver_Edgar_Hepatology_Communications_2025_author_cell_type_X_umap_c0113a.svg
dotplot_liver_Guilliams_Cell_2022_author_cell_type_X_umap_ec5dd4.svg,s3://lifebit-user-data-6941eed90a4dd7a1d1026d7a/deploit/teams/69d8dd1e5d3e1f8c350e006f/users/68af3d99c99eb7bd2ff47bc8/projects/69f80768ca774c668fbaaed8/jobs/6a22c7257e433821290d90bc/results/dotplot_liver_Guilliams_Cell_2022_author_cell_type_X_umap_ec5dd4.svg
dotplot_liver_Han_Nature_2020_author_cell_type_X_umap_5c7ea7.svg,s3://lifebit-user-data-6941eed90a4dd7a1d1026d7a/deploit/teams/69d8dd1e5d3e1f8c350e006f/users/68af3d99c99eb7bd2ff47bc8/projects/69f80768ca774c668fbaaed8/jobs/6a22c7257e433821290d90bc/results/dotplot_liver_Han_Nature_2020_author_cell_type_X_umap_5c7ea7.svg
dotplot_liver_MacParland_Nat_Commun_2018_CellType_X_umap_hm_9f00be.svg,s3://lifebit-user-data-6941eed90a4dd7a1d1026d7a/deploit/teams/69d8dd1e5d3e1f8c350e006f/users/68af3d99c99eb7bd2ff47bc8/projects/69f80768ca774c668fbaaed8/jobs/6a22c7257e433821290d90bc/results/dotplot_liver_MacParland_Nat_Commun_2018_CellType_X_umap_hm_9f00be.svg
dotplot_liver_Wells_Nat_Immunol_2025_author_cell_type_X_umap_74e9e1.svg,s3://lifebit-user-data-6941eed90a4dd7a1d1026d7a/deploit/teams/69d8dd1e5d3e1f8c350e006f/users/68af3d99c99eb7bd2ff47bc8/projects/69f80768ca774c668fbaaed8/jobs/6a22c7257e433821290d90bc/results/dotplot_liver_Wells_Nat_Immunol_2025_author_cell_type_X_umap_74e9e1.svg
dotplot_liver_Xu_Cell_2023_Curated_annotation_X_umap_a72286.svg,s3://lifebit-user-data-6941eed90a4dd7a1d1026d7a/deploit/teams/69d8dd1e5d3e1f8c350e006f/users/68af3d99c99eb7bd2ff47bc8/projects/69f80768ca774c668fbaaed8/jobs/6a22c7257e433821290d90bc/results/dotplot_liver_Xu_Cell_2023_Curated_annotation_X_umap_a72286.svg
gene_selection_ensg_liver_Andrews_Hepatol_Commun_2022_author_cell_type_X_umap_3d10a5.csv,s3://lifebit-user-data-6941eed90a4dd7a1d1026d7a/deploit/teams/69d8dd1e5d3e1f8c350e006f/users/68af3d99c99eb7bd2ff47bc8/projects/69f80768ca774c668fbaaed8/jobs/6a22c7257e433821290d90bc/results/gene_selection_ensg_liver_Andrews_Hepatol_Commun_2022_author_cell_type_X_umap_3d10a5.csv
gene_selection_ensg_liver_Andrews_Journal_of_Hepatology_2024_author_cell_type_X_umap_00ddc4.csv,s3://lifebit-user-data-6941eed90a4dd7a1d1026d7a/deploit/teams/69d8dd1e5d3e1f8c350e006f/users/68af3d99c99eb7bd2ff47bc8/projects/69f80768ca774c668fbaaed8/jobs/6a22c7257e433821290d90bc/results/gene_selection_ensg_liver_Andrews_Journal_of_Hepatology_2024_author_cell_type_X_umap_00ddc4.csv
gene_selection_ensg_liver_Andrews_Journal_of_Hepatology_2024_author_cell_type_X_umap_2b80fc.csv,s3://lifebit-user-data-6941eed90a4dd7a1d1026d7a/deploit/teams/69d8dd1e5d3e1f8c350e006f/users/68af3d99c99eb7bd2ff47bc8/projects/69f80768ca774c668fbaaed8/jobs/6a22c7257e433821290d90bc/results/gene_selection_ensg_liver_Andrews_Journal_of_Hepatology_2024_author_cell_type_X_umap_2b80fc.csv
gene_selection_ensg_liver_Dominguez_Conde_Science_2022_Manually_curated_celltype_X_umap_04d255.csv,s3://lifebit-user-data-6941eed90a4dd7a1d1026d7a/deploit/teams/69d8dd1e5d3e1f8c350e006f/users/68af3d99c99eb7bd2ff47bc8/projects/69f80768ca774c668fbaaed8/jobs/6a22c7257e433821290d90bc/results/gene_selection_ensg_liver_Dominguez_Conde_Science_2022_Manually_curated_celltype_X_umap_04d255.csv
gene_selection_ensg_liver_Edgar_Hepatology_Communications_2025_author_cell_type_X_umap_90971d.csv,s3://lifebit-user-data-6941eed90a4dd7a1d1026d7a/deploit/teams/69d8dd1e5d3e1f8c350e006f/users/68af3d99c99eb7bd2ff47bc8/projects/69f80768ca774c668fbaaed8/jobs/6a22c7257e433821290d90bc/results/gene_selection_ensg_liver_Edgar_Hepatology_Communications_2025_author_cell_type_X_umap_90971d.csv
gene_selection_ensg_liver_Edgar_Hepatology_Communications_2025_author_cell_type_X_umap_c0113a.csv,s3://lifebit-user-data-6941eed90a4dd7a1d1026d7a/deploit/teams/69d8dd1e5d3e1f8c350e006f/users/68af3d99c99eb7bd2ff47bc8/projects/69f80768ca774c668fbaaed8/jobs/6a22c7257e433821290d90bc/results/gene_selection_ensg_liver_Edgar_Hepatology_Communications_2025_author_cell_type_X_umap_c0113a.csv
gene_selection_ensg_liver_Guilliams_Cell_2022_author_cell_type_X_umap_ec5dd4.csv,s3://lifebit-user-data-6941eed90a4dd7a1d1026d7a/deploit/teams/69d8dd1e5d3e1f8c350e006f/users/68af3d99c99eb7bd2ff47bc8/projects/69f80768ca774c668fbaaed8/jobs/6a22c7257e433821290d90bc/results/gene_selection_ensg_liver_Guilliams_Cell_2022_author_cell_type_X_umap_ec5dd4.csv
gene_selection_ensg_liver_Han_Nature_2020_author_cell_type_X_umap_5c7ea7.csv,s3://lifebit-user-data-6941eed90a4dd7a1d1026d7a/deploit/teams/69d8dd1e5d3e1f8c350e006f/users/68af3d99c99eb7bd2ff47bc8/projects/69f80768ca774c668fbaaed8/jobs/6a22c7257e433821290d90bc/results/gene_selection_ensg_liver_Han_Nature_2020_author_cell_type_X_umap_5c7ea7.csv
gene_selection_ensg_liver_MacParland_Nat_Commun_2018_CellType_X_umap_hm_9f00be.csv,s3://lifebit-user-data-6941eed90a4dd7a1d1026d7a/deploit/teams/69d8dd1e5d3e1f8c350e006f/users/68af3d99c99eb7bd2ff47bc8/projects/69f80768ca774c668fbaaed8/jobs/6a22c7257e433821290d90bc/results/gene_selection_ensg_liver_MacParland_Nat_Commun_2018_CellType_X_umap_hm_9f00be.csv
gene_selection_ensg_liver_Wells_Nat_Immunol_2025_author_cell_type_X_umap_74e9e1.csv,s3://lifebit-user-data-6941eed90a4dd7a1d1026d7a/deploit/teams/69d8dd1e5d3e1f8c350e006f/users/68af3d99c99eb7bd2ff47bc8/projects/69f80768ca774c668fbaaed8/jobs/6a22c7257e433821290d90bc/results/gene_selection_ensg_liver_Wells_Nat_Immunol_2025_author_cell_type_X_umap_74e9e1.csv
gene_selection_ensg_liver_Xu_Cell_2023_Curated_annotation_X_umap_a72286.csv,s3://lifebit-user-data-6941eed90a4dd7a1d1026d7a/deploit/teams/69d8dd1e5d3e1f8c350e006f/users/68af3d99c99eb7bd2ff47bc8/projects/69f80768ca774c668fbaaed8/jobs/6a22c7257e433821290d90bc/results/gene_selection_ensg_liver_Xu_Cell_2023_Curated_annotation_X_umap_a72286.csv
gene_selection_symbols_liver_Andrews_Hepatol_Commun_2022_author_cell_type_X_umap_3d10a5.csv,s3://lifebit-user-data-6941eed90a4dd7a1d1026d7a/deploit/teams/69d8dd1e5d3e1f8c350e006f/users/68af3d99c99eb7bd2ff47bc8/projects/69f80768ca774c668fbaaed8/jobs/6a22c7257e433821290d90bc/results/gene_selection_symbols_liver_Andrews_Hepatol_Commun_2022_author_cell_type_X_umap_3d10a5.csv
gene_selection_symbols_liver_Andrews_Journal_of_Hepatology_2024_author_cell_type_X_umap_00ddc4.csv,s3://lifebit-user-data-6941eed90a4dd7a1d1026d7a/deploit/teams/69d8dd1e5d3e1f8c350e006f/users/68af3d99c99eb7bd2ff47bc8/projects/69f80768ca774c668fbaaed8/jobs/6a22c7257e433821290d90bc/results/gene_selection_symbols_liver_Andrews_Journal_of_Hepatology_2024_author_cell_type_X_umap_00ddc4.csv
gene_selection_symbols_liver_Andrews_Journal_of_Hepatology_2024_author_cell_type_X_umap_2b80fc.csv,s3://lifebit-user-data-6941eed90a4dd7a1d1026d7a/deploit/teams/69d8dd1e5d3e1f8c350e006f/users/68af3d99c99eb7bd2ff47bc8/projects/69f80768ca774c668fbaaed8/jobs/6a22c7257e433821290d90bc/results/gene_selection_symbols_liver_Andrews_Journal_of_Hepatology_2024_author_cell_type_X_umap_2b80fc.csv
gene_selection_symbols_liver_Dominguez_Conde_Science_2022_Manually_curated_celltype_X_umap_04d255.csv,s3://lifebit-user-data-6941eed90a4dd7a1d1026d7a/deploit/teams/69d8dd1e5d3e1f8c350e006f/users/68af3d99c99eb7bd2ff47bc8/projects/69f80768ca774c668fbaaed8/jobs/6a22c7257e433821290d90bc/results/gene_selection_symbols_liver_Dominguez_Conde_Science_2022_Manually_curated_celltype_X_umap_04d255.csv
gene_selection_symbols_liver_Edgar_Hepatology_Communications_2025_author_cell_type_X_umap_90971d.csv,s3://lifebit-user-data-6941eed90a4dd7a1d1026d7a/deploit/teams/69d8dd1e5d3e1f8c350e006f/users/68af3d99c99eb7bd2ff47bc8/projects/69f80768ca774c668fbaaed8/jobs/6a22c7257e433821290d90bc/results/gene_selection_symbols_liver_Edgar_Hepatology_Communications_2025_author_cell_type_X_umap_90971d.csv
gene_selection_symbols_liver_Edgar_Hepatology_Communications_2025_author_cell_type_X_umap_c0113a.csv,s3://lifebit-user-data-6941eed90a4dd7a1d1026d7a/deploit/teams/69d8dd1e5d3e1f8c350e006f/users/68af3d99c99eb7bd2ff47bc8/projects/69f80768ca774c668fbaaed8/jobs/6a22c7257e433821290d90bc/results/gene_selection_symbols_liver_Edgar_Hepatology_Communications_2025_author_cell_type_X_umap_c0113a.csv
gene_selection_symbols_liver_Guilliams_Cell_2022_author_cell_type_X_umap_ec5dd4.csv,s3://lifebit-user-data-6941eed90a4dd7a1d1026d7a/deploit/teams/69d8dd1e5d3e1f8c350e006f/users/68af3d99c99eb7bd2ff47bc8/projects/69f80768ca774c668fbaaed8/jobs/6a22c7257e433821290d90bc/results/gene_selection_symbols_liver_Guilliams_Cell_2022_author_cell_type_X_umap_ec5dd4.csv
gene_selection_symbols_liver_Han_Nature_2020_author_cell_type_X_umap_5c7ea7.csv,s3://lifebit-user-data-6941eed90a4dd7a1d1026d7a/deploit/teams/69d8dd1e5d3e1f8c350e006f/users/68af3d99c99eb7bd2ff47bc8/projects/69f80768ca774c668fbaaed8/jobs/6a22c7257e433821290d90bc/results/gene_selection_symbols_liver_Han_Nature_2020_author_cell_type_X_umap_5c7ea7.csv
gene_selection_symbols_liver_MacParland_Nat_Commun_2018_CellType_X_umap_hm_9f00be.csv,s3://lifebit-user-data-6941eed90a4dd7a1d1026d7a/deploit/teams/69d8dd1e5d3e1f8c350e006f/users/68af3d99c99eb7bd2ff47bc8/projects/69f80768ca774c668fbaaed8/jobs/6a22c7257e433821290d90bc/results/gene_selection_symbols_liver_MacParland_Nat_Commun_2018_CellType_X_umap_hm_9f00be.csv
gene_selection_symbols_liver_Wells_Nat_Immunol_2025_author_cell_type_X_umap_74e9e1.csv,s3://lifebit-user-data-6941eed90a4dd7a1d1026d7a/deploit/teams/69d8dd1e5d3e1f8c350e006f/users/68af3d99c99eb7bd2ff47bc8/projects/69f80768ca774c668fbaaed8/jobs/6a22c7257e433821290d90bc/results/gene_selection_symbols_liver_Wells_Nat_Immunol_2025_author_cell_type_X_umap_74e9e1.csv
gene_selection_symbols_liver_Xu_Cell_2023_Curated_annotation_X_umap_a72286.csv,s3://lifebit-user-data-6941eed90a4dd7a1d1026d7a/deploit/teams/69d8dd1e5d3e1f8c350e006f/users/68af3d99c99eb7bd2ff47bc8/projects/69f80768ca774c668fbaaed8/jobs/6a22c7257e433821290d90bc/results/gene_selection_symbols_liver_Xu_Cell_2023_Curated_annotation_X_umap_a72286.csv
hist_nonzero_binary_scores_liver_Andrews_Hepatol_Commun_2022_author_cell_type_X_umap_3d10a5.svg,s3://lifebit-user-data-6941eed90a4dd7a1d1026d7a/deploit/teams/69d8dd1e5d3e1f8c350e006f/users/68af3d99c99eb7bd2ff47bc8/projects/69f80768ca774c668fbaaed8/jobs/6a22c7257e433821290d90bc/results/hist_nonzero_binary_scores_liver_Andrews_Hepatol_Commun_2022_author_cell_type_X_umap_3d10a5.svg
hist_nonzero_binary_scores_liver_Andrews_Journal_of_Hepatology_2024_author_cell_type_X_umap_00ddc4.svg,s3://lifebit-user-data-6941eed90a4dd7a1d1026d7a/deploit/teams/69d8dd1e5d3e1f8c350e006f/users/68af3d99c99eb7bd2ff47bc8/projects/69f80768ca774c668fbaaed8/jobs/6a22c7257e433821290d90bc/results/hist_nonzero_binary_scores_liver_Andrews_Journal_of_Hepatology_2024_author_cell_type_X_umap_00ddc4.svg
hist_nonzero_binary_scores_liver_Andrews_Journal_of_Hepatology_2024_author_cell_type_X_umap_2b80fc.svg,s3://lifebit-user-data-6941eed90a4dd7a1d1026d7a/deploit/teams/69d8dd1e5d3e1f8c350e006f/users/68af3d99c99eb7bd2ff47bc8/projects/69f80768ca774c668fbaaed8/jobs/6a22c7257e433821290d90bc/results/hist_nonzero_binary_scores_liver_Andrews_Journal_of_Hepatology_2024_author_cell_type_X_umap_2b80fc.svg
hist_nonzero_binary_scores_liver_Dominguez_Conde_Science_2022_Manually_curated_celltype_X_umap_04d255.svg,s3://lifebit-user-data-6941eed90a4dd7a1d1026d7a/deploit/teams/69d8dd1e5d3e1f8c350e006f/users/68af3d99c99eb7bd2ff47bc8/projects/69f80768ca774c668fbaaed8/jobs/6a22c7257e433821290d90bc/results/hist_nonzero_binary_scores_liver_Dominguez_Conde_Science_2022_Manually_curated_celltype_X_umap_04d255.svg
hist_nonzero_binary_scores_liver_Edgar_Hepatology_Communications_2025_author_cell_type_X_umap_90971d.svg,s3://lifebit-user-data-6941eed90a4dd7a1d1026d7a/deploit/teams/69d8dd1e5d3e1f8c350e006f/users/68af3d99c99eb7bd2ff47bc8/projects/69f80768ca774c668fbaaed8/jobs/6a22c7257e433821290d90bc/results/hist_nonzero_binary_scores_liver_Edgar_Hepatology_Communications_2025_author_cell_type_X_umap_90971d.svg
hist_nonzero_binary_scores_liver_Edgar_Hepatology_Communications_2025_author_cell_type_X_umap_c0113a.svg,s3://lifebit-user-data-6941eed90a4dd7a1d1026d7a/deploit/teams/69d8dd1e5d3e1f8c350e006f/users/68af3d99c99eb7bd2ff47bc8/projects/69f80768ca774c668fbaaed8/jobs/6a22c7257e433821290d90bc/results/hist_nonzero_binary_scores_liver_Edgar_Hepatology_Communications_2025_author_cell_type_X_umap_c0113a.svg
hist_nonzero_binary_scores_liver_Guilliams_Cell_2022_author_cell_type_X_umap_ec5dd4.svg,s3://lifebit-user-data-6941eed90a4dd7a1d1026d7a/deploit/teams/69d8dd1e5d3e1f8c350e006f/users/68af3d99c99eb7bd2ff47bc8/projects/69f80768ca774c668fbaaed8/jobs/6a22c7257e433821290d90bc/results/hist_nonzero_binary_scores_liver_Guilliams_Cell_2022_author_cell_type_X_umap_ec5dd4.svg
hist_nonzero_binary_scores_liver_Han_Nature_2020_author_cell_type_X_umap_5c7ea7.svg,s3://lifebit-user-data-6941eed90a4dd7a1d1026d7a/deploit/teams/69d8dd1e5d3e1f8c350e006f/users/68af3d99c99eb7bd2ff47bc8/projects/69f80768ca774c668fbaaed8/jobs/6a22c7257e433821290d90bc/results/hist_nonzero_binary_scores_liver_Han_Nature_2020_author_cell_type_X_umap_5c7ea7.svg
hist_nonzero_binary_scores_liver_MacParland_Nat_Commun_2018_CellType_X_umap_hm_9f00be.svg,s3://lifebit-user-data-6941eed90a4dd7a1d1026d7a/deploit/teams/69d8dd1e5d3e1f8c350e006f/users/68af3d99c99eb7bd2ff47bc8/projects/69f80768ca774c668fbaaed8/jobs/6a22c7257e433821290d90bc/results/hist_nonzero_binary_scores_liver_MacParland_Nat_Commun_2018_CellType_X_umap_hm_9f00be.svg
hist_nonzero_binary_scores_liver_Wells_Nat_Immunol_2025_author_cell_type_X_umap_74e9e1.svg,s3://lifebit-user-data-6941eed90a4dd7a1d1026d7a/deploit/teams/69d8dd1e5d3e1f8c350e006f/users/68af3d99c99eb7bd2ff47bc8/projects/69f80768ca774c668fbaaed8/jobs/6a22c7257e433821290d90bc/results/hist_nonzero_binary_scores_liver_Wells_Nat_Immunol_2025_author_cell_type_X_umap_74e9e1.svg
hist_nonzero_binary_scores_liver_Xu_Cell_2023_Curated_annotation_X_umap_a72286.svg,s3://lifebit-user-data-6941eed90a4dd7a1d1026d7a/deploit/teams/69d8dd1e5d3e1f8c350e006f/users/68af3d99c99eb7bd2ff47bc8/projects/69f80768ca774c668fbaaed8/jobs/6a22c7257e433821290d90bc/results/hist_nonzero_binary_scores_liver_Xu_Cell_2023_Curated_annotation_X_umap_a72286.svg
hist_nonzero_medians_liver_Andrews_Hepatol_Commun_2022_author_cell_type_X_umap_3d10a5.svg,s3://lifebit-user-data-6941eed90a4dd7a1d1026d7a/deploit/teams/69d8dd1e5d3e1f8c350e006f/users/68af3d99c99eb7bd2ff47bc8/projects/69f80768ca774c668fbaaed8/jobs/6a22c7257e433821290d90bc/results/hist_nonzero_medians_liver_Andrews_Hepatol_Commun_2022_author_cell_type_X_umap_3d10a5.svg
hist_nonzero_medians_liver_Andrews_Journal_of_Hepatology_2024_author_cell_type_X_umap_00ddc4.svg,s3://lifebit-user-data-6941eed90a4dd7a1d1026d7a/deploit/teams/69d8dd1e5d3e1f8c350e006f/users/68af3d99c99eb7bd2ff47bc8/projects/69f80768ca774c668fbaaed8/jobs/6a22c7257e433821290d90bc/results/hist_nonzero_medians_liver_Andrews_Journal_of_Hepatology_2024_author_cell_type_X_umap_00ddc4.svg
hist_nonzero_medians_liver_Andrews_Journal_of_Hepatology_2024_author_cell_type_X_umap_2b80fc.svg,s3://lifebit-user-data-6941eed90a4dd7a1d1026d7a/deploit/teams/69d8dd1e5d3e1f8c350e006f/users/68af3d99c99eb7bd2ff47bc8/projects/69f80768ca774c668fbaaed8/jobs/6a22c7257e433821290d90bc/results/hist_nonzero_medians_liver_Andrews_Journal_of_Hepatology_2024_author_cell_type_X_umap_2b80fc.svg
hist_nonzero_medians_liver_Dominguez_Conde_Science_2022_Manually_curated_celltype_X_umap_04d255.svg,s3://lifebit-user-data-6941eed90a4dd7a1d1026d7a/deploit/teams/69d8dd1e5d3e1f8c350e006f/users/68af3d99c99eb7bd2ff47bc8/projects/69f80768ca774c668fbaaed8/jobs/6a22c7257e433821290d90bc/results/hist_nonzero_medians_liver_Dominguez_Conde_Science_2022_Manually_curated_celltype_X_umap_04d255.svg
hist_nonzero_medians_liver_Edgar_Hepatology_Communications_2025_author_cell_type_X_umap_90971d.svg,s3://lifebit-user-data-6941eed90a4dd7a1d1026d7a/deploit/teams/69d8dd1e5d3e1f8c350e006f/users/68af3d99c99eb7bd2ff47bc8/projects/69f80768ca774c668fbaaed8/jobs/6a22c7257e433821290d90bc/results/hist_nonzero_medians_liver_Edgar_Hepatology_Communications_2025_author_cell_type_X_umap_90971d.svg
hist_nonzero_medians_liver_Edgar_Hepatology_Communications_2025_author_cell_type_X_umap_c0113a.svg,s3://lifebit-user-data-6941eed90a4dd7a1d1026d7a/deploit/teams/69d8dd1e5d3e1f8c350e006f/users/68af3d99c99eb7bd2ff47bc8/projects/69f80768ca774c668fbaaed8/jobs/6a22c7257e433821290d90bc/results/hist_nonzero_medians_liver_Edgar_Hepatology_Communications_2025_author_cell_type_X_umap_c0113a.svg
hist_nonzero_medians_liver_Guilliams_Cell_2022_author_cell_type_X_umap_ec5dd4.svg,s3://lifebit-user-data-6941eed90a4dd7a1d1026d7a/deploit/teams/69d8dd1e5d3e1f8c350e006f/users/68af3d99c99eb7bd2ff47bc8/projects/69f80768ca774c668fbaaed8/jobs/6a22c7257e433821290d90bc/results/hist_nonzero_medians_liver_Guilliams_Cell_2022_author_cell_type_X_umap_ec5dd4.svg
hist_nonzero_medians_liver_Han_Nature_2020_author_cell_type_X_umap_5c7ea7.svg,s3://lifebit-user-data-6941eed90a4dd7a1d1026d7a/deploit/teams/69d8dd1e5d3e1f8c350e006f/users/68af3d99c99eb7bd2ff47bc8/projects/69f80768ca774c668fbaaed8/jobs/6a22c7257e433821290d90bc/results/hist_nonzero_medians_liver_Han_Nature_2020_author_cell_type_X_umap_5c7ea7.svg
hist_nonzero_medians_liver_MacParland_Nat_Commun_2018_CellType_X_umap_hm_9f00be.svg,s3://lifebit-user-data-6941eed90a4dd7a1d1026d7a/deploit/teams/69d8dd1e5d3e1f8c350e006f/users/68af3d99c99eb7bd2ff47bc8/projects/69f80768ca774c668fbaaed8/jobs/6a22c7257e433821290d90bc/results/hist_nonzero_medians_liver_MacParland_Nat_Commun_2018_CellType_X_umap_hm_9f00be.svg
hist_nonzero_medians_liver_Wells_Nat_Immunol_2025_author_cell_type_X_umap_74e9e1.svg,s3://lifebit-user-data-6941eed90a4dd7a1d1026d7a/deploit/teams/69d8dd1e5d3e1f8c350e006f/users/68af3d99c99eb7bd2ff47bc8/projects/69f80768ca774c668fbaaed8/jobs/6a22c7257e433821290d90bc/results/hist_nonzero_medians_liver_Wells_Nat_Immunol_2025_author_cell_type_X_umap_74e9e1.svg
hist_nonzero_medians_liver_Xu_Cell_2023_Curated_annotation_X_umap_a72286.svg,s3://lifebit-user-data-6941eed90a4dd7a1d1026d7a/deploit/teams/69d8dd1e5d3e1f8c350e006f/users/68af3d99c99eb7bd2ff47bc8/projects/69f80768ca774c668fbaaed8/jobs/6a22c7257e433821290d90bc/results/hist_nonzero_medians_liver_Xu_Cell_2023_Curated_annotation_X_umap_a72286.svg
markers_ensg_liver_Andrews_Hepatol_Commun_2022_author_cell_type_X_umap_3d10a5.csv,s3://lifebit-user-data-6941eed90a4dd7a1d1026d7a/deploit/teams/69d8dd1e5d3e1f8c350e006f/users/68af3d99c99eb7bd2ff47bc8/projects/69f80768ca774c668fbaaed8/jobs/6a22c7257e433821290d90bc/results/markers_ensg_liver_Andrews_Hepatol_Commun_2022_author_cell_type_X_umap_3d10a5.csv
markers_ensg_liver_Andrews_Journal_of_Hepatology_2024_author_cell_type_X_umap_00ddc4.csv,s3://lifebit-user-data-6941eed90a4dd7a1d1026d7a/deploit/teams/69d8dd1e5d3e1f8c350e006f/users/68af3d99c99eb7bd2ff47bc8/projects/69f80768ca774c668fbaaed8/jobs/6a22c7257e433821290d90bc/results/markers_ensg_liver_Andrews_Journal_of_Hepatology_2024_author_cell_type_X_umap_00ddc4.csv
markers_ensg_liver_Andrews_Journal_of_Hepatology_2024_author_cell_type_X_umap_2b80fc.csv,s3://lifebit-user-data-6941eed90a4dd7a1d1026d7a/deploit/teams/69d8dd1e5d3e1f8c350e006f/users/68af3d99c99eb7bd2ff47bc8/projects/69f80768ca774c668fbaaed8/jobs/6a22c7257e433821290d90bc/results/markers_ensg_liver_Andrews_Journal_of_Hepatology_2024_author_cell_type_X_umap_2b80fc.csv
markers_ensg_liver_Dominguez_Conde_Science_2022_Manually_curated_celltype_X_umap_04d255.csv,s3://lifebit-user-data-6941eed90a4dd7a1d1026d7a/deploit/teams/69d8dd1e5d3e1f8c350e006f/users/68af3d99c99eb7bd2ff47bc8/projects/69f80768ca774c668fbaaed8/jobs/6a22c7257e433821290d90bc/results/markers_ensg_liver_Dominguez_Conde_Science_2022_Manually_curated_celltype_X_umap_04d255.csv
markers_ensg_liver_Edgar_Hepatology_Communications_2025_author_cell_type_X_umap_90971d.csv,s3://lifebit-user-data-6941eed90a4dd7a1d1026d7a/deploit/teams/69d8dd1e5d3e1f8c350e006f/users/68af3d99c99eb7bd2ff47bc8/projects/69f80768ca774c668fbaaed8/jobs/6a22c7257e433821290d90bc/results/markers_ensg_liver_Edgar_Hepatology_Communications_2025_author_cell_type_X_umap_90971d.csv
markers_ensg_liver_Edgar_Hepatology_Communications_2025_author_cell_type_X_umap_c0113a.csv,s3://lifebit-user-data-6941eed90a4dd7a1d1026d7a/deploit/teams/69d8dd1e5d3e1f8c350e006f/users/68af3d99c99eb7bd2ff47bc8/projects/69f80768ca774c668fbaaed8/jobs/6a22c7257e433821290d90bc/results/markers_ensg_liver_Edgar_Hepatology_Communications_2025_author_cell_type_X_umap_c0113a.csv
markers_ensg_liver_Guilliams_Cell_2022_author_cell_type_X_umap_ec5dd4.csv,s3://lifebit-user-data-6941eed90a4dd7a1d1026d7a/deploit/teams/69d8dd1e5d3e1f8c350e006f/users/68af3d99c99eb7bd2ff47bc8/projects/69f80768ca774c668fbaaed8/jobs/6a22c7257e433821290d90bc/results/markers_ensg_liver_Guilliams_Cell_2022_author_cell_type_X_umap_ec5dd4.csv
markers_ensg_liver_Han_Nature_2020_author_cell_type_X_umap_5c7ea7.csv,s3://lifebit-user-data-6941eed90a4dd7a1d1026d7a/deploit/teams/69d8dd1e5d3e1f8c350e006f/users/68af3d99c99eb7bd2ff47bc8/projects/69f80768ca774c668fbaaed8/jobs/6a22c7257e433821290d90bc/results/markers_ensg_liver_Han_Nature_2020_author_cell_type_X_umap_5c7ea7.csv
markers_ensg_liver_MacParland_Nat_Commun_2018_CellType_X_umap_hm_9f00be.csv,s3://lifebit-user-data-6941eed90a4dd7a1d1026d7a/deploit/teams/69d8dd1e5d3e1f8c350e006f/users/68af3d99c99eb7bd2ff47bc8/projects/69f80768ca774c668fbaaed8/jobs/6a22c7257e433821290d90bc/results/markers_ensg_liver_MacParland_Nat_Commun_2018_CellType_X_umap_hm_9f00be.csv
markers_ensg_liver_Wells_Nat_Immunol_2025_author_cell_type_X_umap_74e9e1.csv,s3://lifebit-user-data-6941eed90a4dd7a1d1026d7a/deploit/teams/69d8dd1e5d3e1f8c350e006f/users/68af3d99c99eb7bd2ff47bc8/projects/69f80768ca774c668fbaaed8/jobs/6a22c7257e433821290d90bc/results/markers_ensg_liver_Wells_Nat_Immunol_2025_author_cell_type_X_umap_74e9e1.csv
markers_ensg_liver_Xu_Cell_2023_Curated_annotation_X_umap_a72286.csv,s3://lifebit-user-data-6941eed90a4dd7a1d1026d7a/deploit/teams/69d8dd1e5d3e1f8c350e006f/users/68af3d99c99eb7bd2ff47bc8/projects/69f80768ca774c668fbaaed8/jobs/6a22c7257e433821290d90bc/results/markers_ensg_liver_Xu_Cell_2023_Curated_annotation_X_umap_a72286.csv
markers_onTarget_ensg_liver_Andrews_Hepatol_Commun_2022_author_cell_type_X_umap_3d10a5.csv,s3://lifebit-user-data-6941eed90a4dd7a1d1026d7a/deploit/teams/69d8dd1e5d3e1f8c350e006f/users/68af3d99c99eb7bd2ff47bc8/projects/69f80768ca774c668fbaaed8/jobs/6a22c7257e433821290d90bc/results/markers_onTarget_ensg_liver_Andrews_Hepatol_Commun_2022_author_cell_type_X_umap_3d10a5.csv
markers_onTarget_ensg_liver_Andrews_Journal_of_Hepatology_2024_author_cell_type_X_umap_00ddc4.csv,s3://lifebit-user-data-6941eed90a4dd7a1d1026d7a/deploit/teams/69d8dd1e5d3e1f8c350e006f/users/68af3d99c99eb7bd2ff47bc8/projects/69f80768ca774c668fbaaed8/jobs/6a22c7257e433821290d90bc/results/markers_onTarget_ensg_liver_Andrews_Journal_of_Hepatology_2024_author_cell_type_X_umap_00ddc4.csv
markers_onTarget_ensg_liver_Andrews_Journal_of_Hepatology_2024_author_cell_type_X_umap_2b80fc.csv,s3://lifebit-user-data-6941eed90a4dd7a1d1026d7a/deploit/teams/69d8dd1e5d3e1f8c350e006f/users/68af3d99c99eb7bd2ff47bc8/projects/69f80768ca774c668fbaaed8/jobs/6a22c7257e433821290d90bc/results/markers_onTarget_ensg_liver_Andrews_Journal_of_Hepatology_2024_author_cell_type_X_umap_2b80fc.csv
markers_onTarget_ensg_liver_Dominguez_Conde_Science_2022_Manually_curated_celltype_X_umap_04d255.csv,s3://lifebit-user-data-6941eed90a4dd7a1d1026d7a/deploit/teams/69d8dd1e5d3e1f8c350e006f/users/68af3d99c99eb7bd2ff47bc8/projects/69f80768ca774c668fbaaed8/jobs/6a22c7257e433821290d90bc/results/markers_onTarget_ensg_liver_Dominguez_Conde_Science_2022_Manually_curated_celltype_X_umap_04d255.csv
markers_onTarget_ensg_liver_Edgar_Hepatology_Communications_2025_author_cell_type_X_umap_90971d.csv,s3://lifebit-user-data-6941eed90a4dd7a1d1026d7a/deploit/teams/69d8dd1e5d3e1f8c350e006f/users/68af3d99c99eb7bd2ff47bc8/projects/69f80768ca774c668fbaaed8/jobs/6a22c7257e433821290d90bc/results/markers_onTarget_ensg_liver_Edgar_Hepatology_Communications_2025_author_cell_type_X_umap_90971d.csv
markers_onTarget_ensg_liver_Edgar_Hepatology_Communications_2025_author_cell_type_X_umap_c0113a.csv,s3://lifebit-user-data-6941eed90a4dd7a1d1026d7a/deploit/teams/69d8dd1e5d3e1f8c350e006f/users/68af3d99c99eb7bd2ff47bc8/projects/69f80768ca774c668fbaaed8/jobs/6a22c7257e433821290d90bc/results/markers_onTarget_ensg_liver_Edgar_Hepatology_Communications_2025_author_cell_type_X_umap_c0113a.csv
markers_onTarget_ensg_liver_Guilliams_Cell_2022_author_cell_type_X_umap_ec5dd4.csv,s3://lifebit-user-data-6941eed90a4dd7a1d1026d7a/deploit/teams/69d8dd1e5d3e1f8c350e006f/users/68af3d99c99eb7bd2ff47bc8/projects/69f80768ca774c668fbaaed8/jobs/6a22c7257e433821290d90bc/results/markers_onTarget_ensg_liver_Guilliams_Cell_2022_author_cell_type_X_umap_ec5dd4.csv
markers_onTarget_ensg_liver_Han_Nature_2020_author_cell_type_X_umap_5c7ea7.csv,s3://lifebit-user-data-6941eed90a4dd7a1d1026d7a/deploit/teams/69d8dd1e5d3e1f8c350e006f/users/68af3d99c99eb7bd2ff47bc8/projects/69f80768ca774c668fbaaed8/jobs/6a22c7257e433821290d90bc/results/markers_onTarget_ensg_liver_Han_Nature_2020_author_cell_type_X_umap_5c7ea7.csv
markers_onTarget_ensg_liver_MacParland_Nat_Commun_2018_CellType_X_umap_hm_9f00be.csv,s3://lifebit-user-data-6941eed90a4dd7a1d1026d7a/deploit/teams/69d8dd1e5d3e1f8c350e006f/users/68af3d99c99eb7bd2ff47bc8/projects/69f80768ca774c668fbaaed8/jobs/6a22c7257e433821290d90bc/results/markers_onTarget_ensg_liver_MacParland_Nat_Commun_2018_CellType_X_umap_hm_9f00be.csv
markers_onTarget_ensg_liver_Wells_Nat_Immunol_2025_author_cell_type_X_umap_74e9e1.csv,s3://lifebit-user-data-6941eed90a4dd7a1d1026d7a/deploit/teams/69d8dd1e5d3e1f8c350e006f/users/68af3d99c99eb7bd2ff47bc8/projects/69f80768ca774c668fbaaed8/jobs/6a22c7257e433821290d90bc/results/markers_onTarget_ensg_liver_Wells_Nat_Immunol_2025_author_cell_type_X_umap_74e9e1.csv
markers_onTarget_ensg_liver_Xu_Cell_2023_Curated_annotation_X_umap_a72286.csv,s3://lifebit-user-data-6941eed90a4dd7a1d1026d7a/deploit/teams/69d8dd1e5d3e1f8c350e006f/users/68af3d99c99eb7bd2ff47bc8/projects/69f80768ca774c668fbaaed8/jobs/6a22c7257e433821290d90bc/results/markers_onTarget_ensg_liver_Xu_Cell_2023_Curated_annotation_X_umap_a72286.csv
markers_onTarget_supp_ensg_liver_Andrews_Hepatol_Commun_2022_author_cell_type_X_umap_3d10a5.csv,s3://lifebit-user-data-6941eed90a4dd7a1d1026d7a/deploit/teams/69d8dd1e5d3e1f8c350e006f/users/68af3d99c99eb7bd2ff47bc8/projects/69f80768ca774c668fbaaed8/jobs/6a22c7257e433821290d90bc/results/markers_onTarget_supp_ensg_liver_Andrews_Hepatol_Commun_2022_author_cell_type_X_umap_3d10a5.csv
markers_onTarget_supp_ensg_liver_Andrews_Journal_of_Hepatology_2024_author_cell_type_X_umap_00ddc4.csv,s3://lifebit-user-data-6941eed90a4dd7a1d1026d7a/deploit/teams/69d8dd1e5d3e1f8c350e006f/users/68af3d99c99eb7bd2ff47bc8/projects/69f80768ca774c668fbaaed8/jobs/6a22c7257e433821290d90bc/results/markers_onTarget_supp_ensg_liver_Andrews_Journal_of_Hepatology_2024_author_cell_type_X_umap_00ddc4.csv
markers_onTarget_supp_ensg_liver_Andrews_Journal_of_Hepatology_2024_author_cell_type_X_umap_2b80fc.csv,s3://lifebit-user-data-6941eed90a4dd7a1d1026d7a/deploit/teams/69d8dd1e5d3e1f8c350e006f/users/68af3d99c99eb7bd2ff47bc8/projects/69f80768ca774c668fbaaed8/jobs/6a22c7257e433821290d90bc/results/markers_onTarget_supp_ensg_liver_Andrews_Journal_of_Hepatology_2024_author_cell_type_X_umap_2b80fc.csv
markers_onTarget_supp_ensg_liver_Dominguez_Conde_Science_2022_Manually_curated_celltype_X_umap_04d255.csv,s3://lifebit-user-data-6941eed90a4dd7a1d1026d7a/deploit/teams/69d8dd1e5d3e1f8c350e006f/users/68af3d99c99eb7bd2ff47bc8/projects/69f80768ca774c668fbaaed8/jobs/6a22c7257e433821290d90bc/results/markers_onTarget_supp_ensg_liver_Dominguez_Conde_Science_2022_Manually_curated_celltype_X_umap_04d255.csv
markers_onTarget_supp_ensg_liver_Edgar_Hepatology_Communications_2025_author_cell_type_X_umap_90971d.csv,s3://lifebit-user-data-6941eed90a4dd7a1d1026d7a/deploit/teams/69d8dd1e5d3e1f8c350e006f/users/68af3d99c99eb7bd2ff47bc8/projects/69f80768ca774c668fbaaed8/jobs/6a22c7257e433821290d90bc/results/markers_onTarget_supp_ensg_liver_Edgar_Hepatology_Communications_2025_author_cell_type_X_umap_90971d.csv
markers_onTarget_supp_ensg_liver_Edgar_Hepatology_Communications_2025_author_cell_type_X_umap_c0113a.csv,s3://lifebit-user-data-6941eed90a4dd7a1d1026d7a/deploit/teams/69d8dd1e5d3e1f8c350e006f/users/68af3d99c99eb7bd2ff47bc8/projects/69f80768ca774c668fbaaed8/jobs/6a22c7257e433821290d90bc/results/markers_onTarget_supp_ensg_liver_Edgar_Hepatology_Communications_2025_author_cell_type_X_umap_c0113a.csv
markers_onTarget_supp_ensg_liver_Guilliams_Cell_2022_author_cell_type_X_umap_ec5dd4.csv,s3://lifebit-user-data-6941eed90a4dd7a1d1026d7a/deploit/teams/69d8dd1e5d3e1f8c350e006f/users/68af3d99c99eb7bd2ff47bc8/projects/69f80768ca774c668fbaaed8/jobs/6a22c7257e433821290d90bc/results/markers_onTarget_supp_ensg_liver_Guilliams_Cell_2022_author_cell_type_X_umap_ec5dd4.csv
markers_onTarget_supp_ensg_liver_Han_Nature_2020_author_cell_type_X_umap_5c7ea7.csv,s3://lifebit-user-data-6941eed90a4dd7a1d1026d7a/deploit/teams/69d8dd1e5d3e1f8c350e006f/users/68af3d99c99eb7bd2ff47bc8/projects/69f80768ca774c668fbaaed8/jobs/6a22c7257e433821290d90bc/results/markers_onTarget_supp_ensg_liver_Han_Nature_2020_author_cell_type_X_umap_5c7ea7.csv
markers_onTarget_supp_ensg_liver_MacParland_Nat_Commun_2018_CellType_X_umap_hm_9f00be.csv,s3://lifebit-user-data-6941eed90a4dd7a1d1026d7a/deploit/teams/69d8dd1e5d3e1f8c350e006f/users/68af3d99c99eb7bd2ff47bc8/projects/69f80768ca774c668fbaaed8/jobs/6a22c7257e433821290d90bc/results/markers_onTarget_supp_ensg_liver_MacParland_Nat_Commun_2018_CellType_X_umap_hm_9f00be.csv
markers_onTarget_supp_ensg_liver_Wells_Nat_Immunol_2025_author_cell_type_X_umap_74e9e1.csv,s3://lifebit-user-data-6941eed90a4dd7a1d1026d7a/deploit/teams/69d8dd1e5d3e1f8c350e006f/users/68af3d99c99eb7bd2ff47bc8/projects/69f80768ca774c668fbaaed8/jobs/6a22c7257e433821290d90bc/results/markers_onTarget_supp_ensg_liver_Wells_Nat_Immunol_2025_author_cell_type_X_umap_74e9e1.csv
markers_onTarget_supp_ensg_liver_Xu_Cell_2023_Curated_annotation_X_umap_a72286.csv,s3://lifebit-user-data-6941eed90a4dd7a1d1026d7a/deploit/teams/69d8dd1e5d3e1f8c350e006f/users/68af3d99c99eb7bd2ff47bc8/projects/69f80768ca774c668fbaaed8/jobs/6a22c7257e433821290d90bc/results/markers_onTarget_supp_ensg_liver_Xu_Cell_2023_Curated_annotation_X_umap_a72286.csv
markers_onTarget_supp_symbols_liver_Andrews_Hepatol_Commun_2022_author_cell_type_X_umap_3d10a5.csv,s3://lifebit-user-data-6941eed90a4dd7a1d1026d7a/deploit/teams/69d8dd1e5d3e1f8c350e006f/users/68af3d99c99eb7bd2ff47bc8/projects/69f80768ca774c668fbaaed8/jobs/6a22c7257e433821290d90bc/results/markers_onTarget_supp_symbols_liver_Andrews_Hepatol_Commun_2022_author_cell_type_X_umap_3d10a5.csv
markers_onTarget_supp_symbols_liver_Andrews_Journal_of_Hepatology_2024_author_cell_type_X_umap_00ddc4.csv,s3://lifebit-user-data-6941eed90a4dd7a1d1026d7a/deploit/teams/69d8dd1e5d3e1f8c350e006f/users/68af3d99c99eb7bd2ff47bc8/projects/69f80768ca774c668fbaaed8/jobs/6a22c7257e433821290d90bc/results/markers_onTarget_supp_symbols_liver_Andrews_Journal_of_Hepatology_2024_author_cell_type_X_umap_00ddc4.csv
markers_onTarget_supp_symbols_liver_Andrews_Journal_of_Hepatology_2024_author_cell_type_X_umap_2b80fc.csv,s3://lifebit-user-data-6941eed90a4dd7a1d1026d7a/deploit/teams/69d8dd1e5d3e1f8c350e006f/users/68af3d99c99eb7bd2ff47bc8/projects/69f80768ca774c668fbaaed8/jobs/6a22c7257e433821290d90bc/results/markers_onTarget_supp_symbols_liver_Andrews_Journal_of_Hepatology_2024_author_cell_type_X_umap_2b80fc.csv
markers_onTarget_supp_symbols_liver_Dominguez_Conde_Science_2022_Manually_curated_celltype_X_umap_04d255.csv,s3://lifebit-user-data-6941eed90a4dd7a1d1026d7a/deploit/teams/69d8dd1e5d3e1f8c350e006f/users/68af3d99c99eb7bd2ff47bc8/projects/69f80768ca774c668fbaaed8/jobs/6a22c7257e433821290d90bc/results/markers_onTarget_supp_symbols_liver_Dominguez_Conde_Science_2022_Manually_curated_celltype_X_umap_04d255.csv
markers_onTarget_supp_symbols_liver_Edgar_Hepatology_Communications_2025_author_cell_type_X_umap_90971d.csv,s3://lifebit-user-data-6941eed90a4dd7a1d1026d7a/deploit/teams/69d8dd1e5d3e1f8c350e006f/users/68af3d99c99eb7bd2ff47bc8/projects/69f80768ca774c668fbaaed8/jobs/6a22c7257e433821290d90bc/results/markers_onTarget_supp_symbols_liver_Edgar_Hepatology_Communications_2025_author_cell_type_X_umap_90971d.csv
markers_onTarget_supp_symbols_liver_Edgar_Hepatology_Communications_2025_author_cell_type_X_umap_c0113a.csv,s3://lifebit-user-data-6941eed90a4dd7a1d1026d7a/deploit/teams/69d8dd1e5d3e1f8c350e006f/users/68af3d99c99eb7bd2ff47bc8/projects/69f80768ca774c668fbaaed8/jobs/6a22c7257e433821290d90bc/results/markers_onTarget_supp_symbols_liver_Edgar_Hepatology_Communications_2025_author_cell_type_X_umap_c0113a.csv
markers_onTarget_supp_symbols_liver_Guilliams_Cell_2022_author_cell_type_X_umap_ec5dd4.csv,s3://lifebit-user-data-6941eed90a4dd7a1d1026d7a/deploit/teams/69d8dd1e5d3e1f8c350e006f/users/68af3d99c99eb7bd2ff47bc8/projects/69f80768ca774c668fbaaed8/jobs/6a22c7257e433821290d90bc/results/markers_onTarget_supp_symbols_liver_Guilliams_Cell_2022_author_cell_type_X_umap_ec5dd4.csv
markers_onTarget_supp_symbols_liver_Han_Nature_2020_author_cell_type_X_umap_5c7ea7.csv,s3://lifebit-user-data-6941eed90a4dd7a1d1026d7a/deploit/teams/69d8dd1e5d3e1f8c350e006f/users/68af3d99c99eb7bd2ff47bc8/projects/69f80768ca774c668fbaaed8/jobs/6a22c7257e433821290d90bc/results/markers_onTarget_supp_symbols_liver_Han_Nature_2020_author_cell_type_X_umap_5c7ea7.csv
markers_onTarget_supp_symbols_liver_MacParland_Nat_Commun_2018_CellType_X_umap_hm_9f00be.csv,s3://lifebit-user-data-6941eed90a4dd7a1d1026d7a/deploit/teams/69d8dd1e5d3e1f8c350e006f/users/68af3d99c99eb7bd2ff47bc8/projects/69f80768ca774c668fbaaed8/jobs/6a22c7257e433821290d90bc/results/markers_onTarget_supp_symbols_liver_MacParland_Nat_Commun_2018_CellType_X_umap_hm_9f00be.csv
markers_onTarget_supp_symbols_liver_Wells_Nat_Immunol_2025_author_cell_type_X_umap_74e9e1.csv,s3://lifebit-user-data-6941eed90a4dd7a1d1026d7a/deploit/teams/69d8dd1e5d3e1f8c350e006f/users/68af3d99c99eb7bd2ff47bc8/projects/69f80768ca774c668fbaaed8/jobs/6a22c7257e433821290d90bc/results/markers_onTarget_supp_symbols_liver_Wells_Nat_Immunol_2025_author_cell_type_X_umap_74e9e1.csv
markers_onTarget_supp_symbols_liver_Xu_Cell_2023_Curated_annotation_X_umap_a72286.csv,s3://lifebit-user-data-6941eed90a4dd7a1d1026d7a/deploit/teams/69d8dd1e5d3e1f8c350e006f/users/68af3d99c99eb7bd2ff47bc8/projects/69f80768ca774c668fbaaed8/jobs/6a22c7257e433821290d90bc/results/markers_onTarget_supp_symbols_liver_Xu_Cell_2023_Curated_annotation_X_umap_a72286.csv
markers_onTarget_symbols_liver_Andrews_Hepatol_Commun_2022_author_cell_type_X_umap_3d10a5.csv,s3://lifebit-user-data-6941eed90a4dd7a1d1026d7a/deploit/teams/69d8dd1e5d3e1f8c350e006f/users/68af3d99c99eb7bd2ff47bc8/projects/69f80768ca774c668fbaaed8/jobs/6a22c7257e433821290d90bc/results/markers_onTarget_symbols_liver_Andrews_Hepatol_Commun_2022_author_cell_type_X_umap_3d10a5.csv
markers_onTarget_symbols_liver_Andrews_Journal_of_Hepatology_2024_author_cell_type_X_umap_00ddc4.csv,s3://lifebit-user-data-6941eed90a4dd7a1d1026d7a/deploit/teams/69d8dd1e5d3e1f8c350e006f/users/68af3d99c99eb7bd2ff47bc8/projects/69f80768ca774c668fbaaed8/jobs/6a22c7257e433821290d90bc/results/markers_onTarget_symbols_liver_Andrews_Journal_of_Hepatology_2024_author_cell_type_X_umap_00ddc4.csv
markers_onTarget_symbols_liver_Andrews_Journal_of_Hepatology_2024_author_cell_type_X_umap_2b80fc.csv,s3://lifebit-user-data-6941eed90a4dd7a1d1026d7a/deploit/teams/69d8dd1e5d3e1f8c350e006f/users/68af3d99c99eb7bd2ff47bc8/projects/69f80768ca774c668fbaaed8/jobs/6a22c7257e433821290d90bc/results/markers_onTarget_symbols_liver_Andrews_Journal_of_Hepatology_2024_author_cell_type_X_umap_2b80fc.csv
markers_onTarget_symbols_liver_Dominguez_Conde_Science_2022_Manually_curated_celltype_X_umap_04d255.csv,s3://lifebit-user-data-6941eed90a4dd7a1d1026d7a/deploit/teams/69d8dd1e5d3e1f8c350e006f/users/68af3d99c99eb7bd2ff47bc8/projects/69f80768ca774c668fbaaed8/jobs/6a22c7257e433821290d90bc/results/markers_onTarget_symbols_liver_Dominguez_Conde_Science_2022_Manually_curated_celltype_X_umap_04d255.csv
markers_onTarget_symbols_liver_Edgar_Hepatology_Communications_2025_author_cell_type_X_umap_90971d.csv,s3://lifebit-user-data-6941eed90a4dd7a1d1026d7a/deploit/teams/69d8dd1e5d3e1f8c350e006f/users/68af3d99c99eb7bd2ff47bc8/projects/69f80768ca774c668fbaaed8/jobs/6a22c7257e433821290d90bc/results/markers_onTarget_symbols_liver_Edgar_Hepatology_Communications_2025_author_cell_type_X_umap_90971d.csv
markers_onTarget_symbols_liver_Edgar_Hepatology_Communications_2025_author_cell_type_X_umap_c0113a.csv,s3://lifebit-user-data-6941eed90a4dd7a1d1026d7a/deploit/teams/69d8dd1e5d3e1f8c350e006f/users/68af3d99c99eb7bd2ff47bc8/projects/69f80768ca774c668fbaaed8/jobs/6a22c7257e433821290d90bc/results/markers_onTarget_symbols_liver_Edgar_Hepatology_Communications_2025_author_cell_type_X_umap_c0113a.csv
markers_onTarget_symbols_liver_Guilliams_Cell_2022_author_cell_type_X_umap_ec5dd4.csv,s3://lifebit-user-data-6941eed90a4dd7a1d1026d7a/deploit/teams/69d8dd1e5d3e1f8c350e006f/users/68af3d99c99eb7bd2ff47bc8/projects/69f80768ca774c668fbaaed8/jobs/6a22c7257e433821290d90bc/results/markers_onTarget_symbols_liver_Guilliams_Cell_2022_author_cell_type_X_umap_ec5dd4.csv
markers_onTarget_symbols_liver_Han_Nature_2020_author_cell_type_X_umap_5c7ea7.csv,s3://lifebit-user-data-6941eed90a4dd7a1d1026d7a/deploit/teams/69d8dd1e5d3e1f8c350e006f/users/68af3d99c99eb7bd2ff47bc8/projects/69f80768ca774c668fbaaed8/jobs/6a22c7257e433821290d90bc/results/markers_onTarget_symbols_liver_Han_Nature_2020_author_cell_type_X_umap_5c7ea7.csv
markers_onTarget_symbols_liver_MacParland_Nat_Commun_2018_CellType_X_umap_hm_9f00be.csv,s3://lifebit-user-data-6941eed90a4dd7a1d1026d7a/deploit/teams/69d8dd1e5d3e1f8c350e006f/users/68af3d99c99eb7bd2ff47bc8/projects/69f80768ca774c668fbaaed8/jobs/6a22c7257e433821290d90bc/results/markers_onTarget_symbols_liver_MacParland_Nat_Commun_2018_CellType_X_umap_hm_9f00be.csv
markers_onTarget_symbols_liver_Wells_Nat_Immunol_2025_author_cell_type_X_umap_74e9e1.csv,s3://lifebit-user-data-6941eed90a4dd7a1d1026d7a/deploit/teams/69d8dd1e5d3e1f8c350e006f/users/68af3d99c99eb7bd2ff47bc8/projects/69f80768ca774c668fbaaed8/jobs/6a22c7257e433821290d90bc/results/markers_onTarget_symbols_liver_Wells_Nat_Immunol_2025_author_cell_type_X_umap_74e9e1.csv
markers_onTarget_symbols_liver_Xu_Cell_2023_Curated_annotation_X_umap_a72286.csv,s3://lifebit-user-data-6941eed90a4dd7a1d1026d7a/deploit/teams/69d8dd1e5d3e1f8c350e006f/users/68af3d99c99eb7bd2ff47bc8/projects/69f80768ca774c668fbaaed8/jobs/6a22c7257e433821290d90bc/results/markers_onTarget_symbols_liver_Xu_Cell_2023_Curated_annotation_X_umap_a72286.csv
markers_symbols_liver_Andrews_Hepatol_Commun_2022_author_cell_type_X_umap_3d10a5.csv,s3://lifebit-user-data-6941eed90a4dd7a1d1026d7a/deploit/teams/69d8dd1e5d3e1f8c350e006f/users/68af3d99c99eb7bd2ff47bc8/projects/69f80768ca774c668fbaaed8/jobs/6a22c7257e433821290d90bc/results/markers_symbols_liver_Andrews_Hepatol_Commun_2022_author_cell_type_X_umap_3d10a5.csv
markers_symbols_liver_Andrews_Journal_of_Hepatology_2024_author_cell_type_X_umap_00ddc4.csv,s3://lifebit-user-data-6941eed90a4dd7a1d1026d7a/deploit/teams/69d8dd1e5d3e1f8c350e006f/users/68af3d99c99eb7bd2ff47bc8/projects/69f80768ca774c668fbaaed8/jobs/6a22c7257e433821290d90bc/results/markers_symbols_liver_Andrews_Journal_of_Hepatology_2024_author_cell_type_X_umap_00ddc4.csv
markers_symbols_liver_Andrews_Journal_of_Hepatology_2024_author_cell_type_X_umap_2b80fc.csv,s3://lifebit-user-data-6941eed90a4dd7a1d1026d7a/deploit/teams/69d8dd1e5d3e1f8c350e006f/users/68af3d99c99eb7bd2ff47bc8/projects/69f80768ca774c668fbaaed8/jobs/6a22c7257e433821290d90bc/results/markers_symbols_liver_Andrews_Journal_of_Hepatology_2024_author_cell_type_X_umap_2b80fc.csv
markers_symbols_liver_Dominguez_Conde_Science_2022_Manually_curated_celltype_X_umap_04d255.csv,s3://lifebit-user-data-6941eed90a4dd7a1d1026d7a/deploit/teams/69d8dd1e5d3e1f8c350e006f/users/68af3d99c99eb7bd2ff47bc8/projects/69f80768ca774c668fbaaed8/jobs/6a22c7257e433821290d90bc/results/markers_symbols_liver_Dominguez_Conde_Science_2022_Manually_curated_celltype_X_umap_04d255.csv
markers_symbols_liver_Edgar_Hepatology_Communications_2025_author_cell_type_X_umap_90971d.csv,s3://lifebit-user-data-6941eed90a4dd7a1d1026d7a/deploit/teams/69d8dd1e5d3e1f8c350e006f/users/68af3d99c99eb7bd2ff47bc8/projects/69f80768ca774c668fbaaed8/jobs/6a22c7257e433821290d90bc/results/markers_symbols_liver_Edgar_Hepatology_Communications_2025_author_cell_type_X_umap_90971d.csv
markers_symbols_liver_Edgar_Hepatology_Communications_2025_author_cell_type_X_umap_c0113a.csv,s3://lifebit-user-data-6941eed90a4dd7a1d1026d7a/deploit/teams/69d8dd1e5d3e1f8c350e006f/users/68af3d99c99eb7bd2ff47bc8/projects/69f80768ca774c668fbaaed8/jobs/6a22c7257e433821290d90bc/results/markers_symbols_liver_Edgar_Hepatology_Communications_2025_author_cell_type_X_umap_c0113a.csv
markers_symbols_liver_Guilliams_Cell_2022_author_cell_type_X_umap_ec5dd4.csv,s3://lifebit-user-data-6941eed90a4dd7a1d1026d7a/deploit/teams/69d8dd1e5d3e1f8c350e006f/users/68af3d99c99eb7bd2ff47bc8/projects/69f80768ca774c668fbaaed8/jobs/6a22c7257e433821290d90bc/results/markers_symbols_liver_Guilliams_Cell_2022_author_cell_type_X_umap_ec5dd4.csv
markers_symbols_liver_Han_Nature_2020_author_cell_type_X_umap_5c7ea7.csv,s3://lifebit-user-data-6941eed90a4dd7a1d1026d7a/deploit/teams/69d8dd1e5d3e1f8c350e006f/users/68af3d99c99eb7bd2ff47bc8/projects/69f80768ca774c668fbaaed8/jobs/6a22c7257e433821290d90bc/results/markers_symbols_liver_Han_Nature_2020_author_cell_type_X_umap_5c7ea7.csv
markers_symbols_liver_MacParland_Nat_Commun_2018_CellType_X_umap_hm_9f00be.csv,s3://lifebit-user-data-6941eed90a4dd7a1d1026d7a/deploit/teams/69d8dd1e5d3e1f8c350e006f/users/68af3d99c99eb7bd2ff47bc8/projects/69f80768ca774c668fbaaed8/jobs/6a22c7257e433821290d90bc/results/markers_symbols_liver_MacParland_Nat_Commun_2018_CellType_X_umap_hm_9f00be.csv
markers_symbols_liver_Wells_Nat_Immunol_2025_author_cell_type_X_umap_74e9e1.csv,s3://lifebit-user-data-6941eed90a4dd7a1d1026d7a/deploit/teams/69d8dd1e5d3e1f8c350e006f/users/68af3d99c99eb7bd2ff47bc8/projects/69f80768ca774c668fbaaed8/jobs/6a22c7257e433821290d90bc/results/markers_symbols_liver_Wells_Nat_Immunol_2025_author_cell_type_X_umap_74e9e1.csv
markers_symbols_liver_Xu_Cell_2023_Curated_annotation_X_umap_a72286.csv,s3://lifebit-user-data-6941eed90a4dd7a1d1026d7a/deploit/teams/69d8dd1e5d3e1f8c350e006f/users/68af3d99c99eb7bd2ff47bc8/projects/69f80768ca774c668fbaaed8/jobs/6a22c7257e433821290d90bc/results/markers_symbols_liver_Xu_Cell_2023_Curated_annotation_X_umap_a72286.csv
master_dataset_summary_liver_Andrews_Hepatol_Commun_2022_author_cell_type_X_umap_3d10a5.csv,s3://lifebit-user-data-6941eed90a4dd7a1d1026d7a/deploit/teams/69d8dd1e5d3e1f8c350e006f/users/68af3d99c99eb7bd2ff47bc8/projects/69f80768ca774c668fbaaed8/jobs/6a22c7257e433821290d90bc/results/master_dataset_summary_liver_Andrews_Hepatol_Commun_2022_author_cell_type_X_umap_3d10a5.csv
master_dataset_summary_liver_Andrews_Journal_of_Hepatology_2024_author_cell_type_X_umap_00ddc4.csv,s3://lifebit-user-data-6941eed90a4dd7a1d1026d7a/deploit/teams/69d8dd1e5d3e1f8c350e006f/users/68af3d99c99eb7bd2ff47bc8/projects/69f80768ca774c668fbaaed8/jobs/6a22c7257e433821290d90bc/results/master_dataset_summary_liver_Andrews_Journal_of_Hepatology_2024_author_cell_type_X_umap_00ddc4.csv
master_dataset_summary_liver_Andrews_Journal_of_Hepatology_2024_author_cell_type_X_umap_2b80fc.csv,s3://lifebit-user-data-6941eed90a4dd7a1d1026d7a/deploit/teams/69d8dd1e5d3e1f8c350e006f/users/68af3d99c99eb7bd2ff47bc8/projects/69f80768ca774c668fbaaed8/jobs/6a22c7257e433821290d90bc/results/master_dataset_summary_liver_Andrews_Journal_of_Hepatology_2024_author_cell_type_X_umap_2b80fc.csv
master_dataset_summary_liver_Dominguez_Conde_Science_2022_Manually_curated_celltype_X_umap_04d255.csv,s3://lifebit-user-data-6941eed90a4dd7a1d1026d7a/deploit/teams/69d8dd1e5d3e1f8c350e006f/users/68af3d99c99eb7bd2ff47bc8/projects/69f80768ca774c668fbaaed8/jobs/6a22c7257e433821290d90bc/results/master_dataset_summary_liver_Dominguez_Conde_Science_2022_Manually_curated_celltype_X_umap_04d255.csv
master_dataset_summary_liver_Edgar_Hepatology_Communications_2025_author_cell_type_X_umap_90971d.csv,s3://lifebit-user-data-6941eed90a4dd7a1d1026d7a/deploit/teams/69d8dd1e5d3e1f8c350e006f/users/68af3d99c99eb7bd2ff47bc8/projects/69f80768ca774c668fbaaed8/jobs/6a22c7257e433821290d90bc/results/master_dataset_summary_liver_Edgar_Hepatology_Communications_2025_author_cell_type_X_umap_90971d.csv
master_dataset_summary_liver_Edgar_Hepatology_Communications_2025_author_cell_type_X_umap_c0113a.csv,s3://lifebit-user-data-6941eed90a4dd7a1d1026d7a/deploit/teams/69d8dd1e5d3e1f8c350e006f/users/68af3d99c99eb7bd2ff47bc8/projects/69f80768ca774c668fbaaed8/jobs/6a22c7257e433821290d90bc/results/master_dataset_summary_liver_Edgar_Hepatology_Communications_2025_author_cell_type_X_umap_c0113a.csv
master_dataset_summary_liver_Guilliams_Cell_2022_author_cell_type_X_umap_ec5dd4.csv,s3://lifebit-user-data-6941eed90a4dd7a1d1026d7a/deploit/teams/69d8dd1e5d3e1f8c350e006f/users/68af3d99c99eb7bd2ff47bc8/projects/69f80768ca774c668fbaaed8/jobs/6a22c7257e433821290d90bc/results/master_dataset_summary_liver_Guilliams_Cell_2022_author_cell_type_X_umap_ec5dd4.csv
master_dataset_summary_liver_Han_Nature_2020_author_cell_type_X_umap_5c7ea7.csv,s3://lifebit-user-data-6941eed90a4dd7a1d1026d7a/deploit/teams/69d8dd1e5d3e1f8c350e006f/users/68af3d99c99eb7bd2ff47bc8/projects/69f80768ca774c668fbaaed8/jobs/6a22c7257e433821290d90bc/results/master_dataset_summary_liver_Han_Nature_2020_author_cell_type_X_umap_5c7ea7.csv
master_dataset_summary_liver_MacParland_Nat_Commun_2018_CellType_X_umap_hm_9f00be.csv,s3://lifebit-user-data-6941eed90a4dd7a1d1026d7a/deploit/teams/69d8dd1e5d3e1f8c350e006f/users/68af3d99c99eb7bd2ff47bc8/projects/69f80768ca774c668fbaaed8/jobs/6a22c7257e433821290d90bc/results/master_dataset_summary_liver_MacParland_Nat_Commun_2018_CellType_X_umap_hm_9f00be.csv
master_dataset_summary_liver_Wells_Nat_Immunol_2025_author_cell_type_X_umap_74e9e1.csv,s3://lifebit-user-data-6941eed90a4dd7a1d1026d7a/deploit/teams/69d8dd1e5d3e1f8c350e006f/users/68af3d99c99eb7bd2ff47bc8/projects/69f80768ca774c668fbaaed8/jobs/6a22c7257e433821290d90bc/results/master_dataset_summary_liver_Wells_Nat_Immunol_2025_author_cell_type_X_umap_74e9e1.csv
master_dataset_summary_liver_Xu_Cell_2023_Curated_annotation_X_umap_a72286.csv,s3://lifebit-user-data-6941eed90a4dd7a1d1026d7a/deploit/teams/69d8dd1e5d3e1f8c350e006f/users/68af3d99c99eb7bd2ff47bc8/projects/69f80768ca774c668fbaaed8/jobs/6a22c7257e433821290d90bc/results/master_dataset_summary_liver_Xu_Cell_2023_Curated_annotation_X_umap_a72286.csv
matrixplot__scaledliver_Andrews_Hepatol_Commun_2022_author_cell_type_X_umap_3d10a5.svg,s3://lifebit-user-data-6941eed90a4dd7a1d1026d7a/deploit/teams/69d8dd1e5d3e1f8c350e006f/users/68af3d99c99eb7bd2ff47bc8/projects/69f80768ca774c668fbaaed8/jobs/6a22c7257e433821290d90bc/results/matrixplot__scaledliver_Andrews_Hepatol_Commun_2022_author_cell_type_X_umap_3d10a5.svg
matrixplot__scaledliver_Andrews_Journal_of_Hepatology_2024_author_cell_type_X_umap_00ddc4.svg,s3://lifebit-user-data-6941eed90a4dd7a1d1026d7a/deploit/teams/69d8dd1e5d3e1f8c350e006f/users/68af3d99c99eb7bd2ff47bc8/projects/69f80768ca774c668fbaaed8/jobs/6a22c7257e433821290d90bc/results/matrixplot__scaledliver_Andrews_Journal_of_Hepatology_2024_author_cell_type_X_umap_00ddc4.svg
matrixplot__scaledliver_Andrews_Journal_of_Hepatology_2024_author_cell_type_X_umap_2b80fc.svg,s3://lifebit-user-data-6941eed90a4dd7a1d1026d7a/deploit/teams/69d8dd1e5d3e1f8c350e006f/users/68af3d99c99eb7bd2ff47bc8/projects/69f80768ca774c668fbaaed8/jobs/6a22c7257e433821290d90bc/results/matrixplot__scaledliver_Andrews_Journal_of_Hepatology_2024_author_cell_type_X_umap_2b80fc.svg
matrixplot__scaledliver_Dominguez_Conde_Science_2022_Manually_curated_celltype_X_umap_04d255.svg,s3://lifebit-user-data-6941eed90a4dd7a1d1026d7a/deploit/teams/69d8dd1e5d3e1f8c350e006f/users/68af3d99c99eb7bd2ff47bc8/projects/69f80768ca774c668fbaaed8/jobs/6a22c7257e433821290d90bc/results/matrixplot__scaledliver_Dominguez_Conde_Science_2022_Manually_curated_celltype_X_umap_04d255.svg
matrixplot__scaledliver_Edgar_Hepatology_Communications_2025_author_cell_type_X_umap_90971d.svg,s3://lifebit-user-data-6941eed90a4dd7a1d1026d7a/deploit/teams/69d8dd1e5d3e1f8c350e006f/users/68af3d99c99eb7bd2ff47bc8/projects/69f80768ca774c668fbaaed8/jobs/6a22c7257e433821290d90bc/results/matrixplot__scaledliver_Edgar_Hepatology_Communications_2025_author_cell_type_X_umap_90971d.svg
matrixplot__scaledliver_Edgar_Hepatology_Communications_2025_author_cell_type_X_umap_c0113a.svg,s3://lifebit-user-data-6941eed90a4dd7a1d1026d7a/deploit/teams/69d8dd1e5d3e1f8c350e006f/users/68af3d99c99eb7bd2ff47bc8/projects/69f80768ca774c668fbaaed8/jobs/6a22c7257e433821290d90bc/results/matrixplot__scaledliver_Edgar_Hepatology_Communications_2025_author_cell_type_X_umap_c0113a.svg
matrixplot__scaledliver_Guilliams_Cell_2022_author_cell_type_X_umap_ec5dd4.svg,s3://lifebit-user-data-6941eed90a4dd7a1d1026d7a/deploit/teams/69d8dd1e5d3e1f8c350e006f/users/68af3d99c99eb7bd2ff47bc8/projects/69f80768ca774c668fbaaed8/jobs/6a22c7257e433821290d90bc/results/matrixplot__scaledliver_Guilliams_Cell_2022_author_cell_type_X_umap_ec5dd4.svg
matrixplot__scaledliver_Han_Nature_2020_author_cell_type_X_umap_5c7ea7.svg,s3://lifebit-user-data-6941eed90a4dd7a1d1026d7a/deploit/teams/69d8dd1e5d3e1f8c350e006f/users/68af3d99c99eb7bd2ff47bc8/projects/69f80768ca774c668fbaaed8/jobs/6a22c7257e433821290d90bc/results/matrixplot__scaledliver_Han_Nature_2020_author_cell_type_X_umap_5c7ea7.svg
matrixplot__scaledliver_MacParland_Nat_Commun_2018_CellType_X_umap_hm_9f00be.svg,s3://lifebit-user-data-6941eed90a4dd7a1d1026d7a/deploit/teams/69d8dd1e5d3e1f8c350e006f/users/68af3d99c99eb7bd2ff47bc8/projects/69f80768ca774c668fbaaed8/jobs/6a22c7257e433821290d90bc/results/matrixplot__scaledliver_MacParland_Nat_Commun_2018_CellType_X_umap_hm_9f00be.svg
matrixplot__scaledliver_Wells_Nat_Immunol_2025_author_cell_type_X_umap_74e9e1.svg,s3://lifebit-user-data-6941eed90a4dd7a1d1026d7a/deploit/teams/69d8dd1e5d3e1f8c350e006f/users/68af3d99c99eb7bd2ff47bc8/projects/69f80768ca774c668fbaaed8/jobs/6a22c7257e433821290d90bc/results/matrixplot__scaledliver_Wells_Nat_Immunol_2025_author_cell_type_X_umap_74e9e1.svg
matrixplot__scaledliver_Xu_Cell_2023_Curated_annotation_X_umap_a72286.svg,s3://lifebit-user-data-6941eed90a4dd7a1d1026d7a/deploit/teams/69d8dd1e5d3e1f8c350e006f/users/68af3d99c99eb7bd2ff47bc8/projects/69f80768ca774c668fbaaed8/jobs/6a22c7257e433821290d90bc/results/matrixplot__scaledliver_Xu_Cell_2023_Curated_annotation_X_umap_a72286.svg
matrixplot_liver_Andrews_Hepatol_Commun_2022_author_cell_type_X_umap_3d10a5.svg,s3://lifebit-user-data-6941eed90a4dd7a1d1026d7a/deploit/teams/69d8dd1e5d3e1f8c350e006f/users/68af3d99c99eb7bd2ff47bc8/projects/69f80768ca774c668fbaaed8/jobs/6a22c7257e433821290d90bc/results/matrixplot_liver_Andrews_Hepatol_Commun_2022_author_cell_type_X_umap_3d10a5.svg
matrixplot_liver_Andrews_Journal_of_Hepatology_2024_author_cell_type_X_umap_00ddc4.svg,s3://lifebit-user-data-6941eed90a4dd7a1d1026d7a/deploit/teams/69d8dd1e5d3e1f8c350e006f/users/68af3d99c99eb7bd2ff47bc8/projects/69f80768ca774c668fbaaed8/jobs/6a22c7257e433821290d90bc/results/matrixplot_liver_Andrews_Journal_of_Hepatology_2024_author_cell_type_X_umap_00ddc4.svg
matrixplot_liver_Andrews_Journal_of_Hepatology_2024_author_cell_type_X_umap_2b80fc.svg,s3://lifebit-user-data-6941eed90a4dd7a1d1026d7a/deploit/teams/69d8dd1e5d3e1f8c350e006f/users/68af3d99c99eb7bd2ff47bc8/projects/69f80768ca774c668fbaaed8/jobs/6a22c7257e433821290d90bc/results/matrixplot_liver_Andrews_Journal_of_Hepatology_2024_author_cell_type_X_umap_2b80fc.svg
matrixplot_liver_Dominguez_Conde_Science_2022_Manually_curated_celltype_X_umap_04d255.svg,s3://lifebit-user-data-6941eed90a4dd7a1d1026d7a/deploit/teams/69d8dd1e5d3e1f8c350e006f/users/68af3d99c99eb7bd2ff47bc8/projects/69f80768ca774c668fbaaed8/jobs/6a22c7257e433821290d90bc/results/matrixplot_liver_Dominguez_Conde_Science_2022_Manually_curated_celltype_X_umap_04d255.svg
matrixplot_liver_Edgar_Hepatology_Communications_2025_author_cell_type_X_umap_90971d.svg,s3://lifebit-user-data-6941eed90a4dd7a1d1026d7a/deploit/teams/69d8dd1e5d3e1f8c350e006f/users/68af3d99c99eb7bd2ff47bc8/projects/69f80768ca774c668fbaaed8/jobs/6a22c7257e433821290d90bc/results/matrixplot_liver_Edgar_Hepatology_Communications_2025_author_cell_type_X_umap_90971d.svg
matrixplot_liver_Edgar_Hepatology_Communications_2025_author_cell_type_X_umap_c0113a.svg,s3://lifebit-user-data-6941eed90a4dd7a1d1026d7a/deploit/teams/69d8dd1e5d3e1f8c350e006f/users/68af3d99c99eb7bd2ff47bc8/projects/69f80768ca774c668fbaaed8/jobs/6a22c7257e433821290d90bc/results/matrixplot_liver_Edgar_Hepatology_Communications_2025_author_cell_type_X_umap_c0113a.svg
matrixplot_liver_Guilliams_Cell_2022_author_cell_type_X_umap_ec5dd4.svg,s3://lifebit-user-data-6941eed90a4dd7a1d1026d7a/deploit/teams/69d8dd1e5d3e1f8c350e006f/users/68af3d99c99eb7bd2ff47bc8/projects/69f80768ca774c668fbaaed8/jobs/6a22c7257e433821290d90bc/results/matrixplot_liver_Guilliams_Cell_2022_author_cell_type_X_umap_ec5dd4.svg
matrixplot_liver_Han_Nature_2020_author_cell_type_X_umap_5c7ea7.svg,s3://lifebit-user-data-6941eed90a4dd7a1d1026d7a/deploit/teams/69d8dd1e5d3e1f8c350e006f/users/68af3d99c99eb7bd2ff47bc8/projects/69f80768ca774c668fbaaed8/jobs/6a22c7257e433821290d90bc/results/matrixplot_liver_Han_Nature_2020_author_cell_type_X_umap_5c7ea7.svg
matrixplot_liver_MacParland_Nat_Commun_2018_CellType_X_umap_hm_9f00be.svg,s3://lifebit-user-data-6941eed90a4dd7a1d1026d7a/deploit/teams/69d8dd1e5d3e1f8c350e006f/users/68af3d99c99eb7bd2ff47bc8/projects/69f80768ca774c668fbaaed8/jobs/6a22c7257e433821290d90bc/results/matrixplot_liver_MacParland_Nat_Commun_2018_CellType_X_umap_hm_9f00be.svg
matrixplot_liver_Wells_Nat_Immunol_2025_author_cell_type_X_umap_74e9e1.svg,s3://lifebit-user-data-6941eed90a4dd7a1d1026d7a/deploit/teams/69d8dd1e5d3e1f8c350e006f/users/68af3d99c99eb7bd2ff47bc8/projects/69f80768ca774c668fbaaed8/jobs/6a22c7257e433821290d90bc/results/matrixplot_liver_Wells_Nat_Immunol_2025_author_cell_type_X_umap_74e9e1.svg
matrixplot_liver_Xu_Cell_2023_Curated_annotation_X_umap_a72286.svg,s3://lifebit-user-data-6941eed90a4dd7a1d1026d7a/deploit/teams/69d8dd1e5d3e1f8c350e006f/users/68af3d99c99eb7bd2ff47bc8/projects/69f80768ca774c668fbaaed8/jobs/6a22c7257e433821290d90bc/results/matrixplot_liver_Xu_Cell_2023_Curated_annotation_X_umap_a72286.svg
medians_ensg_liver_Andrews_Hepatol_Commun_2022_author_cell_type_X_umap_3d10a5.csv,s3://lifebit-user-data-6941eed90a4dd7a1d1026d7a/deploit/teams/69d8dd1e5d3e1f8c350e006f/users/68af3d99c99eb7bd2ff47bc8/projects/69f80768ca774c668fbaaed8/jobs/6a22c7257e433821290d90bc/results/medians_ensg_liver_Andrews_Hepatol_Commun_2022_author_cell_type_X_umap_3d10a5.csv
medians_ensg_liver_Andrews_Hepatol_Commun_2022_author_cell_type_X_umap_3d10a5.pkl,s3://lifebit-user-data-6941eed90a4dd7a1d1026d7a/deploit/teams/69d8dd1e5d3e1f8c350e006f/users/68af3d99c99eb7bd2ff47bc8/projects/69f80768ca774c668fbaaed8/jobs/6a22c7257e433821290d90bc/results/medians_ensg_liver_Andrews_Hepatol_Commun_2022_author_cell_type_X_umap_3d10a5.pkl
medians_ensg_liver_Andrews_Journal_of_Hepatology_2024_author_cell_type_X_umap_00ddc4.csv,s3://lifebit-user-data-6941eed90a4dd7a1d1026d7a/deploit/teams/69d8dd1e5d3e1f8c350e006f/users/68af3d99c99eb7bd2ff47bc8/projects/69f80768ca774c668fbaaed8/jobs/6a22c7257e433821290d90bc/results/medians_ensg_liver_Andrews_Journal_of_Hepatology_2024_author_cell_type_X_umap_00ddc4.csv
medians_ensg_liver_Andrews_Journal_of_Hepatology_2024_author_cell_type_X_umap_00ddc4.pkl,s3://lifebit-user-data-6941eed90a4dd7a1d1026d7a/deploit/teams/69d8dd1e5d3e1f8c350e006f/users/68af3d99c99eb7bd2ff47bc8/projects/69f80768ca774c668fbaaed8/jobs/6a22c7257e433821290d90bc/results/medians_ensg_liver_Andrews_Journal_of_Hepatology_2024_author_cell_type_X_umap_00ddc4.pkl
medians_ensg_liver_Andrews_Journal_of_Hepatology_2024_author_cell_type_X_umap_2b80fc.csv,s3://lifebit-user-data-6941eed90a4dd7a1d1026d7a/deploit/teams/69d8dd1e5d3e1f8c350e006f/users/68af3d99c99eb7bd2ff47bc8/projects/69f80768ca774c668fbaaed8/jobs/6a22c7257e433821290d90bc/results/medians_ensg_liver_Andrews_Journal_of_Hepatology_2024_author_cell_type_X_umap_2b80fc.csv
medians_ensg_liver_Andrews_Journal_of_Hepatology_2024_author_cell_type_X_umap_2b80fc.pkl,s3://lifebit-user-data-6941eed90a4dd7a1d1026d7a/deploit/teams/69d8dd1e5d3e1f8c350e006f/users/68af3d99c99eb7bd2ff47bc8/projects/69f80768ca774c668fbaaed8/jobs/6a22c7257e433821290d90bc/results/medians_ensg_liver_Andrews_Journal_of_Hepatology_2024_author_cell_type_X_umap_2b80fc.pkl
medians_ensg_liver_Dominguez_Conde_Science_2022_Manually_curated_celltype_X_umap_04d255.csv,s3://lifebit-user-data-6941eed90a4dd7a1d1026d7a/deploit/teams/69d8dd1e5d3e1f8c350e006f/users/68af3d99c99eb7bd2ff47bc8/projects/69f80768ca774c668fbaaed8/jobs/6a22c7257e433821290d90bc/results/medians_ensg_liver_Dominguez_Conde_Science_2022_Manually_curated_celltype_X_umap_04d255.csv
medians_ensg_liver_Dominguez_Conde_Science_2022_Manually_curated_celltype_X_umap_04d255.pkl,s3://lifebit-user-data-6941eed90a4dd7a1d1026d7a/deploit/teams/69d8dd1e5d3e1f8c350e006f/users/68af3d99c99eb7bd2ff47bc8/projects/69f80768ca774c668fbaaed8/jobs/6a22c7257e433821290d90bc/results/medians_ensg_liver_Dominguez_Conde_Science_2022_Manually_curated_celltype_X_umap_04d255.pkl
medians_ensg_liver_Edgar_Hepatology_Communications_2025_author_cell_type_X_umap_90971d.csv,s3://lifebit-user-data-6941eed90a4dd7a1d1026d7a/deploit/teams/69d8dd1e5d3e1f8c350e006f/users/68af3d99c99eb7bd2ff47bc8/projects/69f80768ca774c668fbaaed8/jobs/6a22c7257e433821290d90bc/results/medians_ensg_liver_Edgar_Hepatology_Communications_2025_author_cell_type_X_umap_90971d.csv
medians_ensg_liver_Edgar_Hepatology_Communications_2025_author_cell_type_X_umap_90971d.pkl,s3://lifebit-user-data-6941eed90a4dd7a1d1026d7a/deploit/teams/69d8dd1e5d3e1f8c350e006f/users/68af3d99c99eb7bd2ff47bc8/projects/69f80768ca774c668fbaaed8/jobs/6a22c7257e433821290d90bc/results/medians_ensg_liver_Edgar_Hepatology_Communications_2025_author_cell_type_X_umap_90971d.pkl
medians_ensg_liver_Edgar_Hepatology_Communications_2025_author_cell_type_X_umap_c0113a.csv,s3://lifebit-user-data-6941eed90a4dd7a1d1026d7a/deploit/teams/69d8dd1e5d3e1f8c350e006f/users/68af3d99c99eb7bd2ff47bc8/projects/69f80768ca774c668fbaaed8/jobs/6a22c7257e433821290d90bc/results/medians_ensg_liver_Edgar_Hepatology_Communications_2025_author_cell_type_X_umap_c0113a.csv
medians_ensg_liver_Edgar_Hepatology_Communications_2025_author_cell_type_X_umap_c0113a.pkl,s3://lifebit-user-data-6941eed90a4dd7a1d1026d7a/deploit/teams/69d8dd1e5d3e1f8c350e006f/users/68af3d99c99eb7bd2ff47bc8/projects/69f80768ca774c668fbaaed8/jobs/6a22c7257e433821290d90bc/results/medians_ensg_liver_Edgar_Hepatology_Communications_2025_author_cell_type_X_umap_c0113a.pkl
medians_ensg_liver_Guilliams_Cell_2022_author_cell_type_X_umap_ec5dd4.csv,s3://lifebit-user-data-6941eed90a4dd7a1d1026d7a/deploit/teams/69d8dd1e5d3e1f8c350e006f/users/68af3d99c99eb7bd2ff47bc8/projects/69f80768ca774c668fbaaed8/jobs/6a22c7257e433821290d90bc/results/medians_ensg_liver_Guilliams_Cell_2022_author_cell_type_X_umap_ec5dd4.csv
medians_ensg_liver_Guilliams_Cell_2022_author_cell_type_X_umap_ec5dd4.pkl,s3://lifebit-user-data-6941eed90a4dd7a1d1026d7a/deploit/teams/69d8dd1e5d3e1f8c350e006f/users/68af3d99c99eb7bd2ff47bc8/projects/69f80768ca774c668fbaaed8/jobs/6a22c7257e433821290d90bc/results/medians_ensg_liver_Guilliams_Cell_2022_author_cell_type_X_umap_ec5dd4.pkl
medians_ensg_liver_Han_Nature_2020_author_cell_type_X_umap_5c7ea7.csv,s3://lifebit-user-data-6941eed90a4dd7a1d1026d7a/deploit/teams/69d8dd1e5d3e1f8c350e006f/users/68af3d99c99eb7bd2ff47bc8/projects/69f80768ca774c668fbaaed8/jobs/6a22c7257e433821290d90bc/results/medians_ensg_liver_Han_Nature_2020_author_cell_type_X_umap_5c7ea7.csv
medians_ensg_liver_Han_Nature_2020_author_cell_type_X_umap_5c7ea7.pkl,s3://lifebit-user-data-6941eed90a4dd7a1d1026d7a/deploit/teams/69d8dd1e5d3e1f8c350e006f/users/68af3d99c99eb7bd2ff47bc8/projects/69f80768ca774c668fbaaed8/jobs/6a22c7257e433821290d90bc/results/medians_ensg_liver_Han_Nature_2020_author_cell_type_X_umap_5c7ea7.pkl
medians_ensg_liver_MacParland_Nat_Commun_2018_CellType_X_umap_hm_9f00be.csv,s3://lifebit-user-data-6941eed90a4dd7a1d1026d7a/deploit/teams/69d8dd1e5d3e1f8c350e006f/users/68af3d99c99eb7bd2ff47bc8/projects/69f80768ca774c668fbaaed8/jobs/6a22c7257e433821290d90bc/results/medians_ensg_liver_MacParland_Nat_Commun_2018_CellType_X_umap_hm_9f00be.csv
medians_ensg_liver_MacParland_Nat_Commun_2018_CellType_X_umap_hm_9f00be.pkl,s3://lifebit-user-data-6941eed90a4dd7a1d1026d7a/deploit/teams/69d8dd1e5d3e1f8c350e006f/users/68af3d99c99eb7bd2ff47bc8/projects/69f80768ca774c668fbaaed8/jobs/6a22c7257e433821290d90bc/results/medians_ensg_liver_MacParland_Nat_Commun_2018_CellType_X_umap_hm_9f00be.pkl
medians_ensg_liver_Wells_Nat_Immunol_2025_author_cell_type_X_umap_74e9e1.csv,s3://lifebit-user-data-6941eed90a4dd7a1d1026d7a/deploit/teams/69d8dd1e5d3e1f8c350e006f/users/68af3d99c99eb7bd2ff47bc8/projects/69f80768ca774c668fbaaed8/jobs/6a22c7257e433821290d90bc/results/medians_ensg_liver_Wells_Nat_Immunol_2025_author_cell_type_X_umap_74e9e1.csv
medians_ensg_liver_Wells_Nat_Immunol_2025_author_cell_type_X_umap_74e9e1.pkl,s3://lifebit-user-data-6941eed90a4dd7a1d1026d7a/deploit/teams/69d8dd1e5d3e1f8c350e006f/users/68af3d99c99eb7bd2ff47bc8/projects/69f80768ca774c668fbaaed8/jobs/6a22c7257e433821290d90bc/results/medians_ensg_liver_Wells_Nat_Immunol_2025_author_cell_type_X_umap_74e9e1.pkl
medians_ensg_liver_Xu_Cell_2023_Curated_annotation_X_umap_a72286.csv,s3://lifebit-user-data-6941eed90a4dd7a1d1026d7a/deploit/teams/69d8dd1e5d3e1f8c350e006f/users/68af3d99c99eb7bd2ff47bc8/projects/69f80768ca774c668fbaaed8/jobs/6a22c7257e433821290d90bc/results/medians_ensg_liver_Xu_Cell_2023_Curated_annotation_X_umap_a72286.csv
medians_ensg_liver_Xu_Cell_2023_Curated_annotation_X_umap_a72286.pkl,s3://lifebit-user-data-6941eed90a4dd7a1d1026d7a/deploit/teams/69d8dd1e5d3e1f8c350e006f/users/68af3d99c99eb7bd2ff47bc8/projects/69f80768ca774c668fbaaed8/jobs/6a22c7257e433821290d90bc/results/medians_ensg_liver_Xu_Cell_2023_Curated_annotation_X_umap_a72286.pkl
medians_symbols_liver_Andrews_Hepatol_Commun_2022_author_cell_type_X_umap_3d10a5.csv,s3://lifebit-user-data-6941eed90a4dd7a1d1026d7a/deploit/teams/69d8dd1e5d3e1f8c350e006f/users/68af3d99c99eb7bd2ff47bc8/projects/69f80768ca774c668fbaaed8/jobs/6a22c7257e433821290d90bc/results/medians_symbols_liver_Andrews_Hepatol_Commun_2022_author_cell_type_X_umap_3d10a5.csv
medians_symbols_liver_Andrews_Hepatol_Commun_2022_author_cell_type_X_umap_3d10a5.pkl,s3://lifebit-user-data-6941eed90a4dd7a1d1026d7a/deploit/teams/69d8dd1e5d3e1f8c350e006f/users/68af3d99c99eb7bd2ff47bc8/projects/69f80768ca774c668fbaaed8/jobs/6a22c7257e433821290d90bc/results/medians_symbols_liver_Andrews_Hepatol_Commun_2022_author_cell_type_X_umap_3d10a5.pkl
medians_symbols_liver_Andrews_Journal_of_Hepatology_2024_author_cell_type_X_umap_00ddc4.csv,s3://lifebit-user-data-6941eed90a4dd7a1d1026d7a/deploit/teams/69d8dd1e5d3e1f8c350e006f/users/68af3d99c99eb7bd2ff47bc8/projects/69f80768ca774c668fbaaed8/jobs/6a22c7257e433821290d90bc/results/medians_symbols_liver_Andrews_Journal_of_Hepatology_2024_author_cell_type_X_umap_00ddc4.csv
medians_symbols_liver_Andrews_Journal_of_Hepatology_2024_author_cell_type_X_umap_00ddc4.pkl,s3://lifebit-user-data-6941eed90a4dd7a1d1026d7a/deploit/teams/69d8dd1e5d3e1f8c350e006f/users/68af3d99c99eb7bd2ff47bc8/projects/69f80768ca774c668fbaaed8/jobs/6a22c7257e433821290d90bc/results/medians_symbols_liver_Andrews_Journal_of_Hepatology_2024_author_cell_type_X_umap_00ddc4.pkl
medians_symbols_liver_Andrews_Journal_of_Hepatology_2024_author_cell_type_X_umap_2b80fc.csv,s3://lifebit-user-data-6941eed90a4dd7a1d1026d7a/deploit/teams/69d8dd1e5d3e1f8c350e006f/users/68af3d99c99eb7bd2ff47bc8/projects/69f80768ca774c668fbaaed8/jobs/6a22c7257e433821290d90bc/results/medians_symbols_liver_Andrews_Journal_of_Hepatology_2024_author_cell_type_X_umap_2b80fc.csv
medians_symbols_liver_Andrews_Journal_of_Hepatology_2024_author_cell_type_X_umap_2b80fc.pkl,s3://lifebit-user-data-6941eed90a4dd7a1d1026d7a/deploit/teams/69d8dd1e5d3e1f8c350e006f/users/68af3d99c99eb7bd2ff47bc8/projects/69f80768ca774c668fbaaed8/jobs/6a22c7257e433821290d90bc/results/medians_symbols_liver_Andrews_Journal_of_Hepatology_2024_author_cell_type_X_umap_2b80fc.pkl
medians_symbols_liver_Dominguez_Conde_Science_2022_Manually_curated_celltype_X_umap_04d255.csv,s3://lifebit-user-data-6941eed90a4dd7a1d1026d7a/deploit/teams/69d8dd1e5d3e1f8c350e006f/users/68af3d99c99eb7bd2ff47bc8/projects/69f80768ca774c668fbaaed8/jobs/6a22c7257e433821290d90bc/results/medians_symbols_liver_Dominguez_Conde_Science_2022_Manually_curated_celltype_X_umap_04d255.csv
medians_symbols_liver_Dominguez_Conde_Science_2022_Manually_curated_celltype_X_umap_04d255.pkl,s3://lifebit-user-data-6941eed90a4dd7a1d1026d7a/deploit/teams/69d8dd1e5d3e1f8c350e006f/users/68af3d99c99eb7bd2ff47bc8/projects/69f80768ca774c668fbaaed8/jobs/6a22c7257e433821290d90bc/results/medians_symbols_liver_Dominguez_Conde_Science_2022_Manually_curated_celltype_X_umap_04d255.pkl
medians_symbols_liver_Edgar_Hepatology_Communications_2025_author_cell_type_X_umap_90971d.csv,s3://lifebit-user-data-6941eed90a4dd7a1d1026d7a/deploit/teams/69d8dd1e5d3e1f8c350e006f/users/68af3d99c99eb7bd2ff47bc8/projects/69f80768ca774c668fbaaed8/jobs/6a22c7257e433821290d90bc/results/medians_symbols_liver_Edgar_Hepatology_Communications_2025_author_cell_type_X_umap_90971d.csv
medians_symbols_liver_Edgar_Hepatology_Communications_2025_author_cell_type_X_umap_90971d.pkl,s3://lifebit-user-data-6941eed90a4dd7a1d1026d7a/deploit/teams/69d8dd1e5d3e1f8c350e006f/users/68af3d99c99eb7bd2ff47bc8/projects/69f80768ca774c668fbaaed8/jobs/6a22c7257e433821290d90bc/results/medians_symbols_liver_Edgar_Hepatology_Communications_2025_author_cell_type_X_umap_90971d.pkl
medians_symbols_liver_Edgar_Hepatology_Communications_2025_author_cell_type_X_umap_c0113a.csv,s3://lifebit-user-data-6941eed90a4dd7a1d1026d7a/deploit/teams/69d8dd1e5d3e1f8c350e006f/users/68af3d99c99eb7bd2ff47bc8/projects/69f80768ca774c668fbaaed8/jobs/6a22c7257e433821290d90bc/results/medians_symbols_liver_Edgar_Hepatology_Communications_2025_author_cell_type_X_umap_c0113a.csv
medians_symbols_liver_Edgar_Hepatology_Communications_2025_author_cell_type_X_umap_c0113a.pkl,s3://lifebit-user-data-6941eed90a4dd7a1d1026d7a/deploit/teams/69d8dd1e5d3e1f8c350e006f/users/68af3d99c99eb7bd2ff47bc8/projects/69f80768ca774c668fbaaed8/jobs/6a22c7257e433821290d90bc/results/medians_symbols_liver_Edgar_Hepatology_Communications_2025_author_cell_type_X_umap_c0113a.pkl
medians_symbols_liver_Guilliams_Cell_2022_author_cell_type_X_umap_ec5dd4.csv,s3://lifebit-user-data-6941eed90a4dd7a1d1026d7a/deploit/teams/69d8dd1e5d3e1f8c350e006f/users/68af3d99c99eb7bd2ff47bc8/projects/69f80768ca774c668fbaaed8/jobs/6a22c7257e433821290d90bc/results/medians_symbols_liver_Guilliams_Cell_2022_author_cell_type_X_umap_ec5dd4.csv
medians_symbols_liver_Guilliams_Cell_2022_author_cell_type_X_umap_ec5dd4.pkl,s3://lifebit-user-data-6941eed90a4dd7a1d1026d7a/deploit/teams/69d8dd1e5d3e1f8c350e006f/users/68af3d99c99eb7bd2ff47bc8/projects/69f80768ca774c668fbaaed8/jobs/6a22c7257e433821290d90bc/results/medians_symbols_liver_Guilliams_Cell_2022_author_cell_type_X_umap_ec5dd4.pkl
medians_symbols_liver_Han_Nature_2020_author_cell_type_X_umap_5c7ea7.csv,s3://lifebit-user-data-6941eed90a4dd7a1d1026d7a/deploit/teams/69d8dd1e5d3e1f8c350e006f/users/68af3d99c99eb7bd2ff47bc8/projects/69f80768ca774c668fbaaed8/jobs/6a22c7257e433821290d90bc/results/medians_symbols_liver_Han_Nature_2020_author_cell_type_X_umap_5c7ea7.csv
medians_symbols_liver_Han_Nature_2020_author_cell_type_X_umap_5c7ea7.pkl,s3://lifebit-user-data-6941eed90a4dd7a1d1026d7a/deploit/teams/69d8dd1e5d3e1f8c350e006f/users/68af3d99c99eb7bd2ff47bc8/projects/69f80768ca774c668fbaaed8/jobs/6a22c7257e433821290d90bc/results/medians_symbols_liver_Han_Nature_2020_author_cell_type_X_umap_5c7ea7.pkl
medians_symbols_liver_MacParland_Nat_Commun_2018_CellType_X_umap_hm_9f00be.csv,s3://lifebit-user-data-6941eed90a4dd7a1d1026d7a/deploit/teams/69d8dd1e5d3e1f8c350e006f/users/68af3d99c99eb7bd2ff47bc8/projects/69f80768ca774c668fbaaed8/jobs/6a22c7257e433821290d90bc/results/medians_symbols_liver_MacParland_Nat_Commun_2018_CellType_X_umap_hm_9f00be.csv
medians_symbols_liver_MacParland_Nat_Commun_2018_CellType_X_umap_hm_9f00be.pkl,s3://lifebit-user-data-6941eed90a4dd7a1d1026d7a/deploit/teams/69d8dd1e5d3e1f8c350e006f/users/68af3d99c99eb7bd2ff47bc8/projects/69f80768ca774c668fbaaed8/jobs/6a22c7257e433821290d90bc/results/medians_symbols_liver_MacParland_Nat_Commun_2018_CellType_X_umap_hm_9f00be.pkl
medians_symbols_liver_Wells_Nat_Immunol_2025_author_cell_type_X_umap_74e9e1.csv,s3://lifebit-user-data-6941eed90a4dd7a1d1026d7a/deploit/teams/69d8dd1e5d3e1f8c350e006f/users/68af3d99c99eb7bd2ff47bc8/projects/69f80768ca774c668fbaaed8/jobs/6a22c7257e433821290d90bc/results/medians_symbols_liver_Wells_Nat_Immunol_2025_author_cell_type_X_umap_74e9e1.csv
medians_symbols_liver_Wells_Nat_Immunol_2025_author_cell_type_X_umap_74e9e1.pkl,s3://lifebit-user-data-6941eed90a4dd7a1d1026d7a/deploit/teams/69d8dd1e5d3e1f8c350e006f/users/68af3d99c99eb7bd2ff47bc8/projects/69f80768ca774c668fbaaed8/jobs/6a22c7257e433821290d90bc/results/medians_symbols_liver_Wells_Nat_Immunol_2025_author_cell_type_X_umap_74e9e1.pkl
medians_symbols_liver_Xu_Cell_2023_Curated_annotation_X_umap_a72286.csv,s3://lifebit-user-data-6941eed90a4dd7a1d1026d7a/deploit/teams/69d8dd1e5d3e1f8c350e006f/users/68af3d99c99eb7bd2ff47bc8/projects/69f80768ca774c668fbaaed8/jobs/6a22c7257e433821290d90bc/results/medians_symbols_liver_Xu_Cell_2023_Curated_annotation_X_umap_a72286.csv
medians_symbols_liver_Xu_Cell_2023_Curated_annotation_X_umap_a72286.pkl,s3://lifebit-user-data-6941eed90a4dd7a1d1026d7a/deploit/teams/69d8dd1e5d3e1f8c350e006f/users/68af3d99c99eb7bd2ff47bc8/projects/69f80768ca774c668fbaaed8/jobs/6a22c7257e433821290d90bc/results/medians_symbols_liver_Xu_Cell_2023_Curated_annotation_X_umap_a72286.pkl
results_ensg_liver_Andrews_Hepatol_Commun_2022_author_cell_type_X_umap_3d10a5.csv,s3://lifebit-user-data-6941eed90a4dd7a1d1026d7a/deploit/teams/69d8dd1e5d3e1f8c350e006f/users/68af3d99c99eb7bd2ff47bc8/projects/69f80768ca774c668fbaaed8/jobs/6a22c7257e433821290d90bc/results/results_ensg_liver_Andrews_Hepatol_Commun_2022_author_cell_type_X_umap_3d10a5.csv
results_ensg_liver_Andrews_Hepatol_Commun_2022_author_cell_type_X_umap_3d10a5.pkl,s3://lifebit-user-data-6941eed90a4dd7a1d1026d7a/deploit/teams/69d8dd1e5d3e1f8c350e006f/users/68af3d99c99eb7bd2ff47bc8/projects/69f80768ca774c668fbaaed8/jobs/6a22c7257e433821290d90bc/results/results_ensg_liver_Andrews_Hepatol_Commun_2022_author_cell_type_X_umap_3d10a5.pkl
results_ensg_liver_Andrews_Journal_of_Hepatology_2024_author_cell_type_X_umap_00ddc4.csv,s3://lifebit-user-data-6941eed90a4dd7a1d1026d7a/deploit/teams/69d8dd1e5d3e1f8c350e006f/users/68af3d99c99eb7bd2ff47bc8/projects/69f80768ca774c668fbaaed8/jobs/6a22c7257e433821290d90bc/results/results_ensg_liver_Andrews_Journal_of_Hepatology_2024_author_cell_type_X_umap_00ddc4.csv
results_ensg_liver_Andrews_Journal_of_Hepatology_2024_author_cell_type_X_umap_00ddc4.pkl,s3://lifebit-user-data-6941eed90a4dd7a1d1026d7a/deploit/teams/69d8dd1e5d3e1f8c350e006f/users/68af3d99c99eb7bd2ff47bc8/projects/69f80768ca774c668fbaaed8/jobs/6a22c7257e433821290d90bc/results/results_ensg_liver_Andrews_Journal_of_Hepatology_2024_author_cell_type_X_umap_00ddc4.pkl
results_ensg_liver_Andrews_Journal_of_Hepatology_2024_author_cell_type_X_umap_2b80fc.csv,s3://lifebit-user-data-6941eed90a4dd7a1d1026d7a/deploit/teams/69d8dd1e5d3e1f8c350e006f/users/68af3d99c99eb7bd2ff47bc8/projects/69f80768ca774c668fbaaed8/jobs/6a22c7257e433821290d90bc/results/results_ensg_liver_Andrews_Journal_of_Hepatology_2024_author_cell_type_X_umap_2b80fc.csv
results_ensg_liver_Andrews_Journal_of_Hepatology_2024_author_cell_type_X_umap_2b80fc.pkl,s3://lifebit-user-data-6941eed90a4dd7a1d1026d7a/deploit/teams/69d8dd1e5d3e1f8c350e006f/users/68af3d99c99eb7bd2ff47bc8/projects/69f80768ca774c668fbaaed8/jobs/6a22c7257e433821290d90bc/results/results_ensg_liver_Andrews_Journal_of_Hepatology_2024_author_cell_type_X_umap_2b80fc.pkl
results_ensg_liver_Dominguez_Conde_Science_2022_Manually_curated_celltype_X_umap_04d255.csv,s3://lifebit-user-data-6941eed90a4dd7a1d1026d7a/deploit/teams/69d8dd1e5d3e1f8c350e006f/users/68af3d99c99eb7bd2ff47bc8/projects/69f80768ca774c668fbaaed8/jobs/6a22c7257e433821290d90bc/results/results_ensg_liver_Dominguez_Conde_Science_2022_Manually_curated_celltype_X_umap_04d255.csv
results_ensg_liver_Dominguez_Conde_Science_2022_Manually_curated_celltype_X_umap_04d255.pkl,s3://lifebit-user-data-6941eed90a4dd7a1d1026d7a/deploit/teams/69d8dd1e5d3e1f8c350e006f/users/68af3d99c99eb7bd2ff47bc8/projects/69f80768ca774c668fbaaed8/jobs/6a22c7257e433821290d90bc/results/results_ensg_liver_Dominguez_Conde_Science_2022_Manually_curated_celltype_X_umap_04d255.pkl
results_ensg_liver_Edgar_Hepatology_Communications_2025_author_cell_type_X_umap_90971d.csv,s3://lifebit-user-data-6941eed90a4dd7a1d1026d7a/deploit/teams/69d8dd1e5d3e1f8c350e006f/users/68af3d99c99eb7bd2ff47bc8/projects/69f80768ca774c668fbaaed8/jobs/6a22c7257e433821290d90bc/results/results_ensg_liver_Edgar_Hepatology_Communications_2025_author_cell_type_X_umap_90971d.csv
results_ensg_liver_Edgar_Hepatology_Communications_2025_author_cell_type_X_umap_90971d.pkl,s3://lifebit-user-data-6941eed90a4dd7a1d1026d7a/deploit/teams/69d8dd1e5d3e1f8c350e006f/users/68af3d99c99eb7bd2ff47bc8/projects/69f80768ca774c668fbaaed8/jobs/6a22c7257e433821290d90bc/results/results_ensg_liver_Edgar_Hepatology_Communications_2025_author_cell_type_X_umap_90971d.pkl
results_ensg_liver_Edgar_Hepatology_Communications_2025_author_cell_type_X_umap_c0113a.csv,s3://lifebit-user-data-6941eed90a4dd7a1d1026d7a/deploit/teams/69d8dd1e5d3e1f8c350e006f/users/68af3d99c99eb7bd2ff47bc8/projects/69f80768ca774c668fbaaed8/jobs/6a22c7257e433821290d90bc/results/results_ensg_liver_Edgar_Hepatology_Communications_2025_author_cell_type_X_umap_c0113a.csv
results_ensg_liver_Edgar_Hepatology_Communications_2025_author_cell_type_X_umap_c0113a.pkl,s3://lifebit-user-data-6941eed90a4dd7a1d1026d7a/deploit/teams/69d8dd1e5d3e1f8c350e006f/users/68af3d99c99eb7bd2ff47bc8/projects/69f80768ca774c668fbaaed8/jobs/6a22c7257e433821290d90bc/results/results_ensg_liver_Edgar_Hepatology_Communications_2025_author_cell_type_X_umap_c0113a.pkl
results_ensg_liver_Guilliams_Cell_2022_author_cell_type_X_umap_ec5dd4.csv,s3://lifebit-user-data-6941eed90a4dd7a1d1026d7a/deploit/teams/69d8dd1e5d3e1f8c350e006f/users/68af3d99c99eb7bd2ff47bc8/projects/69f80768ca774c668fbaaed8/jobs/6a22c7257e433821290d90bc/results/results_ensg_liver_Guilliams_Cell_2022_author_cell_type_X_umap_ec5dd4.csv
results_ensg_liver_Guilliams_Cell_2022_author_cell_type_X_umap_ec5dd4.pkl,s3://lifebit-user-data-6941eed90a4dd7a1d1026d7a/deploit/teams/69d8dd1e5d3e1f8c350e006f/users/68af3d99c99eb7bd2ff47bc8/projects/69f80768ca774c668fbaaed8/jobs/6a22c7257e433821290d90bc/results/results_ensg_liver_Guilliams_Cell_2022_author_cell_type_X_umap_ec5dd4.pkl
results_ensg_liver_Han_Nature_2020_author_cell_type_X_umap_5c7ea7.csv,s3://lifebit-user-data-6941eed90a4dd7a1d1026d7a/deploit/teams/69d8dd1e5d3e1f8c350e006f/users/68af3d99c99eb7bd2ff47bc8/projects/69f80768ca774c668fbaaed8/jobs/6a22c7257e433821290d90bc/results/results_ensg_liver_Han_Nature_2020_author_cell_type_X_umap_5c7ea7.csv
results_ensg_liver_Han_Nature_2020_author_cell_type_X_umap_5c7ea7.pkl,s3://lifebit-user-data-6941eed90a4dd7a1d1026d7a/deploit/teams/69d8dd1e5d3e1f8c350e006f/users/68af3d99c99eb7bd2ff47bc8/projects/69f80768ca774c668fbaaed8/jobs/6a22c7257e433821290d90bc/results/results_ensg_liver_Han_Nature_2020_author_cell_type_X_umap_5c7ea7.pkl
results_ensg_liver_MacParland_Nat_Commun_2018_CellType_X_umap_hm_9f00be.csv,s3://lifebit-user-data-6941eed90a4dd7a1d1026d7a/deploit/teams/69d8dd1e5d3e1f8c350e006f/users/68af3d99c99eb7bd2ff47bc8/projects/69f80768ca774c668fbaaed8/jobs/6a22c7257e433821290d90bc/results/results_ensg_liver_MacParland_Nat_Commun_2018_CellType_X_umap_hm_9f00be.csv
results_ensg_liver_MacParland_Nat_Commun_2018_CellType_X_umap_hm_9f00be.pkl,s3://lifebit-user-data-6941eed90a4dd7a1d1026d7a/deploit/teams/69d8dd1e5d3e1f8c350e006f/users/68af3d99c99eb7bd2ff47bc8/projects/69f80768ca774c668fbaaed8/jobs/6a22c7257e433821290d90bc/results/results_ensg_liver_MacParland_Nat_Commun_2018_CellType_X_umap_hm_9f00be.pkl
results_ensg_liver_Wells_Nat_Immunol_2025_author_cell_type_X_umap_74e9e1.csv,s3://lifebit-user-data-6941eed90a4dd7a1d1026d7a/deploit/teams/69d8dd1e5d3e1f8c350e006f/users/68af3d99c99eb7bd2ff47bc8/projects/69f80768ca774c668fbaaed8/jobs/6a22c7257e433821290d90bc/results/results_ensg_liver_Wells_Nat_Immunol_2025_author_cell_type_X_umap_74e9e1.csv
results_ensg_liver_Wells_Nat_Immunol_2025_author_cell_type_X_umap_74e9e1.pkl,s3://lifebit-user-data-6941eed90a4dd7a1d1026d7a/deploit/teams/69d8dd1e5d3e1f8c350e006f/users/68af3d99c99eb7bd2ff47bc8/projects/69f80768ca774c668fbaaed8/jobs/6a22c7257e433821290d90bc/results/results_ensg_liver_Wells_Nat_Immunol_2025_author_cell_type_X_umap_74e9e1.pkl
results_ensg_liver_Xu_Cell_2023_Curated_annotation_X_umap_a72286.csv,s3://lifebit-user-data-6941eed90a4dd7a1d1026d7a/deploit/teams/69d8dd1e5d3e1f8c350e006f/users/68af3d99c99eb7bd2ff47bc8/projects/69f80768ca774c668fbaaed8/jobs/6a22c7257e433821290d90bc/results/results_ensg_liver_Xu_Cell_2023_Curated_annotation_X_umap_a72286.csv
results_ensg_liver_Xu_Cell_2023_Curated_annotation_X_umap_a72286.pkl,s3://lifebit-user-data-6941eed90a4dd7a1d1026d7a/deploit/teams/69d8dd1e5d3e1f8c350e006f/users/68af3d99c99eb7bd2ff47bc8/projects/69f80768ca774c668fbaaed8/jobs/6a22c7257e433821290d90bc/results/results_ensg_liver_Xu_Cell_2023_Curated_annotation_X_umap_a72286.pkl
results_symbols_liver_Andrews_Hepatol_Commun_2022_author_cell_type_X_umap_3d10a5.csv,s3://lifebit-user-data-6941eed90a4dd7a1d1026d7a/deploit/teams/69d8dd1e5d3e1f8c350e006f/users/68af3d99c99eb7bd2ff47bc8/projects/69f80768ca774c668fbaaed8/jobs/6a22c7257e433821290d90bc/results/results_symbols_liver_Andrews_Hepatol_Commun_2022_author_cell_type_X_umap_3d10a5.csv
results_symbols_liver_Andrews_Hepatol_Commun_2022_author_cell_type_X_umap_3d10a5.pkl,s3://lifebit-user-data-6941eed90a4dd7a1d1026d7a/deploit/teams/69d8dd1e5d3e1f8c350e006f/users/68af3d99c99eb7bd2ff47bc8/projects/69f80768ca774c668fbaaed8/jobs/6a22c7257e433821290d90bc/results/results_symbols_liver_Andrews_Hepatol_Commun_2022_author_cell_type_X_umap_3d10a5.pkl
results_symbols_liver_Andrews_Journal_of_Hepatology_2024_author_cell_type_X_umap_00ddc4.csv,s3://lifebit-user-data-6941eed90a4dd7a1d1026d7a/deploit/teams/69d8dd1e5d3e1f8c350e006f/users/68af3d99c99eb7bd2ff47bc8/projects/69f80768ca774c668fbaaed8/jobs/6a22c7257e433821290d90bc/results/results_symbols_liver_Andrews_Journal_of_Hepatology_2024_author_cell_type_X_umap_00ddc4.csv
results_symbols_liver_Andrews_Journal_of_Hepatology_2024_author_cell_type_X_umap_00ddc4.pkl,s3://lifebit-user-data-6941eed90a4dd7a1d1026d7a/deploit/teams/69d8dd1e5d3e1f8c350e006f/users/68af3d99c99eb7bd2ff47bc8/projects/69f80768ca774c668fbaaed8/jobs/6a22c7257e433821290d90bc/results/results_symbols_liver_Andrews_Journal_of_Hepatology_2024_author_cell_type_X_umap_00ddc4.pkl
results_symbols_liver_Andrews_Journal_of_Hepatology_2024_author_cell_type_X_umap_2b80fc.csv,s3://lifebit-user-data-6941eed90a4dd7a1d1026d7a/deploit/teams/69d8dd1e5d3e1f8c350e006f/users/68af3d99c99eb7bd2ff47bc8/projects/69f80768ca774c668fbaaed8/jobs/6a22c7257e433821290d90bc/results/results_symbols_liver_Andrews_Journal_of_Hepatology_2024_author_cell_type_X_umap_2b80fc.csv
results_symbols_liver_Andrews_Journal_of_Hepatology_2024_author_cell_type_X_umap_2b80fc.pkl,s3://lifebit-user-data-6941eed90a4dd7a1d1026d7a/deploit/teams/69d8dd1e5d3e1f8c350e006f/users/68af3d99c99eb7bd2ff47bc8/projects/69f80768ca774c668fbaaed8/jobs/6a22c7257e433821290d90bc/results/results_symbols_liver_Andrews_Journal_of_Hepatology_2024_author_cell_type_X_umap_2b80fc.pkl
results_symbols_liver_Dominguez_Conde_Science_2022_Manually_curated_celltype_X_umap_04d255.csv,s3://lifebit-user-data-6941eed90a4dd7a1d1026d7a/deploit/teams/69d8dd1e5d3e1f8c350e006f/users/68af3d99c99eb7bd2ff47bc8/projects/69f80768ca774c668fbaaed8/jobs/6a22c7257e433821290d90bc/results/results_symbols_liver_Dominguez_Conde_Science_2022_Manually_curated_celltype_X_umap_04d255.csv
results_symbols_liver_Dominguez_Conde_Science_2022_Manually_curated_celltype_X_umap_04d255.pkl,s3://lifebit-user-data-6941eed90a4dd7a1d1026d7a/deploit/teams/69d8dd1e5d3e1f8c350e006f/users/68af3d99c99eb7bd2ff47bc8/projects/69f80768ca774c668fbaaed8/jobs/6a22c7257e433821290d90bc/results/results_symbols_liver_Dominguez_Conde_Science_2022_Manually_curated_celltype_X_umap_04d255.pkl
results_symbols_liver_Edgar_Hepatology_Communications_2025_author_cell_type_X_umap_90971d.csv,s3://lifebit-user-data-6941eed90a4dd7a1d1026d7a/deploit/teams/69d8dd1e5d3e1f8c350e006f/users/68af3d99c99eb7bd2ff47bc8/projects/69f80768ca774c668fbaaed8/jobs/6a22c7257e433821290d90bc/results/results_symbols_liver_Edgar_Hepatology_Communications_2025_author_cell_type_X_umap_90971d.csv
results_symbols_liver_Edgar_Hepatology_Communications_2025_author_cell_type_X_umap_90971d.pkl,s3://lifebit-user-data-6941eed90a4dd7a1d1026d7a/deploit/teams/69d8dd1e5d3e1f8c350e006f/users/68af3d99c99eb7bd2ff47bc8/projects/69f80768ca774c668fbaaed8/jobs/6a22c7257e433821290d90bc/results/results_symbols_liver_Edgar_Hepatology_Communications_2025_author_cell_type_X_umap_90971d.pkl
results_symbols_liver_Edgar_Hepatology_Communications_2025_author_cell_type_X_umap_c0113a.csv,s3://lifebit-user-data-6941eed90a4dd7a1d1026d7a/deploit/teams/69d8dd1e5d3e1f8c350e006f/users/68af3d99c99eb7bd2ff47bc8/projects/69f80768ca774c668fbaaed8/jobs/6a22c7257e433821290d90bc/results/results_symbols_liver_Edgar_Hepatology_Communications_2025_author_cell_type_X_umap_c0113a.csv
results_symbols_liver_Edgar_Hepatology_Communications_2025_author_cell_type_X_umap_c0113a.pkl,s3://lifebit-user-data-6941eed90a4dd7a1d1026d7a/deploit/teams/69d8dd1e5d3e1f8c350e006f/users/68af3d99c99eb7bd2ff47bc8/projects/69f80768ca774c668fbaaed8/jobs/6a22c7257e433821290d90bc/results/results_symbols_liver_Edgar_Hepatology_Communications_2025_author_cell_type_X_umap_c0113a.pkl
results_symbols_liver_Guilliams_Cell_2022_author_cell_type_X_umap_ec5dd4.csv,s3://lifebit-user-data-6941eed90a4dd7a1d1026d7a/deploit/teams/69d8dd1e5d3e1f8c350e006f/users/68af3d99c99eb7bd2ff47bc8/projects/69f80768ca774c668fbaaed8/jobs/6a22c7257e433821290d90bc/results/results_symbols_liver_Guilliams_Cell_2022_author_cell_type_X_umap_ec5dd4.csv
results_symbols_liver_Guilliams_Cell_2022_author_cell_type_X_umap_ec5dd4.pkl,s3://lifebit-user-data-6941eed90a4dd7a1d1026d7a/deploit/teams/69d8dd1e5d3e1f8c350e006f/users/68af3d99c99eb7bd2ff47bc8/projects/69f80768ca774c668fbaaed8/jobs/6a22c7257e433821290d90bc/results/results_symbols_liver_Guilliams_Cell_2022_author_cell_type_X_umap_ec5dd4.pkl
results_symbols_liver_Han_Nature_2020_author_cell_type_X_umap_5c7ea7.csv,s3://lifebit-user-data-6941eed90a4dd7a1d1026d7a/deploit/teams/69d8dd1e5d3e1f8c350e006f/users/68af3d99c99eb7bd2ff47bc8/projects/69f80768ca774c668fbaaed8/jobs/6a22c7257e433821290d90bc/results/results_symbols_liver_Han_Nature_2020_author_cell_type_X_umap_5c7ea7.csv
results_symbols_liver_Han_Nature_2020_author_cell_type_X_umap_5c7ea7.pkl,s3://lifebit-user-data-6941eed90a4dd7a1d1026d7a/deploit/teams/69d8dd1e5d3e1f8c350e006f/users/68af3d99c99eb7bd2ff47bc8/projects/69f80768ca774c668fbaaed8/jobs/6a22c7257e433821290d90bc/results/results_symbols_liver_Han_Nature_2020_author_cell_type_X_umap_5c7ea7.pkl
results_symbols_liver_MacParland_Nat_Commun_2018_CellType_X_umap_hm_9f00be.csv,s3://lifebit-user-data-6941eed90a4dd7a1d1026d7a/deploit/teams/69d8dd1e5d3e1f8c350e006f/users/68af3d99c99eb7bd2ff47bc8/projects/69f80768ca774c668fbaaed8/jobs/6a22c7257e433821290d90bc/results/results_symbols_liver_MacParland_Nat_Commun_2018_CellType_X_umap_hm_9f00be.csv
results_symbols_liver_MacParland_Nat_Commun_2018_CellType_X_umap_hm_9f00be.pkl,s3://lifebit-user-data-6941eed90a4dd7a1d1026d7a/deploit/teams/69d8dd1e5d3e1f8c350e006f/users/68af3d99c99eb7bd2ff47bc8/projects/69f80768ca774c668fbaaed8/jobs/6a22c7257e433821290d90bc/results/results_symbols_liver_MacParland_Nat_Commun_2018_CellType_X_umap_hm_9f00be.pkl
results_symbols_liver_Wells_Nat_Immunol_2025_author_cell_type_X_umap_74e9e1.csv,s3://lifebit-user-data-6941eed90a4dd7a1d1026d7a/deploit/teams/69d8dd1e5d3e1f8c350e006f/users/68af3d99c99eb7bd2ff47bc8/projects/69f80768ca774c668fbaaed8/jobs/6a22c7257e433821290d90bc/results/results_symbols_liver_Wells_Nat_Immunol_2025_author_cell_type_X_umap_74e9e1.csv
results_symbols_liver_Wells_Nat_Immunol_2025_author_cell_type_X_umap_74e9e1.pkl,s3://lifebit-user-data-6941eed90a4dd7a1d1026d7a/deploit/teams/69d8dd1e5d3e1f8c350e006f/users/68af3d99c99eb7bd2ff47bc8/projects/69f80768ca774c668fbaaed8/jobs/6a22c7257e433821290d90bc/results/results_symbols_liver_Wells_Nat_Immunol_2025_author_cell_type_X_umap_74e9e1.pkl
results_symbols_liver_Xu_Cell_2023_Curated_annotation_X_umap_a72286.csv,s3://lifebit-user-data-6941eed90a4dd7a1d1026d7a/deploit/teams/69d8dd1e5d3e1f8c350e006f/users/68af3d99c99eb7bd2ff47bc8/projects/69f80768ca774c668fbaaed8/jobs/6a22c7257e433821290d90bc/results/results_symbols_liver_Xu_Cell_2023_Curated_annotation_X_umap_a72286.csv
results_symbols_liver_Xu_Cell_2023_Curated_annotation_X_umap_a72286.pkl,s3://lifebit-user-data-6941eed90a4dd7a1d1026d7a/deploit/teams/69d8dd1e5d3e1f8c350e006f/users/68af3d99c99eb7bd2ff47bc8/projects/69f80768ca774c668fbaaed8/jobs/6a22c7257e433821290d90bc/results/results_symbols_liver_Xu_Cell_2023_Curated_annotation_X_umap_a72286.pkl
scatter_liver_Andrews_Hepatol_Commun_2022_author_cell_type_X_umap_3d10a5_f_score.html,s3://lifebit-user-data-6941eed90a4dd7a1d1026d7a/deploit/teams/69d8dd1e5d3e1f8c350e006f/users/68af3d99c99eb7bd2ff47bc8/projects/69f80768ca774c668fbaaed8/jobs/6a22c7257e433821290d90bc/results/scatter_liver_Andrews_Hepatol_Commun_2022_author_cell_type_X_umap_3d10a5_f_score.html
scatter_liver_Andrews_Hepatol_Commun_2022_author_cell_type_X_umap_3d10a5_f_score.svg,s3://lifebit-user-data-6941eed90a4dd7a1d1026d7a/deploit/teams/69d8dd1e5d3e1f8c350e006f/users/68af3d99c99eb7bd2ff47bc8/projects/69f80768ca774c668fbaaed8/jobs/6a22c7257e433821290d90bc/results/scatter_liver_Andrews_Hepatol_Commun_2022_author_cell_type_X_umap_3d10a5_f_score.svg
scatter_liver_Andrews_Hepatol_Commun_2022_author_cell_type_X_umap_3d10a5_onTarget.html,s3://lifebit-user-data-6941eed90a4dd7a1d1026d7a/deploit/teams/69d8dd1e5d3e1f8c350e006f/users/68af3d99c99eb7bd2ff47bc8/projects/69f80768ca774c668fbaaed8/jobs/6a22c7257e433821290d90bc/results/scatter_liver_Andrews_Hepatol_Commun_2022_author_cell_type_X_umap_3d10a5_onTarget.html
scatter_liver_Andrews_Hepatol_Commun_2022_author_cell_type_X_umap_3d10a5_onTarget.svg,s3://lifebit-user-data-6941eed90a4dd7a1d1026d7a/deploit/teams/69d8dd1e5d3e1f8c350e006f/users/68af3d99c99eb7bd2ff47bc8/projects/69f80768ca774c668fbaaed8/jobs/6a22c7257e433821290d90bc/results/scatter_liver_Andrews_Hepatol_Commun_2022_author_cell_type_X_umap_3d10a5_onTarget.svg
scatter_liver_Andrews_Hepatol_Commun_2022_author_cell_type_X_umap_3d10a5_precision.html,s3://lifebit-user-data-6941eed90a4dd7a1d1026d7a/deploit/teams/69d8dd1e5d3e1f8c350e006f/users/68af3d99c99eb7bd2ff47bc8/projects/69f80768ca774c668fbaaed8/jobs/6a22c7257e433821290d90bc/results/scatter_liver_Andrews_Hepatol_Commun_2022_author_cell_type_X_umap_3d10a5_precision.html
scatter_liver_Andrews_Hepatol_Commun_2022_author_cell_type_X_umap_3d10a5_precision.svg,s3://lifebit-user-data-6941eed90a4dd7a1d1026d7a/deploit/teams/69d8dd1e5d3e1f8c350e006f/users/68af3d99c99eb7bd2ff47bc8/projects/69f80768ca774c668fbaaed8/jobs/6a22c7257e433821290d90bc/results/scatter_liver_Andrews_Hepatol_Commun_2022_author_cell_type_X_umap_3d10a5_precision.svg
scatter_liver_Andrews_Hepatol_Commun_2022_author_cell_type_X_umap_3d10a5_recall.html,s3://lifebit-user-data-6941eed90a4dd7a1d1026d7a/deploit/teams/69d8dd1e5d3e1f8c350e006f/users/68af3d99c99eb7bd2ff47bc8/projects/69f80768ca774c668fbaaed8/jobs/6a22c7257e433821290d90bc/results/scatter_liver_Andrews_Hepatol_Commun_2022_author_cell_type_X_umap_3d10a5_recall.html
scatter_liver_Andrews_Hepatol_Commun_2022_author_cell_type_X_umap_3d10a5_recall.svg,s3://lifebit-user-data-6941eed90a4dd7a1d1026d7a/deploit/teams/69d8dd1e5d3e1f8c350e006f/users/68af3d99c99eb7bd2ff47bc8/projects/69f80768ca774c668fbaaed8/jobs/6a22c7257e433821290d90bc/results/scatter_liver_Andrews_Hepatol_Commun_2022_author_cell_type_X_umap_3d10a5_recall.svg
scatter_liver_Andrews_Journal_of_Hepatology_2024_author_cell_type_X_umap_00ddc4_f_score.html,s3://lifebit-user-data-6941eed90a4dd7a1d1026d7a/deploit/teams/69d8dd1e5d3e1f8c350e006f/users/68af3d99c99eb7bd2ff47bc8/projects/69f80768ca774c668fbaaed8/jobs/6a22c7257e433821290d90bc/results/scatter_liver_Andrews_Journal_of_Hepatology_2024_author_cell_type_X_umap_00ddc4_f_score.html
scatter_liver_Andrews_Journal_of_Hepatology_2024_author_cell_type_X_umap_00ddc4_f_score.svg,s3://lifebit-user-data-6941eed90a4dd7a1d1026d7a/deploit/teams/69d8dd1e5d3e1f8c350e006f/users/68af3d99c99eb7bd2ff47bc8/projects/69f80768ca774c668fbaaed8/jobs/6a22c7257e433821290d90bc/results/scatter_liver_Andrews_Journal_of_Hepatology_2024_author_cell_type_X_umap_00ddc4_f_score.svg
scatter_liver_Andrews_Journal_of_Hepatology_2024_author_cell_type_X_umap_00ddc4_onTarget.html,s3://lifebit-user-data-6941eed90a4dd7a1d1026d7a/deploit/teams/69d8dd1e5d3e1f8c350e006f/users/68af3d99c99eb7bd2ff47bc8/projects/69f80768ca774c668fbaaed8/jobs/6a22c7257e433821290d90bc/results/scatter_liver_Andrews_Journal_of_Hepatology_2024_author_cell_type_X_umap_00ddc4_onTarget.html
scatter_liver_Andrews_Journal_of_Hepatology_2024_author_cell_type_X_umap_00ddc4_onTarget.svg,s3://lifebit-user-data-6941eed90a4dd7a1d1026d7a/deploit/teams/69d8dd1e5d3e1f8c350e006f/users/68af3d99c99eb7bd2ff47bc8/projects/69f80768ca774c668fbaaed8/jobs/6a22c7257e433821290d90bc/results/scatter_liver_Andrews_Journal_of_Hepatology_2024_author_cell_type_X_umap_00ddc4_onTarget.svg
scatter_liver_Andrews_Journal_of_Hepatology_2024_author_cell_type_X_umap_00ddc4_precision.html,s3://lifebit-user-data-6941eed90a4dd7a1d1026d7a/deploit/teams/69d8dd1e5d3e1f8c350e006f/users/68af3d99c99eb7bd2ff47bc8/projects/69f80768ca774c668fbaaed8/jobs/6a22c7257e433821290d90bc/results/scatter_liver_Andrews_Journal_of_Hepatology_2024_author_cell_type_X_umap_00ddc4_precision.html
scatter_liver_Andrews_Journal_of_Hepatology_2024_author_cell_type_X_umap_00ddc4_precision.svg,s3://lifebit-user-data-6941eed90a4dd7a1d1026d7a/deploit/teams/69d8dd1e5d3e1f8c350e006f/users/68af3d99c99eb7bd2ff47bc8/projects/69f80768ca774c668fbaaed8/jobs/6a22c7257e433821290d90bc/results/scatter_liver_Andrews_Journal_of_Hepatology_2024_author_cell_type_X_umap_00ddc4_precision.svg
scatter_liver_Andrews_Journal_of_Hepatology_2024_author_cell_type_X_umap_00ddc4_recall.html,s3://lifebit-user-data-6941eed90a4dd7a1d1026d7a/deploit/teams/69d8dd1e5d3e1f8c350e006f/users/68af3d99c99eb7bd2ff47bc8/projects/69f80768ca774c668fbaaed8/jobs/6a22c7257e433821290d90bc/results/scatter_liver_Andrews_Journal_of_Hepatology_2024_author_cell_type_X_umap_00ddc4_recall.html
scatter_liver_Andrews_Journal_of_Hepatology_2024_author_cell_type_X_umap_00ddc4_recall.svg,s3://lifebit-user-data-6941eed90a4dd7a1d1026d7a/deploit/teams/69d8dd1e5d3e1f8c350e006f/users/68af3d99c99eb7bd2ff47bc8/projects/69f80768ca774c668fbaaed8/jobs/6a22c7257e433821290d90bc/results/scatter_liver_Andrews_Journal_of_Hepatology_2024_author_cell_type_X_umap_00ddc4_recall.svg
scatter_liver_Andrews_Journal_of_Hepatology_2024_author_cell_type_X_umap_2b80fc_f_score.html,s3://lifebit-user-data-6941eed90a4dd7a1d1026d7a/deploit/teams/69d8dd1e5d3e1f8c350e006f/users/68af3d99c99eb7bd2ff47bc8/projects/69f80768ca774c668fbaaed8/jobs/6a22c7257e433821290d90bc/results/scatter_liver_Andrews_Journal_of_Hepatology_2024_author_cell_type_X_umap_2b80fc_f_score.html
scatter_liver_Andrews_Journal_of_Hepatology_2024_author_cell_type_X_umap_2b80fc_f_score.svg,s3://lifebit-user-data-6941eed90a4dd7a1d1026d7a/deploit/teams/69d8dd1e5d3e1f8c350e006f/users/68af3d99c99eb7bd2ff47bc8/projects/69f80768ca774c668fbaaed8/jobs/6a22c7257e433821290d90bc/results/scatter_liver_Andrews_Journal_of_Hepatology_2024_author_cell_type_X_umap_2b80fc_f_score.svg
scatter_liver_Andrews_Journal_of_Hepatology_2024_author_cell_type_X_umap_2b80fc_onTarget.html,s3://lifebit-user-data-6941eed90a4dd7a1d1026d7a/deploit/teams/69d8dd1e5d3e1f8c350e006f/users/68af3d99c99eb7bd2ff47bc8/projects/69f80768ca774c668fbaaed8/jobs/6a22c7257e433821290d90bc/results/scatter_liver_Andrews_Journal_of_Hepatology_2024_author_cell_type_X_umap_2b80fc_onTarget.html
scatter_liver_Andrews_Journal_of_Hepatology_2024_author_cell_type_X_umap_2b80fc_onTarget.svg,s3://lifebit-user-data-6941eed90a4dd7a1d1026d7a/deploit/teams/69d8dd1e5d3e1f8c350e006f/users/68af3d99c99eb7bd2ff47bc8/projects/69f80768ca774c668fbaaed8/jobs/6a22c7257e433821290d90bc/results/scatter_liver_Andrews_Journal_of_Hepatology_2024_author_cell_type_X_umap_2b80fc_onTarget.svg
scatter_liver_Andrews_Journal_of_Hepatology_2024_author_cell_type_X_umap_2b80fc_precision.html,s3://lifebit-user-data-6941eed90a4dd7a1d1026d7a/deploit/teams/69d8dd1e5d3e1f8c350e006f/users/68af3d99c99eb7bd2ff47bc8/projects/69f80768ca774c668fbaaed8/jobs/6a22c7257e433821290d90bc/results/scatter_liver_Andrews_Journal_of_Hepatology_2024_author_cell_type_X_umap_2b80fc_precision.html
scatter_liver_Andrews_Journal_of_Hepatology_2024_author_cell_type_X_umap_2b80fc_precision.svg,s3://lifebit-user-data-6941eed90a4dd7a1d1026d7a/deploit/teams/69d8dd1e5d3e1f8c350e006f/users/68af3d99c99eb7bd2ff47bc8/projects/69f80768ca774c668fbaaed8/jobs/6a22c7257e433821290d90bc/results/scatter_liver_Andrews_Journal_of_Hepatology_2024_author_cell_type_X_umap_2b80fc_precision.svg
scatter_liver_Andrews_Journal_of_Hepatology_2024_author_cell_type_X_umap_2b80fc_recall.html,s3://lifebit-user-data-6941eed90a4dd7a1d1026d7a/deploit/teams/69d8dd1e5d3e1f8c350e006f/users/68af3d99c99eb7bd2ff47bc8/projects/69f80768ca774c668fbaaed8/jobs/6a22c7257e433821290d90bc/results/scatter_liver_Andrews_Journal_of_Hepatology_2024_author_cell_type_X_umap_2b80fc_recall.html
scatter_liver_Andrews_Journal_of_Hepatology_2024_author_cell_type_X_umap_2b80fc_recall.svg,s3://lifebit-user-data-6941eed90a4dd7a1d1026d7a/deploit/teams/69d8dd1e5d3e1f8c350e006f/users/68af3d99c99eb7bd2ff47bc8/projects/69f80768ca774c668fbaaed8/jobs/6a22c7257e433821290d90bc/results/scatter_liver_Andrews_Journal_of_Hepatology_2024_author_cell_type_X_umap_2b80fc_recall.svg
scatter_liver_Dominguez_Conde_Science_2022_Manually_curated_celltype_X_umap_04d255_f_score.html,s3://lifebit-user-data-6941eed90a4dd7a1d1026d7a/deploit/teams/69d8dd1e5d3e1f8c350e006f/users/68af3d99c99eb7bd2ff47bc8/projects/69f80768ca774c668fbaaed8/jobs/6a22c7257e433821290d90bc/results/scatter_liver_Dominguez_Conde_Science_2022_Manually_curated_celltype_X_umap_04d255_f_score.html
scatter_liver_Dominguez_Conde_Science_2022_Manually_curated_celltype_X_umap_04d255_f_score.svg,s3://lifebit-user-data-6941eed90a4dd7a1d1026d7a/deploit/teams/69d8dd1e5d3e1f8c350e006f/users/68af3d99c99eb7bd2ff47bc8/projects/69f80768ca774c668fbaaed8/jobs/6a22c7257e433821290d90bc/results/scatter_liver_Dominguez_Conde_Science_2022_Manually_curated_celltype_X_umap_04d255_f_score.svg
scatter_liver_Dominguez_Conde_Science_2022_Manually_curated_celltype_X_umap_04d255_onTarget.html,s3://lifebit-user-data-6941eed90a4dd7a1d1026d7a/deploit/teams/69d8dd1e5d3e1f8c350e006f/users/68af3d99c99eb7bd2ff47bc8/projects/69f80768ca774c668fbaaed8/jobs/6a22c7257e433821290d90bc/results/scatter_liver_Dominguez_Conde_Science_2022_Manually_curated_celltype_X_umap_04d255_onTarget.html
scatter_liver_Dominguez_Conde_Science_2022_Manually_curated_celltype_X_umap_04d255_onTarget.svg,s3://lifebit-user-data-6941eed90a4dd7a1d1026d7a/deploit/teams/69d8dd1e5d3e1f8c350e006f/users/68af3d99c99eb7bd2ff47bc8/projects/69f80768ca774c668fbaaed8/jobs/6a22c7257e433821290d90bc/results/scatter_liver_Dominguez_Conde_Science_2022_Manually_curated_celltype_X_umap_04d255_onTarget.svg
scatter_liver_Dominguez_Conde_Science_2022_Manually_curated_celltype_X_umap_04d255_precision.html,s3://lifebit-user-data-6941eed90a4dd7a1d1026d7a/deploit/teams/69d8dd1e5d3e1f8c350e006f/users/68af3d99c99eb7bd2ff47bc8/projects/69f80768ca774c668fbaaed8/jobs/6a22c7257e433821290d90bc/results/scatter_liver_Dominguez_Conde_Science_2022_Manually_curated_celltype_X_umap_04d255_precision.html
scatter_liver_Dominguez_Conde_Science_2022_Manually_curated_celltype_X_umap_04d255_precision.svg,s3://lifebit-user-data-6941eed90a4dd7a1d1026d7a/deploit/teams/69d8dd1e5d3e1f8c350e006f/users/68af3d99c99eb7bd2ff47bc8/projects/69f80768ca774c668fbaaed8/jobs/6a22c7257e433821290d90bc/results/scatter_liver_Dominguez_Conde_Science_2022_Manually_curated_celltype_X_umap_04d255_precision.svg
scatter_liver_Dominguez_Conde_Science_2022_Manually_curated_celltype_X_umap_04d255_recall.html,s3://lifebit-user-data-6941eed90a4dd7a1d1026d7a/deploit/teams/69d8dd1e5d3e1f8c350e006f/users/68af3d99c99eb7bd2ff47bc8/projects/69f80768ca774c668fbaaed8/jobs/6a22c7257e433821290d90bc/results/scatter_liver_Dominguez_Conde_Science_2022_Manually_curated_celltype_X_umap_04d255_recall.html
scatter_liver_Dominguez_Conde_Science_2022_Manually_curated_celltype_X_umap_04d255_recall.svg,s3://lifebit-user-data-6941eed90a4dd7a1d1026d7a/deploit/teams/69d8dd1e5d3e1f8c350e006f/users/68af3d99c99eb7bd2ff47bc8/projects/69f80768ca774c668fbaaed8/jobs/6a22c7257e433821290d90bc/results/scatter_liver_Dominguez_Conde_Science_2022_Manually_curated_celltype_X_umap_04d255_recall.svg
scatter_liver_Edgar_Hepatology_Communications_2025_author_cell_type_X_umap_90971d_f_score.html,s3://lifebit-user-data-6941eed90a4dd7a1d1026d7a/deploit/teams/69d8dd1e5d3e1f8c350e006f/users/68af3d99c99eb7bd2ff47bc8/projects/69f80768ca774c668fbaaed8/jobs/6a22c7257e433821290d90bc/results/scatter_liver_Edgar_Hepatology_Communications_2025_author_cell_type_X_umap_90971d_f_score.html
scatter_liver_Edgar_Hepatology_Communications_2025_author_cell_type_X_umap_90971d_f_score.svg,s3://lifebit-user-data-6941eed90a4dd7a1d1026d7a/deploit/teams/69d8dd1e5d3e1f8c350e006f/users/68af3d99c99eb7bd2ff47bc8/projects/69f80768ca774c668fbaaed8/jobs/6a22c7257e433821290d90bc/results/scatter_liver_Edgar_Hepatology_Communications_2025_author_cell_type_X_umap_90971d_f_score.svg
scatter_liver_Edgar_Hepatology_Communications_2025_author_cell_type_X_umap_90971d_onTarget.html,s3://lifebit-user-data-6941eed90a4dd7a1d1026d7a/deploit/teams/69d8dd1e5d3e1f8c350e006f/users/68af3d99c99eb7bd2ff47bc8/projects/69f80768ca774c668fbaaed8/jobs/6a22c7257e433821290d90bc/results/scatter_liver_Edgar_Hepatology_Communications_2025_author_cell_type_X_umap_90971d_onTarget.html
scatter_liver_Edgar_Hepatology_Communications_2025_author_cell_type_X_umap_90971d_onTarget.svg,s3://lifebit-user-data-6941eed90a4dd7a1d1026d7a/deploit/teams/69d8dd1e5d3e1f8c350e006f/users/68af3d99c99eb7bd2ff47bc8/projects/69f80768ca774c668fbaaed8/jobs/6a22c7257e433821290d90bc/results/scatter_liver_Edgar_Hepatology_Communications_2025_author_cell_type_X_umap_90971d_onTarget.svg
scatter_liver_Edgar_Hepatology_Communications_2025_author_cell_type_X_umap_90971d_precision.html,s3://lifebit-user-data-6941eed90a4dd7a1d1026d7a/deploit/teams/69d8dd1e5d3e1f8c350e006f/users/68af3d99c99eb7bd2ff47bc8/projects/69f80768ca774c668fbaaed8/jobs/6a22c7257e433821290d90bc/results/scatter_liver_Edgar_Hepatology_Communications_2025_author_cell_type_X_umap_90971d_precision.html
scatter_liver_Edgar_Hepatology_Communications_2025_author_cell_type_X_umap_90971d_precision.svg,s3://lifebit-user-data-6941eed90a4dd7a1d1026d7a/deploit/teams/69d8dd1e5d3e1f8c350e006f/users/68af3d99c99eb7bd2ff47bc8/projects/69f80768ca774c668fbaaed8/jobs/6a22c7257e433821290d90bc/results/scatter_liver_Edgar_Hepatology_Communications_2025_author_cell_type_X_umap_90971d_precision.svg
scatter_liver_Edgar_Hepatology_Communications_2025_author_cell_type_X_umap_90971d_recall.html,s3://lifebit-user-data-6941eed90a4dd7a1d1026d7a/deploit/teams/69d8dd1e5d3e1f8c350e006f/users/68af3d99c99eb7bd2ff47bc8/projects/69f80768ca774c668fbaaed8/jobs/6a22c7257e433821290d90bc/results/scatter_liver_Edgar_Hepatology_Communications_2025_author_cell_type_X_umap_90971d_recall.html
scatter_liver_Edgar_Hepatology_Communications_2025_author_cell_type_X_umap_90971d_recall.svg,s3://lifebit-user-data-6941eed90a4dd7a1d1026d7a/deploit/teams/69d8dd1e5d3e1f8c350e006f/users/68af3d99c99eb7bd2ff47bc8/projects/69f80768ca774c668fbaaed8/jobs/6a22c7257e433821290d90bc/results/scatter_liver_Edgar_Hepatology_Communications_2025_author_cell_type_X_umap_90971d_recall.svg
scatter_liver_Edgar_Hepatology_Communications_2025_author_cell_type_X_umap_c0113a_f_score.html,s3://lifebit-user-data-6941eed90a4dd7a1d1026d7a/deploit/teams/69d8dd1e5d3e1f8c350e006f/users/68af3d99c99eb7bd2ff47bc8/projects/69f80768ca774c668fbaaed8/jobs/6a22c7257e433821290d90bc/results/scatter_liver_Edgar_Hepatology_Communications_2025_author_cell_type_X_umap_c0113a_f_score.html
scatter_liver_Edgar_Hepatology_Communications_2025_author_cell_type_X_umap_c0113a_f_score.svg,s3://lifebit-user-data-6941eed90a4dd7a1d1026d7a/deploit/teams/69d8dd1e5d3e1f8c350e006f/users/68af3d99c99eb7bd2ff47bc8/projects/69f80768ca774c668fbaaed8/jobs/6a22c7257e433821290d90bc/results/scatter_liver_Edgar_Hepatology_Communications_2025_author_cell_type_X_umap_c0113a_f_score.svg
scatter_liver_Edgar_Hepatology_Communications_2025_author_cell_type_X_umap_c0113a_onTarget.html,s3://lifebit-user-data-6941eed90a4dd7a1d1026d7a/deploit/teams/69d8dd1e5d3e1f8c350e006f/users/68af3d99c99eb7bd2ff47bc8/projects/69f80768ca774c668fbaaed8/jobs/6a22c7257e433821290d90bc/results/scatter_liver_Edgar_Hepatology_Communications_2025_author_cell_type_X_umap_c0113a_onTarget.html
scatter_liver_Edgar_Hepatology_Communications_2025_author_cell_type_X_umap_c0113a_onTarget.svg,s3://lifebit-user-data-6941eed90a4dd7a1d1026d7a/deploit/teams/69d8dd1e5d3e1f8c350e006f/users/68af3d99c99eb7bd2ff47bc8/projects/69f80768ca774c668fbaaed8/jobs/6a22c7257e433821290d90bc/results/scatter_liver_Edgar_Hepatology_Communications_2025_author_cell_type_X_umap_c0113a_onTarget.svg
scatter_liver_Edgar_Hepatology_Communications_2025_author_cell_type_X_umap_c0113a_precision.html,s3://lifebit-user-data-6941eed90a4dd7a1d1026d7a/deploit/teams/69d8dd1e5d3e1f8c350e006f/users/68af3d99c99eb7bd2ff47bc8/projects/69f80768ca774c668fbaaed8/jobs/6a22c7257e433821290d90bc/results/scatter_liver_Edgar_Hepatology_Communications_2025_author_cell_type_X_umap_c0113a_precision.html
scatter_liver_Edgar_Hepatology_Communications_2025_author_cell_type_X_umap_c0113a_precision.svg,s3://lifebit-user-data-6941eed90a4dd7a1d1026d7a/deploit/teams/69d8dd1e5d3e1f8c350e006f/users/68af3d99c99eb7bd2ff47bc8/projects/69f80768ca774c668fbaaed8/jobs/6a22c7257e433821290d90bc/results/scatter_liver_Edgar_Hepatology_Communications_2025_author_cell_type_X_umap_c0113a_precision.svg
scatter_liver_Edgar_Hepatology_Communications_2025_author_cell_type_X_umap_c0113a_recall.html,s3://lifebit-user-data-6941eed90a4dd7a1d1026d7a/deploit/teams/69d8dd1e5d3e1f8c350e006f/users/68af3d99c99eb7bd2ff47bc8/projects/69f80768ca774c668fbaaed8/jobs/6a22c7257e433821290d90bc/results/scatter_liver_Edgar_Hepatology_Communications_2025_author_cell_type_X_umap_c0113a_recall.html
scatter_liver_Edgar_Hepatology_Communications_2025_author_cell_type_X_umap_c0113a_recall.svg,s3://lifebit-user-data-6941eed90a4dd7a1d1026d7a/deploit/teams/69d8dd1e5d3e1f8c350e006f/users/68af3d99c99eb7bd2ff47bc8/projects/69f80768ca774c668fbaaed8/jobs/6a22c7257e433821290d90bc/results/scatter_liver_Edgar_Hepatology_Communications_2025_author_cell_type_X_umap_c0113a_recall.svg
scatter_liver_Guilliams_Cell_2022_author_cell_type_X_umap_ec5dd4_f_score.html,s3://lifebit-user-data-6941eed90a4dd7a1d1026d7a/deploit/teams/69d8dd1e5d3e1f8c350e006f/users/68af3d99c99eb7bd2ff47bc8/projects/69f80768ca774c668fbaaed8/jobs/6a22c7257e433821290d90bc/results/scatter_liver_Guilliams_Cell_2022_author_cell_type_X_umap_ec5dd4_f_score.html
scatter_liver_Guilliams_Cell_2022_author_cell_type_X_umap_ec5dd4_f_score.svg,s3://lifebit-user-data-6941eed90a4dd7a1d1026d7a/deploit/teams/69d8dd1e5d3e1f8c350e006f/users/68af3d99c99eb7bd2ff47bc8/projects/69f80768ca774c668fbaaed8/jobs/6a22c7257e433821290d90bc/results/scatter_liver_Guilliams_Cell_2022_author_cell_type_X_umap_ec5dd4_f_score.svg
scatter_liver_Guilliams_Cell_2022_author_cell_type_X_umap_ec5dd4_onTarget.html,s3://lifebit-user-data-6941eed90a4dd7a1d1026d7a/deploit/teams/69d8dd1e5d3e1f8c350e006f/users/68af3d99c99eb7bd2ff47bc8/projects/69f80768ca774c668fbaaed8/jobs/6a22c7257e433821290d90bc/results/scatter_liver_Guilliams_Cell_2022_author_cell_type_X_umap_ec5dd4_onTarget.html
scatter_liver_Guilliams_Cell_2022_author_cell_type_X_umap_ec5dd4_onTarget.svg,s3://lifebit-user-data-6941eed90a4dd7a1d1026d7a/deploit/teams/69d8dd1e5d3e1f8c350e006f/users/68af3d99c99eb7bd2ff47bc8/projects/69f80768ca774c668fbaaed8/jobs/6a22c7257e433821290d90bc/results/scatter_liver_Guilliams_Cell_2022_author_cell_type_X_umap_ec5dd4_onTarget.svg
scatter_liver_Guilliams_Cell_2022_author_cell_type_X_umap_ec5dd4_precision.html,s3://lifebit-user-data-6941eed90a4dd7a1d1026d7a/deploit/teams/69d8dd1e5d3e1f8c350e006f/users/68af3d99c99eb7bd2ff47bc8/projects/69f80768ca774c668fbaaed8/jobs/6a22c7257e433821290d90bc/results/scatter_liver_Guilliams_Cell_2022_author_cell_type_X_umap_ec5dd4_precision.html
scatter_liver_Guilliams_Cell_2022_author_cell_type_X_umap_ec5dd4_precision.svg,s3://lifebit-user-data-6941eed90a4dd7a1d1026d7a/deploit/teams/69d8dd1e5d3e1f8c350e006f/users/68af3d99c99eb7bd2ff47bc8/projects/69f80768ca774c668fbaaed8/jobs/6a22c7257e433821290d90bc/results/scatter_liver_Guilliams_Cell_2022_author_cell_type_X_umap_ec5dd4_precision.svg
scatter_liver_Guilliams_Cell_2022_author_cell_type_X_umap_ec5dd4_recall.html,s3://lifebit-user-data-6941eed90a4dd7a1d1026d7a/deploit/teams/69d8dd1e5d3e1f8c350e006f/users/68af3d99c99eb7bd2ff47bc8/projects/69f80768ca774c668fbaaed8/jobs/6a22c7257e433821290d90bc/results/scatter_liver_Guilliams_Cell_2022_author_cell_type_X_umap_ec5dd4_recall.html
scatter_liver_Guilliams_Cell_2022_author_cell_type_X_umap_ec5dd4_recall.svg,s3://lifebit-user-data-6941eed90a4dd7a1d1026d7a/deploit/teams/69d8dd1e5d3e1f8c350e006f/users/68af3d99c99eb7bd2ff47bc8/projects/69f80768ca774c668fbaaed8/jobs/6a22c7257e433821290d90bc/results/scatter_liver_Guilliams_Cell_2022_author_cell_type_X_umap_ec5dd4_recall.svg
scatter_liver_Han_Nature_2020_author_cell_type_X_umap_5c7ea7_f_score.html,s3://lifebit-user-data-6941eed90a4dd7a1d1026d7a/deploit/teams/69d8dd1e5d3e1f8c350e006f/users/68af3d99c99eb7bd2ff47bc8/projects/69f80768ca774c668fbaaed8/jobs/6a22c7257e433821290d90bc/results/scatter_liver_Han_Nature_2020_author_cell_type_X_umap_5c7ea7_f_score.html
scatter_liver_Han_Nature_2020_author_cell_type_X_umap_5c7ea7_f_score.svg,s3://lifebit-user-data-6941eed90a4dd7a1d1026d7a/deploit/teams/69d8dd1e5d3e1f8c350e006f/users/68af3d99c99eb7bd2ff47bc8/projects/69f80768ca774c668fbaaed8/jobs/6a22c7257e433821290d90bc/results/scatter_liver_Han_Nature_2020_author_cell_type_X_umap_5c7ea7_f_score.svg
scatter_liver_Han_Nature_2020_author_cell_type_X_umap_5c7ea7_onTarget.html,s3://lifebit-user-data-6941eed90a4dd7a1d1026d7a/deploit/teams/69d8dd1e5d3e1f8c350e006f/users/68af3d99c99eb7bd2ff47bc8/projects/69f80768ca774c668fbaaed8/jobs/6a22c7257e433821290d90bc/results/scatter_liver_Han_Nature_2020_author_cell_type_X_umap_5c7ea7_onTarget.html
scatter_liver_Han_Nature_2020_author_cell_type_X_umap_5c7ea7_onTarget.svg,s3://lifebit-user-data-6941eed90a4dd7a1d1026d7a/deploit/teams/69d8dd1e5d3e1f8c350e006f/users/68af3d99c99eb7bd2ff47bc8/projects/69f80768ca774c668fbaaed8/jobs/6a22c7257e433821290d90bc/results/scatter_liver_Han_Nature_2020_author_cell_type_X_umap_5c7ea7_onTarget.svg
scatter_liver_Han_Nature_2020_author_cell_type_X_umap_5c7ea7_precision.html,s3://lifebit-user-data-6941eed90a4dd7a1d1026d7a/deploit/teams/69d8dd1e5d3e1f8c350e006f/users/68af3d99c99eb7bd2ff47bc8/projects/69f80768ca774c668fbaaed8/jobs/6a22c7257e433821290d90bc/results/scatter_liver_Han_Nature_2020_author_cell_type_X_umap_5c7ea7_precision.html
scatter_liver_Han_Nature_2020_author_cell_type_X_umap_5c7ea7_precision.svg,s3://lifebit-user-data-6941eed90a4dd7a1d1026d7a/deploit/teams/69d8dd1e5d3e1f8c350e006f/users/68af3d99c99eb7bd2ff47bc8/projects/69f80768ca774c668fbaaed8/jobs/6a22c7257e433821290d90bc/results/scatter_liver_Han_Nature_2020_author_cell_type_X_umap_5c7ea7_precision.svg
scatter_liver_Han_Nature_2020_author_cell_type_X_umap_5c7ea7_recall.html,s3://lifebit-user-data-6941eed90a4dd7a1d1026d7a/deploit/teams/69d8dd1e5d3e1f8c350e006f/users/68af3d99c99eb7bd2ff47bc8/projects/69f80768ca774c668fbaaed8/jobs/6a22c7257e433821290d90bc/results/scatter_liver_Han_Nature_2020_author_cell_type_X_umap_5c7ea7_recall.html
scatter_liver_Han_Nature_2020_author_cell_type_X_umap_5c7ea7_recall.svg,s3://lifebit-user-data-6941eed90a4dd7a1d1026d7a/deploit/teams/69d8dd1e5d3e1f8c350e006f/users/68af3d99c99eb7bd2ff47bc8/projects/69f80768ca774c668fbaaed8/jobs/6a22c7257e433821290d90bc/results/scatter_liver_Han_Nature_2020_author_cell_type_X_umap_5c7ea7_recall.svg
scatter_liver_MacParland_Nat_Commun_2018_CellType_X_umap_hm_9f00be_f_score.html,s3://lifebit-user-data-6941eed90a4dd7a1d1026d7a/deploit/teams/69d8dd1e5d3e1f8c350e006f/users/68af3d99c99eb7bd2ff47bc8/projects/69f80768ca774c668fbaaed8/jobs/6a22c7257e433821290d90bc/results/scatter_liver_MacParland_Nat_Commun_2018_CellType_X_umap_hm_9f00be_f_score.html
scatter_liver_MacParland_Nat_Commun_2018_CellType_X_umap_hm_9f00be_f_score.svg,s3://lifebit-user-data-6941eed90a4dd7a1d1026d7a/deploit/teams/69d8dd1e5d3e1f8c350e006f/users/68af3d99c99eb7bd2ff47bc8/projects/69f80768ca774c668fbaaed8/jobs/6a22c7257e433821290d90bc/results/scatter_liver_MacParland_Nat_Commun_2018_CellType_X_umap_hm_9f00be_f_score.svg
scatter_liver_MacParland_Nat_Commun_2018_CellType_X_umap_hm_9f00be_onTarget.html,s3://lifebit-user-data-6941eed90a4dd7a1d1026d7a/deploit/teams/69d8dd1e5d3e1f8c350e006f/users/68af3d99c99eb7bd2ff47bc8/projects/69f80768ca774c668fbaaed8/jobs/6a22c7257e433821290d90bc/results/scatter_liver_MacParland_Nat_Commun_2018_CellType_X_umap_hm_9f00be_onTarget.html
scatter_liver_MacParland_Nat_Commun_2018_CellType_X_umap_hm_9f00be_onTarget.svg,s3://lifebit-user-data-6941eed90a4dd7a1d1026d7a/deploit/teams/69d8dd1e5d3e1f8c350e006f/users/68af3d99c99eb7bd2ff47bc8/projects/69f80768ca774c668fbaaed8/jobs/6a22c7257e433821290d90bc/results/scatter_liver_MacParland_Nat_Commun_2018_CellType_X_umap_hm_9f00be_onTarget.svg
scatter_liver_MacParland_Nat_Commun_2018_CellType_X_umap_hm_9f00be_precision.html,s3://lifebit-user-data-6941eed90a4dd7a1d1026d7a/deploit/teams/69d8dd1e5d3e1f8c350e006f/users/68af3d99c99eb7bd2ff47bc8/projects/69f80768ca774c668fbaaed8/jobs/6a22c7257e433821290d90bc/results/scatter_liver_MacParland_Nat_Commun_2018_CellType_X_umap_hm_9f00be_precision.html
scatter_liver_MacParland_Nat_Commun_2018_CellType_X_umap_hm_9f00be_precision.svg,s3://lifebit-user-data-6941eed90a4dd7a1d1026d7a/deploit/teams/69d8dd1e5d3e1f8c350e006f/users/68af3d99c99eb7bd2ff47bc8/projects/69f80768ca774c668fbaaed8/jobs/6a22c7257e433821290d90bc/results/scatter_liver_MacParland_Nat_Commun_2018_CellType_X_umap_hm_9f00be_precision.svg
scatter_liver_MacParland_Nat_Commun_2018_CellType_X_umap_hm_9f00be_recall.html,s3://lifebit-user-data-6941eed90a4dd7a1d1026d7a/deploit/teams/69d8dd1e5d3e1f8c350e006f/users/68af3d99c99eb7bd2ff47bc8/projects/69f80768ca774c668fbaaed8/jobs/6a22c7257e433821290d90bc/results/scatter_liver_MacParland_Nat_Commun_2018_CellType_X_umap_hm_9f00be_recall.html
scatter_liver_MacParland_Nat_Commun_2018_CellType_X_umap_hm_9f00be_recall.svg,s3://lifebit-user-data-6941eed90a4dd7a1d1026d7a/deploit/teams/69d8dd1e5d3e1f8c350e006f/users/68af3d99c99eb7bd2ff47bc8/projects/69f80768ca774c668fbaaed8/jobs/6a22c7257e433821290d90bc/results/scatter_liver_MacParland_Nat_Commun_2018_CellType_X_umap_hm_9f00be_recall.svg
scatter_liver_Wells_Nat_Immunol_2025_author_cell_type_X_umap_74e9e1_f_score.html,s3://lifebit-user-data-6941eed90a4dd7a1d1026d7a/deploit/teams/69d8dd1e5d3e1f8c350e006f/users/68af3d99c99eb7bd2ff47bc8/projects/69f80768ca774c668fbaaed8/jobs/6a22c7257e433821290d90bc/results/scatter_liver_Wells_Nat_Immunol_2025_author_cell_type_X_umap_74e9e1_f_score.html
scatter_liver_Wells_Nat_Immunol_2025_author_cell_type_X_umap_74e9e1_f_score.svg,s3://lifebit-user-data-6941eed90a4dd7a1d1026d7a/deploit/teams/69d8dd1e5d3e1f8c350e006f/users/68af3d99c99eb7bd2ff47bc8/projects/69f80768ca774c668fbaaed8/jobs/6a22c7257e433821290d90bc/results/scatter_liver_Wells_Nat_Immunol_2025_author_cell_type_X_umap_74e9e1_f_score.svg
scatter_liver_Wells_Nat_Immunol_2025_author_cell_type_X_umap_74e9e1_onTarget.html,s3://lifebit-user-data-6941eed90a4dd7a1d1026d7a/deploit/teams/69d8dd1e5d3e1f8c350e006f/users/68af3d99c99eb7bd2ff47bc8/projects/69f80768ca774c668fbaaed8/jobs/6a22c7257e433821290d90bc/results/scatter_liver_Wells_Nat_Immunol_2025_author_cell_type_X_umap_74e9e1_onTarget.html
scatter_liver_Wells_Nat_Immunol_2025_author_cell_type_X_umap_74e9e1_onTarget.svg,s3://lifebit-user-data-6941eed90a4dd7a1d1026d7a/deploit/teams/69d8dd1e5d3e1f8c350e006f/users/68af3d99c99eb7bd2ff47bc8/projects/69f80768ca774c668fbaaed8/jobs/6a22c7257e433821290d90bc/results/scatter_liver_Wells_Nat_Immunol_2025_author_cell_type_X_umap_74e9e1_onTarget.svg
scatter_liver_Wells_Nat_Immunol_2025_author_cell_type_X_umap_74e9e1_precision.html,s3://lifebit-user-data-6941eed90a4dd7a1d1026d7a/deploit/teams/69d8dd1e5d3e1f8c350e006f/users/68af3d99c99eb7bd2ff47bc8/projects/69f80768ca774c668fbaaed8/jobs/6a22c7257e433821290d90bc/results/scatter_liver_Wells_Nat_Immunol_2025_author_cell_type_X_umap_74e9e1_precision.html
scatter_liver_Wells_Nat_Immunol_2025_author_cell_type_X_umap_74e9e1_precision.svg,s3://lifebit-user-data-6941eed90a4dd7a1d1026d7a/deploit/teams/69d8dd1e5d3e1f8c350e006f/users/68af3d99c99eb7bd2ff47bc8/projects/69f80768ca774c668fbaaed8/jobs/6a22c7257e433821290d90bc/results/scatter_liver_Wells_Nat_Immunol_2025_author_cell_type_X_umap_74e9e1_precision.svg
scatter_liver_Wells_Nat_Immunol_2025_author_cell_type_X_umap_74e9e1_recall.html,s3://lifebit-user-data-6941eed90a4dd7a1d1026d7a/deploit/teams/69d8dd1e5d3e1f8c350e006f/users/68af3d99c99eb7bd2ff47bc8/projects/69f80768ca774c668fbaaed8/jobs/6a22c7257e433821290d90bc/results/scatter_liver_Wells_Nat_Immunol_2025_author_cell_type_X_umap_74e9e1_recall.html
scatter_liver_Wells_Nat_Immunol_2025_author_cell_type_X_umap_74e9e1_recall.svg,s3://lifebit-user-data-6941eed90a4dd7a1d1026d7a/deploit/teams/69d8dd1e5d3e1f8c350e006f/users/68af3d99c99eb7bd2ff47bc8/projects/69f80768ca774c668fbaaed8/jobs/6a22c7257e433821290d90bc/results/scatter_liver_Wells_Nat_Immunol_2025_author_cell_type_X_umap_74e9e1_recall.svg
scatter_liver_Xu_Cell_2023_Curated_annotation_X_umap_a72286_f_score.html,s3://lifebit-user-data-6941eed90a4dd7a1d1026d7a/deploit/teams/69d8dd1e5d3e1f8c350e006f/users/68af3d99c99eb7bd2ff47bc8/projects/69f80768ca774c668fbaaed8/jobs/6a22c7257e433821290d90bc/results/scatter_liver_Xu_Cell_2023_Curated_annotation_X_umap_a72286_f_score.html
scatter_liver_Xu_Cell_2023_Curated_annotation_X_umap_a72286_f_score.svg,s3://lifebit-user-data-6941eed90a4dd7a1d1026d7a/deploit/teams/69d8dd1e5d3e1f8c350e006f/users/68af3d99c99eb7bd2ff47bc8/projects/69f80768ca774c668fbaaed8/jobs/6a22c7257e433821290d90bc/results/scatter_liver_Xu_Cell_2023_Curated_annotation_X_umap_a72286_f_score.svg
scatter_liver_Xu_Cell_2023_Curated_annotation_X_umap_a72286_onTarget.html,s3://lifebit-user-data-6941eed90a4dd7a1d1026d7a/deploit/teams/69d8dd1e5d3e1f8c350e006f/users/68af3d99c99eb7bd2ff47bc8/projects/69f80768ca774c668fbaaed8/jobs/6a22c7257e433821290d90bc/results/scatter_liver_Xu_Cell_2023_Curated_annotation_X_umap_a72286_onTarget.html
scatter_liver_Xu_Cell_2023_Curated_annotation_X_umap_a72286_onTarget.svg,s3://lifebit-user-data-6941eed90a4dd7a1d1026d7a/deploit/teams/69d8dd1e5d3e1f8c350e006f/users/68af3d99c99eb7bd2ff47bc8/projects/69f80768ca774c668fbaaed8/jobs/6a22c7257e433821290d90bc/results/scatter_liver_Xu_Cell_2023_Curated_annotation_X_umap_a72286_onTarget.svg
scatter_liver_Xu_Cell_2023_Curated_annotation_X_umap_a72286_precision.html,s3://lifebit-user-data-6941eed90a4dd7a1d1026d7a/deploit/teams/69d8dd1e5d3e1f8c350e006f/users/68af3d99c99eb7bd2ff47bc8/projects/69f80768ca774c668fbaaed8/jobs/6a22c7257e433821290d90bc/results/scatter_liver_Xu_Cell_2023_Curated_annotation_X_umap_a72286_precision.html
scatter_liver_Xu_Cell_2023_Curated_annotation_X_umap_a72286_precision.svg,s3://lifebit-user-data-6941eed90a4dd7a1d1026d7a/deploit/teams/69d8dd1e5d3e1f8c350e006f/users/68af3d99c99eb7bd2ff47bc8/projects/69f80768ca774c668fbaaed8/jobs/6a22c7257e433821290d90bc/results/scatter_liver_Xu_Cell_2023_Curated_annotation_X_umap_a72286_precision.svg
scatter_liver_Xu_Cell_2023_Curated_annotation_X_umap_a72286_recall.html,s3://lifebit-user-data-6941eed90a4dd7a1d1026d7a/deploit/teams/69d8dd1e5d3e1f8c350e006f/users/68af3d99c99eb7bd2ff47bc8/projects/69f80768ca774c668fbaaed8/jobs/6a22c7257e433821290d90bc/results/scatter_liver_Xu_Cell_2023_Curated_annotation_X_umap_a72286_recall.html
scatter_liver_Xu_Cell_2023_Curated_annotation_X_umap_a72286_recall.svg,s3://lifebit-user-data-6941eed90a4dd7a1d1026d7a/deploit/teams/69d8dd1e5d3e1f8c350e006f/users/68af3d99c99eb7bd2ff47bc8/projects/69f80768ca774c668fbaaed8/jobs/6a22c7257e433821290d90bc/results/scatter_liver_Xu_Cell_2023_Curated_annotation_X_umap_a72286_recall.svg
scsilhouette_cluster_summary_liver_Andrews_Hepatol_Commun_2022_author_cell_type_X_umap_3d10a5.csv,s3://lifebit-user-data-6941eed90a4dd7a1d1026d7a/deploit/teams/69d8dd1e5d3e1f8c350e006f/users/68af3d99c99eb7bd2ff47bc8/projects/69f80768ca774c668fbaaed8/jobs/6a22c7257e433821290d90bc/results/scsilhouette_cluster_summary_liver_Andrews_Hepatol_Commun_2022_author_cell_type_X_umap_3d10a5.csv
scsilhouette_cluster_summary_liver_Andrews_Journal_of_Hepatology_2024_author_cell_type_X_umap_00ddc4.csv,s3://lifebit-user-data-6941eed90a4dd7a1d1026d7a/deploit/teams/69d8dd1e5d3e1f8c350e006f/users/68af3d99c99eb7bd2ff47bc8/projects/69f80768ca774c668fbaaed8/jobs/6a22c7257e433821290d90bc/results/scsilhouette_cluster_summary_liver_Andrews_Journal_of_Hepatology_2024_author_cell_type_X_umap_00ddc4.csv
scsilhouette_cluster_summary_liver_Andrews_Journal_of_Hepatology_2024_author_cell_type_X_umap_2b80fc.csv,s3://lifebit-user-data-6941eed90a4dd7a1d1026d7a/deploit/teams/69d8dd1e5d3e1f8c350e006f/users/68af3d99c99eb7bd2ff47bc8/projects/69f80768ca774c668fbaaed8/jobs/6a22c7257e433821290d90bc/results/scsilhouette_cluster_summary_liver_Andrews_Journal_of_Hepatology_2024_author_cell_type_X_umap_2b80fc.csv
scsilhouette_cluster_summary_liver_Dominguez_Conde_Science_2022_Manually_curated_celltype_X_umap_04d255.csv,s3://lifebit-user-data-6941eed90a4dd7a1d1026d7a/deploit/teams/69d8dd1e5d3e1f8c350e006f/users/68af3d99c99eb7bd2ff47bc8/projects/69f80768ca774c668fbaaed8/jobs/6a22c7257e433821290d90bc/results/scsilhouette_cluster_summary_liver_Dominguez_Conde_Science_2022_Manually_curated_celltype_X_umap_04d255.csv
scsilhouette_cluster_summary_liver_Edgar_Hepatology_Communications_2025_author_cell_type_X_umap_90971d.csv,s3://lifebit-user-data-6941eed90a4dd7a1d1026d7a/deploit/teams/69d8dd1e5d3e1f8c350e006f/users/68af3d99c99eb7bd2ff47bc8/projects/69f80768ca774c668fbaaed8/jobs/6a22c7257e433821290d90bc/results/scsilhouette_cluster_summary_liver_Edgar_Hepatology_Communications_2025_author_cell_type_X_umap_90971d.csv
scsilhouette_cluster_summary_liver_Edgar_Hepatology_Communications_2025_author_cell_type_X_umap_c0113a.csv,s3://lifebit-user-data-6941eed90a4dd7a1d1026d7a/deploit/teams/69d8dd1e5d3e1f8c350e006f/users/68af3d99c99eb7bd2ff47bc8/projects/69f80768ca774c668fbaaed8/jobs/6a22c7257e433821290d90bc/results/scsilhouette_cluster_summary_liver_Edgar_Hepatology_Communications_2025_author_cell_type_X_umap_c0113a.csv
scsilhouette_cluster_summary_liver_Guilliams_Cell_2022_author_cell_type_X_umap_ec5dd4.csv,s3://lifebit-user-data-6941eed90a4dd7a1d1026d7a/deploit/teams/69d8dd1e5d3e1f8c350e006f/users/68af3d99c99eb7bd2ff47bc8/projects/69f80768ca774c668fbaaed8/jobs/6a22c7257e433821290d90bc/results/scsilhouette_cluster_summary_liver_Guilliams_Cell_2022_author_cell_type_X_umap_ec5dd4.csv
scsilhouette_cluster_summary_liver_Han_Nature_2020_author_cell_type_X_umap_5c7ea7.csv,s3://lifebit-user-data-6941eed90a4dd7a1d1026d7a/deploit/teams/69d8dd1e5d3e1f8c350e006f/users/68af3d99c99eb7bd2ff47bc8/projects/69f80768ca774c668fbaaed8/jobs/6a22c7257e433821290d90bc/results/scsilhouette_cluster_summary_liver_Han_Nature_2020_author_cell_type_X_umap_5c7ea7.csv
scsilhouette_cluster_summary_liver_MacParland_Nat_Commun_2018_CellType_X_umap_hm_9f00be.csv,s3://lifebit-user-data-6941eed90a4dd7a1d1026d7a/deploit/teams/69d8dd1e5d3e1f8c350e006f/users/68af3d99c99eb7bd2ff47bc8/projects/69f80768ca774c668fbaaed8/jobs/6a22c7257e433821290d90bc/results/scsilhouette_cluster_summary_liver_MacParland_Nat_Commun_2018_CellType_X_umap_hm_9f00be.csv
scsilhouette_cluster_summary_liver_Wells_Nat_Immunol_2025_author_cell_type_X_umap_74e9e1.csv,s3://lifebit-user-data-6941eed90a4dd7a1d1026d7a/deploit/teams/69d8dd1e5d3e1f8c350e006f/users/68af3d99c99eb7bd2ff47bc8/projects/69f80768ca774c668fbaaed8/jobs/6a22c7257e433821290d90bc/results/scsilhouette_cluster_summary_liver_Wells_Nat_Immunol_2025_author_cell_type_X_umap_74e9e1.csv
scsilhouette_cluster_summary_liver_Xu_Cell_2023_Curated_annotation_X_umap_a72286.csv,s3://lifebit-user-data-6941eed90a4dd7a1d1026d7a/deploit/teams/69d8dd1e5d3e1f8c350e006f/users/68af3d99c99eb7bd2ff47bc8/projects/69f80768ca774c668fbaaed8/jobs/6a22c7257e433821290d90bc/results/scsilhouette_cluster_summary_liver_Xu_Cell_2023_Curated_annotation_X_umap_a72286.csv
silhouette_fscore_summary_liver_Andrews_Hepatol_Commun_2022_author_cell_type_X_umap_3d10a5.csv,s3://lifebit-user-data-6941eed90a4dd7a1d1026d7a/deploit/teams/69d8dd1e5d3e1f8c350e006f/users/68af3d99c99eb7bd2ff47bc8/projects/69f80768ca774c668fbaaed8/jobs/6a22c7257e433821290d90bc/results/silhouette_fscore_summary_liver_Andrews_Hepatol_Commun_2022_author_cell_type_X_umap_3d10a5.csv
silhouette_fscore_summary_liver_Andrews_Hepatol_Commun_2022_author_cell_type_X_umap_3d10a5.html,s3://lifebit-user-data-6941eed90a4dd7a1d1026d7a/deploit/teams/69d8dd1e5d3e1f8c350e006f/users/68af3d99c99eb7bd2ff47bc8/projects/69f80768ca774c668fbaaed8/jobs/6a22c7257e433821290d90bc/results/silhouette_fscore_summary_liver_Andrews_Hepatol_Commun_2022_author_cell_type_X_umap_3d10a5.html
silhouette_fscore_summary_liver_Andrews_Hepatol_Commun_2022_author_cell_type_X_umap_3d10a5.svg,s3://lifebit-user-data-6941eed90a4dd7a1d1026d7a/deploit/teams/69d8dd1e5d3e1f8c350e006f/users/68af3d99c99eb7bd2ff47bc8/projects/69f80768ca774c668fbaaed8/jobs/6a22c7257e433821290d90bc/results/silhouette_fscore_summary_liver_Andrews_Hepatol_Commun_2022_author_cell_type_X_umap_3d10a5.svg
silhouette_fscore_summary_liver_Andrews_Journal_of_Hepatology_2024_author_cell_type_X_umap_00ddc4.csv,s3://lifebit-user-data-6941eed90a4dd7a1d1026d7a/deploit/teams/69d8dd1e5d3e1f8c350e006f/users/68af3d99c99eb7bd2ff47bc8/projects/69f80768ca774c668fbaaed8/jobs/6a22c7257e433821290d90bc/results/silhouette_fscore_summary_liver_Andrews_Journal_of_Hepatology_2024_author_cell_type_X_umap_00ddc4.csv
silhouette_fscore_summary_liver_Andrews_Journal_of_Hepatology_2024_author_cell_type_X_umap_00ddc4.html,s3://lifebit-user-data-6941eed90a4dd7a1d1026d7a/deploit/teams/69d8dd1e5d3e1f8c350e006f/users/68af3d99c99eb7bd2ff47bc8/projects/69f80768ca774c668fbaaed8/jobs/6a22c7257e433821290d90bc/results/silhouette_fscore_summary_liver_Andrews_Journal_of_Hepatology_2024_author_cell_type_X_umap_00ddc4.html
silhouette_fscore_summary_liver_Andrews_Journal_of_Hepatology_2024_author_cell_type_X_umap_00ddc4.svg,s3://lifebit-user-data-6941eed90a4dd7a1d1026d7a/deploit/teams/69d8dd1e5d3e1f8c350e006f/users/68af3d99c99eb7bd2ff47bc8/projects/69f80768ca774c668fbaaed8/jobs/6a22c7257e433821290d90bc/results/silhouette_fscore_summary_liver_Andrews_Journal_of_Hepatology_2024_author_cell_type_X_umap_00ddc4.svg
silhouette_fscore_summary_liver_Andrews_Journal_of_Hepatology_2024_author_cell_type_X_umap_2b80fc.csv,s3://lifebit-user-data-6941eed90a4dd7a1d1026d7a/deploit/teams/69d8dd1e5d3e1f8c350e006f/users/68af3d99c99eb7bd2ff47bc8/projects/69f80768ca774c668fbaaed8/jobs/6a22c7257e433821290d90bc/results/silhouette_fscore_summary_liver_Andrews_Journal_of_Hepatology_2024_author_cell_type_X_umap_2b80fc.csv
silhouette_fscore_summary_liver_Andrews_Journal_of_Hepatology_2024_author_cell_type_X_umap_2b80fc.html,s3://lifebit-user-data-6941eed90a4dd7a1d1026d7a/deploit/teams/69d8dd1e5d3e1f8c350e006f/users/68af3d99c99eb7bd2ff47bc8/projects/69f80768ca774c668fbaaed8/jobs/6a22c7257e433821290d90bc/results/silhouette_fscore_summary_liver_Andrews_Journal_of_Hepatology_2024_author_cell_type_X_umap_2b80fc.html
silhouette_fscore_summary_liver_Andrews_Journal_of_Hepatology_2024_author_cell_type_X_umap_2b80fc.svg,s3://lifebit-user-data-6941eed90a4dd7a1d1026d7a/deploit/teams/69d8dd1e5d3e1f8c350e006f/users/68af3d99c99eb7bd2ff47bc8/projects/69f80768ca774c668fbaaed8/jobs/6a22c7257e433821290d90bc/results/silhouette_fscore_summary_liver_Andrews_Journal_of_Hepatology_2024_author_cell_type_X_umap_2b80fc.svg
silhouette_fscore_summary_liver_Dominguez_Conde_Science_2022_Manually_curated_celltype_X_umap_04d255.csv,s3://lifebit-user-data-6941eed90a4dd7a1d1026d7a/deploit/teams/69d8dd1e5d3e1f8c350e006f/users/68af3d99c99eb7bd2ff47bc8/projects/69f80768ca774c668fbaaed8/jobs/6a22c7257e433821290d90bc/results/silhouette_fscore_summary_liver_Dominguez_Conde_Science_2022_Manually_curated_celltype_X_umap_04d255.csv
silhouette_fscore_summary_liver_Dominguez_Conde_Science_2022_Manually_curated_celltype_X_umap_04d255.html,s3://lifebit-user-data-6941eed90a4dd7a1d1026d7a/deploit/teams/69d8dd1e5d3e1f8c350e006f/users/68af3d99c99eb7bd2ff47bc8/projects/69f80768ca774c668fbaaed8/jobs/6a22c7257e433821290d90bc/results/silhouette_fscore_summary_liver_Dominguez_Conde_Science_2022_Manually_curated_celltype_X_umap_04d255.html
silhouette_fscore_summary_liver_Dominguez_Conde_Science_2022_Manually_curated_celltype_X_umap_04d255.svg,s3://lifebit-user-data-6941eed90a4dd7a1d1026d7a/deploit/teams/69d8dd1e5d3e1f8c350e006f/users/68af3d99c99eb7bd2ff47bc8/projects/69f80768ca774c668fbaaed8/jobs/6a22c7257e433821290d90bc/results/silhouette_fscore_summary_liver_Dominguez_Conde_Science_2022_Manually_curated_celltype_X_umap_04d255.svg
silhouette_fscore_summary_liver_Edgar_Hepatology_Communications_2025_author_cell_type_X_umap_90971d.csv,s3://lifebit-user-data-6941eed90a4dd7a1d1026d7a/deploit/teams/69d8dd1e5d3e1f8c350e006f/users/68af3d99c99eb7bd2ff47bc8/projects/69f80768ca774c668fbaaed8/jobs/6a22c7257e433821290d90bc/results/silhouette_fscore_summary_liver_Edgar_Hepatology_Communications_2025_author_cell_type_X_umap_90971d.csv
silhouette_fscore_summary_liver_Edgar_Hepatology_Communications_2025_author_cell_type_X_umap_90971d.html,s3://lifebit-user-data-6941eed90a4dd7a1d1026d7a/deploit/teams/69d8dd1e5d3e1f8c350e006f/users/68af3d99c99eb7bd2ff47bc8/projects/69f80768ca774c668fbaaed8/jobs/6a22c7257e433821290d90bc/results/silhouette_fscore_summary_liver_Edgar_Hepatology_Communications_2025_author_cell_type_X_umap_90971d.html
silhouette_fscore_summary_liver_Edgar_Hepatology_Communications_2025_author_cell_type_X_umap_90971d.svg,s3://lifebit-user-data-6941eed90a4dd7a1d1026d7a/deploit/teams/69d8dd1e5d3e1f8c350e006f/users/68af3d99c99eb7bd2ff47bc8/projects/69f80768ca774c668fbaaed8/jobs/6a22c7257e433821290d90bc/results/silhouette_fscore_summary_liver_Edgar_Hepatology_Communications_2025_author_cell_type_X_umap_90971d.svg
silhouette_fscore_summary_liver_Edgar_Hepatology_Communications_2025_author_cell_type_X_umap_c0113a.csv,s3://lifebit-user-data-6941eed90a4dd7a1d1026d7a/deploit/teams/69d8dd1e5d3e1f8c350e006f/users/68af3d99c99eb7bd2ff47bc8/projects/69f80768ca774c668fbaaed8/jobs/6a22c7257e433821290d90bc/results/silhouette_fscore_summary_liver_Edgar_Hepatology_Communications_2025_author_cell_type_X_umap_c0113a.csv
silhouette_fscore_summary_liver_Edgar_Hepatology_Communications_2025_author_cell_type_X_umap_c0113a.html,s3://lifebit-user-data-6941eed90a4dd7a1d1026d7a/deploit/teams/69d8dd1e5d3e1f8c350e006f/users/68af3d99c99eb7bd2ff47bc8/projects/69f80768ca774c668fbaaed8/jobs/6a22c7257e433821290d90bc/results/silhouette_fscore_summary_liver_Edgar_Hepatology_Communications_2025_author_cell_type_X_umap_c0113a.html
silhouette_fscore_summary_liver_Edgar_Hepatology_Communications_2025_author_cell_type_X_umap_c0113a.svg,s3://lifebit-user-data-6941eed90a4dd7a1d1026d7a/deploit/teams/69d8dd1e5d3e1f8c350e006f/users/68af3d99c99eb7bd2ff47bc8/projects/69f80768ca774c668fbaaed8/jobs/6a22c7257e433821290d90bc/results/silhouette_fscore_summary_liver_Edgar_Hepatology_Communications_2025_author_cell_type_X_umap_c0113a.svg
silhouette_fscore_summary_liver_Guilliams_Cell_2022_author_cell_type_X_umap_ec5dd4.csv,s3://lifebit-user-data-6941eed90a4dd7a1d1026d7a/deploit/teams/69d8dd1e5d3e1f8c350e006f/users/68af3d99c99eb7bd2ff47bc8/projects/69f80768ca774c668fbaaed8/jobs/6a22c7257e433821290d90bc/results/silhouette_fscore_summary_liver_Guilliams_Cell_2022_author_cell_type_X_umap_ec5dd4.csv
silhouette_fscore_summary_liver_Guilliams_Cell_2022_author_cell_type_X_umap_ec5dd4.html,s3://lifebit-user-data-6941eed90a4dd7a1d1026d7a/deploit/teams/69d8dd1e5d3e1f8c350e006f/users/68af3d99c99eb7bd2ff47bc8/projects/69f80768ca774c668fbaaed8/jobs/6a22c7257e433821290d90bc/results/silhouette_fscore_summary_liver_Guilliams_Cell_2022_author_cell_type_X_umap_ec5dd4.html
silhouette_fscore_summary_liver_Guilliams_Cell_2022_author_cell_type_X_umap_ec5dd4.svg,s3://lifebit-user-data-6941eed90a4dd7a1d1026d7a/deploit/teams/69d8dd1e5d3e1f8c350e006f/users/68af3d99c99eb7bd2ff47bc8/projects/69f80768ca774c668fbaaed8/jobs/6a22c7257e433821290d90bc/results/silhouette_fscore_summary_liver_Guilliams_Cell_2022_author_cell_type_X_umap_ec5dd4.svg
silhouette_fscore_summary_liver_Han_Nature_2020_author_cell_type_X_umap_5c7ea7.csv,s3://lifebit-user-data-6941eed90a4dd7a1d1026d7a/deploit/teams/69d8dd1e5d3e1f8c350e006f/users/68af3d99c99eb7bd2ff47bc8/projects/69f80768ca774c668fbaaed8/jobs/6a22c7257e433821290d90bc/results/silhouette_fscore_summary_liver_Han_Nature_2020_author_cell_type_X_umap_5c7ea7.csv
silhouette_fscore_summary_liver_Han_Nature_2020_author_cell_type_X_umap_5c7ea7.html,s3://lifebit-user-data-6941eed90a4dd7a1d1026d7a/deploit/teams/69d8dd1e5d3e1f8c350e006f/users/68af3d99c99eb7bd2ff47bc8/projects/69f80768ca774c668fbaaed8/jobs/6a22c7257e433821290d90bc/results/silhouette_fscore_summary_liver_Han_Nature_2020_author_cell_type_X_umap_5c7ea7.html
silhouette_fscore_summary_liver_Han_Nature_2020_author_cell_type_X_umap_5c7ea7.svg,s3://lifebit-user-data-6941eed90a4dd7a1d1026d7a/deploit/teams/69d8dd1e5d3e1f8c350e006f/users/68af3d99c99eb7bd2ff47bc8/projects/69f80768ca774c668fbaaed8/jobs/6a22c7257e433821290d90bc/results/silhouette_fscore_summary_liver_Han_Nature_2020_author_cell_type_X_umap_5c7ea7.svg
silhouette_fscore_summary_liver_MacParland_Nat_Commun_2018_CellType_X_umap_hm_9f00be.csv,s3://lifebit-user-data-6941eed90a4dd7a1d1026d7a/deploit/teams/69d8dd1e5d3e1f8c350e006f/users/68af3d99c99eb7bd2ff47bc8/projects/69f80768ca774c668fbaaed8/jobs/6a22c7257e433821290d90bc/results/silhouette_fscore_summary_liver_MacParland_Nat_Commun_2018_CellType_X_umap_hm_9f00be.csv
silhouette_fscore_summary_liver_MacParland_Nat_Commun_2018_CellType_X_umap_hm_9f00be.html,s3://lifebit-user-data-6941eed90a4dd7a1d1026d7a/deploit/teams/69d8dd1e5d3e1f8c350e006f/users/68af3d99c99eb7bd2ff47bc8/projects/69f80768ca774c668fbaaed8/jobs/6a22c7257e433821290d90bc/results/silhouette_fscore_summary_liver_MacParland_Nat_Commun_2018_CellType_X_umap_hm_9f00be.html
silhouette_fscore_summary_liver_MacParland_Nat_Commun_2018_CellType_X_umap_hm_9f00be.svg,s3://lifebit-user-data-6941eed90a4dd7a1d1026d7a/deploit/teams/69d8dd1e5d3e1f8c350e006f/users/68af3d99c99eb7bd2ff47bc8/projects/69f80768ca774c668fbaaed8/jobs/6a22c7257e433821290d90bc/results/silhouette_fscore_summary_liver_MacParland_Nat_Commun_2018_CellType_X_umap_hm_9f00be.svg
silhouette_fscore_summary_liver_Wells_Nat_Immunol_2025_author_cell_type_X_umap_74e9e1.csv,s3://lifebit-user-data-6941eed90a4dd7a1d1026d7a/deploit/teams/69d8dd1e5d3e1f8c350e006f/users/68af3d99c99eb7bd2ff47bc8/projects/69f80768ca774c668fbaaed8/jobs/6a22c7257e433821290d90bc/results/silhouette_fscore_summary_liver_Wells_Nat_Immunol_2025_author_cell_type_X_umap_74e9e1.csv
silhouette_fscore_summary_liver_Wells_Nat_Immunol_2025_author_cell_type_X_umap_74e9e1.html,s3://lifebit-user-data-6941eed90a4dd7a1d1026d7a/deploit/teams/69d8dd1e5d3e1f8c350e006f/users/68af3d99c99eb7bd2ff47bc8/projects/69f80768ca774c668fbaaed8/jobs/6a22c7257e433821290d90bc/results/silhouette_fscore_summary_liver_Wells_Nat_Immunol_2025_author_cell_type_X_umap_74e9e1.html
silhouette_fscore_summary_liver_Wells_Nat_Immunol_2025_author_cell_type_X_umap_74e9e1.svg,s3://lifebit-user-data-6941eed90a4dd7a1d1026d7a/deploit/teams/69d8dd1e5d3e1f8c350e006f/users/68af3d99c99eb7bd2ff47bc8/projects/69f80768ca774c668fbaaed8/jobs/6a22c7257e433821290d90bc/results/silhouette_fscore_summary_liver_Wells_Nat_Immunol_2025_author_cell_type_X_umap_74e9e1.svg
silhouette_fscore_summary_liver_Xu_Cell_2023_Curated_annotation_X_umap_a72286.csv,s3://lifebit-user-data-6941eed90a4dd7a1d1026d7a/deploit/teams/69d8dd1e5d3e1f8c350e006f/users/68af3d99c99eb7bd2ff47bc8/projects/69f80768ca774c668fbaaed8/jobs/6a22c7257e433821290d90bc/results/silhouette_fscore_summary_liver_Xu_Cell_2023_Curated_annotation_X_umap_a72286.csv
silhouette_fscore_summary_liver_Xu_Cell_2023_Curated_annotation_X_umap_a72286.html,s3://lifebit-user-data-6941eed90a4dd7a1d1026d7a/deploit/teams/69d8dd1e5d3e1f8c350e006f/users/68af3d99c99eb7bd2ff47bc8/projects/69f80768ca774c668fbaaed8/jobs/6a22c7257e433821290d90bc/results/silhouette_fscore_summary_liver_Xu_Cell_2023_Curated_annotation_X_umap_a72286.html
silhouette_fscore_summary_liver_Xu_Cell_2023_Curated_annotation_X_umap_a72286.svg,s3://lifebit-user-data-6941eed90a4dd7a1d1026d7a/deploit/teams/69d8dd1e5d3e1f8c350e006f/users/68af3d99c99eb7bd2ff47bc8/projects/69f80768ca774c668fbaaed8/jobs/6a22c7257e433821290d90bc/results/silhouette_fscore_summary_liver_Xu_Cell_2023_Curated_annotation_X_umap_a72286.svg
silhouette_scores_liver_Andrews_Hepatol_Commun_2022_author_cell_type_X_umap_3d10a5.csv,s3://lifebit-user-data-6941eed90a4dd7a1d1026d7a/deploit/teams/69d8dd1e5d3e1f8c350e006f/users/68af3d99c99eb7bd2ff47bc8/projects/69f80768ca774c668fbaaed8/jobs/6a22c7257e433821290d90bc/results/silhouette_scores_liver_Andrews_Hepatol_Commun_2022_author_cell_type_X_umap_3d10a5.csv
silhouette_scores_liver_Andrews_Journal_of_Hepatology_2024_author_cell_type_X_umap_00ddc4.csv,s3://lifebit-user-data-6941eed90a4dd7a1d1026d7a/deploit/teams/69d8dd1e5d3e1f8c350e006f/users/68af3d99c99eb7bd2ff47bc8/projects/69f80768ca774c668fbaaed8/jobs/6a22c7257e433821290d90bc/results/silhouette_scores_liver_Andrews_Journal_of_Hepatology_2024_author_cell_type_X_umap_00ddc4.csv
silhouette_scores_liver_Andrews_Journal_of_Hepatology_2024_author_cell_type_X_umap_2b80fc.csv,s3://lifebit-user-data-6941eed90a4dd7a1d1026d7a/deploit/teams/69d8dd1e5d3e1f8c350e006f/users/68af3d99c99eb7bd2ff47bc8/projects/69f80768ca774c668fbaaed8/jobs/6a22c7257e433821290d90bc/results/silhouette_scores_liver_Andrews_Journal_of_Hepatology_2024_author_cell_type_X_umap_2b80fc.csv
silhouette_scores_liver_Dominguez_Conde_Science_2022_Manually_curated_celltype_X_umap_04d255.csv,s3://lifebit-user-data-6941eed90a4dd7a1d1026d7a/deploit/teams/69d8dd1e5d3e1f8c350e006f/users/68af3d99c99eb7bd2ff47bc8/projects/69f80768ca774c668fbaaed8/jobs/6a22c7257e433821290d90bc/results/silhouette_scores_liver_Dominguez_Conde_Science_2022_Manually_curated_celltype_X_umap_04d255.csv
silhouette_scores_liver_Edgar_Hepatology_Communications_2025_author_cell_type_X_umap_90971d.csv,s3://lifebit-user-data-6941eed90a4dd7a1d1026d7a/deploit/teams/69d8dd1e5d3e1f8c350e006f/users/68af3d99c99eb7bd2ff47bc8/projects/69f80768ca774c668fbaaed8/jobs/6a22c7257e433821290d90bc/results/silhouette_scores_liver_Edgar_Hepatology_Communications_2025_author_cell_type_X_umap_90971d.csv
silhouette_scores_liver_Edgar_Hepatology_Communications_2025_author_cell_type_X_umap_c0113a.csv,s3://lifebit-user-data-6941eed90a4dd7a1d1026d7a/deploit/teams/69d8dd1e5d3e1f8c350e006f/users/68af3d99c99eb7bd2ff47bc8/projects/69f80768ca774c668fbaaed8/jobs/6a22c7257e433821290d90bc/results/silhouette_scores_liver_Edgar_Hepatology_Communications_2025_author_cell_type_X_umap_c0113a.csv
silhouette_scores_liver_Guilliams_Cell_2022_author_cell_type_X_umap_ec5dd4.csv,s3://lifebit-user-data-6941eed90a4dd7a1d1026d7a/deploit/teams/69d8dd1e5d3e1f8c350e006f/users/68af3d99c99eb7bd2ff47bc8/projects/69f80768ca774c668fbaaed8/jobs/6a22c7257e433821290d90bc/results/silhouette_scores_liver_Guilliams_Cell_2022_author_cell_type_X_umap_ec5dd4.csv
silhouette_scores_liver_Han_Nature_2020_author_cell_type_X_umap_5c7ea7.csv,s3://lifebit-user-data-6941eed90a4dd7a1d1026d7a/deploit/teams/69d8dd1e5d3e1f8c350e006f/users/68af3d99c99eb7bd2ff47bc8/projects/69f80768ca774c668fbaaed8/jobs/6a22c7257e433821290d90bc/results/silhouette_scores_liver_Han_Nature_2020_author_cell_type_X_umap_5c7ea7.csv
silhouette_scores_liver_MacParland_Nat_Commun_2018_CellType_X_umap_hm_9f00be.csv,s3://lifebit-user-data-6941eed90a4dd7a1d1026d7a/deploit/teams/69d8dd1e5d3e1f8c350e006f/users/68af3d99c99eb7bd2ff47bc8/projects/69f80768ca774c668fbaaed8/jobs/6a22c7257e433821290d90bc/results/silhouette_scores_liver_MacParland_Nat_Commun_2018_CellType_X_umap_hm_9f00be.csv
silhouette_scores_liver_Wells_Nat_Immunol_2025_author_cell_type_X_umap_74e9e1.csv,s3://lifebit-user-data-6941eed90a4dd7a1d1026d7a/deploit/teams/69d8dd1e5d3e1f8c350e006f/users/68af3d99c99eb7bd2ff47bc8/projects/69f80768ca774c668fbaaed8/jobs/6a22c7257e433821290d90bc/results/silhouette_scores_liver_Wells_Nat_Immunol_2025_author_cell_type_X_umap_74e9e1.csv
silhouette_scores_liver_Xu_Cell_2023_Curated_annotation_X_umap_a72286.csv,s3://lifebit-user-data-6941eed90a4dd7a1d1026d7a/deploit/teams/69d8dd1e5d3e1f8c350e006f/users/68af3d99c99eb7bd2ff47bc8/projects/69f80768ca774c668fbaaed8/jobs/6a22c7257e433821290d90bc/results/silhouette_scores_liver_Xu_Cell_2023_Curated_annotation_X_umap_a72286.csv
stacked_violin__scaledliver_Andrews_Hepatol_Commun_2022_author_cell_type_X_umap_3d10a5.svg,s3://lifebit-user-data-6941eed90a4dd7a1d1026d7a/deploit/teams/69d8dd1e5d3e1f8c350e006f/users/68af3d99c99eb7bd2ff47bc8/projects/69f80768ca774c668fbaaed8/jobs/6a22c7257e433821290d90bc/results/stacked_violin__scaledliver_Andrews_Hepatol_Commun_2022_author_cell_type_X_umap_3d10a5.svg
stacked_violin__scaledliver_Andrews_Journal_of_Hepatology_2024_author_cell_type_X_umap_00ddc4.svg,s3://lifebit-user-data-6941eed90a4dd7a1d1026d7a/deploit/teams/69d8dd1e5d3e1f8c350e006f/users/68af3d99c99eb7bd2ff47bc8/projects/69f80768ca774c668fbaaed8/jobs/6a22c7257e433821290d90bc/results/stacked_violin__scaledliver_Andrews_Journal_of_Hepatology_2024_author_cell_type_X_umap_00ddc4.svg
stacked_violin__scaledliver_Andrews_Journal_of_Hepatology_2024_author_cell_type_X_umap_2b80fc.svg,s3://lifebit-user-data-6941eed90a4dd7a1d1026d7a/deploit/teams/69d8dd1e5d3e1f8c350e006f/users/68af3d99c99eb7bd2ff47bc8/projects/69f80768ca774c668fbaaed8/jobs/6a22c7257e433821290d90bc/results/stacked_violin__scaledliver_Andrews_Journal_of_Hepatology_2024_author_cell_type_X_umap_2b80fc.svg
stacked_violin__scaledliver_Dominguez_Conde_Science_2022_Manually_curated_celltype_X_umap_04d255.svg,s3://lifebit-user-data-6941eed90a4dd7a1d1026d7a/deploit/teams/69d8dd1e5d3e1f8c350e006f/users/68af3d99c99eb7bd2ff47bc8/projects/69f80768ca774c668fbaaed8/jobs/6a22c7257e433821290d90bc/results/stacked_violin__scaledliver_Dominguez_Conde_Science_2022_Manually_curated_celltype_X_umap_04d255.svg
stacked_violin__scaledliver_Edgar_Hepatology_Communications_2025_author_cell_type_X_umap_90971d.svg,s3://lifebit-user-data-6941eed90a4dd7a1d1026d7a/deploit/teams/69d8dd1e5d3e1f8c350e006f/users/68af3d99c99eb7bd2ff47bc8/projects/69f80768ca774c668fbaaed8/jobs/6a22c7257e433821290d90bc/results/stacked_violin__scaledliver_Edgar_Hepatology_Communications_2025_author_cell_type_X_umap_90971d.svg
stacked_violin__scaledliver_Edgar_Hepatology_Communications_2025_author_cell_type_X_umap_c0113a.svg,s3://lifebit-user-data-6941eed90a4dd7a1d1026d7a/deploit/teams/69d8dd1e5d3e1f8c350e006f/users/68af3d99c99eb7bd2ff47bc8/projects/69f80768ca774c668fbaaed8/jobs/6a22c7257e433821290d90bc/results/stacked_violin__scaledliver_Edgar_Hepatology_Communications_2025_author_cell_type_X_umap_c0113a.svg
stacked_violin__scaledliver_Guilliams_Cell_2022_author_cell_type_X_umap_ec5dd4.svg,s3://lifebit-user-data-6941eed90a4dd7a1d1026d7a/deploit/teams/69d8dd1e5d3e1f8c350e006f/users/68af3d99c99eb7bd2ff47bc8/projects/69f80768ca774c668fbaaed8/jobs/6a22c7257e433821290d90bc/results/stacked_violin__scaledliver_Guilliams_Cell_2022_author_cell_type_X_umap_ec5dd4.svg
stacked_violin__scaledliver_Han_Nature_2020_author_cell_type_X_umap_5c7ea7.svg,s3://lifebit-user-data-6941eed90a4dd7a1d1026d7a/deploit/teams/69d8dd1e5d3e1f8c350e006f/users/68af3d99c99eb7bd2ff47bc8/projects/69f80768ca774c668fbaaed8/jobs/6a22c7257e433821290d90bc/results/stacked_violin__scaledliver_Han_Nature_2020_author_cell_type_X_umap_5c7ea7.svg
stacked_violin__scaledliver_MacParland_Nat_Commun_2018_CellType_X_umap_hm_9f00be.svg,s3://lifebit-user-data-6941eed90a4dd7a1d1026d7a/deploit/teams/69d8dd1e5d3e1f8c350e006f/users/68af3d99c99eb7bd2ff47bc8/projects/69f80768ca774c668fbaaed8/jobs/6a22c7257e433821290d90bc/results/stacked_violin__scaledliver_MacParland_Nat_Commun_2018_CellType_X_umap_hm_9f00be.svg
stacked_violin__scaledliver_Wells_Nat_Immunol_2025_author_cell_type_X_umap_74e9e1.svg,s3://lifebit-user-data-6941eed90a4dd7a1d1026d7a/deploit/teams/69d8dd1e5d3e1f8c350e006f/users/68af3d99c99eb7bd2ff47bc8/projects/69f80768ca774c668fbaaed8/jobs/6a22c7257e433821290d90bc/results/stacked_violin__scaledliver_Wells_Nat_Immunol_2025_author_cell_type_X_umap_74e9e1.svg
stacked_violin__scaledliver_Xu_Cell_2023_Curated_annotation_X_umap_a72286.svg,s3://lifebit-user-data-6941eed90a4dd7a1d1026d7a/deploit/teams/69d8dd1e5d3e1f8c350e006f/users/68af3d99c99eb7bd2ff47bc8/projects/69f80768ca774c668fbaaed8/jobs/6a22c7257e433821290d90bc/results/stacked_violin__scaledliver_Xu_Cell_2023_Curated_annotation_X_umap_a72286.svg
stacked_violin_liver_Andrews_Hepatol_Commun_2022_author_cell_type_X_umap_3d10a5.svg,s3://lifebit-user-data-6941eed90a4dd7a1d1026d7a/deploit/teams/69d8dd1e5d3e1f8c350e006f/users/68af3d99c99eb7bd2ff47bc8/projects/69f80768ca774c668fbaaed8/jobs/6a22c7257e433821290d90bc/results/stacked_violin_liver_Andrews_Hepatol_Commun_2022_author_cell_type_X_umap_3d10a5.svg
stacked_violin_liver_Andrews_Journal_of_Hepatology_2024_author_cell_type_X_umap_00ddc4.svg,s3://lifebit-user-data-6941eed90a4dd7a1d1026d7a/deploit/teams/69d8dd1e5d3e1f8c350e006f/users/68af3d99c99eb7bd2ff47bc8/projects/69f80768ca774c668fbaaed8/jobs/6a22c7257e433821290d90bc/results/stacked_violin_liver_Andrews_Journal_of_Hepatology_2024_author_cell_type_X_umap_00ddc4.svg
stacked_violin_liver_Andrews_Journal_of_Hepatology_2024_author_cell_type_X_umap_2b80fc.svg,s3://lifebit-user-data-6941eed90a4dd7a1d1026d7a/deploit/teams/69d8dd1e5d3e1f8c350e006f/users/68af3d99c99eb7bd2ff47bc8/projects/69f80768ca774c668fbaaed8/jobs/6a22c7257e433821290d90bc/results/stacked_violin_liver_Andrews_Journal_of_Hepatology_2024_author_cell_type_X_umap_2b80fc.svg
stacked_violin_liver_Dominguez_Conde_Science_2022_Manually_curated_celltype_X_umap_04d255.svg,s3://lifebit-user-data-6941eed90a4dd7a1d1026d7a/deploit/teams/69d8dd1e5d3e1f8c350e006f/users/68af3d99c99eb7bd2ff47bc8/projects/69f80768ca774c668fbaaed8/jobs/6a22c7257e433821290d90bc/results/stacked_violin_liver_Dominguez_Conde_Science_2022_Manually_curated_celltype_X_umap_04d255.svg
stacked_violin_liver_Edgar_Hepatology_Communications_2025_author_cell_type_X_umap_90971d.svg,s3://lifebit-user-data-6941eed90a4dd7a1d1026d7a/deploit/teams/69d8dd1e5d3e1f8c350e006f/users/68af3d99c99eb7bd2ff47bc8/projects/69f80768ca774c668fbaaed8/jobs/6a22c7257e433821290d90bc/results/stacked_violin_liver_Edgar_Hepatology_Communications_2025_author_cell_type_X_umap_90971d.svg
stacked_violin_liver_Edgar_Hepatology_Communications_2025_author_cell_type_X_umap_c0113a.svg,s3://lifebit-user-data-6941eed90a4dd7a1d1026d7a/deploit/teams/69d8dd1e5d3e1f8c350e006f/users/68af3d99c99eb7bd2ff47bc8/projects/69f80768ca774c668fbaaed8/jobs/6a22c7257e433821290d90bc/results/stacked_violin_liver_Edgar_Hepatology_Communications_2025_author_cell_type_X_umap_c0113a.svg
stacked_violin_liver_Guilliams_Cell_2022_author_cell_type_X_umap_ec5dd4.svg,s3://lifebit-user-data-6941eed90a4dd7a1d1026d7a/deploit/teams/69d8dd1e5d3e1f8c350e006f/users/68af3d99c99eb7bd2ff47bc8/projects/69f80768ca774c668fbaaed8/jobs/6a22c7257e433821290d90bc/results/stacked_violin_liver_Guilliams_Cell_2022_author_cell_type_X_umap_ec5dd4.svg
stacked_violin_liver_Han_Nature_2020_author_cell_type_X_umap_5c7ea7.svg,s3://lifebit-user-data-6941eed90a4dd7a1d1026d7a/deploit/teams/69d8dd1e5d3e1f8c350e006f/users/68af3d99c99eb7bd2ff47bc8/projects/69f80768ca774c668fbaaed8/jobs/6a22c7257e433821290d90bc/results/stacked_violin_liver_Han_Nature_2020_author_cell_type_X_umap_5c7ea7.svg
stacked_violin_liver_MacParland_Nat_Commun_2018_CellType_X_umap_hm_9f00be.svg,s3://lifebit-user-data-6941eed90a4dd7a1d1026d7a/deploit/teams/69d8dd1e5d3e1f8c350e006f/users/68af3d99c99eb7bd2ff47bc8/projects/69f80768ca774c668fbaaed8/jobs/6a22c7257e433821290d90bc/results/stacked_violin_liver_MacParland_Nat_Commun_2018_CellType_X_umap_hm_9f00be.svg
stacked_violin_liver_Wells_Nat_Immunol_2025_author_cell_type_X_umap_74e9e1.svg,s3://lifebit-user-data-6941eed90a4dd7a1d1026d7a/deploit/teams/69d8dd1e5d3e1f8c350e006f/users/68af3d99c99eb7bd2ff47bc8/projects/69f80768ca774c668fbaaed8/jobs/6a22c7257e433821290d90bc/results/stacked_violin_liver_Wells_Nat_Immunol_2025_author_cell_type_X_umap_74e9e1.svg
stacked_violin_liver_Xu_Cell_2023_Curated_annotation_X_umap_a72286.svg,s3://lifebit-user-data-6941eed90a4dd7a1d1026d7a/deploit/teams/69d8dd1e5d3e1f8c350e006f/users/68af3d99c99eb7bd2ff47bc8/projects/69f80768ca774c668fbaaed8/jobs/6a22c7257e433821290d90bc/results/stacked_violin_liver_Xu_Cell_2023_Curated_annotation_X_umap_a72286.svg
summary_before_filter_liver_Andrews_Hepatol_Commun_2022_author_cell_type_X_umap_3d10a5.csv,s3://lifebit-user-data-6941eed90a4dd7a1d1026d7a/deploit/teams/69d8dd1e5d3e1f8c350e006f/users/68af3d99c99eb7bd2ff47bc8/projects/69f80768ca774c668fbaaed8/jobs/6a22c7257e433821290d90bc/results/summary_before_filter_liver_Andrews_Hepatol_Commun_2022_author_cell_type_X_umap_3d10a5.csv
summary_before_filter_liver_Andrews_Journal_of_Hepatology_2024_author_cell_type_X_umap_00ddc4.csv,s3://lifebit-user-data-6941eed90a4dd7a1d1026d7a/deploit/teams/69d8dd1e5d3e1f8c350e006f/users/68af3d99c99eb7bd2ff47bc8/projects/69f80768ca774c668fbaaed8/jobs/6a22c7257e433821290d90bc/results/summary_before_filter_liver_Andrews_Journal_of_Hepatology_2024_author_cell_type_X_umap_00ddc4.csv
summary_before_filter_liver_Andrews_Journal_of_Hepatology_2024_author_cell_type_X_umap_2b80fc.csv,s3://lifebit-user-data-6941eed90a4dd7a1d1026d7a/deploit/teams/69d8dd1e5d3e1f8c350e006f/users/68af3d99c99eb7bd2ff47bc8/projects/69f80768ca774c668fbaaed8/jobs/6a22c7257e433821290d90bc/results/summary_before_filter_liver_Andrews_Journal_of_Hepatology_2024_author_cell_type_X_umap_2b80fc.csv
summary_before_filter_liver_Dominguez_Conde_Science_2022_Manually_curated_celltype_X_umap_04d255.csv,s3://lifebit-user-data-6941eed90a4dd7a1d1026d7a/deploit/teams/69d8dd1e5d3e1f8c350e006f/users/68af3d99c99eb7bd2ff47bc8/projects/69f80768ca774c668fbaaed8/jobs/6a22c7257e433821290d90bc/results/summary_before_filter_liver_Dominguez_Conde_Science_2022_Manually_curated_celltype_X_umap_04d255.csv
summary_before_filter_liver_Edgar_Hepatology_Communications_2025_author_cell_type_X_umap_90971d.csv,s3://lifebit-user-data-6941eed90a4dd7a1d1026d7a/deploit/teams/69d8dd1e5d3e1f8c350e006f/users/68af3d99c99eb7bd2ff47bc8/projects/69f80768ca774c668fbaaed8/jobs/6a22c7257e433821290d90bc/results/summary_before_filter_liver_Edgar_Hepatology_Communications_2025_author_cell_type_X_umap_90971d.csv
summary_before_filter_liver_Edgar_Hepatology_Communications_2025_author_cell_type_X_umap_c0113a.csv,s3://lifebit-user-data-6941eed90a4dd7a1d1026d7a/deploit/teams/69d8dd1e5d3e1f8c350e006f/users/68af3d99c99eb7bd2ff47bc8/projects/69f80768ca774c668fbaaed8/jobs/6a22c7257e433821290d90bc/results/summary_before_filter_liver_Edgar_Hepatology_Communications_2025_author_cell_type_X_umap_c0113a.csv
summary_before_filter_liver_Guilliams_Cell_2022_author_cell_type_X_umap_ec5dd4.csv,s3://lifebit-user-data-6941eed90a4dd7a1d1026d7a/deploit/teams/69d8dd1e5d3e1f8c350e006f/users/68af3d99c99eb7bd2ff47bc8/projects/69f80768ca774c668fbaaed8/jobs/6a22c7257e433821290d90bc/results/summary_before_filter_liver_Guilliams_Cell_2022_author_cell_type_X_umap_ec5dd4.csv
summary_before_filter_liver_Han_Nature_2020_author_cell_type_X_umap_5c7ea7.csv,s3://lifebit-user-data-6941eed90a4dd7a1d1026d7a/deploit/teams/69d8dd1e5d3e1f8c350e006f/users/68af3d99c99eb7bd2ff47bc8/projects/69f80768ca774c668fbaaed8/jobs/6a22c7257e433821290d90bc/results/summary_before_filter_liver_Han_Nature_2020_author_cell_type_X_umap_5c7ea7.csv
summary_before_filter_liver_MacParland_Nat_Commun_2018_CellType_X_umap_hm_9f00be.csv,s3://lifebit-user-data-6941eed90a4dd7a1d1026d7a/deploit/teams/69d8dd1e5d3e1f8c350e006f/users/68af3d99c99eb7bd2ff47bc8/projects/69f80768ca774c668fbaaed8/jobs/6a22c7257e433821290d90bc/results/summary_before_filter_liver_MacParland_Nat_Commun_2018_CellType_X_umap_hm_9f00be.csv
summary_before_filter_liver_Wells_Nat_Immunol_2025_author_cell_type_X_umap_74e9e1.csv,s3://lifebit-user-data-6941eed90a4dd7a1d1026d7a/deploit/teams/69d8dd1e5d3e1f8c350e006f/users/68af3d99c99eb7bd2ff47bc8/projects/69f80768ca774c668fbaaed8/jobs/6a22c7257e433821290d90bc/results/summary_before_filter_liver_Wells_Nat_Immunol_2025_author_cell_type_X_umap_74e9e1.csv
summary_before_filter_liver_Xu_Cell_2023_Curated_annotation_X_umap_a72286.csv,s3://lifebit-user-data-6941eed90a4dd7a1d1026d7a/deploit/teams/69d8dd1e5d3e1f8c350e006f/users/68af3d99c99eb7bd2ff47bc8/projects/69f80768ca774c668fbaaed8/jobs/6a22c7257e433821290d90bc/results/summary_before_filter_liver_Xu_Cell_2023_Curated_annotation_X_umap_a72286.csv
summary_normal_liver_Andrews_Hepatol_Commun_2022_author_cell_type_X_umap_3d10a5.csv,s3://lifebit-user-data-6941eed90a4dd7a1d1026d7a/deploit/teams/69d8dd1e5d3e1f8c350e006f/users/68af3d99c99eb7bd2ff47bc8/projects/69f80768ca774c668fbaaed8/jobs/6a22c7257e433821290d90bc/results/summary_normal_liver_Andrews_Hepatol_Commun_2022_author_cell_type_X_umap_3d10a5.csv
summary_normal_liver_Andrews_Journal_of_Hepatology_2024_author_cell_type_X_umap_00ddc4.csv,s3://lifebit-user-data-6941eed90a4dd7a1d1026d7a/deploit/teams/69d8dd1e5d3e1f8c350e006f/users/68af3d99c99eb7bd2ff47bc8/projects/69f80768ca774c668fbaaed8/jobs/6a22c7257e433821290d90bc/results/summary_normal_liver_Andrews_Journal_of_Hepatology_2024_author_cell_type_X_umap_00ddc4.csv
summary_normal_liver_Andrews_Journal_of_Hepatology_2024_author_cell_type_X_umap_2b80fc.csv,s3://lifebit-user-data-6941eed90a4dd7a1d1026d7a/deploit/teams/69d8dd1e5d3e1f8c350e006f/users/68af3d99c99eb7bd2ff47bc8/projects/69f80768ca774c668fbaaed8/jobs/6a22c7257e433821290d90bc/results/summary_normal_liver_Andrews_Journal_of_Hepatology_2024_author_cell_type_X_umap_2b80fc.csv
summary_normal_liver_Dominguez_Conde_Science_2022_Manually_curated_celltype_X_umap_04d255.csv,s3://lifebit-user-data-6941eed90a4dd7a1d1026d7a/deploit/teams/69d8dd1e5d3e1f8c350e006f/users/68af3d99c99eb7bd2ff47bc8/projects/69f80768ca774c668fbaaed8/jobs/6a22c7257e433821290d90bc/results/summary_normal_liver_Dominguez_Conde_Science_2022_Manually_curated_celltype_X_umap_04d255.csv
summary_normal_liver_Edgar_Hepatology_Communications_2025_author_cell_type_X_umap_90971d.csv,s3://lifebit-user-data-6941eed90a4dd7a1d1026d7a/deploit/teams/69d8dd1e5d3e1f8c350e006f/users/68af3d99c99eb7bd2ff47bc8/projects/69f80768ca774c668fbaaed8/jobs/6a22c7257e433821290d90bc/results/summary_normal_liver_Edgar_Hepatology_Communications_2025_author_cell_type_X_umap_90971d.csv
summary_normal_liver_Edgar_Hepatology_Communications_2025_author_cell_type_X_umap_c0113a.csv,s3://lifebit-user-data-6941eed90a4dd7a1d1026d7a/deploit/teams/69d8dd1e5d3e1f8c350e006f/users/68af3d99c99eb7bd2ff47bc8/projects/69f80768ca774c668fbaaed8/jobs/6a22c7257e433821290d90bc/results/summary_normal_liver_Edgar_Hepatology_Communications_2025_author_cell_type_X_umap_c0113a.csv
summary_normal_liver_Guilliams_Cell_2022_author_cell_type_X_umap_ec5dd4.csv,s3://lifebit-user-data-6941eed90a4dd7a1d1026d7a/deploit/teams/69d8dd1e5d3e1f8c350e006f/users/68af3d99c99eb7bd2ff47bc8/projects/69f80768ca774c668fbaaed8/jobs/6a22c7257e433821290d90bc/results/summary_normal_liver_Guilliams_Cell_2022_author_cell_type_X_umap_ec5dd4.csv
summary_normal_liver_Han_Nature_2020_author_cell_type_X_umap_5c7ea7.csv,s3://lifebit-user-data-6941eed90a4dd7a1d1026d7a/deploit/teams/69d8dd1e5d3e1f8c350e006f/users/68af3d99c99eb7bd2ff47bc8/projects/69f80768ca774c668fbaaed8/jobs/6a22c7257e433821290d90bc/results/summary_normal_liver_Han_Nature_2020_author_cell_type_X_umap_5c7ea7.csv
summary_normal_liver_MacParland_Nat_Commun_2018_CellType_X_umap_hm_9f00be.csv,s3://lifebit-user-data-6941eed90a4dd7a1d1026d7a/deploit/teams/69d8dd1e5d3e1f8c350e006f/users/68af3d99c99eb7bd2ff47bc8/projects/69f80768ca774c668fbaaed8/jobs/6a22c7257e433821290d90bc/results/summary_normal_liver_MacParland_Nat_Commun_2018_CellType_X_umap_hm_9f00be.csv
summary_normal_liver_Wells_Nat_Immunol_2025_author_cell_type_X_umap_74e9e1.csv,s3://lifebit-user-data-6941eed90a4dd7a1d1026d7a/deploit/teams/69d8dd1e5d3e1f8c350e006f/users/68af3d99c99eb7bd2ff47bc8/projects/69f80768ca774c668fbaaed8/jobs/6a22c7257e433821290d90bc/results/summary_normal_liver_Wells_Nat_Immunol_2025_author_cell_type_X_umap_74e9e1.csv
summary_normal_liver_Xu_Cell_2023_Curated_annotation_X_umap_a72286.csv,s3://lifebit-user-data-6941eed90a4dd7a1d1026d7a/deploit/teams/69d8dd1e5d3e1f8c350e006f/users/68af3d99c99eb7bd2ff47bc8/projects/69f80768ca774c668fbaaed8/jobs/6a22c7257e433821290d90bc/results/summary_normal_liver_Xu_Cell_2023_Curated_annotation_X_umap_a72286.csv
