filename,s3_path
2D_projection_digestive_tract_Burclaff_Cellular_and_Molecular_Gastroenterology_and_Hepatology_2022_lineage_X_umap_5247a6.html,s3://lifebit-user-data-6941eed90a4dd7a1d1026d7a/deploit/teams/69d8dd1e5d3e1f8c350e006f/users/68af3d99c99eb7bd2ff47bc8/projects/69f80768ca774c668fbaaed8/jobs/6a22c67b0859d97fbe7b5f71/results/2D_projection_digestive_tract_Burclaff_Cellular_and_Molecular_Gastroenterology_and_Hepatology_2022_lineage_X_umap_5247a6.html
2D_projection_digestive_tract_Burclaff_Cellular_and_Molecular_Gastroenterology_and_Hepatology_2022_lineage_X_umap_5247a6.svg,s3://lifebit-user-data-6941eed90a4dd7a1d1026d7a/deploit/teams/69d8dd1e5d3e1f8c350e006f/users/68af3d99c99eb7bd2ff47bc8/projects/69f80768ca774c668fbaaed8/jobs/6a22c67b0859d97fbe7b5f71/results/2D_projection_digestive_tract_Burclaff_Cellular_and_Molecular_Gastroenterology_and_Hepatology_2022_lineage_X_umap_5247a6.svg
2D_projection_digestive_tract_Elmentaite_Nature_2021_author_cell_type_X_umap_bf2a8d.html,s3://lifebit-user-data-6941eed90a4dd7a1d1026d7a/deploit/teams/69d8dd1e5d3e1f8c350e006f/users/68af3d99c99eb7bd2ff47bc8/projects/69f80768ca774c668fbaaed8/jobs/6a22c67b0859d97fbe7b5f71/results/2D_projection_digestive_tract_Elmentaite_Nature_2021_author_cell_type_X_umap_bf2a8d.html
2D_projection_digestive_tract_Elmentaite_Nature_2021_author_cell_type_X_umap_bf2a8d.svg,s3://lifebit-user-data-6941eed90a4dd7a1d1026d7a/deploit/teams/69d8dd1e5d3e1f8c350e006f/users/68af3d99c99eb7bd2ff47bc8/projects/69f80768ca774c668fbaaed8/jobs/6a22c67b0859d97fbe7b5f71/results/2D_projection_digestive_tract_Elmentaite_Nature_2021_author_cell_type_X_umap_bf2a8d.svg
2D_projection_digestive_tract_Eraslan_Science_2022_Broad_cell_type_X_umap_f44b0f.html,s3://lifebit-user-data-6941eed90a4dd7a1d1026d7a/deploit/teams/69d8dd1e5d3e1f8c350e006f/users/68af3d99c99eb7bd2ff47bc8/projects/69f80768ca774c668fbaaed8/jobs/6a22c67b0859d97fbe7b5f71/results/2D_projection_digestive_tract_Eraslan_Science_2022_Broad_cell_type_X_umap_f44b0f.html
2D_projection_digestive_tract_Eraslan_Science_2022_Broad_cell_type_X_umap_f44b0f.svg,s3://lifebit-user-data-6941eed90a4dd7a1d1026d7a/deploit/teams/69d8dd1e5d3e1f8c350e006f/users/68af3d99c99eb7bd2ff47bc8/projects/69f80768ca774c668fbaaed8/jobs/6a22c67b0859d97fbe7b5f71/results/2D_projection_digestive_tract_Eraslan_Science_2022_Broad_cell_type_X_umap_f44b0f.svg
2D_projection_digestive_tract_Garrido-Trigo_Nat_Commun_2023_cell_type_X_umap_7e7800.html,s3://lifebit-user-data-6941eed90a4dd7a1d1026d7a/deploit/teams/69d8dd1e5d3e1f8c350e006f/users/68af3d99c99eb7bd2ff47bc8/projects/69f80768ca774c668fbaaed8/jobs/6a22c67b0859d97fbe7b5f71/results/2D_projection_digestive_tract_Garrido-Trigo_Nat_Commun_2023_cell_type_X_umap_7e7800.html
2D_projection_digestive_tract_Garrido-Trigo_Nat_Commun_2023_cell_type_X_umap_7e7800.svg,s3://lifebit-user-data-6941eed90a4dd7a1d1026d7a/deploit/teams/69d8dd1e5d3e1f8c350e006f/users/68af3d99c99eb7bd2ff47bc8/projects/69f80768ca774c668fbaaed8/jobs/6a22c67b0859d97fbe7b5f71/results/2D_projection_digestive_tract_Garrido-Trigo_Nat_Commun_2023_cell_type_X_umap_7e7800.svg
2D_projection_digestive_tract_Han_Nature_2020_author_cell_type_X_umap_5c7ea7.html,s3://lifebit-user-data-6941eed90a4dd7a1d1026d7a/deploit/teams/69d8dd1e5d3e1f8c350e006f/users/68af3d99c99eb7bd2ff47bc8/projects/69f80768ca774c668fbaaed8/jobs/6a22c67b0859d97fbe7b5f71/results/2D_projection_digestive_tract_Han_Nature_2020_author_cell_type_X_umap_5c7ea7.html
2D_projection_digestive_tract_Han_Nature_2020_author_cell_type_X_umap_5c7ea7.svg,s3://lifebit-user-data-6941eed90a4dd7a1d1026d7a/deploit/teams/69d8dd1e5d3e1f8c350e006f/users/68af3d99c99eb7bd2ff47bc8/projects/69f80768ca774c668fbaaed8/jobs/6a22c67b0859d97fbe7b5f71/results/2D_projection_digestive_tract_Han_Nature_2020_author_cell_type_X_umap_5c7ea7.svg
2D_projection_digestive_tract_Horeth_J_Dent_Res_2023_author_cell_type_X_umap_ae6cbe.html,s3://lifebit-user-data-6941eed90a4dd7a1d1026d7a/deploit/teams/69d8dd1e5d3e1f8c350e006f/users/68af3d99c99eb7bd2ff47bc8/projects/69f80768ca774c668fbaaed8/jobs/6a22c67b0859d97fbe7b5f71/results/2D_projection_digestive_tract_Horeth_J_Dent_Res_2023_author_cell_type_X_umap_ae6cbe.html
2D_projection_digestive_tract_Horeth_J_Dent_Res_2023_author_cell_type_X_umap_ae6cbe.svg,s3://lifebit-user-data-6941eed90a4dd7a1d1026d7a/deploit/teams/69d8dd1e5d3e1f8c350e006f/users/68af3d99c99eb7bd2ff47bc8/projects/69f80768ca774c668fbaaed8/jobs/6a22c67b0859d97fbe7b5f71/results/2D_projection_digestive_tract_Horeth_J_Dent_Res_2023_author_cell_type_X_umap_ae6cbe.svg
2D_projection_digestive_tract_Madissoon_Genome_Biol_2020_author_cell_type_X_umap_f35993.html,s3://lifebit-user-data-6941eed90a4dd7a1d1026d7a/deploit/teams/69d8dd1e5d3e1f8c350e006f/users/68af3d99c99eb7bd2ff47bc8/projects/69f80768ca774c668fbaaed8/jobs/6a22c67b0859d97fbe7b5f71/results/2D_projection_digestive_tract_Madissoon_Genome_Biol_2020_author_cell_type_X_umap_f35993.html
2D_projection_digestive_tract_Madissoon_Genome_Biol_2020_author_cell_type_X_umap_f35993.svg,s3://lifebit-user-data-6941eed90a4dd7a1d1026d7a/deploit/teams/69d8dd1e5d3e1f8c350e006f/users/68af3d99c99eb7bd2ff47bc8/projects/69f80768ca774c668fbaaed8/jobs/6a22c67b0859d97fbe7b5f71/results/2D_projection_digestive_tract_Madissoon_Genome_Biol_2020_author_cell_type_X_umap_f35993.svg
2D_projection_digestive_tract_Martin_Cell_2019_author_cell_type1_X_umap_hm_59ef00.html,s3://lifebit-user-data-6941eed90a4dd7a1d1026d7a/deploit/teams/69d8dd1e5d3e1f8c350e006f/users/68af3d99c99eb7bd2ff47bc8/projects/69f80768ca774c668fbaaed8/jobs/6a22c67b0859d97fbe7b5f71/results/2D_projection_digestive_tract_Martin_Cell_2019_author_cell_type1_X_umap_hm_59ef00.html
2D_projection_digestive_tract_Martin_Cell_2019_author_cell_type1_X_umap_hm_59ef00.svg,s3://lifebit-user-data-6941eed90a4dd7a1d1026d7a/deploit/teams/69d8dd1e5d3e1f8c350e006f/users/68af3d99c99eb7bd2ff47bc8/projects/69f80768ca774c668fbaaed8/jobs/6a22c67b0859d97fbe7b5f71/results/2D_projection_digestive_tract_Martin_Cell_2019_author_cell_type1_X_umap_hm_59ef00.svg
2D_projection_digestive_tract_Nowicki-Osuch_Cancer_Discovery_2023_Detailed_Cell_Type_umap_MinDist_0.5_N_Neighbors_15_e72b7b.html,s3://lifebit-user-data-6941eed90a4dd7a1d1026d7a/deploit/teams/69d8dd1e5d3e1f8c350e006f/users/68af3d99c99eb7bd2ff47bc8/projects/69f80768ca774c668fbaaed8/jobs/6a22c67b0859d97fbe7b5f71/results/2D_projection_digestive_tract_Nowicki-Osuch_Cancer_Discovery_2023_Detailed_Cell_Type_umap_MinDist_0.5_N_Neighbors_15_e72b7b.html
2D_projection_digestive_tract_Nowicki-Osuch_Cancer_Discovery_2023_Detailed_Cell_Type_umap_MinDist_0.5_N_Neighbors_15_e72b7b.svg,s3://lifebit-user-data-6941eed90a4dd7a1d1026d7a/deploit/teams/69d8dd1e5d3e1f8c350e006f/users/68af3d99c99eb7bd2ff47bc8/projects/69f80768ca774c668fbaaed8/jobs/6a22c67b0859d97fbe7b5f71/results/2D_projection_digestive_tract_Nowicki-Osuch_Cancer_Discovery_2023_Detailed_Cell_Type_umap_MinDist_0.5_N_Neighbors_15_e72b7b.svg
2D_projection_digestive_tract_Oliver_Nature_2024_level_3_annot_X_umap_a60caa.html,s3://lifebit-user-data-6941eed90a4dd7a1d1026d7a/deploit/teams/69d8dd1e5d3e1f8c350e006f/users/68af3d99c99eb7bd2ff47bc8/projects/69f80768ca774c668fbaaed8/jobs/6a22c67b0859d97fbe7b5f71/results/2D_projection_digestive_tract_Oliver_Nature_2024_level_3_annot_X_umap_a60caa.html
2D_projection_digestive_tract_Oliver_Nature_2024_level_3_annot_X_umap_a60caa.svg,s3://lifebit-user-data-6941eed90a4dd7a1d1026d7a/deploit/teams/69d8dd1e5d3e1f8c350e006f/users/68af3d99c99eb7bd2ff47bc8/projects/69f80768ca774c668fbaaed8/jobs/6a22c67b0859d97fbe7b5f71/results/2D_projection_digestive_tract_Oliver_Nature_2024_level_3_annot_X_umap_a60caa.svg
2D_projection_digestive_tract_Smillie_Cell_2019_CellType_X_umap_hm_bbedd2.html,s3://lifebit-user-data-6941eed90a4dd7a1d1026d7a/deploit/teams/69d8dd1e5d3e1f8c350e006f/users/68af3d99c99eb7bd2ff47bc8/projects/69f80768ca774c668fbaaed8/jobs/6a22c67b0859d97fbe7b5f71/results/2D_projection_digestive_tract_Smillie_Cell_2019_CellType_X_umap_hm_bbedd2.html
2D_projection_digestive_tract_Smillie_Cell_2019_CellType_X_umap_hm_bbedd2.svg,s3://lifebit-user-data-6941eed90a4dd7a1d1026d7a/deploit/teams/69d8dd1e5d3e1f8c350e006f/users/68af3d99c99eb7bd2ff47bc8/projects/69f80768ca774c668fbaaed8/jobs/6a22c67b0859d97fbe7b5f71/results/2D_projection_digestive_tract_Smillie_Cell_2019_CellType_X_umap_hm_bbedd2.svg
2D_projection_digestive_tract_Xu_Cell_2023_Curated_annotation_X_umap_30933d.html,s3://lifebit-user-data-6941eed90a4dd7a1d1026d7a/deploit/teams/69d8dd1e5d3e1f8c350e006f/users/68af3d99c99eb7bd2ff47bc8/projects/69f80768ca774c668fbaaed8/jobs/6a22c67b0859d97fbe7b5f71/results/2D_projection_digestive_tract_Xu_Cell_2023_Curated_annotation_X_umap_30933d.html
2D_projection_digestive_tract_Xu_Cell_2023_Curated_annotation_X_umap_30933d.svg,s3://lifebit-user-data-6941eed90a4dd7a1d1026d7a/deploit/teams/69d8dd1e5d3e1f8c350e006f/users/68af3d99c99eb7bd2ff47bc8/projects/69f80768ca774c668fbaaed8/jobs/6a22c67b0859d97fbe7b5f71/results/2D_projection_digestive_tract_Xu_Cell_2023_Curated_annotation_X_umap_30933d.svg
2D_projection_digestive_tract_Zwick_Nat_Cell_Biol_2024_cell.type_X_umap_f5803a.html,s3://lifebit-user-data-6941eed90a4dd7a1d1026d7a/deploit/teams/69d8dd1e5d3e1f8c350e006f/users/68af3d99c99eb7bd2ff47bc8/projects/69f80768ca774c668fbaaed8/jobs/6a22c67b0859d97fbe7b5f71/results/2D_projection_digestive_tract_Zwick_Nat_Cell_Biol_2024_cell.type_X_umap_f5803a.html
2D_projection_digestive_tract_Zwick_Nat_Cell_Biol_2024_cell.type_X_umap_f5803a.svg,s3://lifebit-user-data-6941eed90a4dd7a1d1026d7a/deploit/teams/69d8dd1e5d3e1f8c350e006f/users/68af3d99c99eb7bd2ff47bc8/projects/69f80768ca774c668fbaaed8/jobs/6a22c67b0859d97fbe7b5f71/results/2D_projection_digestive_tract_Zwick_Nat_Cell_Biol_2024_cell.type_X_umap_f5803a.svg
adata_filtered_digestive_tract_Burclaff_Cellular_and_Molecular_Gastroenterology_and_Hepatology_2022_lineage_X_umap_5247a6.h5ad,s3://lifebit-user-data-6941eed90a4dd7a1d1026d7a/deploit/teams/69d8dd1e5d3e1f8c350e006f/users/68af3d99c99eb7bd2ff47bc8/projects/69f80768ca774c668fbaaed8/jobs/6a22c67b0859d97fbe7b5f71/results/adata_filtered_digestive_tract_Burclaff_Cellular_and_Molecular_Gastroenterology_and_Hepatology_2022_lineage_X_umap_5247a6.h5ad
adata_filtered_digestive_tract_Elmentaite_Nature_2021_author_cell_type_X_umap_bf2a8d.h5ad,s3://lifebit-user-data-6941eed90a4dd7a1d1026d7a/deploit/teams/69d8dd1e5d3e1f8c350e006f/users/68af3d99c99eb7bd2ff47bc8/projects/69f80768ca774c668fbaaed8/jobs/6a22c67b0859d97fbe7b5f71/results/adata_filtered_digestive_tract_Elmentaite_Nature_2021_author_cell_type_X_umap_bf2a8d.h5ad
adata_filtered_digestive_tract_Eraslan_Science_2022_Broad_cell_type_X_umap_f44b0f.h5ad,s3://lifebit-user-data-6941eed90a4dd7a1d1026d7a/deploit/teams/69d8dd1e5d3e1f8c350e006f/users/68af3d99c99eb7bd2ff47bc8/projects/69f80768ca774c668fbaaed8/jobs/6a22c67b0859d97fbe7b5f71/results/adata_filtered_digestive_tract_Eraslan_Science_2022_Broad_cell_type_X_umap_f44b0f.h5ad
adata_filtered_digestive_tract_Garrido-Trigo_Nat_Commun_2023_cell_type_X_umap_7e7800.h5ad,s3://lifebit-user-data-6941eed90a4dd7a1d1026d7a/deploit/teams/69d8dd1e5d3e1f8c350e006f/users/68af3d99c99eb7bd2ff47bc8/projects/69f80768ca774c668fbaaed8/jobs/6a22c67b0859d97fbe7b5f71/results/adata_filtered_digestive_tract_Garrido-Trigo_Nat_Commun_2023_cell_type_X_umap_7e7800.h5ad
adata_filtered_digestive_tract_Han_Nature_2020_author_cell_type_X_umap_5c7ea7.h5ad,s3://lifebit-user-data-6941eed90a4dd7a1d1026d7a/deploit/teams/69d8dd1e5d3e1f8c350e006f/users/68af3d99c99eb7bd2ff47bc8/projects/69f80768ca774c668fbaaed8/jobs/6a22c67b0859d97fbe7b5f71/results/adata_filtered_digestive_tract_Han_Nature_2020_author_cell_type_X_umap_5c7ea7.h5ad
adata_filtered_digestive_tract_Horeth_J_Dent_Res_2023_author_cell_type_X_umap_ae6cbe.h5ad,s3://lifebit-user-data-6941eed90a4dd7a1d1026d7a/deploit/teams/69d8dd1e5d3e1f8c350e006f/users/68af3d99c99eb7bd2ff47bc8/projects/69f80768ca774c668fbaaed8/jobs/6a22c67b0859d97fbe7b5f71/results/adata_filtered_digestive_tract_Horeth_J_Dent_Res_2023_author_cell_type_X_umap_ae6cbe.h5ad
adata_filtered_digestive_tract_Madissoon_Genome_Biol_2020_author_cell_type_X_umap_f35993.h5ad,s3://lifebit-user-data-6941eed90a4dd7a1d1026d7a/deploit/teams/69d8dd1e5d3e1f8c350e006f/users/68af3d99c99eb7bd2ff47bc8/projects/69f80768ca774c668fbaaed8/jobs/6a22c67b0859d97fbe7b5f71/results/adata_filtered_digestive_tract_Madissoon_Genome_Biol_2020_author_cell_type_X_umap_f35993.h5ad
adata_filtered_digestive_tract_Martin_Cell_2019_author_cell_type1_X_umap_hm_59ef00.h5ad,s3://lifebit-user-data-6941eed90a4dd7a1d1026d7a/deploit/teams/69d8dd1e5d3e1f8c350e006f/users/68af3d99c99eb7bd2ff47bc8/projects/69f80768ca774c668fbaaed8/jobs/6a22c67b0859d97fbe7b5f71/results/adata_filtered_digestive_tract_Martin_Cell_2019_author_cell_type1_X_umap_hm_59ef00.h5ad
adata_filtered_digestive_tract_Nowicki-Osuch_Cancer_Discovery_2023_Detailed_Cell_Type_umap_MinDist_0.5_N_Neighbors_15_e72b7b.h5ad,s3://lifebit-user-data-6941eed90a4dd7a1d1026d7a/deploit/teams/69d8dd1e5d3e1f8c350e006f/users/68af3d99c99eb7bd2ff47bc8/projects/69f80768ca774c668fbaaed8/jobs/6a22c67b0859d97fbe7b5f71/results/adata_filtered_digestive_tract_Nowicki-Osuch_Cancer_Discovery_2023_Detailed_Cell_Type_umap_MinDist_0.5_N_Neighbors_15_e72b7b.h5ad
adata_filtered_digestive_tract_Oliver_Nature_2024_level_3_annot_X_umap_a60caa.h5ad,s3://lifebit-user-data-6941eed90a4dd7a1d1026d7a/deploit/teams/69d8dd1e5d3e1f8c350e006f/users/68af3d99c99eb7bd2ff47bc8/projects/69f80768ca774c668fbaaed8/jobs/6a22c67b0859d97fbe7b5f71/results/adata_filtered_digestive_tract_Oliver_Nature_2024_level_3_annot_X_umap_a60caa.h5ad
adata_filtered_digestive_tract_Smillie_Cell_2019_CellType_X_umap_hm_bbedd2.h5ad,s3://lifebit-user-data-6941eed90a4dd7a1d1026d7a/deploit/teams/69d8dd1e5d3e1f8c350e006f/users/68af3d99c99eb7bd2ff47bc8/projects/69f80768ca774c668fbaaed8/jobs/6a22c67b0859d97fbe7b5f71/results/adata_filtered_digestive_tract_Smillie_Cell_2019_CellType_X_umap_hm_bbedd2.h5ad
adata_filtered_digestive_tract_Xu_Cell_2023_Curated_annotation_X_umap_30933d.h5ad,s3://lifebit-user-data-6941eed90a4dd7a1d1026d7a/deploit/teams/69d8dd1e5d3e1f8c350e006f/users/68af3d99c99eb7bd2ff47bc8/projects/69f80768ca774c668fbaaed8/jobs/6a22c67b0859d97fbe7b5f71/results/adata_filtered_digestive_tract_Xu_Cell_2023_Curated_annotation_X_umap_30933d.h5ad
adata_filtered_digestive_tract_Zwick_Nat_Cell_Biol_2024_cell.type_X_umap_f5803a.h5ad,s3://lifebit-user-data-6941eed90a4dd7a1d1026d7a/deploit/teams/69d8dd1e5d3e1f8c350e006f/users/68af3d99c99eb7bd2ff47bc8/projects/69f80768ca774c668fbaaed8/jobs/6a22c67b0859d97fbe7b5f71/results/adata_filtered_digestive_tract_Zwick_Nat_Cell_Biol_2024_cell.type_X_umap_f5803a.h5ad
annotation_digestive_tract_Burclaff_Cellular_and_Molecular_Gastroenterology_and_Hepatology_2022_lineage_X_umap_5247a6.json,s3://lifebit-user-data-6941eed90a4dd7a1d1026d7a/deploit/teams/69d8dd1e5d3e1f8c350e006f/users/68af3d99c99eb7bd2ff47bc8/projects/69f80768ca774c668fbaaed8/jobs/6a22c67b0859d97fbe7b5f71/results/annotation_digestive_tract_Burclaff_Cellular_and_Molecular_Gastroenterology_and_Hepatology_2022_lineage_X_umap_5247a6.json
annotation_digestive_tract_Elmentaite_Nature_2021_author_cell_type_X_umap_bf2a8d.json,s3://lifebit-user-data-6941eed90a4dd7a1d1026d7a/deploit/teams/69d8dd1e5d3e1f8c350e006f/users/68af3d99c99eb7bd2ff47bc8/projects/69f80768ca774c668fbaaed8/jobs/6a22c67b0859d97fbe7b5f71/results/annotation_digestive_tract_Elmentaite_Nature_2021_author_cell_type_X_umap_bf2a8d.json
annotation_digestive_tract_Eraslan_Science_2022_Broad_cell_type_X_umap_f44b0f.json,s3://lifebit-user-data-6941eed90a4dd7a1d1026d7a/deploit/teams/69d8dd1e5d3e1f8c350e006f/users/68af3d99c99eb7bd2ff47bc8/projects/69f80768ca774c668fbaaed8/jobs/6a22c67b0859d97fbe7b5f71/results/annotation_digestive_tract_Eraslan_Science_2022_Broad_cell_type_X_umap_f44b0f.json
annotation_digestive_tract_Garrido-Trigo_Nat_Commun_2023_cell_type_X_umap_7e7800.json,s3://lifebit-user-data-6941eed90a4dd7a1d1026d7a/deploit/teams/69d8dd1e5d3e1f8c350e006f/users/68af3d99c99eb7bd2ff47bc8/projects/69f80768ca774c668fbaaed8/jobs/6a22c67b0859d97fbe7b5f71/results/annotation_digestive_tract_Garrido-Trigo_Nat_Commun_2023_cell_type_X_umap_7e7800.json
annotation_digestive_tract_Han_Nature_2020_author_cell_type_X_umap_5c7ea7.json,s3://lifebit-user-data-6941eed90a4dd7a1d1026d7a/deploit/teams/69d8dd1e5d3e1f8c350e006f/users/68af3d99c99eb7bd2ff47bc8/projects/69f80768ca774c668fbaaed8/jobs/6a22c67b0859d97fbe7b5f71/results/annotation_digestive_tract_Han_Nature_2020_author_cell_type_X_umap_5c7ea7.json
annotation_digestive_tract_Horeth_J_Dent_Res_2023_author_cell_type_X_umap_ae6cbe.json,s3://lifebit-user-data-6941eed90a4dd7a1d1026d7a/deploit/teams/69d8dd1e5d3e1f8c350e006f/users/68af3d99c99eb7bd2ff47bc8/projects/69f80768ca774c668fbaaed8/jobs/6a22c67b0859d97fbe7b5f71/results/annotation_digestive_tract_Horeth_J_Dent_Res_2023_author_cell_type_X_umap_ae6cbe.json
annotation_digestive_tract_Madissoon_Genome_Biol_2020_author_cell_type_X_umap_f35993.json,s3://lifebit-user-data-6941eed90a4dd7a1d1026d7a/deploit/teams/69d8dd1e5d3e1f8c350e006f/users/68af3d99c99eb7bd2ff47bc8/projects/69f80768ca774c668fbaaed8/jobs/6a22c67b0859d97fbe7b5f71/results/annotation_digestive_tract_Madissoon_Genome_Biol_2020_author_cell_type_X_umap_f35993.json
annotation_digestive_tract_Martin_Cell_2019_author_cell_type1_X_umap_hm_59ef00.json,s3://lifebit-user-data-6941eed90a4dd7a1d1026d7a/deploit/teams/69d8dd1e5d3e1f8c350e006f/users/68af3d99c99eb7bd2ff47bc8/projects/69f80768ca774c668fbaaed8/jobs/6a22c67b0859d97fbe7b5f71/results/annotation_digestive_tract_Martin_Cell_2019_author_cell_type1_X_umap_hm_59ef00.json
annotation_digestive_tract_Nowicki-Osuch_Cancer_Discovery_2023_Detailed_Cell_Type_umap_MinDist_0.5_N_Neighbors_15_e72b7b.json,s3://lifebit-user-data-6941eed90a4dd7a1d1026d7a/deploit/teams/69d8dd1e5d3e1f8c350e006f/users/68af3d99c99eb7bd2ff47bc8/projects/69f80768ca774c668fbaaed8/jobs/6a22c67b0859d97fbe7b5f71/results/annotation_digestive_tract_Nowicki-Osuch_Cancer_Discovery_2023_Detailed_Cell_Type_umap_MinDist_0.5_N_Neighbors_15_e72b7b.json
annotation_digestive_tract_Oliver_Nature_2024_level_3_annot_X_umap_a60caa.json,s3://lifebit-user-data-6941eed90a4dd7a1d1026d7a/deploit/teams/69d8dd1e5d3e1f8c350e006f/users/68af3d99c99eb7bd2ff47bc8/projects/69f80768ca774c668fbaaed8/jobs/6a22c67b0859d97fbe7b5f71/results/annotation_digestive_tract_Oliver_Nature_2024_level_3_annot_X_umap_a60caa.json
annotation_digestive_tract_Smillie_Cell_2019_CellType_X_umap_hm_bbedd2.json,s3://lifebit-user-data-6941eed90a4dd7a1d1026d7a/deploit/teams/69d8dd1e5d3e1f8c350e006f/users/68af3d99c99eb7bd2ff47bc8/projects/69f80768ca774c668fbaaed8/jobs/6a22c67b0859d97fbe7b5f71/results/annotation_digestive_tract_Smillie_Cell_2019_CellType_X_umap_hm_bbedd2.json
annotation_digestive_tract_Xu_Cell_2023_Curated_annotation_X_umap_30933d.json,s3://lifebit-user-data-6941eed90a4dd7a1d1026d7a/deploit/teams/69d8dd1e5d3e1f8c350e006f/users/68af3d99c99eb7bd2ff47bc8/projects/69f80768ca774c668fbaaed8/jobs/6a22c67b0859d97fbe7b5f71/results/annotation_digestive_tract_Xu_Cell_2023_Curated_annotation_X_umap_30933d.json
annotation_digestive_tract_Zwick_Nat_Cell_Biol_2024_cell.type_X_umap_f5803a.json,s3://lifebit-user-data-6941eed90a4dd7a1d1026d7a/deploit/teams/69d8dd1e5d3e1f8c350e006f/users/68af3d99c99eb7bd2ff47bc8/projects/69f80768ca774c668fbaaed8/jobs/6a22c67b0859d97fbe7b5f71/results/annotation_digestive_tract_Zwick_Nat_Cell_Biol_2024_cell.type_X_umap_f5803a.json
binary_scores_ensg_digestive_tract_Burclaff_Cellular_and_Molecular_Gastroenterology_and_Hepatology_2022_lineage_X_umap_5247a6.csv,s3://lifebit-user-data-6941eed90a4dd7a1d1026d7a/deploit/teams/69d8dd1e5d3e1f8c350e006f/users/68af3d99c99eb7bd2ff47bc8/projects/69f80768ca774c668fbaaed8/jobs/6a22c67b0859d97fbe7b5f71/results/binary_scores_ensg_digestive_tract_Burclaff_Cellular_and_Molecular_Gastroenterology_and_Hepatology_2022_lineage_X_umap_5247a6.csv
binary_scores_ensg_digestive_tract_Burclaff_Cellular_and_Molecular_Gastroenterology_and_Hepatology_2022_lineage_X_umap_5247a6.pkl,s3://lifebit-user-data-6941eed90a4dd7a1d1026d7a/deploit/teams/69d8dd1e5d3e1f8c350e006f/users/68af3d99c99eb7bd2ff47bc8/projects/69f80768ca774c668fbaaed8/jobs/6a22c67b0859d97fbe7b5f71/results/binary_scores_ensg_digestive_tract_Burclaff_Cellular_and_Molecular_Gastroenterology_and_Hepatology_2022_lineage_X_umap_5247a6.pkl
binary_scores_ensg_digestive_tract_Elmentaite_Nature_2021_author_cell_type_X_umap_bf2a8d.csv,s3://lifebit-user-data-6941eed90a4dd7a1d1026d7a/deploit/teams/69d8dd1e5d3e1f8c350e006f/users/68af3d99c99eb7bd2ff47bc8/projects/69f80768ca774c668fbaaed8/jobs/6a22c67b0859d97fbe7b5f71/results/binary_scores_ensg_digestive_tract_Elmentaite_Nature_2021_author_cell_type_X_umap_bf2a8d.csv
binary_scores_ensg_digestive_tract_Elmentaite_Nature_2021_author_cell_type_X_umap_bf2a8d.pkl,s3://lifebit-user-data-6941eed90a4dd7a1d1026d7a/deploit/teams/69d8dd1e5d3e1f8c350e006f/users/68af3d99c99eb7bd2ff47bc8/projects/69f80768ca774c668fbaaed8/jobs/6a22c67b0859d97fbe7b5f71/results/binary_scores_ensg_digestive_tract_Elmentaite_Nature_2021_author_cell_type_X_umap_bf2a8d.pkl
binary_scores_ensg_digestive_tract_Eraslan_Science_2022_Broad_cell_type_X_umap_f44b0f.csv,s3://lifebit-user-data-6941eed90a4dd7a1d1026d7a/deploit/teams/69d8dd1e5d3e1f8c350e006f/users/68af3d99c99eb7bd2ff47bc8/projects/69f80768ca774c668fbaaed8/jobs/6a22c67b0859d97fbe7b5f71/results/binary_scores_ensg_digestive_tract_Eraslan_Science_2022_Broad_cell_type_X_umap_f44b0f.csv
binary_scores_ensg_digestive_tract_Eraslan_Science_2022_Broad_cell_type_X_umap_f44b0f.pkl,s3://lifebit-user-data-6941eed90a4dd7a1d1026d7a/deploit/teams/69d8dd1e5d3e1f8c350e006f/users/68af3d99c99eb7bd2ff47bc8/projects/69f80768ca774c668fbaaed8/jobs/6a22c67b0859d97fbe7b5f71/results/binary_scores_ensg_digestive_tract_Eraslan_Science_2022_Broad_cell_type_X_umap_f44b0f.pkl
binary_scores_ensg_digestive_tract_Garrido-Trigo_Nat_Commun_2023_cell_type_X_umap_7e7800.csv,s3://lifebit-user-data-6941eed90a4dd7a1d1026d7a/deploit/teams/69d8dd1e5d3e1f8c350e006f/users/68af3d99c99eb7bd2ff47bc8/projects/69f80768ca774c668fbaaed8/jobs/6a22c67b0859d97fbe7b5f71/results/binary_scores_ensg_digestive_tract_Garrido-Trigo_Nat_Commun_2023_cell_type_X_umap_7e7800.csv
binary_scores_ensg_digestive_tract_Garrido-Trigo_Nat_Commun_2023_cell_type_X_umap_7e7800.pkl,s3://lifebit-user-data-6941eed90a4dd7a1d1026d7a/deploit/teams/69d8dd1e5d3e1f8c350e006f/users/68af3d99c99eb7bd2ff47bc8/projects/69f80768ca774c668fbaaed8/jobs/6a22c67b0859d97fbe7b5f71/results/binary_scores_ensg_digestive_tract_Garrido-Trigo_Nat_Commun_2023_cell_type_X_umap_7e7800.pkl
binary_scores_ensg_digestive_tract_Han_Nature_2020_author_cell_type_X_umap_5c7ea7.csv,s3://lifebit-user-data-6941eed90a4dd7a1d1026d7a/deploit/teams/69d8dd1e5d3e1f8c350e006f/users/68af3d99c99eb7bd2ff47bc8/projects/69f80768ca774c668fbaaed8/jobs/6a22c67b0859d97fbe7b5f71/results/binary_scores_ensg_digestive_tract_Han_Nature_2020_author_cell_type_X_umap_5c7ea7.csv
binary_scores_ensg_digestive_tract_Han_Nature_2020_author_cell_type_X_umap_5c7ea7.pkl,s3://lifebit-user-data-6941eed90a4dd7a1d1026d7a/deploit/teams/69d8dd1e5d3e1f8c350e006f/users/68af3d99c99eb7bd2ff47bc8/projects/69f80768ca774c668fbaaed8/jobs/6a22c67b0859d97fbe7b5f71/results/binary_scores_ensg_digestive_tract_Han_Nature_2020_author_cell_type_X_umap_5c7ea7.pkl
binary_scores_ensg_digestive_tract_Horeth_J_Dent_Res_2023_author_cell_type_X_umap_ae6cbe.csv,s3://lifebit-user-data-6941eed90a4dd7a1d1026d7a/deploit/teams/69d8dd1e5d3e1f8c350e006f/users/68af3d99c99eb7bd2ff47bc8/projects/69f80768ca774c668fbaaed8/jobs/6a22c67b0859d97fbe7b5f71/results/binary_scores_ensg_digestive_tract_Horeth_J_Dent_Res_2023_author_cell_type_X_umap_ae6cbe.csv
binary_scores_ensg_digestive_tract_Horeth_J_Dent_Res_2023_author_cell_type_X_umap_ae6cbe.pkl,s3://lifebit-user-data-6941eed90a4dd7a1d1026d7a/deploit/teams/69d8dd1e5d3e1f8c350e006f/users/68af3d99c99eb7bd2ff47bc8/projects/69f80768ca774c668fbaaed8/jobs/6a22c67b0859d97fbe7b5f71/results/binary_scores_ensg_digestive_tract_Horeth_J_Dent_Res_2023_author_cell_type_X_umap_ae6cbe.pkl
binary_scores_ensg_digestive_tract_Madissoon_Genome_Biol_2020_author_cell_type_X_umap_f35993.csv,s3://lifebit-user-data-6941eed90a4dd7a1d1026d7a/deploit/teams/69d8dd1e5d3e1f8c350e006f/users/68af3d99c99eb7bd2ff47bc8/projects/69f80768ca774c668fbaaed8/jobs/6a22c67b0859d97fbe7b5f71/results/binary_scores_ensg_digestive_tract_Madissoon_Genome_Biol_2020_author_cell_type_X_umap_f35993.csv
binary_scores_ensg_digestive_tract_Madissoon_Genome_Biol_2020_author_cell_type_X_umap_f35993.pkl,s3://lifebit-user-data-6941eed90a4dd7a1d1026d7a/deploit/teams/69d8dd1e5d3e1f8c350e006f/users/68af3d99c99eb7bd2ff47bc8/projects/69f80768ca774c668fbaaed8/jobs/6a22c67b0859d97fbe7b5f71/results/binary_scores_ensg_digestive_tract_Madissoon_Genome_Biol_2020_author_cell_type_X_umap_f35993.pkl
binary_scores_ensg_digestive_tract_Martin_Cell_2019_author_cell_type1_X_umap_hm_59ef00.csv,s3://lifebit-user-data-6941eed90a4dd7a1d1026d7a/deploit/teams/69d8dd1e5d3e1f8c350e006f/users/68af3d99c99eb7bd2ff47bc8/projects/69f80768ca774c668fbaaed8/jobs/6a22c67b0859d97fbe7b5f71/results/binary_scores_ensg_digestive_tract_Martin_Cell_2019_author_cell_type1_X_umap_hm_59ef00.csv
binary_scores_ensg_digestive_tract_Martin_Cell_2019_author_cell_type1_X_umap_hm_59ef00.pkl,s3://lifebit-user-data-6941eed90a4dd7a1d1026d7a/deploit/teams/69d8dd1e5d3e1f8c350e006f/users/68af3d99c99eb7bd2ff47bc8/projects/69f80768ca774c668fbaaed8/jobs/6a22c67b0859d97fbe7b5f71/results/binary_scores_ensg_digestive_tract_Martin_Cell_2019_author_cell_type1_X_umap_hm_59ef00.pkl
binary_scores_ensg_digestive_tract_Nowicki-Osuch_Cancer_Discovery_2023_Detailed_Cell_Type_umap_MinDist_0.5_N_Neighbors_15_e72b7b.csv,s3://lifebit-user-data-6941eed90a4dd7a1d1026d7a/deploit/teams/69d8dd1e5d3e1f8c350e006f/users/68af3d99c99eb7bd2ff47bc8/projects/69f80768ca774c668fbaaed8/jobs/6a22c67b0859d97fbe7b5f71/results/binary_scores_ensg_digestive_tract_Nowicki-Osuch_Cancer_Discovery_2023_Detailed_Cell_Type_umap_MinDist_0.5_N_Neighbors_15_e72b7b.csv
binary_scores_ensg_digestive_tract_Nowicki-Osuch_Cancer_Discovery_2023_Detailed_Cell_Type_umap_MinDist_0.5_N_Neighbors_15_e72b7b.pkl,s3://lifebit-user-data-6941eed90a4dd7a1d1026d7a/deploit/teams/69d8dd1e5d3e1f8c350e006f/users/68af3d99c99eb7bd2ff47bc8/projects/69f80768ca774c668fbaaed8/jobs/6a22c67b0859d97fbe7b5f71/results/binary_scores_ensg_digestive_tract_Nowicki-Osuch_Cancer_Discovery_2023_Detailed_Cell_Type_umap_MinDist_0.5_N_Neighbors_15_e72b7b.pkl
binary_scores_ensg_digestive_tract_Oliver_Nature_2024_level_3_annot_X_umap_a60caa.csv,s3://lifebit-user-data-6941eed90a4dd7a1d1026d7a/deploit/teams/69d8dd1e5d3e1f8c350e006f/users/68af3d99c99eb7bd2ff47bc8/projects/69f80768ca774c668fbaaed8/jobs/6a22c67b0859d97fbe7b5f71/results/binary_scores_ensg_digestive_tract_Oliver_Nature_2024_level_3_annot_X_umap_a60caa.csv
binary_scores_ensg_digestive_tract_Oliver_Nature_2024_level_3_annot_X_umap_a60caa.pkl,s3://lifebit-user-data-6941eed90a4dd7a1d1026d7a/deploit/teams/69d8dd1e5d3e1f8c350e006f/users/68af3d99c99eb7bd2ff47bc8/projects/69f80768ca774c668fbaaed8/jobs/6a22c67b0859d97fbe7b5f71/results/binary_scores_ensg_digestive_tract_Oliver_Nature_2024_level_3_annot_X_umap_a60caa.pkl
binary_scores_ensg_digestive_tract_Smillie_Cell_2019_CellType_X_umap_hm_bbedd2.csv,s3://lifebit-user-data-6941eed90a4dd7a1d1026d7a/deploit/teams/69d8dd1e5d3e1f8c350e006f/users/68af3d99c99eb7bd2ff47bc8/projects/69f80768ca774c668fbaaed8/jobs/6a22c67b0859d97fbe7b5f71/results/binary_scores_ensg_digestive_tract_Smillie_Cell_2019_CellType_X_umap_hm_bbedd2.csv
binary_scores_ensg_digestive_tract_Smillie_Cell_2019_CellType_X_umap_hm_bbedd2.pkl,s3://lifebit-user-data-6941eed90a4dd7a1d1026d7a/deploit/teams/69d8dd1e5d3e1f8c350e006f/users/68af3d99c99eb7bd2ff47bc8/projects/69f80768ca774c668fbaaed8/jobs/6a22c67b0859d97fbe7b5f71/results/binary_scores_ensg_digestive_tract_Smillie_Cell_2019_CellType_X_umap_hm_bbedd2.pkl
binary_scores_ensg_digestive_tract_Xu_Cell_2023_Curated_annotation_X_umap_30933d.csv,s3://lifebit-user-data-6941eed90a4dd7a1d1026d7a/deploit/teams/69d8dd1e5d3e1f8c350e006f/users/68af3d99c99eb7bd2ff47bc8/projects/69f80768ca774c668fbaaed8/jobs/6a22c67b0859d97fbe7b5f71/results/binary_scores_ensg_digestive_tract_Xu_Cell_2023_Curated_annotation_X_umap_30933d.csv
binary_scores_ensg_digestive_tract_Xu_Cell_2023_Curated_annotation_X_umap_30933d.pkl,s3://lifebit-user-data-6941eed90a4dd7a1d1026d7a/deploit/teams/69d8dd1e5d3e1f8c350e006f/users/68af3d99c99eb7bd2ff47bc8/projects/69f80768ca774c668fbaaed8/jobs/6a22c67b0859d97fbe7b5f71/results/binary_scores_ensg_digestive_tract_Xu_Cell_2023_Curated_annotation_X_umap_30933d.pkl
binary_scores_ensg_digestive_tract_Zwick_Nat_Cell_Biol_2024_cell.type_X_umap_f5803a.csv,s3://lifebit-user-data-6941eed90a4dd7a1d1026d7a/deploit/teams/69d8dd1e5d3e1f8c350e006f/users/68af3d99c99eb7bd2ff47bc8/projects/69f80768ca774c668fbaaed8/jobs/6a22c67b0859d97fbe7b5f71/results/binary_scores_ensg_digestive_tract_Zwick_Nat_Cell_Biol_2024_cell.type_X_umap_f5803a.csv
binary_scores_ensg_digestive_tract_Zwick_Nat_Cell_Biol_2024_cell.type_X_umap_f5803a.pkl,s3://lifebit-user-data-6941eed90a4dd7a1d1026d7a/deploit/teams/69d8dd1e5d3e1f8c350e006f/users/68af3d99c99eb7bd2ff47bc8/projects/69f80768ca774c668fbaaed8/jobs/6a22c67b0859d97fbe7b5f71/results/binary_scores_ensg_digestive_tract_Zwick_Nat_Cell_Biol_2024_cell.type_X_umap_f5803a.pkl
binary_scores_symbols_digestive_tract_Burclaff_Cellular_and_Molecular_Gastroenterology_and_Hepatology_2022_lineage_X_umap_5247a6.csv,s3://lifebit-user-data-6941eed90a4dd7a1d1026d7a/deploit/teams/69d8dd1e5d3e1f8c350e006f/users/68af3d99c99eb7bd2ff47bc8/projects/69f80768ca774c668fbaaed8/jobs/6a22c67b0859d97fbe7b5f71/results/binary_scores_symbols_digestive_tract_Burclaff_Cellular_and_Molecular_Gastroenterology_and_Hepatology_2022_lineage_X_umap_5247a6.csv
binary_scores_symbols_digestive_tract_Burclaff_Cellular_and_Molecular_Gastroenterology_and_Hepatology_2022_lineage_X_umap_5247a6.pkl,s3://lifebit-user-data-6941eed90a4dd7a1d1026d7a/deploit/teams/69d8dd1e5d3e1f8c350e006f/users/68af3d99c99eb7bd2ff47bc8/projects/69f80768ca774c668fbaaed8/jobs/6a22c67b0859d97fbe7b5f71/results/binary_scores_symbols_digestive_tract_Burclaff_Cellular_and_Molecular_Gastroenterology_and_Hepatology_2022_lineage_X_umap_5247a6.pkl
binary_scores_symbols_digestive_tract_Elmentaite_Nature_2021_author_cell_type_X_umap_bf2a8d.csv,s3://lifebit-user-data-6941eed90a4dd7a1d1026d7a/deploit/teams/69d8dd1e5d3e1f8c350e006f/users/68af3d99c99eb7bd2ff47bc8/projects/69f80768ca774c668fbaaed8/jobs/6a22c67b0859d97fbe7b5f71/results/binary_scores_symbols_digestive_tract_Elmentaite_Nature_2021_author_cell_type_X_umap_bf2a8d.csv
binary_scores_symbols_digestive_tract_Elmentaite_Nature_2021_author_cell_type_X_umap_bf2a8d.pkl,s3://lifebit-user-data-6941eed90a4dd7a1d1026d7a/deploit/teams/69d8dd1e5d3e1f8c350e006f/users/68af3d99c99eb7bd2ff47bc8/projects/69f80768ca774c668fbaaed8/jobs/6a22c67b0859d97fbe7b5f71/results/binary_scores_symbols_digestive_tract_Elmentaite_Nature_2021_author_cell_type_X_umap_bf2a8d.pkl
binary_scores_symbols_digestive_tract_Eraslan_Science_2022_Broad_cell_type_X_umap_f44b0f.csv,s3://lifebit-user-data-6941eed90a4dd7a1d1026d7a/deploit/teams/69d8dd1e5d3e1f8c350e006f/users/68af3d99c99eb7bd2ff47bc8/projects/69f80768ca774c668fbaaed8/jobs/6a22c67b0859d97fbe7b5f71/results/binary_scores_symbols_digestive_tract_Eraslan_Science_2022_Broad_cell_type_X_umap_f44b0f.csv
binary_scores_symbols_digestive_tract_Eraslan_Science_2022_Broad_cell_type_X_umap_f44b0f.pkl,s3://lifebit-user-data-6941eed90a4dd7a1d1026d7a/deploit/teams/69d8dd1e5d3e1f8c350e006f/users/68af3d99c99eb7bd2ff47bc8/projects/69f80768ca774c668fbaaed8/jobs/6a22c67b0859d97fbe7b5f71/results/binary_scores_symbols_digestive_tract_Eraslan_Science_2022_Broad_cell_type_X_umap_f44b0f.pkl
binary_scores_symbols_digestive_tract_Garrido-Trigo_Nat_Commun_2023_cell_type_X_umap_7e7800.csv,s3://lifebit-user-data-6941eed90a4dd7a1d1026d7a/deploit/teams/69d8dd1e5d3e1f8c350e006f/users/68af3d99c99eb7bd2ff47bc8/projects/69f80768ca774c668fbaaed8/jobs/6a22c67b0859d97fbe7b5f71/results/binary_scores_symbols_digestive_tract_Garrido-Trigo_Nat_Commun_2023_cell_type_X_umap_7e7800.csv
binary_scores_symbols_digestive_tract_Garrido-Trigo_Nat_Commun_2023_cell_type_X_umap_7e7800.pkl,s3://lifebit-user-data-6941eed90a4dd7a1d1026d7a/deploit/teams/69d8dd1e5d3e1f8c350e006f/users/68af3d99c99eb7bd2ff47bc8/projects/69f80768ca774c668fbaaed8/jobs/6a22c67b0859d97fbe7b5f71/results/binary_scores_symbols_digestive_tract_Garrido-Trigo_Nat_Commun_2023_cell_type_X_umap_7e7800.pkl
binary_scores_symbols_digestive_tract_Han_Nature_2020_author_cell_type_X_umap_5c7ea7.csv,s3://lifebit-user-data-6941eed90a4dd7a1d1026d7a/deploit/teams/69d8dd1e5d3e1f8c350e006f/users/68af3d99c99eb7bd2ff47bc8/projects/69f80768ca774c668fbaaed8/jobs/6a22c67b0859d97fbe7b5f71/results/binary_scores_symbols_digestive_tract_Han_Nature_2020_author_cell_type_X_umap_5c7ea7.csv
binary_scores_symbols_digestive_tract_Han_Nature_2020_author_cell_type_X_umap_5c7ea7.pkl,s3://lifebit-user-data-6941eed90a4dd7a1d1026d7a/deploit/teams/69d8dd1e5d3e1f8c350e006f/users/68af3d99c99eb7bd2ff47bc8/projects/69f80768ca774c668fbaaed8/jobs/6a22c67b0859d97fbe7b5f71/results/binary_scores_symbols_digestive_tract_Han_Nature_2020_author_cell_type_X_umap_5c7ea7.pkl
binary_scores_symbols_digestive_tract_Horeth_J_Dent_Res_2023_author_cell_type_X_umap_ae6cbe.csv,s3://lifebit-user-data-6941eed90a4dd7a1d1026d7a/deploit/teams/69d8dd1e5d3e1f8c350e006f/users/68af3d99c99eb7bd2ff47bc8/projects/69f80768ca774c668fbaaed8/jobs/6a22c67b0859d97fbe7b5f71/results/binary_scores_symbols_digestive_tract_Horeth_J_Dent_Res_2023_author_cell_type_X_umap_ae6cbe.csv
binary_scores_symbols_digestive_tract_Horeth_J_Dent_Res_2023_author_cell_type_X_umap_ae6cbe.pkl,s3://lifebit-user-data-6941eed90a4dd7a1d1026d7a/deploit/teams/69d8dd1e5d3e1f8c350e006f/users/68af3d99c99eb7bd2ff47bc8/projects/69f80768ca774c668fbaaed8/jobs/6a22c67b0859d97fbe7b5f71/results/binary_scores_symbols_digestive_tract_Horeth_J_Dent_Res_2023_author_cell_type_X_umap_ae6cbe.pkl
binary_scores_symbols_digestive_tract_Madissoon_Genome_Biol_2020_author_cell_type_X_umap_f35993.csv,s3://lifebit-user-data-6941eed90a4dd7a1d1026d7a/deploit/teams/69d8dd1e5d3e1f8c350e006f/users/68af3d99c99eb7bd2ff47bc8/projects/69f80768ca774c668fbaaed8/jobs/6a22c67b0859d97fbe7b5f71/results/binary_scores_symbols_digestive_tract_Madissoon_Genome_Biol_2020_author_cell_type_X_umap_f35993.csv
binary_scores_symbols_digestive_tract_Madissoon_Genome_Biol_2020_author_cell_type_X_umap_f35993.pkl,s3://lifebit-user-data-6941eed90a4dd7a1d1026d7a/deploit/teams/69d8dd1e5d3e1f8c350e006f/users/68af3d99c99eb7bd2ff47bc8/projects/69f80768ca774c668fbaaed8/jobs/6a22c67b0859d97fbe7b5f71/results/binary_scores_symbols_digestive_tract_Madissoon_Genome_Biol_2020_author_cell_type_X_umap_f35993.pkl
binary_scores_symbols_digestive_tract_Martin_Cell_2019_author_cell_type1_X_umap_hm_59ef00.csv,s3://lifebit-user-data-6941eed90a4dd7a1d1026d7a/deploit/teams/69d8dd1e5d3e1f8c350e006f/users/68af3d99c99eb7bd2ff47bc8/projects/69f80768ca774c668fbaaed8/jobs/6a22c67b0859d97fbe7b5f71/results/binary_scores_symbols_digestive_tract_Martin_Cell_2019_author_cell_type1_X_umap_hm_59ef00.csv
binary_scores_symbols_digestive_tract_Martin_Cell_2019_author_cell_type1_X_umap_hm_59ef00.pkl,s3://lifebit-user-data-6941eed90a4dd7a1d1026d7a/deploit/teams/69d8dd1e5d3e1f8c350e006f/users/68af3d99c99eb7bd2ff47bc8/projects/69f80768ca774c668fbaaed8/jobs/6a22c67b0859d97fbe7b5f71/results/binary_scores_symbols_digestive_tract_Martin_Cell_2019_author_cell_type1_X_umap_hm_59ef00.pkl
binary_scores_symbols_digestive_tract_Nowicki-Osuch_Cancer_Discovery_2023_Detailed_Cell_Type_umap_MinDist_0.5_N_Neighbors_15_e72b7b.csv,s3://lifebit-user-data-6941eed90a4dd7a1d1026d7a/deploit/teams/69d8dd1e5d3e1f8c350e006f/users/68af3d99c99eb7bd2ff47bc8/projects/69f80768ca774c668fbaaed8/jobs/6a22c67b0859d97fbe7b5f71/results/binary_scores_symbols_digestive_tract_Nowicki-Osuch_Cancer_Discovery_2023_Detailed_Cell_Type_umap_MinDist_0.5_N_Neighbors_15_e72b7b.csv
binary_scores_symbols_digestive_tract_Nowicki-Osuch_Cancer_Discovery_2023_Detailed_Cell_Type_umap_MinDist_0.5_N_Neighbors_15_e72b7b.pkl,s3://lifebit-user-data-6941eed90a4dd7a1d1026d7a/deploit/teams/69d8dd1e5d3e1f8c350e006f/users/68af3d99c99eb7bd2ff47bc8/projects/69f80768ca774c668fbaaed8/jobs/6a22c67b0859d97fbe7b5f71/results/binary_scores_symbols_digestive_tract_Nowicki-Osuch_Cancer_Discovery_2023_Detailed_Cell_Type_umap_MinDist_0.5_N_Neighbors_15_e72b7b.pkl
binary_scores_symbols_digestive_tract_Oliver_Nature_2024_level_3_annot_X_umap_a60caa.csv,s3://lifebit-user-data-6941eed90a4dd7a1d1026d7a/deploit/teams/69d8dd1e5d3e1f8c350e006f/users/68af3d99c99eb7bd2ff47bc8/projects/69f80768ca774c668fbaaed8/jobs/6a22c67b0859d97fbe7b5f71/results/binary_scores_symbols_digestive_tract_Oliver_Nature_2024_level_3_annot_X_umap_a60caa.csv
binary_scores_symbols_digestive_tract_Oliver_Nature_2024_level_3_annot_X_umap_a60caa.pkl,s3://lifebit-user-data-6941eed90a4dd7a1d1026d7a/deploit/teams/69d8dd1e5d3e1f8c350e006f/users/68af3d99c99eb7bd2ff47bc8/projects/69f80768ca774c668fbaaed8/jobs/6a22c67b0859d97fbe7b5f71/results/binary_scores_symbols_digestive_tract_Oliver_Nature_2024_level_3_annot_X_umap_a60caa.pkl
binary_scores_symbols_digestive_tract_Smillie_Cell_2019_CellType_X_umap_hm_bbedd2.csv,s3://lifebit-user-data-6941eed90a4dd7a1d1026d7a/deploit/teams/69d8dd1e5d3e1f8c350e006f/users/68af3d99c99eb7bd2ff47bc8/projects/69f80768ca774c668fbaaed8/jobs/6a22c67b0859d97fbe7b5f71/results/binary_scores_symbols_digestive_tract_Smillie_Cell_2019_CellType_X_umap_hm_bbedd2.csv
binary_scores_symbols_digestive_tract_Smillie_Cell_2019_CellType_X_umap_hm_bbedd2.pkl,s3://lifebit-user-data-6941eed90a4dd7a1d1026d7a/deploit/teams/69d8dd1e5d3e1f8c350e006f/users/68af3d99c99eb7bd2ff47bc8/projects/69f80768ca774c668fbaaed8/jobs/6a22c67b0859d97fbe7b5f71/results/binary_scores_symbols_digestive_tract_Smillie_Cell_2019_CellType_X_umap_hm_bbedd2.pkl
binary_scores_symbols_digestive_tract_Xu_Cell_2023_Curated_annotation_X_umap_30933d.csv,s3://lifebit-user-data-6941eed90a4dd7a1d1026d7a/deploit/teams/69d8dd1e5d3e1f8c350e006f/users/68af3d99c99eb7bd2ff47bc8/projects/69f80768ca774c668fbaaed8/jobs/6a22c67b0859d97fbe7b5f71/results/binary_scores_symbols_digestive_tract_Xu_Cell_2023_Curated_annotation_X_umap_30933d.csv
binary_scores_symbols_digestive_tract_Xu_Cell_2023_Curated_annotation_X_umap_30933d.pkl,s3://lifebit-user-data-6941eed90a4dd7a1d1026d7a/deploit/teams/69d8dd1e5d3e1f8c350e006f/users/68af3d99c99eb7bd2ff47bc8/projects/69f80768ca774c668fbaaed8/jobs/6a22c67b0859d97fbe7b5f71/results/binary_scores_symbols_digestive_tract_Xu_Cell_2023_Curated_annotation_X_umap_30933d.pkl
binary_scores_symbols_digestive_tract_Zwick_Nat_Cell_Biol_2024_cell.type_X_umap_f5803a.csv,s3://lifebit-user-data-6941eed90a4dd7a1d1026d7a/deploit/teams/69d8dd1e5d3e1f8c350e006f/users/68af3d99c99eb7bd2ff47bc8/projects/69f80768ca774c668fbaaed8/jobs/6a22c67b0859d97fbe7b5f71/results/binary_scores_symbols_digestive_tract_Zwick_Nat_Cell_Biol_2024_cell.type_X_umap_f5803a.csv
binary_scores_symbols_digestive_tract_Zwick_Nat_Cell_Biol_2024_cell.type_X_umap_f5803a.pkl,s3://lifebit-user-data-6941eed90a4dd7a1d1026d7a/deploit/teams/69d8dd1e5d3e1f8c350e006f/users/68af3d99c99eb7bd2ff47bc8/projects/69f80768ca774c668fbaaed8/jobs/6a22c67b0859d97fbe7b5f71/results/binary_scores_symbols_digestive_tract_Zwick_Nat_Cell_Biol_2024_cell.type_X_umap_f5803a.pkl
boxplot_digestive_tract_Burclaff_Cellular_and_Molecular_Gastroenterology_and_Hepatology_2022_lineage_X_umap_5247a6_f_score.html,s3://lifebit-user-data-6941eed90a4dd7a1d1026d7a/deploit/teams/69d8dd1e5d3e1f8c350e006f/users/68af3d99c99eb7bd2ff47bc8/projects/69f80768ca774c668fbaaed8/jobs/6a22c67b0859d97fbe7b5f71/results/boxplot_digestive_tract_Burclaff_Cellular_and_Molecular_Gastroenterology_and_Hepatology_2022_lineage_X_umap_5247a6_f_score.html
boxplot_digestive_tract_Burclaff_Cellular_and_Molecular_Gastroenterology_and_Hepatology_2022_lineage_X_umap_5247a6_f_score.svg,s3://lifebit-user-data-6941eed90a4dd7a1d1026d7a/deploit/teams/69d8dd1e5d3e1f8c350e006f/users/68af3d99c99eb7bd2ff47bc8/projects/69f80768ca774c668fbaaed8/jobs/6a22c67b0859d97fbe7b5f71/results/boxplot_digestive_tract_Burclaff_Cellular_and_Molecular_Gastroenterology_and_Hepatology_2022_lineage_X_umap_5247a6_f_score.svg
boxplot_digestive_tract_Burclaff_Cellular_and_Molecular_Gastroenterology_and_Hepatology_2022_lineage_X_umap_5247a6_onTarget.html,s3://lifebit-user-data-6941eed90a4dd7a1d1026d7a/deploit/teams/69d8dd1e5d3e1f8c350e006f/users/68af3d99c99eb7bd2ff47bc8/projects/69f80768ca774c668fbaaed8/jobs/6a22c67b0859d97fbe7b5f71/results/boxplot_digestive_tract_Burclaff_Cellular_and_Molecular_Gastroenterology_and_Hepatology_2022_lineage_X_umap_5247a6_onTarget.html
boxplot_digestive_tract_Burclaff_Cellular_and_Molecular_Gastroenterology_and_Hepatology_2022_lineage_X_umap_5247a6_onTarget.svg,s3://lifebit-user-data-6941eed90a4dd7a1d1026d7a/deploit/teams/69d8dd1e5d3e1f8c350e006f/users/68af3d99c99eb7bd2ff47bc8/projects/69f80768ca774c668fbaaed8/jobs/6a22c67b0859d97fbe7b5f71/results/boxplot_digestive_tract_Burclaff_Cellular_and_Molecular_Gastroenterology_and_Hepatology_2022_lineage_X_umap_5247a6_onTarget.svg
boxplot_digestive_tract_Burclaff_Cellular_and_Molecular_Gastroenterology_and_Hepatology_2022_lineage_X_umap_5247a6_precision.html,s3://lifebit-user-data-6941eed90a4dd7a1d1026d7a/deploit/teams/69d8dd1e5d3e1f8c350e006f/users/68af3d99c99eb7bd2ff47bc8/projects/69f80768ca774c668fbaaed8/jobs/6a22c67b0859d97fbe7b5f71/results/boxplot_digestive_tract_Burclaff_Cellular_and_Molecular_Gastroenterology_and_Hepatology_2022_lineage_X_umap_5247a6_precision.html
boxplot_digestive_tract_Burclaff_Cellular_and_Molecular_Gastroenterology_and_Hepatology_2022_lineage_X_umap_5247a6_precision.svg,s3://lifebit-user-data-6941eed90a4dd7a1d1026d7a/deploit/teams/69d8dd1e5d3e1f8c350e006f/users/68af3d99c99eb7bd2ff47bc8/projects/69f80768ca774c668fbaaed8/jobs/6a22c67b0859d97fbe7b5f71/results/boxplot_digestive_tract_Burclaff_Cellular_and_Molecular_Gastroenterology_and_Hepatology_2022_lineage_X_umap_5247a6_precision.svg
boxplot_digestive_tract_Burclaff_Cellular_and_Molecular_Gastroenterology_and_Hepatology_2022_lineage_X_umap_5247a6_recall.html,s3://lifebit-user-data-6941eed90a4dd7a1d1026d7a/deploit/teams/69d8dd1e5d3e1f8c350e006f/users/68af3d99c99eb7bd2ff47bc8/projects/69f80768ca774c668fbaaed8/jobs/6a22c67b0859d97fbe7b5f71/results/boxplot_digestive_tract_Burclaff_Cellular_and_Molecular_Gastroenterology_and_Hepatology_2022_lineage_X_umap_5247a6_recall.html
boxplot_digestive_tract_Burclaff_Cellular_and_Molecular_Gastroenterology_and_Hepatology_2022_lineage_X_umap_5247a6_recall.svg,s3://lifebit-user-data-6941eed90a4dd7a1d1026d7a/deploit/teams/69d8dd1e5d3e1f8c350e006f/users/68af3d99c99eb7bd2ff47bc8/projects/69f80768ca774c668fbaaed8/jobs/6a22c67b0859d97fbe7b5f71/results/boxplot_digestive_tract_Burclaff_Cellular_and_Molecular_Gastroenterology_and_Hepatology_2022_lineage_X_umap_5247a6_recall.svg
boxplot_digestive_tract_Elmentaite_Nature_2021_author_cell_type_X_umap_bf2a8d_f_score.html,s3://lifebit-user-data-6941eed90a4dd7a1d1026d7a/deploit/teams/69d8dd1e5d3e1f8c350e006f/users/68af3d99c99eb7bd2ff47bc8/projects/69f80768ca774c668fbaaed8/jobs/6a22c67b0859d97fbe7b5f71/results/boxplot_digestive_tract_Elmentaite_Nature_2021_author_cell_type_X_umap_bf2a8d_f_score.html
boxplot_digestive_tract_Elmentaite_Nature_2021_author_cell_type_X_umap_bf2a8d_f_score.svg,s3://lifebit-user-data-6941eed90a4dd7a1d1026d7a/deploit/teams/69d8dd1e5d3e1f8c350e006f/users/68af3d99c99eb7bd2ff47bc8/projects/69f80768ca774c668fbaaed8/jobs/6a22c67b0859d97fbe7b5f71/results/boxplot_digestive_tract_Elmentaite_Nature_2021_author_cell_type_X_umap_bf2a8d_f_score.svg
boxplot_digestive_tract_Elmentaite_Nature_2021_author_cell_type_X_umap_bf2a8d_onTarget.html,s3://lifebit-user-data-6941eed90a4dd7a1d1026d7a/deploit/teams/69d8dd1e5d3e1f8c350e006f/users/68af3d99c99eb7bd2ff47bc8/projects/69f80768ca774c668fbaaed8/jobs/6a22c67b0859d97fbe7b5f71/results/boxplot_digestive_tract_Elmentaite_Nature_2021_author_cell_type_X_umap_bf2a8d_onTarget.html
boxplot_digestive_tract_Elmentaite_Nature_2021_author_cell_type_X_umap_bf2a8d_onTarget.svg,s3://lifebit-user-data-6941eed90a4dd7a1d1026d7a/deploit/teams/69d8dd1e5d3e1f8c350e006f/users/68af3d99c99eb7bd2ff47bc8/projects/69f80768ca774c668fbaaed8/jobs/6a22c67b0859d97fbe7b5f71/results/boxplot_digestive_tract_Elmentaite_Nature_2021_author_cell_type_X_umap_bf2a8d_onTarget.svg
boxplot_digestive_tract_Elmentaite_Nature_2021_author_cell_type_X_umap_bf2a8d_precision.html,s3://lifebit-user-data-6941eed90a4dd7a1d1026d7a/deploit/teams/69d8dd1e5d3e1f8c350e006f/users/68af3d99c99eb7bd2ff47bc8/projects/69f80768ca774c668fbaaed8/jobs/6a22c67b0859d97fbe7b5f71/results/boxplot_digestive_tract_Elmentaite_Nature_2021_author_cell_type_X_umap_bf2a8d_precision.html
boxplot_digestive_tract_Elmentaite_Nature_2021_author_cell_type_X_umap_bf2a8d_precision.svg,s3://lifebit-user-data-6941eed90a4dd7a1d1026d7a/deploit/teams/69d8dd1e5d3e1f8c350e006f/users/68af3d99c99eb7bd2ff47bc8/projects/69f80768ca774c668fbaaed8/jobs/6a22c67b0859d97fbe7b5f71/results/boxplot_digestive_tract_Elmentaite_Nature_2021_author_cell_type_X_umap_bf2a8d_precision.svg
boxplot_digestive_tract_Elmentaite_Nature_2021_author_cell_type_X_umap_bf2a8d_recall.html,s3://lifebit-user-data-6941eed90a4dd7a1d1026d7a/deploit/teams/69d8dd1e5d3e1f8c350e006f/users/68af3d99c99eb7bd2ff47bc8/projects/69f80768ca774c668fbaaed8/jobs/6a22c67b0859d97fbe7b5f71/results/boxplot_digestive_tract_Elmentaite_Nature_2021_author_cell_type_X_umap_bf2a8d_recall.html
boxplot_digestive_tract_Elmentaite_Nature_2021_author_cell_type_X_umap_bf2a8d_recall.svg,s3://lifebit-user-data-6941eed90a4dd7a1d1026d7a/deploit/teams/69d8dd1e5d3e1f8c350e006f/users/68af3d99c99eb7bd2ff47bc8/projects/69f80768ca774c668fbaaed8/jobs/6a22c67b0859d97fbe7b5f71/results/boxplot_digestive_tract_Elmentaite_Nature_2021_author_cell_type_X_umap_bf2a8d_recall.svg
boxplot_digestive_tract_Eraslan_Science_2022_Broad_cell_type_X_umap_f44b0f_f_score.html,s3://lifebit-user-data-6941eed90a4dd7a1d1026d7a/deploit/teams/69d8dd1e5d3e1f8c350e006f/users/68af3d99c99eb7bd2ff47bc8/projects/69f80768ca774c668fbaaed8/jobs/6a22c67b0859d97fbe7b5f71/results/boxplot_digestive_tract_Eraslan_Science_2022_Broad_cell_type_X_umap_f44b0f_f_score.html
boxplot_digestive_tract_Eraslan_Science_2022_Broad_cell_type_X_umap_f44b0f_f_score.svg,s3://lifebit-user-data-6941eed90a4dd7a1d1026d7a/deploit/teams/69d8dd1e5d3e1f8c350e006f/users/68af3d99c99eb7bd2ff47bc8/projects/69f80768ca774c668fbaaed8/jobs/6a22c67b0859d97fbe7b5f71/results/boxplot_digestive_tract_Eraslan_Science_2022_Broad_cell_type_X_umap_f44b0f_f_score.svg
boxplot_digestive_tract_Eraslan_Science_2022_Broad_cell_type_X_umap_f44b0f_onTarget.html,s3://lifebit-user-data-6941eed90a4dd7a1d1026d7a/deploit/teams/69d8dd1e5d3e1f8c350e006f/users/68af3d99c99eb7bd2ff47bc8/projects/69f80768ca774c668fbaaed8/jobs/6a22c67b0859d97fbe7b5f71/results/boxplot_digestive_tract_Eraslan_Science_2022_Broad_cell_type_X_umap_f44b0f_onTarget.html
boxplot_digestive_tract_Eraslan_Science_2022_Broad_cell_type_X_umap_f44b0f_onTarget.svg,s3://lifebit-user-data-6941eed90a4dd7a1d1026d7a/deploit/teams/69d8dd1e5d3e1f8c350e006f/users/68af3d99c99eb7bd2ff47bc8/projects/69f80768ca774c668fbaaed8/jobs/6a22c67b0859d97fbe7b5f71/results/boxplot_digestive_tract_Eraslan_Science_2022_Broad_cell_type_X_umap_f44b0f_onTarget.svg
boxplot_digestive_tract_Eraslan_Science_2022_Broad_cell_type_X_umap_f44b0f_precision.html,s3://lifebit-user-data-6941eed90a4dd7a1d1026d7a/deploit/teams/69d8dd1e5d3e1f8c350e006f/users/68af3d99c99eb7bd2ff47bc8/projects/69f80768ca774c668fbaaed8/jobs/6a22c67b0859d97fbe7b5f71/results/boxplot_digestive_tract_Eraslan_Science_2022_Broad_cell_type_X_umap_f44b0f_precision.html
boxplot_digestive_tract_Eraslan_Science_2022_Broad_cell_type_X_umap_f44b0f_precision.svg,s3://lifebit-user-data-6941eed90a4dd7a1d1026d7a/deploit/teams/69d8dd1e5d3e1f8c350e006f/users/68af3d99c99eb7bd2ff47bc8/projects/69f80768ca774c668fbaaed8/jobs/6a22c67b0859d97fbe7b5f71/results/boxplot_digestive_tract_Eraslan_Science_2022_Broad_cell_type_X_umap_f44b0f_precision.svg
boxplot_digestive_tract_Eraslan_Science_2022_Broad_cell_type_X_umap_f44b0f_recall.html,s3://lifebit-user-data-6941eed90a4dd7a1d1026d7a/deploit/teams/69d8dd1e5d3e1f8c350e006f/users/68af3d99c99eb7bd2ff47bc8/projects/69f80768ca774c668fbaaed8/jobs/6a22c67b0859d97fbe7b5f71/results/boxplot_digestive_tract_Eraslan_Science_2022_Broad_cell_type_X_umap_f44b0f_recall.html
boxplot_digestive_tract_Eraslan_Science_2022_Broad_cell_type_X_umap_f44b0f_recall.svg,s3://lifebit-user-data-6941eed90a4dd7a1d1026d7a/deploit/teams/69d8dd1e5d3e1f8c350e006f/users/68af3d99c99eb7bd2ff47bc8/projects/69f80768ca774c668fbaaed8/jobs/6a22c67b0859d97fbe7b5f71/results/boxplot_digestive_tract_Eraslan_Science_2022_Broad_cell_type_X_umap_f44b0f_recall.svg
boxplot_digestive_tract_Garrido-Trigo_Nat_Commun_2023_cell_type_X_umap_7e7800_f_score.html,s3://lifebit-user-data-6941eed90a4dd7a1d1026d7a/deploit/teams/69d8dd1e5d3e1f8c350e006f/users/68af3d99c99eb7bd2ff47bc8/projects/69f80768ca774c668fbaaed8/jobs/6a22c67b0859d97fbe7b5f71/results/boxplot_digestive_tract_Garrido-Trigo_Nat_Commun_2023_cell_type_X_umap_7e7800_f_score.html
boxplot_digestive_tract_Garrido-Trigo_Nat_Commun_2023_cell_type_X_umap_7e7800_f_score.svg,s3://lifebit-user-data-6941eed90a4dd7a1d1026d7a/deploit/teams/69d8dd1e5d3e1f8c350e006f/users/68af3d99c99eb7bd2ff47bc8/projects/69f80768ca774c668fbaaed8/jobs/6a22c67b0859d97fbe7b5f71/results/boxplot_digestive_tract_Garrido-Trigo_Nat_Commun_2023_cell_type_X_umap_7e7800_f_score.svg
boxplot_digestive_tract_Garrido-Trigo_Nat_Commun_2023_cell_type_X_umap_7e7800_onTarget.html,s3://lifebit-user-data-6941eed90a4dd7a1d1026d7a/deploit/teams/69d8dd1e5d3e1f8c350e006f/users/68af3d99c99eb7bd2ff47bc8/projects/69f80768ca774c668fbaaed8/jobs/6a22c67b0859d97fbe7b5f71/results/boxplot_digestive_tract_Garrido-Trigo_Nat_Commun_2023_cell_type_X_umap_7e7800_onTarget.html
boxplot_digestive_tract_Garrido-Trigo_Nat_Commun_2023_cell_type_X_umap_7e7800_onTarget.svg,s3://lifebit-user-data-6941eed90a4dd7a1d1026d7a/deploit/teams/69d8dd1e5d3e1f8c350e006f/users/68af3d99c99eb7bd2ff47bc8/projects/69f80768ca774c668fbaaed8/jobs/6a22c67b0859d97fbe7b5f71/results/boxplot_digestive_tract_Garrido-Trigo_Nat_Commun_2023_cell_type_X_umap_7e7800_onTarget.svg
boxplot_digestive_tract_Garrido-Trigo_Nat_Commun_2023_cell_type_X_umap_7e7800_precision.html,s3://lifebit-user-data-6941eed90a4dd7a1d1026d7a/deploit/teams/69d8dd1e5d3e1f8c350e006f/users/68af3d99c99eb7bd2ff47bc8/projects/69f80768ca774c668fbaaed8/jobs/6a22c67b0859d97fbe7b5f71/results/boxplot_digestive_tract_Garrido-Trigo_Nat_Commun_2023_cell_type_X_umap_7e7800_precision.html
boxplot_digestive_tract_Garrido-Trigo_Nat_Commun_2023_cell_type_X_umap_7e7800_precision.svg,s3://lifebit-user-data-6941eed90a4dd7a1d1026d7a/deploit/teams/69d8dd1e5d3e1f8c350e006f/users/68af3d99c99eb7bd2ff47bc8/projects/69f80768ca774c668fbaaed8/jobs/6a22c67b0859d97fbe7b5f71/results/boxplot_digestive_tract_Garrido-Trigo_Nat_Commun_2023_cell_type_X_umap_7e7800_precision.svg
boxplot_digestive_tract_Garrido-Trigo_Nat_Commun_2023_cell_type_X_umap_7e7800_recall.html,s3://lifebit-user-data-6941eed90a4dd7a1d1026d7a/deploit/teams/69d8dd1e5d3e1f8c350e006f/users/68af3d99c99eb7bd2ff47bc8/projects/69f80768ca774c668fbaaed8/jobs/6a22c67b0859d97fbe7b5f71/results/boxplot_digestive_tract_Garrido-Trigo_Nat_Commun_2023_cell_type_X_umap_7e7800_recall.html
boxplot_digestive_tract_Garrido-Trigo_Nat_Commun_2023_cell_type_X_umap_7e7800_recall.svg,s3://lifebit-user-data-6941eed90a4dd7a1d1026d7a/deploit/teams/69d8dd1e5d3e1f8c350e006f/users/68af3d99c99eb7bd2ff47bc8/projects/69f80768ca774c668fbaaed8/jobs/6a22c67b0859d97fbe7b5f71/results/boxplot_digestive_tract_Garrido-Trigo_Nat_Commun_2023_cell_type_X_umap_7e7800_recall.svg
boxplot_digestive_tract_Han_Nature_2020_author_cell_type_X_umap_5c7ea7_f_score.html,s3://lifebit-user-data-6941eed90a4dd7a1d1026d7a/deploit/teams/69d8dd1e5d3e1f8c350e006f/users/68af3d99c99eb7bd2ff47bc8/projects/69f80768ca774c668fbaaed8/jobs/6a22c67b0859d97fbe7b5f71/results/boxplot_digestive_tract_Han_Nature_2020_author_cell_type_X_umap_5c7ea7_f_score.html
boxplot_digestive_tract_Han_Nature_2020_author_cell_type_X_umap_5c7ea7_f_score.svg,s3://lifebit-user-data-6941eed90a4dd7a1d1026d7a/deploit/teams/69d8dd1e5d3e1f8c350e006f/users/68af3d99c99eb7bd2ff47bc8/projects/69f80768ca774c668fbaaed8/jobs/6a22c67b0859d97fbe7b5f71/results/boxplot_digestive_tract_Han_Nature_2020_author_cell_type_X_umap_5c7ea7_f_score.svg
boxplot_digestive_tract_Han_Nature_2020_author_cell_type_X_umap_5c7ea7_onTarget.html,s3://lifebit-user-data-6941eed90a4dd7a1d1026d7a/deploit/teams/69d8dd1e5d3e1f8c350e006f/users/68af3d99c99eb7bd2ff47bc8/projects/69f80768ca774c668fbaaed8/jobs/6a22c67b0859d97fbe7b5f71/results/boxplot_digestive_tract_Han_Nature_2020_author_cell_type_X_umap_5c7ea7_onTarget.html
boxplot_digestive_tract_Han_Nature_2020_author_cell_type_X_umap_5c7ea7_onTarget.svg,s3://lifebit-user-data-6941eed90a4dd7a1d1026d7a/deploit/teams/69d8dd1e5d3e1f8c350e006f/users/68af3d99c99eb7bd2ff47bc8/projects/69f80768ca774c668fbaaed8/jobs/6a22c67b0859d97fbe7b5f71/results/boxplot_digestive_tract_Han_Nature_2020_author_cell_type_X_umap_5c7ea7_onTarget.svg
boxplot_digestive_tract_Han_Nature_2020_author_cell_type_X_umap_5c7ea7_precision.html,s3://lifebit-user-data-6941eed90a4dd7a1d1026d7a/deploit/teams/69d8dd1e5d3e1f8c350e006f/users/68af3d99c99eb7bd2ff47bc8/projects/69f80768ca774c668fbaaed8/jobs/6a22c67b0859d97fbe7b5f71/results/boxplot_digestive_tract_Han_Nature_2020_author_cell_type_X_umap_5c7ea7_precision.html
boxplot_digestive_tract_Han_Nature_2020_author_cell_type_X_umap_5c7ea7_precision.svg,s3://lifebit-user-data-6941eed90a4dd7a1d1026d7a/deploit/teams/69d8dd1e5d3e1f8c350e006f/users/68af3d99c99eb7bd2ff47bc8/projects/69f80768ca774c668fbaaed8/jobs/6a22c67b0859d97fbe7b5f71/results/boxplot_digestive_tract_Han_Nature_2020_author_cell_type_X_umap_5c7ea7_precision.svg
boxplot_digestive_tract_Han_Nature_2020_author_cell_type_X_umap_5c7ea7_recall.html,s3://lifebit-user-data-6941eed90a4dd7a1d1026d7a/deploit/teams/69d8dd1e5d3e1f8c350e006f/users/68af3d99c99eb7bd2ff47bc8/projects/69f80768ca774c668fbaaed8/jobs/6a22c67b0859d97fbe7b5f71/results/boxplot_digestive_tract_Han_Nature_2020_author_cell_type_X_umap_5c7ea7_recall.html
boxplot_digestive_tract_Han_Nature_2020_author_cell_type_X_umap_5c7ea7_recall.svg,s3://lifebit-user-data-6941eed90a4dd7a1d1026d7a/deploit/teams/69d8dd1e5d3e1f8c350e006f/users/68af3d99c99eb7bd2ff47bc8/projects/69f80768ca774c668fbaaed8/jobs/6a22c67b0859d97fbe7b5f71/results/boxplot_digestive_tract_Han_Nature_2020_author_cell_type_X_umap_5c7ea7_recall.svg
boxplot_digestive_tract_Horeth_J_Dent_Res_2023_author_cell_type_X_umap_ae6cbe_f_score.html,s3://lifebit-user-data-6941eed90a4dd7a1d1026d7a/deploit/teams/69d8dd1e5d3e1f8c350e006f/users/68af3d99c99eb7bd2ff47bc8/projects/69f80768ca774c668fbaaed8/jobs/6a22c67b0859d97fbe7b5f71/results/boxplot_digestive_tract_Horeth_J_Dent_Res_2023_author_cell_type_X_umap_ae6cbe_f_score.html
boxplot_digestive_tract_Horeth_J_Dent_Res_2023_author_cell_type_X_umap_ae6cbe_f_score.svg,s3://lifebit-user-data-6941eed90a4dd7a1d1026d7a/deploit/teams/69d8dd1e5d3e1f8c350e006f/users/68af3d99c99eb7bd2ff47bc8/projects/69f80768ca774c668fbaaed8/jobs/6a22c67b0859d97fbe7b5f71/results/boxplot_digestive_tract_Horeth_J_Dent_Res_2023_author_cell_type_X_umap_ae6cbe_f_score.svg
boxplot_digestive_tract_Horeth_J_Dent_Res_2023_author_cell_type_X_umap_ae6cbe_onTarget.html,s3://lifebit-user-data-6941eed90a4dd7a1d1026d7a/deploit/teams/69d8dd1e5d3e1f8c350e006f/users/68af3d99c99eb7bd2ff47bc8/projects/69f80768ca774c668fbaaed8/jobs/6a22c67b0859d97fbe7b5f71/results/boxplot_digestive_tract_Horeth_J_Dent_Res_2023_author_cell_type_X_umap_ae6cbe_onTarget.html
boxplot_digestive_tract_Horeth_J_Dent_Res_2023_author_cell_type_X_umap_ae6cbe_onTarget.svg,s3://lifebit-user-data-6941eed90a4dd7a1d1026d7a/deploit/teams/69d8dd1e5d3e1f8c350e006f/users/68af3d99c99eb7bd2ff47bc8/projects/69f80768ca774c668fbaaed8/jobs/6a22c67b0859d97fbe7b5f71/results/boxplot_digestive_tract_Horeth_J_Dent_Res_2023_author_cell_type_X_umap_ae6cbe_onTarget.svg
boxplot_digestive_tract_Horeth_J_Dent_Res_2023_author_cell_type_X_umap_ae6cbe_precision.html,s3://lifebit-user-data-6941eed90a4dd7a1d1026d7a/deploit/teams/69d8dd1e5d3e1f8c350e006f/users/68af3d99c99eb7bd2ff47bc8/projects/69f80768ca774c668fbaaed8/jobs/6a22c67b0859d97fbe7b5f71/results/boxplot_digestive_tract_Horeth_J_Dent_Res_2023_author_cell_type_X_umap_ae6cbe_precision.html
boxplot_digestive_tract_Horeth_J_Dent_Res_2023_author_cell_type_X_umap_ae6cbe_precision.svg,s3://lifebit-user-data-6941eed90a4dd7a1d1026d7a/deploit/teams/69d8dd1e5d3e1f8c350e006f/users/68af3d99c99eb7bd2ff47bc8/projects/69f80768ca774c668fbaaed8/jobs/6a22c67b0859d97fbe7b5f71/results/boxplot_digestive_tract_Horeth_J_Dent_Res_2023_author_cell_type_X_umap_ae6cbe_precision.svg
boxplot_digestive_tract_Horeth_J_Dent_Res_2023_author_cell_type_X_umap_ae6cbe_recall.html,s3://lifebit-user-data-6941eed90a4dd7a1d1026d7a/deploit/teams/69d8dd1e5d3e1f8c350e006f/users/68af3d99c99eb7bd2ff47bc8/projects/69f80768ca774c668fbaaed8/jobs/6a22c67b0859d97fbe7b5f71/results/boxplot_digestive_tract_Horeth_J_Dent_Res_2023_author_cell_type_X_umap_ae6cbe_recall.html
boxplot_digestive_tract_Horeth_J_Dent_Res_2023_author_cell_type_X_umap_ae6cbe_recall.svg,s3://lifebit-user-data-6941eed90a4dd7a1d1026d7a/deploit/teams/69d8dd1e5d3e1f8c350e006f/users/68af3d99c99eb7bd2ff47bc8/projects/69f80768ca774c668fbaaed8/jobs/6a22c67b0859d97fbe7b5f71/results/boxplot_digestive_tract_Horeth_J_Dent_Res_2023_author_cell_type_X_umap_ae6cbe_recall.svg
boxplot_digestive_tract_Madissoon_Genome_Biol_2020_author_cell_type_X_umap_f35993_f_score.html,s3://lifebit-user-data-6941eed90a4dd7a1d1026d7a/deploit/teams/69d8dd1e5d3e1f8c350e006f/users/68af3d99c99eb7bd2ff47bc8/projects/69f80768ca774c668fbaaed8/jobs/6a22c67b0859d97fbe7b5f71/results/boxplot_digestive_tract_Madissoon_Genome_Biol_2020_author_cell_type_X_umap_f35993_f_score.html
boxplot_digestive_tract_Madissoon_Genome_Biol_2020_author_cell_type_X_umap_f35993_f_score.svg,s3://lifebit-user-data-6941eed90a4dd7a1d1026d7a/deploit/teams/69d8dd1e5d3e1f8c350e006f/users/68af3d99c99eb7bd2ff47bc8/projects/69f80768ca774c668fbaaed8/jobs/6a22c67b0859d97fbe7b5f71/results/boxplot_digestive_tract_Madissoon_Genome_Biol_2020_author_cell_type_X_umap_f35993_f_score.svg
boxplot_digestive_tract_Madissoon_Genome_Biol_2020_author_cell_type_X_umap_f35993_onTarget.html,s3://lifebit-user-data-6941eed90a4dd7a1d1026d7a/deploit/teams/69d8dd1e5d3e1f8c350e006f/users/68af3d99c99eb7bd2ff47bc8/projects/69f80768ca774c668fbaaed8/jobs/6a22c67b0859d97fbe7b5f71/results/boxplot_digestive_tract_Madissoon_Genome_Biol_2020_author_cell_type_X_umap_f35993_onTarget.html
boxplot_digestive_tract_Madissoon_Genome_Biol_2020_author_cell_type_X_umap_f35993_onTarget.svg,s3://lifebit-user-data-6941eed90a4dd7a1d1026d7a/deploit/teams/69d8dd1e5d3e1f8c350e006f/users/68af3d99c99eb7bd2ff47bc8/projects/69f80768ca774c668fbaaed8/jobs/6a22c67b0859d97fbe7b5f71/results/boxplot_digestive_tract_Madissoon_Genome_Biol_2020_author_cell_type_X_umap_f35993_onTarget.svg
boxplot_digestive_tract_Madissoon_Genome_Biol_2020_author_cell_type_X_umap_f35993_precision.html,s3://lifebit-user-data-6941eed90a4dd7a1d1026d7a/deploit/teams/69d8dd1e5d3e1f8c350e006f/users/68af3d99c99eb7bd2ff47bc8/projects/69f80768ca774c668fbaaed8/jobs/6a22c67b0859d97fbe7b5f71/results/boxplot_digestive_tract_Madissoon_Genome_Biol_2020_author_cell_type_X_umap_f35993_precision.html
boxplot_digestive_tract_Madissoon_Genome_Biol_2020_author_cell_type_X_umap_f35993_precision.svg,s3://lifebit-user-data-6941eed90a4dd7a1d1026d7a/deploit/teams/69d8dd1e5d3e1f8c350e006f/users/68af3d99c99eb7bd2ff47bc8/projects/69f80768ca774c668fbaaed8/jobs/6a22c67b0859d97fbe7b5f71/results/boxplot_digestive_tract_Madissoon_Genome_Biol_2020_author_cell_type_X_umap_f35993_precision.svg
boxplot_digestive_tract_Madissoon_Genome_Biol_2020_author_cell_type_X_umap_f35993_recall.html,s3://lifebit-user-data-6941eed90a4dd7a1d1026d7a/deploit/teams/69d8dd1e5d3e1f8c350e006f/users/68af3d99c99eb7bd2ff47bc8/projects/69f80768ca774c668fbaaed8/jobs/6a22c67b0859d97fbe7b5f71/results/boxplot_digestive_tract_Madissoon_Genome_Biol_2020_author_cell_type_X_umap_f35993_recall.html
boxplot_digestive_tract_Madissoon_Genome_Biol_2020_author_cell_type_X_umap_f35993_recall.svg,s3://lifebit-user-data-6941eed90a4dd7a1d1026d7a/deploit/teams/69d8dd1e5d3e1f8c350e006f/users/68af3d99c99eb7bd2ff47bc8/projects/69f80768ca774c668fbaaed8/jobs/6a22c67b0859d97fbe7b5f71/results/boxplot_digestive_tract_Madissoon_Genome_Biol_2020_author_cell_type_X_umap_f35993_recall.svg
boxplot_digestive_tract_Martin_Cell_2019_author_cell_type1_X_umap_hm_59ef00_f_score.html,s3://lifebit-user-data-6941eed90a4dd7a1d1026d7a/deploit/teams/69d8dd1e5d3e1f8c350e006f/users/68af3d99c99eb7bd2ff47bc8/projects/69f80768ca774c668fbaaed8/jobs/6a22c67b0859d97fbe7b5f71/results/boxplot_digestive_tract_Martin_Cell_2019_author_cell_type1_X_umap_hm_59ef00_f_score.html
boxplot_digestive_tract_Martin_Cell_2019_author_cell_type1_X_umap_hm_59ef00_f_score.svg,s3://lifebit-user-data-6941eed90a4dd7a1d1026d7a/deploit/teams/69d8dd1e5d3e1f8c350e006f/users/68af3d99c99eb7bd2ff47bc8/projects/69f80768ca774c668fbaaed8/jobs/6a22c67b0859d97fbe7b5f71/results/boxplot_digestive_tract_Martin_Cell_2019_author_cell_type1_X_umap_hm_59ef00_f_score.svg
boxplot_digestive_tract_Martin_Cell_2019_author_cell_type1_X_umap_hm_59ef00_onTarget.html,s3://lifebit-user-data-6941eed90a4dd7a1d1026d7a/deploit/teams/69d8dd1e5d3e1f8c350e006f/users/68af3d99c99eb7bd2ff47bc8/projects/69f80768ca774c668fbaaed8/jobs/6a22c67b0859d97fbe7b5f71/results/boxplot_digestive_tract_Martin_Cell_2019_author_cell_type1_X_umap_hm_59ef00_onTarget.html
boxplot_digestive_tract_Martin_Cell_2019_author_cell_type1_X_umap_hm_59ef00_onTarget.svg,s3://lifebit-user-data-6941eed90a4dd7a1d1026d7a/deploit/teams/69d8dd1e5d3e1f8c350e006f/users/68af3d99c99eb7bd2ff47bc8/projects/69f80768ca774c668fbaaed8/jobs/6a22c67b0859d97fbe7b5f71/results/boxplot_digestive_tract_Martin_Cell_2019_author_cell_type1_X_umap_hm_59ef00_onTarget.svg
boxplot_digestive_tract_Martin_Cell_2019_author_cell_type1_X_umap_hm_59ef00_precision.html,s3://lifebit-user-data-6941eed90a4dd7a1d1026d7a/deploit/teams/69d8dd1e5d3e1f8c350e006f/users/68af3d99c99eb7bd2ff47bc8/projects/69f80768ca774c668fbaaed8/jobs/6a22c67b0859d97fbe7b5f71/results/boxplot_digestive_tract_Martin_Cell_2019_author_cell_type1_X_umap_hm_59ef00_precision.html
boxplot_digestive_tract_Martin_Cell_2019_author_cell_type1_X_umap_hm_59ef00_precision.svg,s3://lifebit-user-data-6941eed90a4dd7a1d1026d7a/deploit/teams/69d8dd1e5d3e1f8c350e006f/users/68af3d99c99eb7bd2ff47bc8/projects/69f80768ca774c668fbaaed8/jobs/6a22c67b0859d97fbe7b5f71/results/boxplot_digestive_tract_Martin_Cell_2019_author_cell_type1_X_umap_hm_59ef00_precision.svg
boxplot_digestive_tract_Martin_Cell_2019_author_cell_type1_X_umap_hm_59ef00_recall.html,s3://lifebit-user-data-6941eed90a4dd7a1d1026d7a/deploit/teams/69d8dd1e5d3e1f8c350e006f/users/68af3d99c99eb7bd2ff47bc8/projects/69f80768ca774c668fbaaed8/jobs/6a22c67b0859d97fbe7b5f71/results/boxplot_digestive_tract_Martin_Cell_2019_author_cell_type1_X_umap_hm_59ef00_recall.html
boxplot_digestive_tract_Martin_Cell_2019_author_cell_type1_X_umap_hm_59ef00_recall.svg,s3://lifebit-user-data-6941eed90a4dd7a1d1026d7a/deploit/teams/69d8dd1e5d3e1f8c350e006f/users/68af3d99c99eb7bd2ff47bc8/projects/69f80768ca774c668fbaaed8/jobs/6a22c67b0859d97fbe7b5f71/results/boxplot_digestive_tract_Martin_Cell_2019_author_cell_type1_X_umap_hm_59ef00_recall.svg
boxplot_digestive_tract_Nowicki-Osuch_Cancer_Discovery_2023_Detailed_Cell_Type_umap_MinDist_0.5_N_Neighbors_15_e72b7b_f_score.html,s3://lifebit-user-data-6941eed90a4dd7a1d1026d7a/deploit/teams/69d8dd1e5d3e1f8c350e006f/users/68af3d99c99eb7bd2ff47bc8/projects/69f80768ca774c668fbaaed8/jobs/6a22c67b0859d97fbe7b5f71/results/boxplot_digestive_tract_Nowicki-Osuch_Cancer_Discovery_2023_Detailed_Cell_Type_umap_MinDist_0.5_N_Neighbors_15_e72b7b_f_score.html
boxplot_digestive_tract_Nowicki-Osuch_Cancer_Discovery_2023_Detailed_Cell_Type_umap_MinDist_0.5_N_Neighbors_15_e72b7b_f_score.svg,s3://lifebit-user-data-6941eed90a4dd7a1d1026d7a/deploit/teams/69d8dd1e5d3e1f8c350e006f/users/68af3d99c99eb7bd2ff47bc8/projects/69f80768ca774c668fbaaed8/jobs/6a22c67b0859d97fbe7b5f71/results/boxplot_digestive_tract_Nowicki-Osuch_Cancer_Discovery_2023_Detailed_Cell_Type_umap_MinDist_0.5_N_Neighbors_15_e72b7b_f_score.svg
boxplot_digestive_tract_Nowicki-Osuch_Cancer_Discovery_2023_Detailed_Cell_Type_umap_MinDist_0.5_N_Neighbors_15_e72b7b_onTarget.html,s3://lifebit-user-data-6941eed90a4dd7a1d1026d7a/deploit/teams/69d8dd1e5d3e1f8c350e006f/users/68af3d99c99eb7bd2ff47bc8/projects/69f80768ca774c668fbaaed8/jobs/6a22c67b0859d97fbe7b5f71/results/boxplot_digestive_tract_Nowicki-Osuch_Cancer_Discovery_2023_Detailed_Cell_Type_umap_MinDist_0.5_N_Neighbors_15_e72b7b_onTarget.html
boxplot_digestive_tract_Nowicki-Osuch_Cancer_Discovery_2023_Detailed_Cell_Type_umap_MinDist_0.5_N_Neighbors_15_e72b7b_onTarget.svg,s3://lifebit-user-data-6941eed90a4dd7a1d1026d7a/deploit/teams/69d8dd1e5d3e1f8c350e006f/users/68af3d99c99eb7bd2ff47bc8/projects/69f80768ca774c668fbaaed8/jobs/6a22c67b0859d97fbe7b5f71/results/boxplot_digestive_tract_Nowicki-Osuch_Cancer_Discovery_2023_Detailed_Cell_Type_umap_MinDist_0.5_N_Neighbors_15_e72b7b_onTarget.svg
boxplot_digestive_tract_Nowicki-Osuch_Cancer_Discovery_2023_Detailed_Cell_Type_umap_MinDist_0.5_N_Neighbors_15_e72b7b_precision.html,s3://lifebit-user-data-6941eed90a4dd7a1d1026d7a/deploit/teams/69d8dd1e5d3e1f8c350e006f/users/68af3d99c99eb7bd2ff47bc8/projects/69f80768ca774c668fbaaed8/jobs/6a22c67b0859d97fbe7b5f71/results/boxplot_digestive_tract_Nowicki-Osuch_Cancer_Discovery_2023_Detailed_Cell_Type_umap_MinDist_0.5_N_Neighbors_15_e72b7b_precision.html
boxplot_digestive_tract_Nowicki-Osuch_Cancer_Discovery_2023_Detailed_Cell_Type_umap_MinDist_0.5_N_Neighbors_15_e72b7b_precision.svg,s3://lifebit-user-data-6941eed90a4dd7a1d1026d7a/deploit/teams/69d8dd1e5d3e1f8c350e006f/users/68af3d99c99eb7bd2ff47bc8/projects/69f80768ca774c668fbaaed8/jobs/6a22c67b0859d97fbe7b5f71/results/boxplot_digestive_tract_Nowicki-Osuch_Cancer_Discovery_2023_Detailed_Cell_Type_umap_MinDist_0.5_N_Neighbors_15_e72b7b_precision.svg
boxplot_digestive_tract_Nowicki-Osuch_Cancer_Discovery_2023_Detailed_Cell_Type_umap_MinDist_0.5_N_Neighbors_15_e72b7b_recall.html,s3://lifebit-user-data-6941eed90a4dd7a1d1026d7a/deploit/teams/69d8dd1e5d3e1f8c350e006f/users/68af3d99c99eb7bd2ff47bc8/projects/69f80768ca774c668fbaaed8/jobs/6a22c67b0859d97fbe7b5f71/results/boxplot_digestive_tract_Nowicki-Osuch_Cancer_Discovery_2023_Detailed_Cell_Type_umap_MinDist_0.5_N_Neighbors_15_e72b7b_recall.html
boxplot_digestive_tract_Nowicki-Osuch_Cancer_Discovery_2023_Detailed_Cell_Type_umap_MinDist_0.5_N_Neighbors_15_e72b7b_recall.svg,s3://lifebit-user-data-6941eed90a4dd7a1d1026d7a/deploit/teams/69d8dd1e5d3e1f8c350e006f/users/68af3d99c99eb7bd2ff47bc8/projects/69f80768ca774c668fbaaed8/jobs/6a22c67b0859d97fbe7b5f71/results/boxplot_digestive_tract_Nowicki-Osuch_Cancer_Discovery_2023_Detailed_Cell_Type_umap_MinDist_0.5_N_Neighbors_15_e72b7b_recall.svg
boxplot_digestive_tract_Oliver_Nature_2024_level_3_annot_X_umap_a60caa_f_score.html,s3://lifebit-user-data-6941eed90a4dd7a1d1026d7a/deploit/teams/69d8dd1e5d3e1f8c350e006f/users/68af3d99c99eb7bd2ff47bc8/projects/69f80768ca774c668fbaaed8/jobs/6a22c67b0859d97fbe7b5f71/results/boxplot_digestive_tract_Oliver_Nature_2024_level_3_annot_X_umap_a60caa_f_score.html
boxplot_digestive_tract_Oliver_Nature_2024_level_3_annot_X_umap_a60caa_f_score.svg,s3://lifebit-user-data-6941eed90a4dd7a1d1026d7a/deploit/teams/69d8dd1e5d3e1f8c350e006f/users/68af3d99c99eb7bd2ff47bc8/projects/69f80768ca774c668fbaaed8/jobs/6a22c67b0859d97fbe7b5f71/results/boxplot_digestive_tract_Oliver_Nature_2024_level_3_annot_X_umap_a60caa_f_score.svg
boxplot_digestive_tract_Oliver_Nature_2024_level_3_annot_X_umap_a60caa_onTarget.html,s3://lifebit-user-data-6941eed90a4dd7a1d1026d7a/deploit/teams/69d8dd1e5d3e1f8c350e006f/users/68af3d99c99eb7bd2ff47bc8/projects/69f80768ca774c668fbaaed8/jobs/6a22c67b0859d97fbe7b5f71/results/boxplot_digestive_tract_Oliver_Nature_2024_level_3_annot_X_umap_a60caa_onTarget.html
boxplot_digestive_tract_Oliver_Nature_2024_level_3_annot_X_umap_a60caa_onTarget.svg,s3://lifebit-user-data-6941eed90a4dd7a1d1026d7a/deploit/teams/69d8dd1e5d3e1f8c350e006f/users/68af3d99c99eb7bd2ff47bc8/projects/69f80768ca774c668fbaaed8/jobs/6a22c67b0859d97fbe7b5f71/results/boxplot_digestive_tract_Oliver_Nature_2024_level_3_annot_X_umap_a60caa_onTarget.svg
boxplot_digestive_tract_Oliver_Nature_2024_level_3_annot_X_umap_a60caa_precision.html,s3://lifebit-user-data-6941eed90a4dd7a1d1026d7a/deploit/teams/69d8dd1e5d3e1f8c350e006f/users/68af3d99c99eb7bd2ff47bc8/projects/69f80768ca774c668fbaaed8/jobs/6a22c67b0859d97fbe7b5f71/results/boxplot_digestive_tract_Oliver_Nature_2024_level_3_annot_X_umap_a60caa_precision.html
boxplot_digestive_tract_Oliver_Nature_2024_level_3_annot_X_umap_a60caa_precision.svg,s3://lifebit-user-data-6941eed90a4dd7a1d1026d7a/deploit/teams/69d8dd1e5d3e1f8c350e006f/users/68af3d99c99eb7bd2ff47bc8/projects/69f80768ca774c668fbaaed8/jobs/6a22c67b0859d97fbe7b5f71/results/boxplot_digestive_tract_Oliver_Nature_2024_level_3_annot_X_umap_a60caa_precision.svg
boxplot_digestive_tract_Oliver_Nature_2024_level_3_annot_X_umap_a60caa_recall.html,s3://lifebit-user-data-6941eed90a4dd7a1d1026d7a/deploit/teams/69d8dd1e5d3e1f8c350e006f/users/68af3d99c99eb7bd2ff47bc8/projects/69f80768ca774c668fbaaed8/jobs/6a22c67b0859d97fbe7b5f71/results/boxplot_digestive_tract_Oliver_Nature_2024_level_3_annot_X_umap_a60caa_recall.html
boxplot_digestive_tract_Oliver_Nature_2024_level_3_annot_X_umap_a60caa_recall.svg,s3://lifebit-user-data-6941eed90a4dd7a1d1026d7a/deploit/teams/69d8dd1e5d3e1f8c350e006f/users/68af3d99c99eb7bd2ff47bc8/projects/69f80768ca774c668fbaaed8/jobs/6a22c67b0859d97fbe7b5f71/results/boxplot_digestive_tract_Oliver_Nature_2024_level_3_annot_X_umap_a60caa_recall.svg
boxplot_digestive_tract_Smillie_Cell_2019_CellType_X_umap_hm_bbedd2_f_score.html,s3://lifebit-user-data-6941eed90a4dd7a1d1026d7a/deploit/teams/69d8dd1e5d3e1f8c350e006f/users/68af3d99c99eb7bd2ff47bc8/projects/69f80768ca774c668fbaaed8/jobs/6a22c67b0859d97fbe7b5f71/results/boxplot_digestive_tract_Smillie_Cell_2019_CellType_X_umap_hm_bbedd2_f_score.html
boxplot_digestive_tract_Smillie_Cell_2019_CellType_X_umap_hm_bbedd2_f_score.svg,s3://lifebit-user-data-6941eed90a4dd7a1d1026d7a/deploit/teams/69d8dd1e5d3e1f8c350e006f/users/68af3d99c99eb7bd2ff47bc8/projects/69f80768ca774c668fbaaed8/jobs/6a22c67b0859d97fbe7b5f71/results/boxplot_digestive_tract_Smillie_Cell_2019_CellType_X_umap_hm_bbedd2_f_score.svg
boxplot_digestive_tract_Smillie_Cell_2019_CellType_X_umap_hm_bbedd2_onTarget.html,s3://lifebit-user-data-6941eed90a4dd7a1d1026d7a/deploit/teams/69d8dd1e5d3e1f8c350e006f/users/68af3d99c99eb7bd2ff47bc8/projects/69f80768ca774c668fbaaed8/jobs/6a22c67b0859d97fbe7b5f71/results/boxplot_digestive_tract_Smillie_Cell_2019_CellType_X_umap_hm_bbedd2_onTarget.html
boxplot_digestive_tract_Smillie_Cell_2019_CellType_X_umap_hm_bbedd2_onTarget.svg,s3://lifebit-user-data-6941eed90a4dd7a1d1026d7a/deploit/teams/69d8dd1e5d3e1f8c350e006f/users/68af3d99c99eb7bd2ff47bc8/projects/69f80768ca774c668fbaaed8/jobs/6a22c67b0859d97fbe7b5f71/results/boxplot_digestive_tract_Smillie_Cell_2019_CellType_X_umap_hm_bbedd2_onTarget.svg
boxplot_digestive_tract_Smillie_Cell_2019_CellType_X_umap_hm_bbedd2_precision.html,s3://lifebit-user-data-6941eed90a4dd7a1d1026d7a/deploit/teams/69d8dd1e5d3e1f8c350e006f/users/68af3d99c99eb7bd2ff47bc8/projects/69f80768ca774c668fbaaed8/jobs/6a22c67b0859d97fbe7b5f71/results/boxplot_digestive_tract_Smillie_Cell_2019_CellType_X_umap_hm_bbedd2_precision.html
boxplot_digestive_tract_Smillie_Cell_2019_CellType_X_umap_hm_bbedd2_precision.svg,s3://lifebit-user-data-6941eed90a4dd7a1d1026d7a/deploit/teams/69d8dd1e5d3e1f8c350e006f/users/68af3d99c99eb7bd2ff47bc8/projects/69f80768ca774c668fbaaed8/jobs/6a22c67b0859d97fbe7b5f71/results/boxplot_digestive_tract_Smillie_Cell_2019_CellType_X_umap_hm_bbedd2_precision.svg
boxplot_digestive_tract_Smillie_Cell_2019_CellType_X_umap_hm_bbedd2_recall.html,s3://lifebit-user-data-6941eed90a4dd7a1d1026d7a/deploit/teams/69d8dd1e5d3e1f8c350e006f/users/68af3d99c99eb7bd2ff47bc8/projects/69f80768ca774c668fbaaed8/jobs/6a22c67b0859d97fbe7b5f71/results/boxplot_digestive_tract_Smillie_Cell_2019_CellType_X_umap_hm_bbedd2_recall.html
boxplot_digestive_tract_Smillie_Cell_2019_CellType_X_umap_hm_bbedd2_recall.svg,s3://lifebit-user-data-6941eed90a4dd7a1d1026d7a/deploit/teams/69d8dd1e5d3e1f8c350e006f/users/68af3d99c99eb7bd2ff47bc8/projects/69f80768ca774c668fbaaed8/jobs/6a22c67b0859d97fbe7b5f71/results/boxplot_digestive_tract_Smillie_Cell_2019_CellType_X_umap_hm_bbedd2_recall.svg
boxplot_digestive_tract_Xu_Cell_2023_Curated_annotation_X_umap_30933d_f_score.html,s3://lifebit-user-data-6941eed90a4dd7a1d1026d7a/deploit/teams/69d8dd1e5d3e1f8c350e006f/users/68af3d99c99eb7bd2ff47bc8/projects/69f80768ca774c668fbaaed8/jobs/6a22c67b0859d97fbe7b5f71/results/boxplot_digestive_tract_Xu_Cell_2023_Curated_annotation_X_umap_30933d_f_score.html
boxplot_digestive_tract_Xu_Cell_2023_Curated_annotation_X_umap_30933d_f_score.svg,s3://lifebit-user-data-6941eed90a4dd7a1d1026d7a/deploit/teams/69d8dd1e5d3e1f8c350e006f/users/68af3d99c99eb7bd2ff47bc8/projects/69f80768ca774c668fbaaed8/jobs/6a22c67b0859d97fbe7b5f71/results/boxplot_digestive_tract_Xu_Cell_2023_Curated_annotation_X_umap_30933d_f_score.svg
boxplot_digestive_tract_Xu_Cell_2023_Curated_annotation_X_umap_30933d_onTarget.html,s3://lifebit-user-data-6941eed90a4dd7a1d1026d7a/deploit/teams/69d8dd1e5d3e1f8c350e006f/users/68af3d99c99eb7bd2ff47bc8/projects/69f80768ca774c668fbaaed8/jobs/6a22c67b0859d97fbe7b5f71/results/boxplot_digestive_tract_Xu_Cell_2023_Curated_annotation_X_umap_30933d_onTarget.html
boxplot_digestive_tract_Xu_Cell_2023_Curated_annotation_X_umap_30933d_onTarget.svg,s3://lifebit-user-data-6941eed90a4dd7a1d1026d7a/deploit/teams/69d8dd1e5d3e1f8c350e006f/users/68af3d99c99eb7bd2ff47bc8/projects/69f80768ca774c668fbaaed8/jobs/6a22c67b0859d97fbe7b5f71/results/boxplot_digestive_tract_Xu_Cell_2023_Curated_annotation_X_umap_30933d_onTarget.svg
boxplot_digestive_tract_Xu_Cell_2023_Curated_annotation_X_umap_30933d_precision.html,s3://lifebit-user-data-6941eed90a4dd7a1d1026d7a/deploit/teams/69d8dd1e5d3e1f8c350e006f/users/68af3d99c99eb7bd2ff47bc8/projects/69f80768ca774c668fbaaed8/jobs/6a22c67b0859d97fbe7b5f71/results/boxplot_digestive_tract_Xu_Cell_2023_Curated_annotation_X_umap_30933d_precision.html
boxplot_digestive_tract_Xu_Cell_2023_Curated_annotation_X_umap_30933d_precision.svg,s3://lifebit-user-data-6941eed90a4dd7a1d1026d7a/deploit/teams/69d8dd1e5d3e1f8c350e006f/users/68af3d99c99eb7bd2ff47bc8/projects/69f80768ca774c668fbaaed8/jobs/6a22c67b0859d97fbe7b5f71/results/boxplot_digestive_tract_Xu_Cell_2023_Curated_annotation_X_umap_30933d_precision.svg
boxplot_digestive_tract_Xu_Cell_2023_Curated_annotation_X_umap_30933d_recall.html,s3://lifebit-user-data-6941eed90a4dd7a1d1026d7a/deploit/teams/69d8dd1e5d3e1f8c350e006f/users/68af3d99c99eb7bd2ff47bc8/projects/69f80768ca774c668fbaaed8/jobs/6a22c67b0859d97fbe7b5f71/results/boxplot_digestive_tract_Xu_Cell_2023_Curated_annotation_X_umap_30933d_recall.html
boxplot_digestive_tract_Xu_Cell_2023_Curated_annotation_X_umap_30933d_recall.svg,s3://lifebit-user-data-6941eed90a4dd7a1d1026d7a/deploit/teams/69d8dd1e5d3e1f8c350e006f/users/68af3d99c99eb7bd2ff47bc8/projects/69f80768ca774c668fbaaed8/jobs/6a22c67b0859d97fbe7b5f71/results/boxplot_digestive_tract_Xu_Cell_2023_Curated_annotation_X_umap_30933d_recall.svg
boxplot_digestive_tract_Zwick_Nat_Cell_Biol_2024_cell.type_X_umap_f5803a_f_score.html,s3://lifebit-user-data-6941eed90a4dd7a1d1026d7a/deploit/teams/69d8dd1e5d3e1f8c350e006f/users/68af3d99c99eb7bd2ff47bc8/projects/69f80768ca774c668fbaaed8/jobs/6a22c67b0859d97fbe7b5f71/results/boxplot_digestive_tract_Zwick_Nat_Cell_Biol_2024_cell.type_X_umap_f5803a_f_score.html
boxplot_digestive_tract_Zwick_Nat_Cell_Biol_2024_cell.type_X_umap_f5803a_f_score.svg,s3://lifebit-user-data-6941eed90a4dd7a1d1026d7a/deploit/teams/69d8dd1e5d3e1f8c350e006f/users/68af3d99c99eb7bd2ff47bc8/projects/69f80768ca774c668fbaaed8/jobs/6a22c67b0859d97fbe7b5f71/results/boxplot_digestive_tract_Zwick_Nat_Cell_Biol_2024_cell.type_X_umap_f5803a_f_score.svg
boxplot_digestive_tract_Zwick_Nat_Cell_Biol_2024_cell.type_X_umap_f5803a_onTarget.html,s3://lifebit-user-data-6941eed90a4dd7a1d1026d7a/deploit/teams/69d8dd1e5d3e1f8c350e006f/users/68af3d99c99eb7bd2ff47bc8/projects/69f80768ca774c668fbaaed8/jobs/6a22c67b0859d97fbe7b5f71/results/boxplot_digestive_tract_Zwick_Nat_Cell_Biol_2024_cell.type_X_umap_f5803a_onTarget.html
boxplot_digestive_tract_Zwick_Nat_Cell_Biol_2024_cell.type_X_umap_f5803a_onTarget.svg,s3://lifebit-user-data-6941eed90a4dd7a1d1026d7a/deploit/teams/69d8dd1e5d3e1f8c350e006f/users/68af3d99c99eb7bd2ff47bc8/projects/69f80768ca774c668fbaaed8/jobs/6a22c67b0859d97fbe7b5f71/results/boxplot_digestive_tract_Zwick_Nat_Cell_Biol_2024_cell.type_X_umap_f5803a_onTarget.svg
boxplot_digestive_tract_Zwick_Nat_Cell_Biol_2024_cell.type_X_umap_f5803a_precision.html,s3://lifebit-user-data-6941eed90a4dd7a1d1026d7a/deploit/teams/69d8dd1e5d3e1f8c350e006f/users/68af3d99c99eb7bd2ff47bc8/projects/69f80768ca774c668fbaaed8/jobs/6a22c67b0859d97fbe7b5f71/results/boxplot_digestive_tract_Zwick_Nat_Cell_Biol_2024_cell.type_X_umap_f5803a_precision.html
boxplot_digestive_tract_Zwick_Nat_Cell_Biol_2024_cell.type_X_umap_f5803a_precision.svg,s3://lifebit-user-data-6941eed90a4dd7a1d1026d7a/deploit/teams/69d8dd1e5d3e1f8c350e006f/users/68af3d99c99eb7bd2ff47bc8/projects/69f80768ca774c668fbaaed8/jobs/6a22c67b0859d97fbe7b5f71/results/boxplot_digestive_tract_Zwick_Nat_Cell_Biol_2024_cell.type_X_umap_f5803a_precision.svg
boxplot_digestive_tract_Zwick_Nat_Cell_Biol_2024_cell.type_X_umap_f5803a_recall.html,s3://lifebit-user-data-6941eed90a4dd7a1d1026d7a/deploit/teams/69d8dd1e5d3e1f8c350e006f/users/68af3d99c99eb7bd2ff47bc8/projects/69f80768ca774c668fbaaed8/jobs/6a22c67b0859d97fbe7b5f71/results/boxplot_digestive_tract_Zwick_Nat_Cell_Biol_2024_cell.type_X_umap_f5803a_recall.html
boxplot_digestive_tract_Zwick_Nat_Cell_Biol_2024_cell.type_X_umap_f5803a_recall.svg,s3://lifebit-user-data-6941eed90a4dd7a1d1026d7a/deploit/teams/69d8dd1e5d3e1f8c350e006f/users/68af3d99c99eb7bd2ff47bc8/projects/69f80768ca774c668fbaaed8/jobs/6a22c67b0859d97fbe7b5f71/results/boxplot_digestive_tract_Zwick_Nat_Cell_Biol_2024_cell.type_X_umap_f5803a_recall.svg
cluster_cid_mapping_digestive_tract_Burclaff_Cellular_and_Molecular_Gastroenterology_and_Hepatology_2022_lineage_X_umap_5247a6.csv,s3://lifebit-user-data-6941eed90a4dd7a1d1026d7a/deploit/teams/69d8dd1e5d3e1f8c350e006f/users/68af3d99c99eb7bd2ff47bc8/projects/69f80768ca774c668fbaaed8/jobs/6a22c67b0859d97fbe7b5f71/results/cluster_cid_mapping_digestive_tract_Burclaff_Cellular_and_Molecular_Gastroenterology_and_Hepatology_2022_lineage_X_umap_5247a6.csv
cluster_cid_mapping_digestive_tract_Elmentaite_Nature_2021_author_cell_type_X_umap_bf2a8d.csv,s3://lifebit-user-data-6941eed90a4dd7a1d1026d7a/deploit/teams/69d8dd1e5d3e1f8c350e006f/users/68af3d99c99eb7bd2ff47bc8/projects/69f80768ca774c668fbaaed8/jobs/6a22c67b0859d97fbe7b5f71/results/cluster_cid_mapping_digestive_tract_Elmentaite_Nature_2021_author_cell_type_X_umap_bf2a8d.csv
cluster_cid_mapping_digestive_tract_Eraslan_Science_2022_Broad_cell_type_X_umap_f44b0f.csv,s3://lifebit-user-data-6941eed90a4dd7a1d1026d7a/deploit/teams/69d8dd1e5d3e1f8c350e006f/users/68af3d99c99eb7bd2ff47bc8/projects/69f80768ca774c668fbaaed8/jobs/6a22c67b0859d97fbe7b5f71/results/cluster_cid_mapping_digestive_tract_Eraslan_Science_2022_Broad_cell_type_X_umap_f44b0f.csv
cluster_cid_mapping_digestive_tract_Garrido-Trigo_Nat_Commun_2023_cell_type_X_umap_7e7800.csv,s3://lifebit-user-data-6941eed90a4dd7a1d1026d7a/deploit/teams/69d8dd1e5d3e1f8c350e006f/users/68af3d99c99eb7bd2ff47bc8/projects/69f80768ca774c668fbaaed8/jobs/6a22c67b0859d97fbe7b5f71/results/cluster_cid_mapping_digestive_tract_Garrido-Trigo_Nat_Commun_2023_cell_type_X_umap_7e7800.csv
cluster_cid_mapping_digestive_tract_Han_Nature_2020_author_cell_type_X_umap_5c7ea7.csv,s3://lifebit-user-data-6941eed90a4dd7a1d1026d7a/deploit/teams/69d8dd1e5d3e1f8c350e006f/users/68af3d99c99eb7bd2ff47bc8/projects/69f80768ca774c668fbaaed8/jobs/6a22c67b0859d97fbe7b5f71/results/cluster_cid_mapping_digestive_tract_Han_Nature_2020_author_cell_type_X_umap_5c7ea7.csv
cluster_cid_mapping_digestive_tract_Horeth_J_Dent_Res_2023_author_cell_type_X_umap_ae6cbe.csv,s3://lifebit-user-data-6941eed90a4dd7a1d1026d7a/deploit/teams/69d8dd1e5d3e1f8c350e006f/users/68af3d99c99eb7bd2ff47bc8/projects/69f80768ca774c668fbaaed8/jobs/6a22c67b0859d97fbe7b5f71/results/cluster_cid_mapping_digestive_tract_Horeth_J_Dent_Res_2023_author_cell_type_X_umap_ae6cbe.csv
cluster_cid_mapping_digestive_tract_Madissoon_Genome_Biol_2020_author_cell_type_X_umap_f35993.csv,s3://lifebit-user-data-6941eed90a4dd7a1d1026d7a/deploit/teams/69d8dd1e5d3e1f8c350e006f/users/68af3d99c99eb7bd2ff47bc8/projects/69f80768ca774c668fbaaed8/jobs/6a22c67b0859d97fbe7b5f71/results/cluster_cid_mapping_digestive_tract_Madissoon_Genome_Biol_2020_author_cell_type_X_umap_f35993.csv
cluster_cid_mapping_digestive_tract_Martin_Cell_2019_author_cell_type1_X_umap_hm_59ef00.csv,s3://lifebit-user-data-6941eed90a4dd7a1d1026d7a/deploit/teams/69d8dd1e5d3e1f8c350e006f/users/68af3d99c99eb7bd2ff47bc8/projects/69f80768ca774c668fbaaed8/jobs/6a22c67b0859d97fbe7b5f71/results/cluster_cid_mapping_digestive_tract_Martin_Cell_2019_author_cell_type1_X_umap_hm_59ef00.csv
cluster_cid_mapping_digestive_tract_Nowicki-Osuch_Cancer_Discovery_2023_Detailed_Cell_Type_umap_MinDist_0.5_N_Neighbors_15_e72b7b.csv,s3://lifebit-user-data-6941eed90a4dd7a1d1026d7a/deploit/teams/69d8dd1e5d3e1f8c350e006f/users/68af3d99c99eb7bd2ff47bc8/projects/69f80768ca774c668fbaaed8/jobs/6a22c67b0859d97fbe7b5f71/results/cluster_cid_mapping_digestive_tract_Nowicki-Osuch_Cancer_Discovery_2023_Detailed_Cell_Type_umap_MinDist_0.5_N_Neighbors_15_e72b7b.csv
cluster_cid_mapping_digestive_tract_Oliver_Nature_2024_level_3_annot_X_umap_a60caa.csv,s3://lifebit-user-data-6941eed90a4dd7a1d1026d7a/deploit/teams/69d8dd1e5d3e1f8c350e006f/users/68af3d99c99eb7bd2ff47bc8/projects/69f80768ca774c668fbaaed8/jobs/6a22c67b0859d97fbe7b5f71/results/cluster_cid_mapping_digestive_tract_Oliver_Nature_2024_level_3_annot_X_umap_a60caa.csv
cluster_cid_mapping_digestive_tract_Smillie_Cell_2019_CellType_X_umap_hm_bbedd2.csv,s3://lifebit-user-data-6941eed90a4dd7a1d1026d7a/deploit/teams/69d8dd1e5d3e1f8c350e006f/users/68af3d99c99eb7bd2ff47bc8/projects/69f80768ca774c668fbaaed8/jobs/6a22c67b0859d97fbe7b5f71/results/cluster_cid_mapping_digestive_tract_Smillie_Cell_2019_CellType_X_umap_hm_bbedd2.csv
cluster_cid_mapping_digestive_tract_Xu_Cell_2023_Curated_annotation_X_umap_30933d.csv,s3://lifebit-user-data-6941eed90a4dd7a1d1026d7a/deploit/teams/69d8dd1e5d3e1f8c350e006f/users/68af3d99c99eb7bd2ff47bc8/projects/69f80768ca774c668fbaaed8/jobs/6a22c67b0859d97fbe7b5f71/results/cluster_cid_mapping_digestive_tract_Xu_Cell_2023_Curated_annotation_X_umap_30933d.csv
cluster_cid_mapping_digestive_tract_Zwick_Nat_Cell_Biol_2024_cell.type_X_umap_f5803a.csv,s3://lifebit-user-data-6941eed90a4dd7a1d1026d7a/deploit/teams/69d8dd1e5d3e1f8c350e006f/users/68af3d99c99eb7bd2ff47bc8/projects/69f80768ca774c668fbaaed8/jobs/6a22c67b0859d97fbe7b5f71/results/cluster_cid_mapping_digestive_tract_Zwick_Nat_Cell_Biol_2024_cell.type_X_umap_f5803a.csv
cluster_order_before_filter_digestive_tract_Burclaff_Cellular_and_Molecular_Gastroenterology_and_Hepatology_2022_lineage_X_umap_5247a6.csv,s3://lifebit-user-data-6941eed90a4dd7a1d1026d7a/deploit/teams/69d8dd1e5d3e1f8c350e006f/users/68af3d99c99eb7bd2ff47bc8/projects/69f80768ca774c668fbaaed8/jobs/6a22c67b0859d97fbe7b5f71/results/cluster_order_before_filter_digestive_tract_Burclaff_Cellular_and_Molecular_Gastroenterology_and_Hepatology_2022_lineage_X_umap_5247a6.csv
cluster_order_before_filter_digestive_tract_Elmentaite_Nature_2021_author_cell_type_X_umap_bf2a8d.csv,s3://lifebit-user-data-6941eed90a4dd7a1d1026d7a/deploit/teams/69d8dd1e5d3e1f8c350e006f/users/68af3d99c99eb7bd2ff47bc8/projects/69f80768ca774c668fbaaed8/jobs/6a22c67b0859d97fbe7b5f71/results/cluster_order_before_filter_digestive_tract_Elmentaite_Nature_2021_author_cell_type_X_umap_bf2a8d.csv
cluster_order_before_filter_digestive_tract_Eraslan_Science_2022_Broad_cell_type_X_umap_f44b0f.csv,s3://lifebit-user-data-6941eed90a4dd7a1d1026d7a/deploit/teams/69d8dd1e5d3e1f8c350e006f/users/68af3d99c99eb7bd2ff47bc8/projects/69f80768ca774c668fbaaed8/jobs/6a22c67b0859d97fbe7b5f71/results/cluster_order_before_filter_digestive_tract_Eraslan_Science_2022_Broad_cell_type_X_umap_f44b0f.csv
cluster_order_before_filter_digestive_tract_Garrido-Trigo_Nat_Commun_2023_cell_type_X_umap_7e7800.csv,s3://lifebit-user-data-6941eed90a4dd7a1d1026d7a/deploit/teams/69d8dd1e5d3e1f8c350e006f/users/68af3d99c99eb7bd2ff47bc8/projects/69f80768ca774c668fbaaed8/jobs/6a22c67b0859d97fbe7b5f71/results/cluster_order_before_filter_digestive_tract_Garrido-Trigo_Nat_Commun_2023_cell_type_X_umap_7e7800.csv
cluster_order_before_filter_digestive_tract_Han_Nature_2020_author_cell_type_X_umap_5c7ea7.csv,s3://lifebit-user-data-6941eed90a4dd7a1d1026d7a/deploit/teams/69d8dd1e5d3e1f8c350e006f/users/68af3d99c99eb7bd2ff47bc8/projects/69f80768ca774c668fbaaed8/jobs/6a22c67b0859d97fbe7b5f71/results/cluster_order_before_filter_digestive_tract_Han_Nature_2020_author_cell_type_X_umap_5c7ea7.csv
cluster_order_before_filter_digestive_tract_Horeth_J_Dent_Res_2023_author_cell_type_X_umap_ae6cbe.csv,s3://lifebit-user-data-6941eed90a4dd7a1d1026d7a/deploit/teams/69d8dd1e5d3e1f8c350e006f/users/68af3d99c99eb7bd2ff47bc8/projects/69f80768ca774c668fbaaed8/jobs/6a22c67b0859d97fbe7b5f71/results/cluster_order_before_filter_digestive_tract_Horeth_J_Dent_Res_2023_author_cell_type_X_umap_ae6cbe.csv
cluster_order_before_filter_digestive_tract_Madissoon_Genome_Biol_2020_author_cell_type_X_umap_f35993.csv,s3://lifebit-user-data-6941eed90a4dd7a1d1026d7a/deploit/teams/69d8dd1e5d3e1f8c350e006f/users/68af3d99c99eb7bd2ff47bc8/projects/69f80768ca774c668fbaaed8/jobs/6a22c67b0859d97fbe7b5f71/results/cluster_order_before_filter_digestive_tract_Madissoon_Genome_Biol_2020_author_cell_type_X_umap_f35993.csv
cluster_order_before_filter_digestive_tract_Martin_Cell_2019_author_cell_type1_X_umap_hm_59ef00.csv,s3://lifebit-user-data-6941eed90a4dd7a1d1026d7a/deploit/teams/69d8dd1e5d3e1f8c350e006f/users/68af3d99c99eb7bd2ff47bc8/projects/69f80768ca774c668fbaaed8/jobs/6a22c67b0859d97fbe7b5f71/results/cluster_order_before_filter_digestive_tract_Martin_Cell_2019_author_cell_type1_X_umap_hm_59ef00.csv
cluster_order_before_filter_digestive_tract_Nowicki-Osuch_Cancer_Discovery_2023_Detailed_Cell_Type_umap_MinDist_0.5_N_Neighbors_15_e72b7b.csv,s3://lifebit-user-data-6941eed90a4dd7a1d1026d7a/deploit/teams/69d8dd1e5d3e1f8c350e006f/users/68af3d99c99eb7bd2ff47bc8/projects/69f80768ca774c668fbaaed8/jobs/6a22c67b0859d97fbe7b5f71/results/cluster_order_before_filter_digestive_tract_Nowicki-Osuch_Cancer_Discovery_2023_Detailed_Cell_Type_umap_MinDist_0.5_N_Neighbors_15_e72b7b.csv
cluster_order_before_filter_digestive_tract_Oliver_Nature_2024_level_3_annot_X_umap_a60caa.csv,s3://lifebit-user-data-6941eed90a4dd7a1d1026d7a/deploit/teams/69d8dd1e5d3e1f8c350e006f/users/68af3d99c99eb7bd2ff47bc8/projects/69f80768ca774c668fbaaed8/jobs/6a22c67b0859d97fbe7b5f71/results/cluster_order_before_filter_digestive_tract_Oliver_Nature_2024_level_3_annot_X_umap_a60caa.csv
cluster_order_before_filter_digestive_tract_Smillie_Cell_2019_CellType_X_umap_hm_bbedd2.csv,s3://lifebit-user-data-6941eed90a4dd7a1d1026d7a/deploit/teams/69d8dd1e5d3e1f8c350e006f/users/68af3d99c99eb7bd2ff47bc8/projects/69f80768ca774c668fbaaed8/jobs/6a22c67b0859d97fbe7b5f71/results/cluster_order_before_filter_digestive_tract_Smillie_Cell_2019_CellType_X_umap_hm_bbedd2.csv
cluster_order_before_filter_digestive_tract_Xu_Cell_2023_Curated_annotation_X_umap_30933d.csv,s3://lifebit-user-data-6941eed90a4dd7a1d1026d7a/deploit/teams/69d8dd1e5d3e1f8c350e006f/users/68af3d99c99eb7bd2ff47bc8/projects/69f80768ca774c668fbaaed8/jobs/6a22c67b0859d97fbe7b5f71/results/cluster_order_before_filter_digestive_tract_Xu_Cell_2023_Curated_annotation_X_umap_30933d.csv
cluster_order_before_filter_digestive_tract_Zwick_Nat_Cell_Biol_2024_cell.type_X_umap_f5803a.csv,s3://lifebit-user-data-6941eed90a4dd7a1d1026d7a/deploit/teams/69d8dd1e5d3e1f8c350e006f/users/68af3d99c99eb7bd2ff47bc8/projects/69f80768ca774c668fbaaed8/jobs/6a22c67b0859d97fbe7b5f71/results/cluster_order_before_filter_digestive_tract_Zwick_Nat_Cell_Biol_2024_cell.type_X_umap_f5803a.csv
cluster_order_digestive_tract_Burclaff_Cellular_and_Molecular_Gastroenterology_and_Hepatology_2022_lineage_X_umap_5247a6.csv,s3://lifebit-user-data-6941eed90a4dd7a1d1026d7a/deploit/teams/69d8dd1e5d3e1f8c350e006f/users/68af3d99c99eb7bd2ff47bc8/projects/69f80768ca774c668fbaaed8/jobs/6a22c67b0859d97fbe7b5f71/results/cluster_order_digestive_tract_Burclaff_Cellular_and_Molecular_Gastroenterology_and_Hepatology_2022_lineage_X_umap_5247a6.csv
cluster_order_digestive_tract_Elmentaite_Nature_2021_author_cell_type_X_umap_bf2a8d.csv,s3://lifebit-user-data-6941eed90a4dd7a1d1026d7a/deploit/teams/69d8dd1e5d3e1f8c350e006f/users/68af3d99c99eb7bd2ff47bc8/projects/69f80768ca774c668fbaaed8/jobs/6a22c67b0859d97fbe7b5f71/results/cluster_order_digestive_tract_Elmentaite_Nature_2021_author_cell_type_X_umap_bf2a8d.csv
cluster_order_digestive_tract_Eraslan_Science_2022_Broad_cell_type_X_umap_f44b0f.csv,s3://lifebit-user-data-6941eed90a4dd7a1d1026d7a/deploit/teams/69d8dd1e5d3e1f8c350e006f/users/68af3d99c99eb7bd2ff47bc8/projects/69f80768ca774c668fbaaed8/jobs/6a22c67b0859d97fbe7b5f71/results/cluster_order_digestive_tract_Eraslan_Science_2022_Broad_cell_type_X_umap_f44b0f.csv
cluster_order_digestive_tract_Garrido-Trigo_Nat_Commun_2023_cell_type_X_umap_7e7800.csv,s3://lifebit-user-data-6941eed90a4dd7a1d1026d7a/deploit/teams/69d8dd1e5d3e1f8c350e006f/users/68af3d99c99eb7bd2ff47bc8/projects/69f80768ca774c668fbaaed8/jobs/6a22c67b0859d97fbe7b5f71/results/cluster_order_digestive_tract_Garrido-Trigo_Nat_Commun_2023_cell_type_X_umap_7e7800.csv
cluster_order_digestive_tract_Han_Nature_2020_author_cell_type_X_umap_5c7ea7.csv,s3://lifebit-user-data-6941eed90a4dd7a1d1026d7a/deploit/teams/69d8dd1e5d3e1f8c350e006f/users/68af3d99c99eb7bd2ff47bc8/projects/69f80768ca774c668fbaaed8/jobs/6a22c67b0859d97fbe7b5f71/results/cluster_order_digestive_tract_Han_Nature_2020_author_cell_type_X_umap_5c7ea7.csv
cluster_order_digestive_tract_Horeth_J_Dent_Res_2023_author_cell_type_X_umap_ae6cbe.csv,s3://lifebit-user-data-6941eed90a4dd7a1d1026d7a/deploit/teams/69d8dd1e5d3e1f8c350e006f/users/68af3d99c99eb7bd2ff47bc8/projects/69f80768ca774c668fbaaed8/jobs/6a22c67b0859d97fbe7b5f71/results/cluster_order_digestive_tract_Horeth_J_Dent_Res_2023_author_cell_type_X_umap_ae6cbe.csv
cluster_order_digestive_tract_Madissoon_Genome_Biol_2020_author_cell_type_X_umap_f35993.csv,s3://lifebit-user-data-6941eed90a4dd7a1d1026d7a/deploit/teams/69d8dd1e5d3e1f8c350e006f/users/68af3d99c99eb7bd2ff47bc8/projects/69f80768ca774c668fbaaed8/jobs/6a22c67b0859d97fbe7b5f71/results/cluster_order_digestive_tract_Madissoon_Genome_Biol_2020_author_cell_type_X_umap_f35993.csv
cluster_order_digestive_tract_Martin_Cell_2019_author_cell_type1_X_umap_hm_59ef00.csv,s3://lifebit-user-data-6941eed90a4dd7a1d1026d7a/deploit/teams/69d8dd1e5d3e1f8c350e006f/users/68af3d99c99eb7bd2ff47bc8/projects/69f80768ca774c668fbaaed8/jobs/6a22c67b0859d97fbe7b5f71/results/cluster_order_digestive_tract_Martin_Cell_2019_author_cell_type1_X_umap_hm_59ef00.csv
cluster_order_digestive_tract_Nowicki-Osuch_Cancer_Discovery_2023_Detailed_Cell_Type_umap_MinDist_0.5_N_Neighbors_15_e72b7b.csv,s3://lifebit-user-data-6941eed90a4dd7a1d1026d7a/deploit/teams/69d8dd1e5d3e1f8c350e006f/users/68af3d99c99eb7bd2ff47bc8/projects/69f80768ca774c668fbaaed8/jobs/6a22c67b0859d97fbe7b5f71/results/cluster_order_digestive_tract_Nowicki-Osuch_Cancer_Discovery_2023_Detailed_Cell_Type_umap_MinDist_0.5_N_Neighbors_15_e72b7b.csv
cluster_order_digestive_tract_Oliver_Nature_2024_level_3_annot_X_umap_a60caa.csv,s3://lifebit-user-data-6941eed90a4dd7a1d1026d7a/deploit/teams/69d8dd1e5d3e1f8c350e006f/users/68af3d99c99eb7bd2ff47bc8/projects/69f80768ca774c668fbaaed8/jobs/6a22c67b0859d97fbe7b5f71/results/cluster_order_digestive_tract_Oliver_Nature_2024_level_3_annot_X_umap_a60caa.csv
cluster_order_digestive_tract_Smillie_Cell_2019_CellType_X_umap_hm_bbedd2.csv,s3://lifebit-user-data-6941eed90a4dd7a1d1026d7a/deploit/teams/69d8dd1e5d3e1f8c350e006f/users/68af3d99c99eb7bd2ff47bc8/projects/69f80768ca774c668fbaaed8/jobs/6a22c67b0859d97fbe7b5f71/results/cluster_order_digestive_tract_Smillie_Cell_2019_CellType_X_umap_hm_bbedd2.csv
cluster_order_digestive_tract_Xu_Cell_2023_Curated_annotation_X_umap_30933d.csv,s3://lifebit-user-data-6941eed90a4dd7a1d1026d7a/deploit/teams/69d8dd1e5d3e1f8c350e006f/users/68af3d99c99eb7bd2ff47bc8/projects/69f80768ca774c668fbaaed8/jobs/6a22c67b0859d97fbe7b5f71/results/cluster_order_digestive_tract_Xu_Cell_2023_Curated_annotation_X_umap_30933d.csv
cluster_order_digestive_tract_Zwick_Nat_Cell_Biol_2024_cell.type_X_umap_f5803a.csv,s3://lifebit-user-data-6941eed90a4dd7a1d1026d7a/deploit/teams/69d8dd1e5d3e1f8c350e006f/users/68af3d99c99eb7bd2ff47bc8/projects/69f80768ca774c668fbaaed8/jobs/6a22c67b0859d97fbe7b5f71/results/cluster_order_digestive_tract_Zwick_Nat_Cell_Biol_2024_cell.type_X_umap_f5803a.csv
cluster_sizes_before_filter_digestive_tract_Burclaff_Cellular_and_Molecular_Gastroenterology_and_Hepatology_2022_lineage_X_umap_5247a6.csv,s3://lifebit-user-data-6941eed90a4dd7a1d1026d7a/deploit/teams/69d8dd1e5d3e1f8c350e006f/users/68af3d99c99eb7bd2ff47bc8/projects/69f80768ca774c668fbaaed8/jobs/6a22c67b0859d97fbe7b5f71/results/cluster_sizes_before_filter_digestive_tract_Burclaff_Cellular_and_Molecular_Gastroenterology_and_Hepatology_2022_lineage_X_umap_5247a6.csv
cluster_sizes_before_filter_digestive_tract_Elmentaite_Nature_2021_author_cell_type_X_umap_bf2a8d.csv,s3://lifebit-user-data-6941eed90a4dd7a1d1026d7a/deploit/teams/69d8dd1e5d3e1f8c350e006f/users/68af3d99c99eb7bd2ff47bc8/projects/69f80768ca774c668fbaaed8/jobs/6a22c67b0859d97fbe7b5f71/results/cluster_sizes_before_filter_digestive_tract_Elmentaite_Nature_2021_author_cell_type_X_umap_bf2a8d.csv
cluster_sizes_before_filter_digestive_tract_Eraslan_Science_2022_Broad_cell_type_X_umap_f44b0f.csv,s3://lifebit-user-data-6941eed90a4dd7a1d1026d7a/deploit/teams/69d8dd1e5d3e1f8c350e006f/users/68af3d99c99eb7bd2ff47bc8/projects/69f80768ca774c668fbaaed8/jobs/6a22c67b0859d97fbe7b5f71/results/cluster_sizes_before_filter_digestive_tract_Eraslan_Science_2022_Broad_cell_type_X_umap_f44b0f.csv
cluster_sizes_before_filter_digestive_tract_Garrido-Trigo_Nat_Commun_2023_cell_type_X_umap_7e7800.csv,s3://lifebit-user-data-6941eed90a4dd7a1d1026d7a/deploit/teams/69d8dd1e5d3e1f8c350e006f/users/68af3d99c99eb7bd2ff47bc8/projects/69f80768ca774c668fbaaed8/jobs/6a22c67b0859d97fbe7b5f71/results/cluster_sizes_before_filter_digestive_tract_Garrido-Trigo_Nat_Commun_2023_cell_type_X_umap_7e7800.csv
cluster_sizes_before_filter_digestive_tract_Han_Nature_2020_author_cell_type_X_umap_5c7ea7.csv,s3://lifebit-user-data-6941eed90a4dd7a1d1026d7a/deploit/teams/69d8dd1e5d3e1f8c350e006f/users/68af3d99c99eb7bd2ff47bc8/projects/69f80768ca774c668fbaaed8/jobs/6a22c67b0859d97fbe7b5f71/results/cluster_sizes_before_filter_digestive_tract_Han_Nature_2020_author_cell_type_X_umap_5c7ea7.csv
cluster_sizes_before_filter_digestive_tract_Horeth_J_Dent_Res_2023_author_cell_type_X_umap_ae6cbe.csv,s3://lifebit-user-data-6941eed90a4dd7a1d1026d7a/deploit/teams/69d8dd1e5d3e1f8c350e006f/users/68af3d99c99eb7bd2ff47bc8/projects/69f80768ca774c668fbaaed8/jobs/6a22c67b0859d97fbe7b5f71/results/cluster_sizes_before_filter_digestive_tract_Horeth_J_Dent_Res_2023_author_cell_type_X_umap_ae6cbe.csv
cluster_sizes_before_filter_digestive_tract_Madissoon_Genome_Biol_2020_author_cell_type_X_umap_f35993.csv,s3://lifebit-user-data-6941eed90a4dd7a1d1026d7a/deploit/teams/69d8dd1e5d3e1f8c350e006f/users/68af3d99c99eb7bd2ff47bc8/projects/69f80768ca774c668fbaaed8/jobs/6a22c67b0859d97fbe7b5f71/results/cluster_sizes_before_filter_digestive_tract_Madissoon_Genome_Biol_2020_author_cell_type_X_umap_f35993.csv
cluster_sizes_before_filter_digestive_tract_Martin_Cell_2019_author_cell_type1_X_umap_hm_59ef00.csv,s3://lifebit-user-data-6941eed90a4dd7a1d1026d7a/deploit/teams/69d8dd1e5d3e1f8c350e006f/users/68af3d99c99eb7bd2ff47bc8/projects/69f80768ca774c668fbaaed8/jobs/6a22c67b0859d97fbe7b5f71/results/cluster_sizes_before_filter_digestive_tract_Martin_Cell_2019_author_cell_type1_X_umap_hm_59ef00.csv
cluster_sizes_before_filter_digestive_tract_Nowicki-Osuch_Cancer_Discovery_2023_Detailed_Cell_Type_umap_MinDist_0.5_N_Neighbors_15_e72b7b.csv,s3://lifebit-user-data-6941eed90a4dd7a1d1026d7a/deploit/teams/69d8dd1e5d3e1f8c350e006f/users/68af3d99c99eb7bd2ff47bc8/projects/69f80768ca774c668fbaaed8/jobs/6a22c67b0859d97fbe7b5f71/results/cluster_sizes_before_filter_digestive_tract_Nowicki-Osuch_Cancer_Discovery_2023_Detailed_Cell_Type_umap_MinDist_0.5_N_Neighbors_15_e72b7b.csv
cluster_sizes_before_filter_digestive_tract_Oliver_Nature_2024_level_3_annot_X_umap_a60caa.csv,s3://lifebit-user-data-6941eed90a4dd7a1d1026d7a/deploit/teams/69d8dd1e5d3e1f8c350e006f/users/68af3d99c99eb7bd2ff47bc8/projects/69f80768ca774c668fbaaed8/jobs/6a22c67b0859d97fbe7b5f71/results/cluster_sizes_before_filter_digestive_tract_Oliver_Nature_2024_level_3_annot_X_umap_a60caa.csv
cluster_sizes_before_filter_digestive_tract_Smillie_Cell_2019_CellType_X_umap_hm_bbedd2.csv,s3://lifebit-user-data-6941eed90a4dd7a1d1026d7a/deploit/teams/69d8dd1e5d3e1f8c350e006f/users/68af3d99c99eb7bd2ff47bc8/projects/69f80768ca774c668fbaaed8/jobs/6a22c67b0859d97fbe7b5f71/results/cluster_sizes_before_filter_digestive_tract_Smillie_Cell_2019_CellType_X_umap_hm_bbedd2.csv
cluster_sizes_before_filter_digestive_tract_Xu_Cell_2023_Curated_annotation_X_umap_30933d.csv,s3://lifebit-user-data-6941eed90a4dd7a1d1026d7a/deploit/teams/69d8dd1e5d3e1f8c350e006f/users/68af3d99c99eb7bd2ff47bc8/projects/69f80768ca774c668fbaaed8/jobs/6a22c67b0859d97fbe7b5f71/results/cluster_sizes_before_filter_digestive_tract_Xu_Cell_2023_Curated_annotation_X_umap_30933d.csv
cluster_sizes_before_filter_digestive_tract_Zwick_Nat_Cell_Biol_2024_cell.type_X_umap_f5803a.csv,s3://lifebit-user-data-6941eed90a4dd7a1d1026d7a/deploit/teams/69d8dd1e5d3e1f8c350e006f/users/68af3d99c99eb7bd2ff47bc8/projects/69f80768ca774c668fbaaed8/jobs/6a22c67b0859d97fbe7b5f71/results/cluster_sizes_before_filter_digestive_tract_Zwick_Nat_Cell_Biol_2024_cell.type_X_umap_f5803a.csv
cluster_sizes_digestive_tract_Burclaff_Cellular_and_Molecular_Gastroenterology_and_Hepatology_2022_lineage_X_umap_5247a6.csv,s3://lifebit-user-data-6941eed90a4dd7a1d1026d7a/deploit/teams/69d8dd1e5d3e1f8c350e006f/users/68af3d99c99eb7bd2ff47bc8/projects/69f80768ca774c668fbaaed8/jobs/6a22c67b0859d97fbe7b5f71/results/cluster_sizes_digestive_tract_Burclaff_Cellular_and_Molecular_Gastroenterology_and_Hepatology_2022_lineage_X_umap_5247a6.csv
cluster_sizes_digestive_tract_Elmentaite_Nature_2021_author_cell_type_X_umap_bf2a8d.csv,s3://lifebit-user-data-6941eed90a4dd7a1d1026d7a/deploit/teams/69d8dd1e5d3e1f8c350e006f/users/68af3d99c99eb7bd2ff47bc8/projects/69f80768ca774c668fbaaed8/jobs/6a22c67b0859d97fbe7b5f71/results/cluster_sizes_digestive_tract_Elmentaite_Nature_2021_author_cell_type_X_umap_bf2a8d.csv
cluster_sizes_digestive_tract_Eraslan_Science_2022_Broad_cell_type_X_umap_f44b0f.csv,s3://lifebit-user-data-6941eed90a4dd7a1d1026d7a/deploit/teams/69d8dd1e5d3e1f8c350e006f/users/68af3d99c99eb7bd2ff47bc8/projects/69f80768ca774c668fbaaed8/jobs/6a22c67b0859d97fbe7b5f71/results/cluster_sizes_digestive_tract_Eraslan_Science_2022_Broad_cell_type_X_umap_f44b0f.csv
cluster_sizes_digestive_tract_Garrido-Trigo_Nat_Commun_2023_cell_type_X_umap_7e7800.csv,s3://lifebit-user-data-6941eed90a4dd7a1d1026d7a/deploit/teams/69d8dd1e5d3e1f8c350e006f/users/68af3d99c99eb7bd2ff47bc8/projects/69f80768ca774c668fbaaed8/jobs/6a22c67b0859d97fbe7b5f71/results/cluster_sizes_digestive_tract_Garrido-Trigo_Nat_Commun_2023_cell_type_X_umap_7e7800.csv
cluster_sizes_digestive_tract_Han_Nature_2020_author_cell_type_X_umap_5c7ea7.csv,s3://lifebit-user-data-6941eed90a4dd7a1d1026d7a/deploit/teams/69d8dd1e5d3e1f8c350e006f/users/68af3d99c99eb7bd2ff47bc8/projects/69f80768ca774c668fbaaed8/jobs/6a22c67b0859d97fbe7b5f71/results/cluster_sizes_digestive_tract_Han_Nature_2020_author_cell_type_X_umap_5c7ea7.csv
cluster_sizes_digestive_tract_Horeth_J_Dent_Res_2023_author_cell_type_X_umap_ae6cbe.csv,s3://lifebit-user-data-6941eed90a4dd7a1d1026d7a/deploit/teams/69d8dd1e5d3e1f8c350e006f/users/68af3d99c99eb7bd2ff47bc8/projects/69f80768ca774c668fbaaed8/jobs/6a22c67b0859d97fbe7b5f71/results/cluster_sizes_digestive_tract_Horeth_J_Dent_Res_2023_author_cell_type_X_umap_ae6cbe.csv
cluster_sizes_digestive_tract_Madissoon_Genome_Biol_2020_author_cell_type_X_umap_f35993.csv,s3://lifebit-user-data-6941eed90a4dd7a1d1026d7a/deploit/teams/69d8dd1e5d3e1f8c350e006f/users/68af3d99c99eb7bd2ff47bc8/projects/69f80768ca774c668fbaaed8/jobs/6a22c67b0859d97fbe7b5f71/results/cluster_sizes_digestive_tract_Madissoon_Genome_Biol_2020_author_cell_type_X_umap_f35993.csv
cluster_sizes_digestive_tract_Martin_Cell_2019_author_cell_type1_X_umap_hm_59ef00.csv,s3://lifebit-user-data-6941eed90a4dd7a1d1026d7a/deploit/teams/69d8dd1e5d3e1f8c350e006f/users/68af3d99c99eb7bd2ff47bc8/projects/69f80768ca774c668fbaaed8/jobs/6a22c67b0859d97fbe7b5f71/results/cluster_sizes_digestive_tract_Martin_Cell_2019_author_cell_type1_X_umap_hm_59ef00.csv
cluster_sizes_digestive_tract_Nowicki-Osuch_Cancer_Discovery_2023_Detailed_Cell_Type_umap_MinDist_0.5_N_Neighbors_15_e72b7b.csv,s3://lifebit-user-data-6941eed90a4dd7a1d1026d7a/deploit/teams/69d8dd1e5d3e1f8c350e006f/users/68af3d99c99eb7bd2ff47bc8/projects/69f80768ca774c668fbaaed8/jobs/6a22c67b0859d97fbe7b5f71/results/cluster_sizes_digestive_tract_Nowicki-Osuch_Cancer_Discovery_2023_Detailed_Cell_Type_umap_MinDist_0.5_N_Neighbors_15_e72b7b.csv
cluster_sizes_digestive_tract_Oliver_Nature_2024_level_3_annot_X_umap_a60caa.csv,s3://lifebit-user-data-6941eed90a4dd7a1d1026d7a/deploit/teams/69d8dd1e5d3e1f8c350e006f/users/68af3d99c99eb7bd2ff47bc8/projects/69f80768ca774c668fbaaed8/jobs/6a22c67b0859d97fbe7b5f71/results/cluster_sizes_digestive_tract_Oliver_Nature_2024_level_3_annot_X_umap_a60caa.csv
cluster_sizes_digestive_tract_Smillie_Cell_2019_CellType_X_umap_hm_bbedd2.csv,s3://lifebit-user-data-6941eed90a4dd7a1d1026d7a/deploit/teams/69d8dd1e5d3e1f8c350e006f/users/68af3d99c99eb7bd2ff47bc8/projects/69f80768ca774c668fbaaed8/jobs/6a22c67b0859d97fbe7b5f71/results/cluster_sizes_digestive_tract_Smillie_Cell_2019_CellType_X_umap_hm_bbedd2.csv
cluster_sizes_digestive_tract_Xu_Cell_2023_Curated_annotation_X_umap_30933d.csv,s3://lifebit-user-data-6941eed90a4dd7a1d1026d7a/deploit/teams/69d8dd1e5d3e1f8c350e006f/users/68af3d99c99eb7bd2ff47bc8/projects/69f80768ca774c668fbaaed8/jobs/6a22c67b0859d97fbe7b5f71/results/cluster_sizes_digestive_tract_Xu_Cell_2023_Curated_annotation_X_umap_30933d.csv
cluster_sizes_digestive_tract_Zwick_Nat_Cell_Biol_2024_cell.type_X_umap_f5803a.csv,s3://lifebit-user-data-6941eed90a4dd7a1d1026d7a/deploit/teams/69d8dd1e5d3e1f8c350e006f/users/68af3d99c99eb7bd2ff47bc8/projects/69f80768ca774c668fbaaed8/jobs/6a22c67b0859d97fbe7b5f71/results/cluster_sizes_digestive_tract_Zwick_Nat_Cell_Biol_2024_cell.type_X_umap_f5803a.csv
cluster_statistics_digestive_tract_Burclaff_Cellular_and_Molecular_Gastroenterology_and_Hepatology_2022_lineage_X_umap_5247a6.csv,s3://lifebit-user-data-6941eed90a4dd7a1d1026d7a/deploit/teams/69d8dd1e5d3e1f8c350e006f/users/68af3d99c99eb7bd2ff47bc8/projects/69f80768ca774c668fbaaed8/jobs/6a22c67b0859d97fbe7b5f71/results/cluster_statistics_digestive_tract_Burclaff_Cellular_and_Molecular_Gastroenterology_and_Hepatology_2022_lineage_X_umap_5247a6.csv
cluster_statistics_digestive_tract_Elmentaite_Nature_2021_author_cell_type_X_umap_bf2a8d.csv,s3://lifebit-user-data-6941eed90a4dd7a1d1026d7a/deploit/teams/69d8dd1e5d3e1f8c350e006f/users/68af3d99c99eb7bd2ff47bc8/projects/69f80768ca774c668fbaaed8/jobs/6a22c67b0859d97fbe7b5f71/results/cluster_statistics_digestive_tract_Elmentaite_Nature_2021_author_cell_type_X_umap_bf2a8d.csv
cluster_statistics_digestive_tract_Eraslan_Science_2022_Broad_cell_type_X_umap_f44b0f.csv,s3://lifebit-user-data-6941eed90a4dd7a1d1026d7a/deploit/teams/69d8dd1e5d3e1f8c350e006f/users/68af3d99c99eb7bd2ff47bc8/projects/69f80768ca774c668fbaaed8/jobs/6a22c67b0859d97fbe7b5f71/results/cluster_statistics_digestive_tract_Eraslan_Science_2022_Broad_cell_type_X_umap_f44b0f.csv
cluster_statistics_digestive_tract_Garrido-Trigo_Nat_Commun_2023_cell_type_X_umap_7e7800.csv,s3://lifebit-user-data-6941eed90a4dd7a1d1026d7a/deploit/teams/69d8dd1e5d3e1f8c350e006f/users/68af3d99c99eb7bd2ff47bc8/projects/69f80768ca774c668fbaaed8/jobs/6a22c67b0859d97fbe7b5f71/results/cluster_statistics_digestive_tract_Garrido-Trigo_Nat_Commun_2023_cell_type_X_umap_7e7800.csv
cluster_statistics_digestive_tract_Han_Nature_2020_author_cell_type_X_umap_5c7ea7.csv,s3://lifebit-user-data-6941eed90a4dd7a1d1026d7a/deploit/teams/69d8dd1e5d3e1f8c350e006f/users/68af3d99c99eb7bd2ff47bc8/projects/69f80768ca774c668fbaaed8/jobs/6a22c67b0859d97fbe7b5f71/results/cluster_statistics_digestive_tract_Han_Nature_2020_author_cell_type_X_umap_5c7ea7.csv
cluster_statistics_digestive_tract_Horeth_J_Dent_Res_2023_author_cell_type_X_umap_ae6cbe.csv,s3://lifebit-user-data-6941eed90a4dd7a1d1026d7a/deploit/teams/69d8dd1e5d3e1f8c350e006f/users/68af3d99c99eb7bd2ff47bc8/projects/69f80768ca774c668fbaaed8/jobs/6a22c67b0859d97fbe7b5f71/results/cluster_statistics_digestive_tract_Horeth_J_Dent_Res_2023_author_cell_type_X_umap_ae6cbe.csv
cluster_statistics_digestive_tract_Madissoon_Genome_Biol_2020_author_cell_type_X_umap_f35993.csv,s3://lifebit-user-data-6941eed90a4dd7a1d1026d7a/deploit/teams/69d8dd1e5d3e1f8c350e006f/users/68af3d99c99eb7bd2ff47bc8/projects/69f80768ca774c668fbaaed8/jobs/6a22c67b0859d97fbe7b5f71/results/cluster_statistics_digestive_tract_Madissoon_Genome_Biol_2020_author_cell_type_X_umap_f35993.csv
cluster_statistics_digestive_tract_Martin_Cell_2019_author_cell_type1_X_umap_hm_59ef00.csv,s3://lifebit-user-data-6941eed90a4dd7a1d1026d7a/deploit/teams/69d8dd1e5d3e1f8c350e006f/users/68af3d99c99eb7bd2ff47bc8/projects/69f80768ca774c668fbaaed8/jobs/6a22c67b0859d97fbe7b5f71/results/cluster_statistics_digestive_tract_Martin_Cell_2019_author_cell_type1_X_umap_hm_59ef00.csv
cluster_statistics_digestive_tract_Nowicki-Osuch_Cancer_Discovery_2023_Detailed_Cell_Type_umap_MinDist_0.5_N_Neighbors_15_e72b7b.csv,s3://lifebit-user-data-6941eed90a4dd7a1d1026d7a/deploit/teams/69d8dd1e5d3e1f8c350e006f/users/68af3d99c99eb7bd2ff47bc8/projects/69f80768ca774c668fbaaed8/jobs/6a22c67b0859d97fbe7b5f71/results/cluster_statistics_digestive_tract_Nowicki-Osuch_Cancer_Discovery_2023_Detailed_Cell_Type_umap_MinDist_0.5_N_Neighbors_15_e72b7b.csv
cluster_statistics_digestive_tract_Oliver_Nature_2024_level_3_annot_X_umap_a60caa.csv,s3://lifebit-user-data-6941eed90a4dd7a1d1026d7a/deploit/teams/69d8dd1e5d3e1f8c350e006f/users/68af3d99c99eb7bd2ff47bc8/projects/69f80768ca774c668fbaaed8/jobs/6a22c67b0859d97fbe7b5f71/results/cluster_statistics_digestive_tract_Oliver_Nature_2024_level_3_annot_X_umap_a60caa.csv
cluster_statistics_digestive_tract_Smillie_Cell_2019_CellType_X_umap_hm_bbedd2.csv,s3://lifebit-user-data-6941eed90a4dd7a1d1026d7a/deploit/teams/69d8dd1e5d3e1f8c350e006f/users/68af3d99c99eb7bd2ff47bc8/projects/69f80768ca774c668fbaaed8/jobs/6a22c67b0859d97fbe7b5f71/results/cluster_statistics_digestive_tract_Smillie_Cell_2019_CellType_X_umap_hm_bbedd2.csv
cluster_statistics_digestive_tract_Xu_Cell_2023_Curated_annotation_X_umap_30933d.csv,s3://lifebit-user-data-6941eed90a4dd7a1d1026d7a/deploit/teams/69d8dd1e5d3e1f8c350e006f/users/68af3d99c99eb7bd2ff47bc8/projects/69f80768ca774c668fbaaed8/jobs/6a22c67b0859d97fbe7b5f71/results/cluster_statistics_digestive_tract_Xu_Cell_2023_Curated_annotation_X_umap_30933d.csv
cluster_statistics_digestive_tract_Zwick_Nat_Cell_Biol_2024_cell.type_X_umap_f5803a.csv,s3://lifebit-user-data-6941eed90a4dd7a1d1026d7a/deploit/teams/69d8dd1e5d3e1f8c350e006f/users/68af3d99c99eb7bd2ff47bc8/projects/69f80768ca774c668fbaaed8/jobs/6a22c67b0859d97fbe7b5f71/results/cluster_statistics_digestive_tract_Zwick_Nat_Cell_Biol_2024_cell.type_X_umap_f5803a.csv
cluster_stats.log,s3://lifebit-user-data-6941eed90a4dd7a1d1026d7a/deploit/teams/69d8dd1e5d3e1f8c350e006f/users/68af3d99c99eb7bd2ff47bc8/projects/69f80768ca774c668fbaaed8/jobs/6a22c67b0859d97fbe7b5f71/results/cluster_stats.log
dataset_summary_digestive_tract_Burclaff_Cellular_and_Molecular_Gastroenterology_and_Hepatology_2022_lineage_X_umap_5247a6.csv,s3://lifebit-user-data-6941eed90a4dd7a1d1026d7a/deploit/teams/69d8dd1e5d3e1f8c350e006f/users/68af3d99c99eb7bd2ff47bc8/projects/69f80768ca774c668fbaaed8/jobs/6a22c67b0859d97fbe7b5f71/results/dataset_summary_digestive_tract_Burclaff_Cellular_and_Molecular_Gastroenterology_and_Hepatology_2022_lineage_X_umap_5247a6.csv
dataset_summary_digestive_tract_Elmentaite_Nature_2021_author_cell_type_X_umap_bf2a8d.csv,s3://lifebit-user-data-6941eed90a4dd7a1d1026d7a/deploit/teams/69d8dd1e5d3e1f8c350e006f/users/68af3d99c99eb7bd2ff47bc8/projects/69f80768ca774c668fbaaed8/jobs/6a22c67b0859d97fbe7b5f71/results/dataset_summary_digestive_tract_Elmentaite_Nature_2021_author_cell_type_X_umap_bf2a8d.csv
dataset_summary_digestive_tract_Eraslan_Science_2022_Broad_cell_type_X_umap_f44b0f.csv,s3://lifebit-user-data-6941eed90a4dd7a1d1026d7a/deploit/teams/69d8dd1e5d3e1f8c350e006f/users/68af3d99c99eb7bd2ff47bc8/projects/69f80768ca774c668fbaaed8/jobs/6a22c67b0859d97fbe7b5f71/results/dataset_summary_digestive_tract_Eraslan_Science_2022_Broad_cell_type_X_umap_f44b0f.csv
dataset_summary_digestive_tract_Garrido-Trigo_Nat_Commun_2023_cell_type_X_umap_7e7800.csv,s3://lifebit-user-data-6941eed90a4dd7a1d1026d7a/deploit/teams/69d8dd1e5d3e1f8c350e006f/users/68af3d99c99eb7bd2ff47bc8/projects/69f80768ca774c668fbaaed8/jobs/6a22c67b0859d97fbe7b5f71/results/dataset_summary_digestive_tract_Garrido-Trigo_Nat_Commun_2023_cell_type_X_umap_7e7800.csv
dataset_summary_digestive_tract_Han_Nature_2020_author_cell_type_X_umap_5c7ea7.csv,s3://lifebit-user-data-6941eed90a4dd7a1d1026d7a/deploit/teams/69d8dd1e5d3e1f8c350e006f/users/68af3d99c99eb7bd2ff47bc8/projects/69f80768ca774c668fbaaed8/jobs/6a22c67b0859d97fbe7b5f71/results/dataset_summary_digestive_tract_Han_Nature_2020_author_cell_type_X_umap_5c7ea7.csv
dataset_summary_digestive_tract_Horeth_J_Dent_Res_2023_author_cell_type_X_umap_ae6cbe.csv,s3://lifebit-user-data-6941eed90a4dd7a1d1026d7a/deploit/teams/69d8dd1e5d3e1f8c350e006f/users/68af3d99c99eb7bd2ff47bc8/projects/69f80768ca774c668fbaaed8/jobs/6a22c67b0859d97fbe7b5f71/results/dataset_summary_digestive_tract_Horeth_J_Dent_Res_2023_author_cell_type_X_umap_ae6cbe.csv
dataset_summary_digestive_tract_Madissoon_Genome_Biol_2020_author_cell_type_X_umap_f35993.csv,s3://lifebit-user-data-6941eed90a4dd7a1d1026d7a/deploit/teams/69d8dd1e5d3e1f8c350e006f/users/68af3d99c99eb7bd2ff47bc8/projects/69f80768ca774c668fbaaed8/jobs/6a22c67b0859d97fbe7b5f71/results/dataset_summary_digestive_tract_Madissoon_Genome_Biol_2020_author_cell_type_X_umap_f35993.csv
dataset_summary_digestive_tract_Martin_Cell_2019_author_cell_type1_X_umap_hm_59ef00.csv,s3://lifebit-user-data-6941eed90a4dd7a1d1026d7a/deploit/teams/69d8dd1e5d3e1f8c350e006f/users/68af3d99c99eb7bd2ff47bc8/projects/69f80768ca774c668fbaaed8/jobs/6a22c67b0859d97fbe7b5f71/results/dataset_summary_digestive_tract_Martin_Cell_2019_author_cell_type1_X_umap_hm_59ef00.csv
dataset_summary_digestive_tract_Nowicki-Osuch_Cancer_Discovery_2023_Detailed_Cell_Type_umap_MinDist_0.5_N_Neighbors_15_e72b7b.csv,s3://lifebit-user-data-6941eed90a4dd7a1d1026d7a/deploit/teams/69d8dd1e5d3e1f8c350e006f/users/68af3d99c99eb7bd2ff47bc8/projects/69f80768ca774c668fbaaed8/jobs/6a22c67b0859d97fbe7b5f71/results/dataset_summary_digestive_tract_Nowicki-Osuch_Cancer_Discovery_2023_Detailed_Cell_Type_umap_MinDist_0.5_N_Neighbors_15_e72b7b.csv
dataset_summary_digestive_tract_Oliver_Nature_2024_level_3_annot_X_umap_a60caa.csv,s3://lifebit-user-data-6941eed90a4dd7a1d1026d7a/deploit/teams/69d8dd1e5d3e1f8c350e006f/users/68af3d99c99eb7bd2ff47bc8/projects/69f80768ca774c668fbaaed8/jobs/6a22c67b0859d97fbe7b5f71/results/dataset_summary_digestive_tract_Oliver_Nature_2024_level_3_annot_X_umap_a60caa.csv
dataset_summary_digestive_tract_Smillie_Cell_2019_CellType_X_umap_hm_bbedd2.csv,s3://lifebit-user-data-6941eed90a4dd7a1d1026d7a/deploit/teams/69d8dd1e5d3e1f8c350e006f/users/68af3d99c99eb7bd2ff47bc8/projects/69f80768ca774c668fbaaed8/jobs/6a22c67b0859d97fbe7b5f71/results/dataset_summary_digestive_tract_Smillie_Cell_2019_CellType_X_umap_hm_bbedd2.csv
dataset_summary_digestive_tract_Xu_Cell_2023_Curated_annotation_X_umap_30933d.csv,s3://lifebit-user-data-6941eed90a4dd7a1d1026d7a/deploit/teams/69d8dd1e5d3e1f8c350e006f/users/68af3d99c99eb7bd2ff47bc8/projects/69f80768ca774c668fbaaed8/jobs/6a22c67b0859d97fbe7b5f71/results/dataset_summary_digestive_tract_Xu_Cell_2023_Curated_annotation_X_umap_30933d.csv
dataset_summary_digestive_tract_Zwick_Nat_Cell_Biol_2024_cell.type_X_umap_f5803a.csv,s3://lifebit-user-data-6941eed90a4dd7a1d1026d7a/deploit/teams/69d8dd1e5d3e1f8c350e006f/users/68af3d99c99eb7bd2ff47bc8/projects/69f80768ca774c668fbaaed8/jobs/6a22c67b0859d97fbe7b5f71/results/dataset_summary_digestive_tract_Zwick_Nat_Cell_Biol_2024_cell.type_X_umap_f5803a.csv
dendrogram_before_filter_digestive_tract_Burclaff_Cellular_and_Molecular_Gastroenterology_and_Hepatology_2022_lineage_X_umap_5247a6.svg,s3://lifebit-user-data-6941eed90a4dd7a1d1026d7a/deploit/teams/69d8dd1e5d3e1f8c350e006f/users/68af3d99c99eb7bd2ff47bc8/projects/69f80768ca774c668fbaaed8/jobs/6a22c67b0859d97fbe7b5f71/results/dendrogram_before_filter_digestive_tract_Burclaff_Cellular_and_Molecular_Gastroenterology_and_Hepatology_2022_lineage_X_umap_5247a6.svg
dendrogram_before_filter_digestive_tract_Elmentaite_Nature_2021_author_cell_type_X_umap_bf2a8d.svg,s3://lifebit-user-data-6941eed90a4dd7a1d1026d7a/deploit/teams/69d8dd1e5d3e1f8c350e006f/users/68af3d99c99eb7bd2ff47bc8/projects/69f80768ca774c668fbaaed8/jobs/6a22c67b0859d97fbe7b5f71/results/dendrogram_before_filter_digestive_tract_Elmentaite_Nature_2021_author_cell_type_X_umap_bf2a8d.svg
dendrogram_before_filter_digestive_tract_Eraslan_Science_2022_Broad_cell_type_X_umap_f44b0f.svg,s3://lifebit-user-data-6941eed90a4dd7a1d1026d7a/deploit/teams/69d8dd1e5d3e1f8c350e006f/users/68af3d99c99eb7bd2ff47bc8/projects/69f80768ca774c668fbaaed8/jobs/6a22c67b0859d97fbe7b5f71/results/dendrogram_before_filter_digestive_tract_Eraslan_Science_2022_Broad_cell_type_X_umap_f44b0f.svg
dendrogram_before_filter_digestive_tract_Garrido-Trigo_Nat_Commun_2023_cell_type_X_umap_7e7800.svg,s3://lifebit-user-data-6941eed90a4dd7a1d1026d7a/deploit/teams/69d8dd1e5d3e1f8c350e006f/users/68af3d99c99eb7bd2ff47bc8/projects/69f80768ca774c668fbaaed8/jobs/6a22c67b0859d97fbe7b5f71/results/dendrogram_before_filter_digestive_tract_Garrido-Trigo_Nat_Commun_2023_cell_type_X_umap_7e7800.svg
dendrogram_before_filter_digestive_tract_Han_Nature_2020_author_cell_type_X_umap_5c7ea7.svg,s3://lifebit-user-data-6941eed90a4dd7a1d1026d7a/deploit/teams/69d8dd1e5d3e1f8c350e006f/users/68af3d99c99eb7bd2ff47bc8/projects/69f80768ca774c668fbaaed8/jobs/6a22c67b0859d97fbe7b5f71/results/dendrogram_before_filter_digestive_tract_Han_Nature_2020_author_cell_type_X_umap_5c7ea7.svg
dendrogram_before_filter_digestive_tract_Horeth_J_Dent_Res_2023_author_cell_type_X_umap_ae6cbe.svg,s3://lifebit-user-data-6941eed90a4dd7a1d1026d7a/deploit/teams/69d8dd1e5d3e1f8c350e006f/users/68af3d99c99eb7bd2ff47bc8/projects/69f80768ca774c668fbaaed8/jobs/6a22c67b0859d97fbe7b5f71/results/dendrogram_before_filter_digestive_tract_Horeth_J_Dent_Res_2023_author_cell_type_X_umap_ae6cbe.svg
dendrogram_before_filter_digestive_tract_Madissoon_Genome_Biol_2020_author_cell_type_X_umap_f35993.svg,s3://lifebit-user-data-6941eed90a4dd7a1d1026d7a/deploit/teams/69d8dd1e5d3e1f8c350e006f/users/68af3d99c99eb7bd2ff47bc8/projects/69f80768ca774c668fbaaed8/jobs/6a22c67b0859d97fbe7b5f71/results/dendrogram_before_filter_digestive_tract_Madissoon_Genome_Biol_2020_author_cell_type_X_umap_f35993.svg
dendrogram_before_filter_digestive_tract_Martin_Cell_2019_author_cell_type1_X_umap_hm_59ef00.svg,s3://lifebit-user-data-6941eed90a4dd7a1d1026d7a/deploit/teams/69d8dd1e5d3e1f8c350e006f/users/68af3d99c99eb7bd2ff47bc8/projects/69f80768ca774c668fbaaed8/jobs/6a22c67b0859d97fbe7b5f71/results/dendrogram_before_filter_digestive_tract_Martin_Cell_2019_author_cell_type1_X_umap_hm_59ef00.svg
dendrogram_before_filter_digestive_tract_Nowicki-Osuch_Cancer_Discovery_2023_Detailed_Cell_Type_umap_MinDist_0.5_N_Neighbors_15_e72b7b.svg,s3://lifebit-user-data-6941eed90a4dd7a1d1026d7a/deploit/teams/69d8dd1e5d3e1f8c350e006f/users/68af3d99c99eb7bd2ff47bc8/projects/69f80768ca774c668fbaaed8/jobs/6a22c67b0859d97fbe7b5f71/results/dendrogram_before_filter_digestive_tract_Nowicki-Osuch_Cancer_Discovery_2023_Detailed_Cell_Type_umap_MinDist_0.5_N_Neighbors_15_e72b7b.svg
dendrogram_before_filter_digestive_tract_Oliver_Nature_2024_level_3_annot_X_umap_a60caa.svg,s3://lifebit-user-data-6941eed90a4dd7a1d1026d7a/deploit/teams/69d8dd1e5d3e1f8c350e006f/users/68af3d99c99eb7bd2ff47bc8/projects/69f80768ca774c668fbaaed8/jobs/6a22c67b0859d97fbe7b5f71/results/dendrogram_before_filter_digestive_tract_Oliver_Nature_2024_level_3_annot_X_umap_a60caa.svg
dendrogram_before_filter_digestive_tract_Smillie_Cell_2019_CellType_X_umap_hm_bbedd2.svg,s3://lifebit-user-data-6941eed90a4dd7a1d1026d7a/deploit/teams/69d8dd1e5d3e1f8c350e006f/users/68af3d99c99eb7bd2ff47bc8/projects/69f80768ca774c668fbaaed8/jobs/6a22c67b0859d97fbe7b5f71/results/dendrogram_before_filter_digestive_tract_Smillie_Cell_2019_CellType_X_umap_hm_bbedd2.svg
dendrogram_before_filter_digestive_tract_Xu_Cell_2023_Curated_annotation_X_umap_30933d.svg,s3://lifebit-user-data-6941eed90a4dd7a1d1026d7a/deploit/teams/69d8dd1e5d3e1f8c350e006f/users/68af3d99c99eb7bd2ff47bc8/projects/69f80768ca774c668fbaaed8/jobs/6a22c67b0859d97fbe7b5f71/results/dendrogram_before_filter_digestive_tract_Xu_Cell_2023_Curated_annotation_X_umap_30933d.svg
dendrogram_before_filter_digestive_tract_Zwick_Nat_Cell_Biol_2024_cell.type_X_umap_f5803a.svg,s3://lifebit-user-data-6941eed90a4dd7a1d1026d7a/deploit/teams/69d8dd1e5d3e1f8c350e006f/users/68af3d99c99eb7bd2ff47bc8/projects/69f80768ca774c668fbaaed8/jobs/6a22c67b0859d97fbe7b5f71/results/dendrogram_before_filter_digestive_tract_Zwick_Nat_Cell_Biol_2024_cell.type_X_umap_f5803a.svg
dendrogram_digestive_tract_Burclaff_Cellular_and_Molecular_Gastroenterology_and_Hepatology_2022_lineage_X_umap_5247a6.svg,s3://lifebit-user-data-6941eed90a4dd7a1d1026d7a/deploit/teams/69d8dd1e5d3e1f8c350e006f/users/68af3d99c99eb7bd2ff47bc8/projects/69f80768ca774c668fbaaed8/jobs/6a22c67b0859d97fbe7b5f71/results/dendrogram_digestive_tract_Burclaff_Cellular_and_Molecular_Gastroenterology_and_Hepatology_2022_lineage_X_umap_5247a6.svg
dendrogram_digestive_tract_Elmentaite_Nature_2021_author_cell_type_X_umap_bf2a8d.svg,s3://lifebit-user-data-6941eed90a4dd7a1d1026d7a/deploit/teams/69d8dd1e5d3e1f8c350e006f/users/68af3d99c99eb7bd2ff47bc8/projects/69f80768ca774c668fbaaed8/jobs/6a22c67b0859d97fbe7b5f71/results/dendrogram_digestive_tract_Elmentaite_Nature_2021_author_cell_type_X_umap_bf2a8d.svg
dendrogram_digestive_tract_Eraslan_Science_2022_Broad_cell_type_X_umap_f44b0f.svg,s3://lifebit-user-data-6941eed90a4dd7a1d1026d7a/deploit/teams/69d8dd1e5d3e1f8c350e006f/users/68af3d99c99eb7bd2ff47bc8/projects/69f80768ca774c668fbaaed8/jobs/6a22c67b0859d97fbe7b5f71/results/dendrogram_digestive_tract_Eraslan_Science_2022_Broad_cell_type_X_umap_f44b0f.svg
dendrogram_digestive_tract_Garrido-Trigo_Nat_Commun_2023_cell_type_X_umap_7e7800.svg,s3://lifebit-user-data-6941eed90a4dd7a1d1026d7a/deploit/teams/69d8dd1e5d3e1f8c350e006f/users/68af3d99c99eb7bd2ff47bc8/projects/69f80768ca774c668fbaaed8/jobs/6a22c67b0859d97fbe7b5f71/results/dendrogram_digestive_tract_Garrido-Trigo_Nat_Commun_2023_cell_type_X_umap_7e7800.svg
dendrogram_digestive_tract_Han_Nature_2020_author_cell_type_X_umap_5c7ea7.svg,s3://lifebit-user-data-6941eed90a4dd7a1d1026d7a/deploit/teams/69d8dd1e5d3e1f8c350e006f/users/68af3d99c99eb7bd2ff47bc8/projects/69f80768ca774c668fbaaed8/jobs/6a22c67b0859d97fbe7b5f71/results/dendrogram_digestive_tract_Han_Nature_2020_author_cell_type_X_umap_5c7ea7.svg
dendrogram_digestive_tract_Horeth_J_Dent_Res_2023_author_cell_type_X_umap_ae6cbe.svg,s3://lifebit-user-data-6941eed90a4dd7a1d1026d7a/deploit/teams/69d8dd1e5d3e1f8c350e006f/users/68af3d99c99eb7bd2ff47bc8/projects/69f80768ca774c668fbaaed8/jobs/6a22c67b0859d97fbe7b5f71/results/dendrogram_digestive_tract_Horeth_J_Dent_Res_2023_author_cell_type_X_umap_ae6cbe.svg
dendrogram_digestive_tract_Madissoon_Genome_Biol_2020_author_cell_type_X_umap_f35993.svg,s3://lifebit-user-data-6941eed90a4dd7a1d1026d7a/deploit/teams/69d8dd1e5d3e1f8c350e006f/users/68af3d99c99eb7bd2ff47bc8/projects/69f80768ca774c668fbaaed8/jobs/6a22c67b0859d97fbe7b5f71/results/dendrogram_digestive_tract_Madissoon_Genome_Biol_2020_author_cell_type_X_umap_f35993.svg
dendrogram_digestive_tract_Martin_Cell_2019_author_cell_type1_X_umap_hm_59ef00.svg,s3://lifebit-user-data-6941eed90a4dd7a1d1026d7a/deploit/teams/69d8dd1e5d3e1f8c350e006f/users/68af3d99c99eb7bd2ff47bc8/projects/69f80768ca774c668fbaaed8/jobs/6a22c67b0859d97fbe7b5f71/results/dendrogram_digestive_tract_Martin_Cell_2019_author_cell_type1_X_umap_hm_59ef00.svg
dendrogram_digestive_tract_Nowicki-Osuch_Cancer_Discovery_2023_Detailed_Cell_Type_umap_MinDist_0.5_N_Neighbors_15_e72b7b.svg,s3://lifebit-user-data-6941eed90a4dd7a1d1026d7a/deploit/teams/69d8dd1e5d3e1f8c350e006f/users/68af3d99c99eb7bd2ff47bc8/projects/69f80768ca774c668fbaaed8/jobs/6a22c67b0859d97fbe7b5f71/results/dendrogram_digestive_tract_Nowicki-Osuch_Cancer_Discovery_2023_Detailed_Cell_Type_umap_MinDist_0.5_N_Neighbors_15_e72b7b.svg
dendrogram_digestive_tract_Oliver_Nature_2024_level_3_annot_X_umap_a60caa.svg,s3://lifebit-user-data-6941eed90a4dd7a1d1026d7a/deploit/teams/69d8dd1e5d3e1f8c350e006f/users/68af3d99c99eb7bd2ff47bc8/projects/69f80768ca774c668fbaaed8/jobs/6a22c67b0859d97fbe7b5f71/results/dendrogram_digestive_tract_Oliver_Nature_2024_level_3_annot_X_umap_a60caa.svg
dendrogram_digestive_tract_Smillie_Cell_2019_CellType_X_umap_hm_bbedd2.svg,s3://lifebit-user-data-6941eed90a4dd7a1d1026d7a/deploit/teams/69d8dd1e5d3e1f8c350e006f/users/68af3d99c99eb7bd2ff47bc8/projects/69f80768ca774c668fbaaed8/jobs/6a22c67b0859d97fbe7b5f71/results/dendrogram_digestive_tract_Smillie_Cell_2019_CellType_X_umap_hm_bbedd2.svg
dendrogram_digestive_tract_Xu_Cell_2023_Curated_annotation_X_umap_30933d.svg,s3://lifebit-user-data-6941eed90a4dd7a1d1026d7a/deploit/teams/69d8dd1e5d3e1f8c350e006f/users/68af3d99c99eb7bd2ff47bc8/projects/69f80768ca774c668fbaaed8/jobs/6a22c67b0859d97fbe7b5f71/results/dendrogram_digestive_tract_Xu_Cell_2023_Curated_annotation_X_umap_30933d.svg
dendrogram_digestive_tract_Zwick_Nat_Cell_Biol_2024_cell.type_X_umap_f5803a.svg,s3://lifebit-user-data-6941eed90a4dd7a1d1026d7a/deploit/teams/69d8dd1e5d3e1f8c350e006f/users/68af3d99c99eb7bd2ff47bc8/projects/69f80768ca774c668fbaaed8/jobs/6a22c67b0859d97fbe7b5f71/results/dendrogram_digestive_tract_Zwick_Nat_Cell_Biol_2024_cell.type_X_umap_f5803a.svg
distribution_log10_digestive_tract_Burclaff_Cellular_and_Molecular_Gastroenterology_and_Hepatology_2022_lineage_X_umap_5247a6.html,s3://lifebit-user-data-6941eed90a4dd7a1d1026d7a/deploit/teams/69d8dd1e5d3e1f8c350e006f/users/68af3d99c99eb7bd2ff47bc8/projects/69f80768ca774c668fbaaed8/jobs/6a22c67b0859d97fbe7b5f71/results/distribution_log10_digestive_tract_Burclaff_Cellular_and_Molecular_Gastroenterology_and_Hepatology_2022_lineage_X_umap_5247a6.html
distribution_log10_digestive_tract_Burclaff_Cellular_and_Molecular_Gastroenterology_and_Hepatology_2022_lineage_X_umap_5247a6.svg,s3://lifebit-user-data-6941eed90a4dd7a1d1026d7a/deploit/teams/69d8dd1e5d3e1f8c350e006f/users/68af3d99c99eb7bd2ff47bc8/projects/69f80768ca774c668fbaaed8/jobs/6a22c67b0859d97fbe7b5f71/results/distribution_log10_digestive_tract_Burclaff_Cellular_and_Molecular_Gastroenterology_and_Hepatology_2022_lineage_X_umap_5247a6.svg
distribution_log10_digestive_tract_Elmentaite_Nature_2021_author_cell_type_X_umap_bf2a8d.html,s3://lifebit-user-data-6941eed90a4dd7a1d1026d7a/deploit/teams/69d8dd1e5d3e1f8c350e006f/users/68af3d99c99eb7bd2ff47bc8/projects/69f80768ca774c668fbaaed8/jobs/6a22c67b0859d97fbe7b5f71/results/distribution_log10_digestive_tract_Elmentaite_Nature_2021_author_cell_type_X_umap_bf2a8d.html
distribution_log10_digestive_tract_Elmentaite_Nature_2021_author_cell_type_X_umap_bf2a8d.svg,s3://lifebit-user-data-6941eed90a4dd7a1d1026d7a/deploit/teams/69d8dd1e5d3e1f8c350e006f/users/68af3d99c99eb7bd2ff47bc8/projects/69f80768ca774c668fbaaed8/jobs/6a22c67b0859d97fbe7b5f71/results/distribution_log10_digestive_tract_Elmentaite_Nature_2021_author_cell_type_X_umap_bf2a8d.svg
distribution_log10_digestive_tract_Eraslan_Science_2022_Broad_cell_type_X_umap_f44b0f.html,s3://lifebit-user-data-6941eed90a4dd7a1d1026d7a/deploit/teams/69d8dd1e5d3e1f8c350e006f/users/68af3d99c99eb7bd2ff47bc8/projects/69f80768ca774c668fbaaed8/jobs/6a22c67b0859d97fbe7b5f71/results/distribution_log10_digestive_tract_Eraslan_Science_2022_Broad_cell_type_X_umap_f44b0f.html
distribution_log10_digestive_tract_Eraslan_Science_2022_Broad_cell_type_X_umap_f44b0f.svg,s3://lifebit-user-data-6941eed90a4dd7a1d1026d7a/deploit/teams/69d8dd1e5d3e1f8c350e006f/users/68af3d99c99eb7bd2ff47bc8/projects/69f80768ca774c668fbaaed8/jobs/6a22c67b0859d97fbe7b5f71/results/distribution_log10_digestive_tract_Eraslan_Science_2022_Broad_cell_type_X_umap_f44b0f.svg
distribution_log10_digestive_tract_Garrido-Trigo_Nat_Commun_2023_cell_type_X_umap_7e7800.html,s3://lifebit-user-data-6941eed90a4dd7a1d1026d7a/deploit/teams/69d8dd1e5d3e1f8c350e006f/users/68af3d99c99eb7bd2ff47bc8/projects/69f80768ca774c668fbaaed8/jobs/6a22c67b0859d97fbe7b5f71/results/distribution_log10_digestive_tract_Garrido-Trigo_Nat_Commun_2023_cell_type_X_umap_7e7800.html
distribution_log10_digestive_tract_Garrido-Trigo_Nat_Commun_2023_cell_type_X_umap_7e7800.svg,s3://lifebit-user-data-6941eed90a4dd7a1d1026d7a/deploit/teams/69d8dd1e5d3e1f8c350e006f/users/68af3d99c99eb7bd2ff47bc8/projects/69f80768ca774c668fbaaed8/jobs/6a22c67b0859d97fbe7b5f71/results/distribution_log10_digestive_tract_Garrido-Trigo_Nat_Commun_2023_cell_type_X_umap_7e7800.svg
distribution_log10_digestive_tract_Han_Nature_2020_author_cell_type_X_umap_5c7ea7.html,s3://lifebit-user-data-6941eed90a4dd7a1d1026d7a/deploit/teams/69d8dd1e5d3e1f8c350e006f/users/68af3d99c99eb7bd2ff47bc8/projects/69f80768ca774c668fbaaed8/jobs/6a22c67b0859d97fbe7b5f71/results/distribution_log10_digestive_tract_Han_Nature_2020_author_cell_type_X_umap_5c7ea7.html
distribution_log10_digestive_tract_Han_Nature_2020_author_cell_type_X_umap_5c7ea7.svg,s3://lifebit-user-data-6941eed90a4dd7a1d1026d7a/deploit/teams/69d8dd1e5d3e1f8c350e006f/users/68af3d99c99eb7bd2ff47bc8/projects/69f80768ca774c668fbaaed8/jobs/6a22c67b0859d97fbe7b5f71/results/distribution_log10_digestive_tract_Han_Nature_2020_author_cell_type_X_umap_5c7ea7.svg
distribution_log10_digestive_tract_Horeth_J_Dent_Res_2023_author_cell_type_X_umap_ae6cbe.html,s3://lifebit-user-data-6941eed90a4dd7a1d1026d7a/deploit/teams/69d8dd1e5d3e1f8c350e006f/users/68af3d99c99eb7bd2ff47bc8/projects/69f80768ca774c668fbaaed8/jobs/6a22c67b0859d97fbe7b5f71/results/distribution_log10_digestive_tract_Horeth_J_Dent_Res_2023_author_cell_type_X_umap_ae6cbe.html
distribution_log10_digestive_tract_Horeth_J_Dent_Res_2023_author_cell_type_X_umap_ae6cbe.svg,s3://lifebit-user-data-6941eed90a4dd7a1d1026d7a/deploit/teams/69d8dd1e5d3e1f8c350e006f/users/68af3d99c99eb7bd2ff47bc8/projects/69f80768ca774c668fbaaed8/jobs/6a22c67b0859d97fbe7b5f71/results/distribution_log10_digestive_tract_Horeth_J_Dent_Res_2023_author_cell_type_X_umap_ae6cbe.svg
distribution_log10_digestive_tract_Madissoon_Genome_Biol_2020_author_cell_type_X_umap_f35993.html,s3://lifebit-user-data-6941eed90a4dd7a1d1026d7a/deploit/teams/69d8dd1e5d3e1f8c350e006f/users/68af3d99c99eb7bd2ff47bc8/projects/69f80768ca774c668fbaaed8/jobs/6a22c67b0859d97fbe7b5f71/results/distribution_log10_digestive_tract_Madissoon_Genome_Biol_2020_author_cell_type_X_umap_f35993.html
distribution_log10_digestive_tract_Madissoon_Genome_Biol_2020_author_cell_type_X_umap_f35993.svg,s3://lifebit-user-data-6941eed90a4dd7a1d1026d7a/deploit/teams/69d8dd1e5d3e1f8c350e006f/users/68af3d99c99eb7bd2ff47bc8/projects/69f80768ca774c668fbaaed8/jobs/6a22c67b0859d97fbe7b5f71/results/distribution_log10_digestive_tract_Madissoon_Genome_Biol_2020_author_cell_type_X_umap_f35993.svg
distribution_log10_digestive_tract_Martin_Cell_2019_author_cell_type1_X_umap_hm_59ef00.html,s3://lifebit-user-data-6941eed90a4dd7a1d1026d7a/deploit/teams/69d8dd1e5d3e1f8c350e006f/users/68af3d99c99eb7bd2ff47bc8/projects/69f80768ca774c668fbaaed8/jobs/6a22c67b0859d97fbe7b5f71/results/distribution_log10_digestive_tract_Martin_Cell_2019_author_cell_type1_X_umap_hm_59ef00.html
distribution_log10_digestive_tract_Martin_Cell_2019_author_cell_type1_X_umap_hm_59ef00.svg,s3://lifebit-user-data-6941eed90a4dd7a1d1026d7a/deploit/teams/69d8dd1e5d3e1f8c350e006f/users/68af3d99c99eb7bd2ff47bc8/projects/69f80768ca774c668fbaaed8/jobs/6a22c67b0859d97fbe7b5f71/results/distribution_log10_digestive_tract_Martin_Cell_2019_author_cell_type1_X_umap_hm_59ef00.svg
distribution_log10_digestive_tract_Nowicki-Osuch_Cancer_Discovery_2023_Detailed_Cell_Type_umap_MinDist_0.5_N_Neighbors_15_e72b7b.html,s3://lifebit-user-data-6941eed90a4dd7a1d1026d7a/deploit/teams/69d8dd1e5d3e1f8c350e006f/users/68af3d99c99eb7bd2ff47bc8/projects/69f80768ca774c668fbaaed8/jobs/6a22c67b0859d97fbe7b5f71/results/distribution_log10_digestive_tract_Nowicki-Osuch_Cancer_Discovery_2023_Detailed_Cell_Type_umap_MinDist_0.5_N_Neighbors_15_e72b7b.html
distribution_log10_digestive_tract_Nowicki-Osuch_Cancer_Discovery_2023_Detailed_Cell_Type_umap_MinDist_0.5_N_Neighbors_15_e72b7b.svg,s3://lifebit-user-data-6941eed90a4dd7a1d1026d7a/deploit/teams/69d8dd1e5d3e1f8c350e006f/users/68af3d99c99eb7bd2ff47bc8/projects/69f80768ca774c668fbaaed8/jobs/6a22c67b0859d97fbe7b5f71/results/distribution_log10_digestive_tract_Nowicki-Osuch_Cancer_Discovery_2023_Detailed_Cell_Type_umap_MinDist_0.5_N_Neighbors_15_e72b7b.svg
distribution_log10_digestive_tract_Oliver_Nature_2024_level_3_annot_X_umap_a60caa.html,s3://lifebit-user-data-6941eed90a4dd7a1d1026d7a/deploit/teams/69d8dd1e5d3e1f8c350e006f/users/68af3d99c99eb7bd2ff47bc8/projects/69f80768ca774c668fbaaed8/jobs/6a22c67b0859d97fbe7b5f71/results/distribution_log10_digestive_tract_Oliver_Nature_2024_level_3_annot_X_umap_a60caa.html
distribution_log10_digestive_tract_Oliver_Nature_2024_level_3_annot_X_umap_a60caa.svg,s3://lifebit-user-data-6941eed90a4dd7a1d1026d7a/deploit/teams/69d8dd1e5d3e1f8c350e006f/users/68af3d99c99eb7bd2ff47bc8/projects/69f80768ca774c668fbaaed8/jobs/6a22c67b0859d97fbe7b5f71/results/distribution_log10_digestive_tract_Oliver_Nature_2024_level_3_annot_X_umap_a60caa.svg
distribution_log10_digestive_tract_Smillie_Cell_2019_CellType_X_umap_hm_bbedd2.html,s3://lifebit-user-data-6941eed90a4dd7a1d1026d7a/deploit/teams/69d8dd1e5d3e1f8c350e006f/users/68af3d99c99eb7bd2ff47bc8/projects/69f80768ca774c668fbaaed8/jobs/6a22c67b0859d97fbe7b5f71/results/distribution_log10_digestive_tract_Smillie_Cell_2019_CellType_X_umap_hm_bbedd2.html
distribution_log10_digestive_tract_Smillie_Cell_2019_CellType_X_umap_hm_bbedd2.svg,s3://lifebit-user-data-6941eed90a4dd7a1d1026d7a/deploit/teams/69d8dd1e5d3e1f8c350e006f/users/68af3d99c99eb7bd2ff47bc8/projects/69f80768ca774c668fbaaed8/jobs/6a22c67b0859d97fbe7b5f71/results/distribution_log10_digestive_tract_Smillie_Cell_2019_CellType_X_umap_hm_bbedd2.svg
distribution_log10_digestive_tract_Xu_Cell_2023_Curated_annotation_X_umap_30933d.html,s3://lifebit-user-data-6941eed90a4dd7a1d1026d7a/deploit/teams/69d8dd1e5d3e1f8c350e006f/users/68af3d99c99eb7bd2ff47bc8/projects/69f80768ca774c668fbaaed8/jobs/6a22c67b0859d97fbe7b5f71/results/distribution_log10_digestive_tract_Xu_Cell_2023_Curated_annotation_X_umap_30933d.html
distribution_log10_digestive_tract_Xu_Cell_2023_Curated_annotation_X_umap_30933d.svg,s3://lifebit-user-data-6941eed90a4dd7a1d1026d7a/deploit/teams/69d8dd1e5d3e1f8c350e006f/users/68af3d99c99eb7bd2ff47bc8/projects/69f80768ca774c668fbaaed8/jobs/6a22c67b0859d97fbe7b5f71/results/distribution_log10_digestive_tract_Xu_Cell_2023_Curated_annotation_X_umap_30933d.svg
distribution_log10_digestive_tract_Zwick_Nat_Cell_Biol_2024_cell.type_X_umap_f5803a.html,s3://lifebit-user-data-6941eed90a4dd7a1d1026d7a/deploit/teams/69d8dd1e5d3e1f8c350e006f/users/68af3d99c99eb7bd2ff47bc8/projects/69f80768ca774c668fbaaed8/jobs/6a22c67b0859d97fbe7b5f71/results/distribution_log10_digestive_tract_Zwick_Nat_Cell_Biol_2024_cell.type_X_umap_f5803a.html
distribution_log10_digestive_tract_Zwick_Nat_Cell_Biol_2024_cell.type_X_umap_f5803a.svg,s3://lifebit-user-data-6941eed90a4dd7a1d1026d7a/deploit/teams/69d8dd1e5d3e1f8c350e006f/users/68af3d99c99eb7bd2ff47bc8/projects/69f80768ca774c668fbaaed8/jobs/6a22c67b0859d97fbe7b5f71/results/distribution_log10_digestive_tract_Zwick_Nat_Cell_Biol_2024_cell.type_X_umap_f5803a.svg
distribution_raw_digestive_tract_Burclaff_Cellular_and_Molecular_Gastroenterology_and_Hepatology_2022_lineage_X_umap_5247a6.html,s3://lifebit-user-data-6941eed90a4dd7a1d1026d7a/deploit/teams/69d8dd1e5d3e1f8c350e006f/users/68af3d99c99eb7bd2ff47bc8/projects/69f80768ca774c668fbaaed8/jobs/6a22c67b0859d97fbe7b5f71/results/distribution_raw_digestive_tract_Burclaff_Cellular_and_Molecular_Gastroenterology_and_Hepatology_2022_lineage_X_umap_5247a6.html
distribution_raw_digestive_tract_Burclaff_Cellular_and_Molecular_Gastroenterology_and_Hepatology_2022_lineage_X_umap_5247a6.svg,s3://lifebit-user-data-6941eed90a4dd7a1d1026d7a/deploit/teams/69d8dd1e5d3e1f8c350e006f/users/68af3d99c99eb7bd2ff47bc8/projects/69f80768ca774c668fbaaed8/jobs/6a22c67b0859d97fbe7b5f71/results/distribution_raw_digestive_tract_Burclaff_Cellular_and_Molecular_Gastroenterology_and_Hepatology_2022_lineage_X_umap_5247a6.svg
distribution_raw_digestive_tract_Elmentaite_Nature_2021_author_cell_type_X_umap_bf2a8d.html,s3://lifebit-user-data-6941eed90a4dd7a1d1026d7a/deploit/teams/69d8dd1e5d3e1f8c350e006f/users/68af3d99c99eb7bd2ff47bc8/projects/69f80768ca774c668fbaaed8/jobs/6a22c67b0859d97fbe7b5f71/results/distribution_raw_digestive_tract_Elmentaite_Nature_2021_author_cell_type_X_umap_bf2a8d.html
distribution_raw_digestive_tract_Elmentaite_Nature_2021_author_cell_type_X_umap_bf2a8d.svg,s3://lifebit-user-data-6941eed90a4dd7a1d1026d7a/deploit/teams/69d8dd1e5d3e1f8c350e006f/users/68af3d99c99eb7bd2ff47bc8/projects/69f80768ca774c668fbaaed8/jobs/6a22c67b0859d97fbe7b5f71/results/distribution_raw_digestive_tract_Elmentaite_Nature_2021_author_cell_type_X_umap_bf2a8d.svg
distribution_raw_digestive_tract_Eraslan_Science_2022_Broad_cell_type_X_umap_f44b0f.html,s3://lifebit-user-data-6941eed90a4dd7a1d1026d7a/deploit/teams/69d8dd1e5d3e1f8c350e006f/users/68af3d99c99eb7bd2ff47bc8/projects/69f80768ca774c668fbaaed8/jobs/6a22c67b0859d97fbe7b5f71/results/distribution_raw_digestive_tract_Eraslan_Science_2022_Broad_cell_type_X_umap_f44b0f.html
distribution_raw_digestive_tract_Eraslan_Science_2022_Broad_cell_type_X_umap_f44b0f.svg,s3://lifebit-user-data-6941eed90a4dd7a1d1026d7a/deploit/teams/69d8dd1e5d3e1f8c350e006f/users/68af3d99c99eb7bd2ff47bc8/projects/69f80768ca774c668fbaaed8/jobs/6a22c67b0859d97fbe7b5f71/results/distribution_raw_digestive_tract_Eraslan_Science_2022_Broad_cell_type_X_umap_f44b0f.svg
distribution_raw_digestive_tract_Garrido-Trigo_Nat_Commun_2023_cell_type_X_umap_7e7800.html,s3://lifebit-user-data-6941eed90a4dd7a1d1026d7a/deploit/teams/69d8dd1e5d3e1f8c350e006f/users/68af3d99c99eb7bd2ff47bc8/projects/69f80768ca774c668fbaaed8/jobs/6a22c67b0859d97fbe7b5f71/results/distribution_raw_digestive_tract_Garrido-Trigo_Nat_Commun_2023_cell_type_X_umap_7e7800.html
distribution_raw_digestive_tract_Garrido-Trigo_Nat_Commun_2023_cell_type_X_umap_7e7800.svg,s3://lifebit-user-data-6941eed90a4dd7a1d1026d7a/deploit/teams/69d8dd1e5d3e1f8c350e006f/users/68af3d99c99eb7bd2ff47bc8/projects/69f80768ca774c668fbaaed8/jobs/6a22c67b0859d97fbe7b5f71/results/distribution_raw_digestive_tract_Garrido-Trigo_Nat_Commun_2023_cell_type_X_umap_7e7800.svg
distribution_raw_digestive_tract_Han_Nature_2020_author_cell_type_X_umap_5c7ea7.html,s3://lifebit-user-data-6941eed90a4dd7a1d1026d7a/deploit/teams/69d8dd1e5d3e1f8c350e006f/users/68af3d99c99eb7bd2ff47bc8/projects/69f80768ca774c668fbaaed8/jobs/6a22c67b0859d97fbe7b5f71/results/distribution_raw_digestive_tract_Han_Nature_2020_author_cell_type_X_umap_5c7ea7.html
distribution_raw_digestive_tract_Han_Nature_2020_author_cell_type_X_umap_5c7ea7.svg,s3://lifebit-user-data-6941eed90a4dd7a1d1026d7a/deploit/teams/69d8dd1e5d3e1f8c350e006f/users/68af3d99c99eb7bd2ff47bc8/projects/69f80768ca774c668fbaaed8/jobs/6a22c67b0859d97fbe7b5f71/results/distribution_raw_digestive_tract_Han_Nature_2020_author_cell_type_X_umap_5c7ea7.svg
distribution_raw_digestive_tract_Horeth_J_Dent_Res_2023_author_cell_type_X_umap_ae6cbe.html,s3://lifebit-user-data-6941eed90a4dd7a1d1026d7a/deploit/teams/69d8dd1e5d3e1f8c350e006f/users/68af3d99c99eb7bd2ff47bc8/projects/69f80768ca774c668fbaaed8/jobs/6a22c67b0859d97fbe7b5f71/results/distribution_raw_digestive_tract_Horeth_J_Dent_Res_2023_author_cell_type_X_umap_ae6cbe.html
distribution_raw_digestive_tract_Horeth_J_Dent_Res_2023_author_cell_type_X_umap_ae6cbe.svg,s3://lifebit-user-data-6941eed90a4dd7a1d1026d7a/deploit/teams/69d8dd1e5d3e1f8c350e006f/users/68af3d99c99eb7bd2ff47bc8/projects/69f80768ca774c668fbaaed8/jobs/6a22c67b0859d97fbe7b5f71/results/distribution_raw_digestive_tract_Horeth_J_Dent_Res_2023_author_cell_type_X_umap_ae6cbe.svg
distribution_raw_digestive_tract_Madissoon_Genome_Biol_2020_author_cell_type_X_umap_f35993.html,s3://lifebit-user-data-6941eed90a4dd7a1d1026d7a/deploit/teams/69d8dd1e5d3e1f8c350e006f/users/68af3d99c99eb7bd2ff47bc8/projects/69f80768ca774c668fbaaed8/jobs/6a22c67b0859d97fbe7b5f71/results/distribution_raw_digestive_tract_Madissoon_Genome_Biol_2020_author_cell_type_X_umap_f35993.html
distribution_raw_digestive_tract_Madissoon_Genome_Biol_2020_author_cell_type_X_umap_f35993.svg,s3://lifebit-user-data-6941eed90a4dd7a1d1026d7a/deploit/teams/69d8dd1e5d3e1f8c350e006f/users/68af3d99c99eb7bd2ff47bc8/projects/69f80768ca774c668fbaaed8/jobs/6a22c67b0859d97fbe7b5f71/results/distribution_raw_digestive_tract_Madissoon_Genome_Biol_2020_author_cell_type_X_umap_f35993.svg
distribution_raw_digestive_tract_Martin_Cell_2019_author_cell_type1_X_umap_hm_59ef00.html,s3://lifebit-user-data-6941eed90a4dd7a1d1026d7a/deploit/teams/69d8dd1e5d3e1f8c350e006f/users/68af3d99c99eb7bd2ff47bc8/projects/69f80768ca774c668fbaaed8/jobs/6a22c67b0859d97fbe7b5f71/results/distribution_raw_digestive_tract_Martin_Cell_2019_author_cell_type1_X_umap_hm_59ef00.html
distribution_raw_digestive_tract_Martin_Cell_2019_author_cell_type1_X_umap_hm_59ef00.svg,s3://lifebit-user-data-6941eed90a4dd7a1d1026d7a/deploit/teams/69d8dd1e5d3e1f8c350e006f/users/68af3d99c99eb7bd2ff47bc8/projects/69f80768ca774c668fbaaed8/jobs/6a22c67b0859d97fbe7b5f71/results/distribution_raw_digestive_tract_Martin_Cell_2019_author_cell_type1_X_umap_hm_59ef00.svg
distribution_raw_digestive_tract_Nowicki-Osuch_Cancer_Discovery_2023_Detailed_Cell_Type_umap_MinDist_0.5_N_Neighbors_15_e72b7b.html,s3://lifebit-user-data-6941eed90a4dd7a1d1026d7a/deploit/teams/69d8dd1e5d3e1f8c350e006f/users/68af3d99c99eb7bd2ff47bc8/projects/69f80768ca774c668fbaaed8/jobs/6a22c67b0859d97fbe7b5f71/results/distribution_raw_digestive_tract_Nowicki-Osuch_Cancer_Discovery_2023_Detailed_Cell_Type_umap_MinDist_0.5_N_Neighbors_15_e72b7b.html
distribution_raw_digestive_tract_Nowicki-Osuch_Cancer_Discovery_2023_Detailed_Cell_Type_umap_MinDist_0.5_N_Neighbors_15_e72b7b.svg,s3://lifebit-user-data-6941eed90a4dd7a1d1026d7a/deploit/teams/69d8dd1e5d3e1f8c350e006f/users/68af3d99c99eb7bd2ff47bc8/projects/69f80768ca774c668fbaaed8/jobs/6a22c67b0859d97fbe7b5f71/results/distribution_raw_digestive_tract_Nowicki-Osuch_Cancer_Discovery_2023_Detailed_Cell_Type_umap_MinDist_0.5_N_Neighbors_15_e72b7b.svg
distribution_raw_digestive_tract_Oliver_Nature_2024_level_3_annot_X_umap_a60caa.html,s3://lifebit-user-data-6941eed90a4dd7a1d1026d7a/deploit/teams/69d8dd1e5d3e1f8c350e006f/users/68af3d99c99eb7bd2ff47bc8/projects/69f80768ca774c668fbaaed8/jobs/6a22c67b0859d97fbe7b5f71/results/distribution_raw_digestive_tract_Oliver_Nature_2024_level_3_annot_X_umap_a60caa.html
distribution_raw_digestive_tract_Oliver_Nature_2024_level_3_annot_X_umap_a60caa.svg,s3://lifebit-user-data-6941eed90a4dd7a1d1026d7a/deploit/teams/69d8dd1e5d3e1f8c350e006f/users/68af3d99c99eb7bd2ff47bc8/projects/69f80768ca774c668fbaaed8/jobs/6a22c67b0859d97fbe7b5f71/results/distribution_raw_digestive_tract_Oliver_Nature_2024_level_3_annot_X_umap_a60caa.svg
distribution_raw_digestive_tract_Smillie_Cell_2019_CellType_X_umap_hm_bbedd2.html,s3://lifebit-user-data-6941eed90a4dd7a1d1026d7a/deploit/teams/69d8dd1e5d3e1f8c350e006f/users/68af3d99c99eb7bd2ff47bc8/projects/69f80768ca774c668fbaaed8/jobs/6a22c67b0859d97fbe7b5f71/results/distribution_raw_digestive_tract_Smillie_Cell_2019_CellType_X_umap_hm_bbedd2.html
distribution_raw_digestive_tract_Smillie_Cell_2019_CellType_X_umap_hm_bbedd2.svg,s3://lifebit-user-data-6941eed90a4dd7a1d1026d7a/deploit/teams/69d8dd1e5d3e1f8c350e006f/users/68af3d99c99eb7bd2ff47bc8/projects/69f80768ca774c668fbaaed8/jobs/6a22c67b0859d97fbe7b5f71/results/distribution_raw_digestive_tract_Smillie_Cell_2019_CellType_X_umap_hm_bbedd2.svg
distribution_raw_digestive_tract_Xu_Cell_2023_Curated_annotation_X_umap_30933d.html,s3://lifebit-user-data-6941eed90a4dd7a1d1026d7a/deploit/teams/69d8dd1e5d3e1f8c350e006f/users/68af3d99c99eb7bd2ff47bc8/projects/69f80768ca774c668fbaaed8/jobs/6a22c67b0859d97fbe7b5f71/results/distribution_raw_digestive_tract_Xu_Cell_2023_Curated_annotation_X_umap_30933d.html
distribution_raw_digestive_tract_Xu_Cell_2023_Curated_annotation_X_umap_30933d.svg,s3://lifebit-user-data-6941eed90a4dd7a1d1026d7a/deploit/teams/69d8dd1e5d3e1f8c350e006f/users/68af3d99c99eb7bd2ff47bc8/projects/69f80768ca774c668fbaaed8/jobs/6a22c67b0859d97fbe7b5f71/results/distribution_raw_digestive_tract_Xu_Cell_2023_Curated_annotation_X_umap_30933d.svg
distribution_raw_digestive_tract_Zwick_Nat_Cell_Biol_2024_cell.type_X_umap_f5803a.html,s3://lifebit-user-data-6941eed90a4dd7a1d1026d7a/deploit/teams/69d8dd1e5d3e1f8c350e006f/users/68af3d99c99eb7bd2ff47bc8/projects/69f80768ca774c668fbaaed8/jobs/6a22c67b0859d97fbe7b5f71/results/distribution_raw_digestive_tract_Zwick_Nat_Cell_Biol_2024_cell.type_X_umap_f5803a.html
distribution_raw_digestive_tract_Zwick_Nat_Cell_Biol_2024_cell.type_X_umap_f5803a.svg,s3://lifebit-user-data-6941eed90a4dd7a1d1026d7a/deploit/teams/69d8dd1e5d3e1f8c350e006f/users/68af3d99c99eb7bd2ff47bc8/projects/69f80768ca774c668fbaaed8/jobs/6a22c67b0859d97fbe7b5f71/results/distribution_raw_digestive_tract_Zwick_Nat_Cell_Biol_2024_cell.type_X_umap_f5803a.svg
dotplot__scaleddigestive_tract_Burclaff_Cellular_and_Molecular_Gastroenterology_and_Hepatology_2022_lineage_X_umap_5247a6.svg,s3://lifebit-user-data-6941eed90a4dd7a1d1026d7a/deploit/teams/69d8dd1e5d3e1f8c350e006f/users/68af3d99c99eb7bd2ff47bc8/projects/69f80768ca774c668fbaaed8/jobs/6a22c67b0859d97fbe7b5f71/results/dotplot__scaleddigestive_tract_Burclaff_Cellular_and_Molecular_Gastroenterology_and_Hepatology_2022_lineage_X_umap_5247a6.svg
dotplot__scaleddigestive_tract_Elmentaite_Nature_2021_author_cell_type_X_umap_bf2a8d.svg,s3://lifebit-user-data-6941eed90a4dd7a1d1026d7a/deploit/teams/69d8dd1e5d3e1f8c350e006f/users/68af3d99c99eb7bd2ff47bc8/projects/69f80768ca774c668fbaaed8/jobs/6a22c67b0859d97fbe7b5f71/results/dotplot__scaleddigestive_tract_Elmentaite_Nature_2021_author_cell_type_X_umap_bf2a8d.svg
dotplot__scaleddigestive_tract_Eraslan_Science_2022_Broad_cell_type_X_umap_f44b0f.svg,s3://lifebit-user-data-6941eed90a4dd7a1d1026d7a/deploit/teams/69d8dd1e5d3e1f8c350e006f/users/68af3d99c99eb7bd2ff47bc8/projects/69f80768ca774c668fbaaed8/jobs/6a22c67b0859d97fbe7b5f71/results/dotplot__scaleddigestive_tract_Eraslan_Science_2022_Broad_cell_type_X_umap_f44b0f.svg
dotplot__scaleddigestive_tract_Garrido-Trigo_Nat_Commun_2023_cell_type_X_umap_7e7800.svg,s3://lifebit-user-data-6941eed90a4dd7a1d1026d7a/deploit/teams/69d8dd1e5d3e1f8c350e006f/users/68af3d99c99eb7bd2ff47bc8/projects/69f80768ca774c668fbaaed8/jobs/6a22c67b0859d97fbe7b5f71/results/dotplot__scaleddigestive_tract_Garrido-Trigo_Nat_Commun_2023_cell_type_X_umap_7e7800.svg
dotplot__scaleddigestive_tract_Han_Nature_2020_author_cell_type_X_umap_5c7ea7.svg,s3://lifebit-user-data-6941eed90a4dd7a1d1026d7a/deploit/teams/69d8dd1e5d3e1f8c350e006f/users/68af3d99c99eb7bd2ff47bc8/projects/69f80768ca774c668fbaaed8/jobs/6a22c67b0859d97fbe7b5f71/results/dotplot__scaleddigestive_tract_Han_Nature_2020_author_cell_type_X_umap_5c7ea7.svg
dotplot__scaleddigestive_tract_Horeth_J_Dent_Res_2023_author_cell_type_X_umap_ae6cbe.svg,s3://lifebit-user-data-6941eed90a4dd7a1d1026d7a/deploit/teams/69d8dd1e5d3e1f8c350e006f/users/68af3d99c99eb7bd2ff47bc8/projects/69f80768ca774c668fbaaed8/jobs/6a22c67b0859d97fbe7b5f71/results/dotplot__scaleddigestive_tract_Horeth_J_Dent_Res_2023_author_cell_type_X_umap_ae6cbe.svg
dotplot__scaleddigestive_tract_Madissoon_Genome_Biol_2020_author_cell_type_X_umap_f35993.svg,s3://lifebit-user-data-6941eed90a4dd7a1d1026d7a/deploit/teams/69d8dd1e5d3e1f8c350e006f/users/68af3d99c99eb7bd2ff47bc8/projects/69f80768ca774c668fbaaed8/jobs/6a22c67b0859d97fbe7b5f71/results/dotplot__scaleddigestive_tract_Madissoon_Genome_Biol_2020_author_cell_type_X_umap_f35993.svg
dotplot__scaleddigestive_tract_Martin_Cell_2019_author_cell_type1_X_umap_hm_59ef00.svg,s3://lifebit-user-data-6941eed90a4dd7a1d1026d7a/deploit/teams/69d8dd1e5d3e1f8c350e006f/users/68af3d99c99eb7bd2ff47bc8/projects/69f80768ca774c668fbaaed8/jobs/6a22c67b0859d97fbe7b5f71/results/dotplot__scaleddigestive_tract_Martin_Cell_2019_author_cell_type1_X_umap_hm_59ef00.svg
dotplot__scaleddigestive_tract_Nowicki-Osuch_Cancer_Discovery_2023_Detailed_Cell_Type_umap_MinDist_0.5_N_Neighbors_15_e72b7b.svg,s3://lifebit-user-data-6941eed90a4dd7a1d1026d7a/deploit/teams/69d8dd1e5d3e1f8c350e006f/users/68af3d99c99eb7bd2ff47bc8/projects/69f80768ca774c668fbaaed8/jobs/6a22c67b0859d97fbe7b5f71/results/dotplot__scaleddigestive_tract_Nowicki-Osuch_Cancer_Discovery_2023_Detailed_Cell_Type_umap_MinDist_0.5_N_Neighbors_15_e72b7b.svg
dotplot__scaleddigestive_tract_Oliver_Nature_2024_level_3_annot_X_umap_a60caa.svg,s3://lifebit-user-data-6941eed90a4dd7a1d1026d7a/deploit/teams/69d8dd1e5d3e1f8c350e006f/users/68af3d99c99eb7bd2ff47bc8/projects/69f80768ca774c668fbaaed8/jobs/6a22c67b0859d97fbe7b5f71/results/dotplot__scaleddigestive_tract_Oliver_Nature_2024_level_3_annot_X_umap_a60caa.svg
dotplot__scaleddigestive_tract_Smillie_Cell_2019_CellType_X_umap_hm_bbedd2.svg,s3://lifebit-user-data-6941eed90a4dd7a1d1026d7a/deploit/teams/69d8dd1e5d3e1f8c350e006f/users/68af3d99c99eb7bd2ff47bc8/projects/69f80768ca774c668fbaaed8/jobs/6a22c67b0859d97fbe7b5f71/results/dotplot__scaleddigestive_tract_Smillie_Cell_2019_CellType_X_umap_hm_bbedd2.svg
dotplot__scaleddigestive_tract_Xu_Cell_2023_Curated_annotation_X_umap_30933d.svg,s3://lifebit-user-data-6941eed90a4dd7a1d1026d7a/deploit/teams/69d8dd1e5d3e1f8c350e006f/users/68af3d99c99eb7bd2ff47bc8/projects/69f80768ca774c668fbaaed8/jobs/6a22c67b0859d97fbe7b5f71/results/dotplot__scaleddigestive_tract_Xu_Cell_2023_Curated_annotation_X_umap_30933d.svg
dotplot__scaleddigestive_tract_Zwick_Nat_Cell_Biol_2024_cell.type_X_umap_f5803a.svg,s3://lifebit-user-data-6941eed90a4dd7a1d1026d7a/deploit/teams/69d8dd1e5d3e1f8c350e006f/users/68af3d99c99eb7bd2ff47bc8/projects/69f80768ca774c668fbaaed8/jobs/6a22c67b0859d97fbe7b5f71/results/dotplot__scaleddigestive_tract_Zwick_Nat_Cell_Biol_2024_cell.type_X_umap_f5803a.svg
dotplot_digestive_tract_Burclaff_Cellular_and_Molecular_Gastroenterology_and_Hepatology_2022_lineage_X_umap_5247a6.svg,s3://lifebit-user-data-6941eed90a4dd7a1d1026d7a/deploit/teams/69d8dd1e5d3e1f8c350e006f/users/68af3d99c99eb7bd2ff47bc8/projects/69f80768ca774c668fbaaed8/jobs/6a22c67b0859d97fbe7b5f71/results/dotplot_digestive_tract_Burclaff_Cellular_and_Molecular_Gastroenterology_and_Hepatology_2022_lineage_X_umap_5247a6.svg
dotplot_digestive_tract_Elmentaite_Nature_2021_author_cell_type_X_umap_bf2a8d.svg,s3://lifebit-user-data-6941eed90a4dd7a1d1026d7a/deploit/teams/69d8dd1e5d3e1f8c350e006f/users/68af3d99c99eb7bd2ff47bc8/projects/69f80768ca774c668fbaaed8/jobs/6a22c67b0859d97fbe7b5f71/results/dotplot_digestive_tract_Elmentaite_Nature_2021_author_cell_type_X_umap_bf2a8d.svg
dotplot_digestive_tract_Eraslan_Science_2022_Broad_cell_type_X_umap_f44b0f.svg,s3://lifebit-user-data-6941eed90a4dd7a1d1026d7a/deploit/teams/69d8dd1e5d3e1f8c350e006f/users/68af3d99c99eb7bd2ff47bc8/projects/69f80768ca774c668fbaaed8/jobs/6a22c67b0859d97fbe7b5f71/results/dotplot_digestive_tract_Eraslan_Science_2022_Broad_cell_type_X_umap_f44b0f.svg
dotplot_digestive_tract_Garrido-Trigo_Nat_Commun_2023_cell_type_X_umap_7e7800.svg,s3://lifebit-user-data-6941eed90a4dd7a1d1026d7a/deploit/teams/69d8dd1e5d3e1f8c350e006f/users/68af3d99c99eb7bd2ff47bc8/projects/69f80768ca774c668fbaaed8/jobs/6a22c67b0859d97fbe7b5f71/results/dotplot_digestive_tract_Garrido-Trigo_Nat_Commun_2023_cell_type_X_umap_7e7800.svg
dotplot_digestive_tract_Han_Nature_2020_author_cell_type_X_umap_5c7ea7.svg,s3://lifebit-user-data-6941eed90a4dd7a1d1026d7a/deploit/teams/69d8dd1e5d3e1f8c350e006f/users/68af3d99c99eb7bd2ff47bc8/projects/69f80768ca774c668fbaaed8/jobs/6a22c67b0859d97fbe7b5f71/results/dotplot_digestive_tract_Han_Nature_2020_author_cell_type_X_umap_5c7ea7.svg
dotplot_digestive_tract_Horeth_J_Dent_Res_2023_author_cell_type_X_umap_ae6cbe.svg,s3://lifebit-user-data-6941eed90a4dd7a1d1026d7a/deploit/teams/69d8dd1e5d3e1f8c350e006f/users/68af3d99c99eb7bd2ff47bc8/projects/69f80768ca774c668fbaaed8/jobs/6a22c67b0859d97fbe7b5f71/results/dotplot_digestive_tract_Horeth_J_Dent_Res_2023_author_cell_type_X_umap_ae6cbe.svg
dotplot_digestive_tract_Madissoon_Genome_Biol_2020_author_cell_type_X_umap_f35993.svg,s3://lifebit-user-data-6941eed90a4dd7a1d1026d7a/deploit/teams/69d8dd1e5d3e1f8c350e006f/users/68af3d99c99eb7bd2ff47bc8/projects/69f80768ca774c668fbaaed8/jobs/6a22c67b0859d97fbe7b5f71/results/dotplot_digestive_tract_Madissoon_Genome_Biol_2020_author_cell_type_X_umap_f35993.svg
dotplot_digestive_tract_Martin_Cell_2019_author_cell_type1_X_umap_hm_59ef00.svg,s3://lifebit-user-data-6941eed90a4dd7a1d1026d7a/deploit/teams/69d8dd1e5d3e1f8c350e006f/users/68af3d99c99eb7bd2ff47bc8/projects/69f80768ca774c668fbaaed8/jobs/6a22c67b0859d97fbe7b5f71/results/dotplot_digestive_tract_Martin_Cell_2019_author_cell_type1_X_umap_hm_59ef00.svg
dotplot_digestive_tract_Nowicki-Osuch_Cancer_Discovery_2023_Detailed_Cell_Type_umap_MinDist_0.5_N_Neighbors_15_e72b7b.svg,s3://lifebit-user-data-6941eed90a4dd7a1d1026d7a/deploit/teams/69d8dd1e5d3e1f8c350e006f/users/68af3d99c99eb7bd2ff47bc8/projects/69f80768ca774c668fbaaed8/jobs/6a22c67b0859d97fbe7b5f71/results/dotplot_digestive_tract_Nowicki-Osuch_Cancer_Discovery_2023_Detailed_Cell_Type_umap_MinDist_0.5_N_Neighbors_15_e72b7b.svg
dotplot_digestive_tract_Oliver_Nature_2024_level_3_annot_X_umap_a60caa.svg,s3://lifebit-user-data-6941eed90a4dd7a1d1026d7a/deploit/teams/69d8dd1e5d3e1f8c350e006f/users/68af3d99c99eb7bd2ff47bc8/projects/69f80768ca774c668fbaaed8/jobs/6a22c67b0859d97fbe7b5f71/results/dotplot_digestive_tract_Oliver_Nature_2024_level_3_annot_X_umap_a60caa.svg
dotplot_digestive_tract_Smillie_Cell_2019_CellType_X_umap_hm_bbedd2.svg,s3://lifebit-user-data-6941eed90a4dd7a1d1026d7a/deploit/teams/69d8dd1e5d3e1f8c350e006f/users/68af3d99c99eb7bd2ff47bc8/projects/69f80768ca774c668fbaaed8/jobs/6a22c67b0859d97fbe7b5f71/results/dotplot_digestive_tract_Smillie_Cell_2019_CellType_X_umap_hm_bbedd2.svg
dotplot_digestive_tract_Xu_Cell_2023_Curated_annotation_X_umap_30933d.svg,s3://lifebit-user-data-6941eed90a4dd7a1d1026d7a/deploit/teams/69d8dd1e5d3e1f8c350e006f/users/68af3d99c99eb7bd2ff47bc8/projects/69f80768ca774c668fbaaed8/jobs/6a22c67b0859d97fbe7b5f71/results/dotplot_digestive_tract_Xu_Cell_2023_Curated_annotation_X_umap_30933d.svg
dotplot_digestive_tract_Zwick_Nat_Cell_Biol_2024_cell.type_X_umap_f5803a.svg,s3://lifebit-user-data-6941eed90a4dd7a1d1026d7a/deploit/teams/69d8dd1e5d3e1f8c350e006f/users/68af3d99c99eb7bd2ff47bc8/projects/69f80768ca774c668fbaaed8/jobs/6a22c67b0859d97fbe7b5f71/results/dotplot_digestive_tract_Zwick_Nat_Cell_Biol_2024_cell.type_X_umap_f5803a.svg
gene_selection_ensg_digestive_tract_Burclaff_Cellular_and_Molecular_Gastroenterology_and_Hepatology_2022_lineage_X_umap_5247a6.csv,s3://lifebit-user-data-6941eed90a4dd7a1d1026d7a/deploit/teams/69d8dd1e5d3e1f8c350e006f/users/68af3d99c99eb7bd2ff47bc8/projects/69f80768ca774c668fbaaed8/jobs/6a22c67b0859d97fbe7b5f71/results/gene_selection_ensg_digestive_tract_Burclaff_Cellular_and_Molecular_Gastroenterology_and_Hepatology_2022_lineage_X_umap_5247a6.csv
gene_selection_ensg_digestive_tract_Elmentaite_Nature_2021_author_cell_type_X_umap_bf2a8d.csv,s3://lifebit-user-data-6941eed90a4dd7a1d1026d7a/deploit/teams/69d8dd1e5d3e1f8c350e006f/users/68af3d99c99eb7bd2ff47bc8/projects/69f80768ca774c668fbaaed8/jobs/6a22c67b0859d97fbe7b5f71/results/gene_selection_ensg_digestive_tract_Elmentaite_Nature_2021_author_cell_type_X_umap_bf2a8d.csv
gene_selection_ensg_digestive_tract_Eraslan_Science_2022_Broad_cell_type_X_umap_f44b0f.csv,s3://lifebit-user-data-6941eed90a4dd7a1d1026d7a/deploit/teams/69d8dd1e5d3e1f8c350e006f/users/68af3d99c99eb7bd2ff47bc8/projects/69f80768ca774c668fbaaed8/jobs/6a22c67b0859d97fbe7b5f71/results/gene_selection_ensg_digestive_tract_Eraslan_Science_2022_Broad_cell_type_X_umap_f44b0f.csv
gene_selection_ensg_digestive_tract_Garrido-Trigo_Nat_Commun_2023_cell_type_X_umap_7e7800.csv,s3://lifebit-user-data-6941eed90a4dd7a1d1026d7a/deploit/teams/69d8dd1e5d3e1f8c350e006f/users/68af3d99c99eb7bd2ff47bc8/projects/69f80768ca774c668fbaaed8/jobs/6a22c67b0859d97fbe7b5f71/results/gene_selection_ensg_digestive_tract_Garrido-Trigo_Nat_Commun_2023_cell_type_X_umap_7e7800.csv
gene_selection_ensg_digestive_tract_Han_Nature_2020_author_cell_type_X_umap_5c7ea7.csv,s3://lifebit-user-data-6941eed90a4dd7a1d1026d7a/deploit/teams/69d8dd1e5d3e1f8c350e006f/users/68af3d99c99eb7bd2ff47bc8/projects/69f80768ca774c668fbaaed8/jobs/6a22c67b0859d97fbe7b5f71/results/gene_selection_ensg_digestive_tract_Han_Nature_2020_author_cell_type_X_umap_5c7ea7.csv
gene_selection_ensg_digestive_tract_Horeth_J_Dent_Res_2023_author_cell_type_X_umap_ae6cbe.csv,s3://lifebit-user-data-6941eed90a4dd7a1d1026d7a/deploit/teams/69d8dd1e5d3e1f8c350e006f/users/68af3d99c99eb7bd2ff47bc8/projects/69f80768ca774c668fbaaed8/jobs/6a22c67b0859d97fbe7b5f71/results/gene_selection_ensg_digestive_tract_Horeth_J_Dent_Res_2023_author_cell_type_X_umap_ae6cbe.csv
gene_selection_ensg_digestive_tract_Madissoon_Genome_Biol_2020_author_cell_type_X_umap_f35993.csv,s3://lifebit-user-data-6941eed90a4dd7a1d1026d7a/deploit/teams/69d8dd1e5d3e1f8c350e006f/users/68af3d99c99eb7bd2ff47bc8/projects/69f80768ca774c668fbaaed8/jobs/6a22c67b0859d97fbe7b5f71/results/gene_selection_ensg_digestive_tract_Madissoon_Genome_Biol_2020_author_cell_type_X_umap_f35993.csv
gene_selection_ensg_digestive_tract_Martin_Cell_2019_author_cell_type1_X_umap_hm_59ef00.csv,s3://lifebit-user-data-6941eed90a4dd7a1d1026d7a/deploit/teams/69d8dd1e5d3e1f8c350e006f/users/68af3d99c99eb7bd2ff47bc8/projects/69f80768ca774c668fbaaed8/jobs/6a22c67b0859d97fbe7b5f71/results/gene_selection_ensg_digestive_tract_Martin_Cell_2019_author_cell_type1_X_umap_hm_59ef00.csv
gene_selection_ensg_digestive_tract_Nowicki-Osuch_Cancer_Discovery_2023_Detailed_Cell_Type_umap_MinDist_0.5_N_Neighbors_15_e72b7b.csv,s3://lifebit-user-data-6941eed90a4dd7a1d1026d7a/deploit/teams/69d8dd1e5d3e1f8c350e006f/users/68af3d99c99eb7bd2ff47bc8/projects/69f80768ca774c668fbaaed8/jobs/6a22c67b0859d97fbe7b5f71/results/gene_selection_ensg_digestive_tract_Nowicki-Osuch_Cancer_Discovery_2023_Detailed_Cell_Type_umap_MinDist_0.5_N_Neighbors_15_e72b7b.csv
gene_selection_ensg_digestive_tract_Oliver_Nature_2024_level_3_annot_X_umap_a60caa.csv,s3://lifebit-user-data-6941eed90a4dd7a1d1026d7a/deploit/teams/69d8dd1e5d3e1f8c350e006f/users/68af3d99c99eb7bd2ff47bc8/projects/69f80768ca774c668fbaaed8/jobs/6a22c67b0859d97fbe7b5f71/results/gene_selection_ensg_digestive_tract_Oliver_Nature_2024_level_3_annot_X_umap_a60caa.csv
gene_selection_ensg_digestive_tract_Smillie_Cell_2019_CellType_X_umap_hm_bbedd2.csv,s3://lifebit-user-data-6941eed90a4dd7a1d1026d7a/deploit/teams/69d8dd1e5d3e1f8c350e006f/users/68af3d99c99eb7bd2ff47bc8/projects/69f80768ca774c668fbaaed8/jobs/6a22c67b0859d97fbe7b5f71/results/gene_selection_ensg_digestive_tract_Smillie_Cell_2019_CellType_X_umap_hm_bbedd2.csv
gene_selection_ensg_digestive_tract_Xu_Cell_2023_Curated_annotation_X_umap_30933d.csv,s3://lifebit-user-data-6941eed90a4dd7a1d1026d7a/deploit/teams/69d8dd1e5d3e1f8c350e006f/users/68af3d99c99eb7bd2ff47bc8/projects/69f80768ca774c668fbaaed8/jobs/6a22c67b0859d97fbe7b5f71/results/gene_selection_ensg_digestive_tract_Xu_Cell_2023_Curated_annotation_X_umap_30933d.csv
gene_selection_ensg_digestive_tract_Zwick_Nat_Cell_Biol_2024_cell.type_X_umap_f5803a.csv,s3://lifebit-user-data-6941eed90a4dd7a1d1026d7a/deploit/teams/69d8dd1e5d3e1f8c350e006f/users/68af3d99c99eb7bd2ff47bc8/projects/69f80768ca774c668fbaaed8/jobs/6a22c67b0859d97fbe7b5f71/results/gene_selection_ensg_digestive_tract_Zwick_Nat_Cell_Biol_2024_cell.type_X_umap_f5803a.csv
gene_selection_symbols_digestive_tract_Burclaff_Cellular_and_Molecular_Gastroenterology_and_Hepatology_2022_lineage_X_umap_5247a6.csv,s3://lifebit-user-data-6941eed90a4dd7a1d1026d7a/deploit/teams/69d8dd1e5d3e1f8c350e006f/users/68af3d99c99eb7bd2ff47bc8/projects/69f80768ca774c668fbaaed8/jobs/6a22c67b0859d97fbe7b5f71/results/gene_selection_symbols_digestive_tract_Burclaff_Cellular_and_Molecular_Gastroenterology_and_Hepatology_2022_lineage_X_umap_5247a6.csv
gene_selection_symbols_digestive_tract_Elmentaite_Nature_2021_author_cell_type_X_umap_bf2a8d.csv,s3://lifebit-user-data-6941eed90a4dd7a1d1026d7a/deploit/teams/69d8dd1e5d3e1f8c350e006f/users/68af3d99c99eb7bd2ff47bc8/projects/69f80768ca774c668fbaaed8/jobs/6a22c67b0859d97fbe7b5f71/results/gene_selection_symbols_digestive_tract_Elmentaite_Nature_2021_author_cell_type_X_umap_bf2a8d.csv
gene_selection_symbols_digestive_tract_Eraslan_Science_2022_Broad_cell_type_X_umap_f44b0f.csv,s3://lifebit-user-data-6941eed90a4dd7a1d1026d7a/deploit/teams/69d8dd1e5d3e1f8c350e006f/users/68af3d99c99eb7bd2ff47bc8/projects/69f80768ca774c668fbaaed8/jobs/6a22c67b0859d97fbe7b5f71/results/gene_selection_symbols_digestive_tract_Eraslan_Science_2022_Broad_cell_type_X_umap_f44b0f.csv
gene_selection_symbols_digestive_tract_Garrido-Trigo_Nat_Commun_2023_cell_type_X_umap_7e7800.csv,s3://lifebit-user-data-6941eed90a4dd7a1d1026d7a/deploit/teams/69d8dd1e5d3e1f8c350e006f/users/68af3d99c99eb7bd2ff47bc8/projects/69f80768ca774c668fbaaed8/jobs/6a22c67b0859d97fbe7b5f71/results/gene_selection_symbols_digestive_tract_Garrido-Trigo_Nat_Commun_2023_cell_type_X_umap_7e7800.csv
gene_selection_symbols_digestive_tract_Han_Nature_2020_author_cell_type_X_umap_5c7ea7.csv,s3://lifebit-user-data-6941eed90a4dd7a1d1026d7a/deploit/teams/69d8dd1e5d3e1f8c350e006f/users/68af3d99c99eb7bd2ff47bc8/projects/69f80768ca774c668fbaaed8/jobs/6a22c67b0859d97fbe7b5f71/results/gene_selection_symbols_digestive_tract_Han_Nature_2020_author_cell_type_X_umap_5c7ea7.csv
gene_selection_symbols_digestive_tract_Horeth_J_Dent_Res_2023_author_cell_type_X_umap_ae6cbe.csv,s3://lifebit-user-data-6941eed90a4dd7a1d1026d7a/deploit/teams/69d8dd1e5d3e1f8c350e006f/users/68af3d99c99eb7bd2ff47bc8/projects/69f80768ca774c668fbaaed8/jobs/6a22c67b0859d97fbe7b5f71/results/gene_selection_symbols_digestive_tract_Horeth_J_Dent_Res_2023_author_cell_type_X_umap_ae6cbe.csv
gene_selection_symbols_digestive_tract_Madissoon_Genome_Biol_2020_author_cell_type_X_umap_f35993.csv,s3://lifebit-user-data-6941eed90a4dd7a1d1026d7a/deploit/teams/69d8dd1e5d3e1f8c350e006f/users/68af3d99c99eb7bd2ff47bc8/projects/69f80768ca774c668fbaaed8/jobs/6a22c67b0859d97fbe7b5f71/results/gene_selection_symbols_digestive_tract_Madissoon_Genome_Biol_2020_author_cell_type_X_umap_f35993.csv
gene_selection_symbols_digestive_tract_Martin_Cell_2019_author_cell_type1_X_umap_hm_59ef00.csv,s3://lifebit-user-data-6941eed90a4dd7a1d1026d7a/deploit/teams/69d8dd1e5d3e1f8c350e006f/users/68af3d99c99eb7bd2ff47bc8/projects/69f80768ca774c668fbaaed8/jobs/6a22c67b0859d97fbe7b5f71/results/gene_selection_symbols_digestive_tract_Martin_Cell_2019_author_cell_type1_X_umap_hm_59ef00.csv
gene_selection_symbols_digestive_tract_Nowicki-Osuch_Cancer_Discovery_2023_Detailed_Cell_Type_umap_MinDist_0.5_N_Neighbors_15_e72b7b.csv,s3://lifebit-user-data-6941eed90a4dd7a1d1026d7a/deploit/teams/69d8dd1e5d3e1f8c350e006f/users/68af3d99c99eb7bd2ff47bc8/projects/69f80768ca774c668fbaaed8/jobs/6a22c67b0859d97fbe7b5f71/results/gene_selection_symbols_digestive_tract_Nowicki-Osuch_Cancer_Discovery_2023_Detailed_Cell_Type_umap_MinDist_0.5_N_Neighbors_15_e72b7b.csv
gene_selection_symbols_digestive_tract_Oliver_Nature_2024_level_3_annot_X_umap_a60caa.csv,s3://lifebit-user-data-6941eed90a4dd7a1d1026d7a/deploit/teams/69d8dd1e5d3e1f8c350e006f/users/68af3d99c99eb7bd2ff47bc8/projects/69f80768ca774c668fbaaed8/jobs/6a22c67b0859d97fbe7b5f71/results/gene_selection_symbols_digestive_tract_Oliver_Nature_2024_level_3_annot_X_umap_a60caa.csv
gene_selection_symbols_digestive_tract_Smillie_Cell_2019_CellType_X_umap_hm_bbedd2.csv,s3://lifebit-user-data-6941eed90a4dd7a1d1026d7a/deploit/teams/69d8dd1e5d3e1f8c350e006f/users/68af3d99c99eb7bd2ff47bc8/projects/69f80768ca774c668fbaaed8/jobs/6a22c67b0859d97fbe7b5f71/results/gene_selection_symbols_digestive_tract_Smillie_Cell_2019_CellType_X_umap_hm_bbedd2.csv
gene_selection_symbols_digestive_tract_Xu_Cell_2023_Curated_annotation_X_umap_30933d.csv,s3://lifebit-user-data-6941eed90a4dd7a1d1026d7a/deploit/teams/69d8dd1e5d3e1f8c350e006f/users/68af3d99c99eb7bd2ff47bc8/projects/69f80768ca774c668fbaaed8/jobs/6a22c67b0859d97fbe7b5f71/results/gene_selection_symbols_digestive_tract_Xu_Cell_2023_Curated_annotation_X_umap_30933d.csv
gene_selection_symbols_digestive_tract_Zwick_Nat_Cell_Biol_2024_cell.type_X_umap_f5803a.csv,s3://lifebit-user-data-6941eed90a4dd7a1d1026d7a/deploit/teams/69d8dd1e5d3e1f8c350e006f/users/68af3d99c99eb7bd2ff47bc8/projects/69f80768ca774c668fbaaed8/jobs/6a22c67b0859d97fbe7b5f71/results/gene_selection_symbols_digestive_tract_Zwick_Nat_Cell_Biol_2024_cell.type_X_umap_f5803a.csv
hist_nonzero_binary_scores_digestive_tract_Burclaff_Cellular_and_Molecular_Gastroenterology_and_Hepatology_2022_lineage_X_umap_5247a6.svg,s3://lifebit-user-data-6941eed90a4dd7a1d1026d7a/deploit/teams/69d8dd1e5d3e1f8c350e006f/users/68af3d99c99eb7bd2ff47bc8/projects/69f80768ca774c668fbaaed8/jobs/6a22c67b0859d97fbe7b5f71/results/hist_nonzero_binary_scores_digestive_tract_Burclaff_Cellular_and_Molecular_Gastroenterology_and_Hepatology_2022_lineage_X_umap_5247a6.svg
hist_nonzero_binary_scores_digestive_tract_Elmentaite_Nature_2021_author_cell_type_X_umap_bf2a8d.svg,s3://lifebit-user-data-6941eed90a4dd7a1d1026d7a/deploit/teams/69d8dd1e5d3e1f8c350e006f/users/68af3d99c99eb7bd2ff47bc8/projects/69f80768ca774c668fbaaed8/jobs/6a22c67b0859d97fbe7b5f71/results/hist_nonzero_binary_scores_digestive_tract_Elmentaite_Nature_2021_author_cell_type_X_umap_bf2a8d.svg
hist_nonzero_binary_scores_digestive_tract_Eraslan_Science_2022_Broad_cell_type_X_umap_f44b0f.svg,s3://lifebit-user-data-6941eed90a4dd7a1d1026d7a/deploit/teams/69d8dd1e5d3e1f8c350e006f/users/68af3d99c99eb7bd2ff47bc8/projects/69f80768ca774c668fbaaed8/jobs/6a22c67b0859d97fbe7b5f71/results/hist_nonzero_binary_scores_digestive_tract_Eraslan_Science_2022_Broad_cell_type_X_umap_f44b0f.svg
hist_nonzero_binary_scores_digestive_tract_Garrido-Trigo_Nat_Commun_2023_cell_type_X_umap_7e7800.svg,s3://lifebit-user-data-6941eed90a4dd7a1d1026d7a/deploit/teams/69d8dd1e5d3e1f8c350e006f/users/68af3d99c99eb7bd2ff47bc8/projects/69f80768ca774c668fbaaed8/jobs/6a22c67b0859d97fbe7b5f71/results/hist_nonzero_binary_scores_digestive_tract_Garrido-Trigo_Nat_Commun_2023_cell_type_X_umap_7e7800.svg
hist_nonzero_binary_scores_digestive_tract_Han_Nature_2020_author_cell_type_X_umap_5c7ea7.svg,s3://lifebit-user-data-6941eed90a4dd7a1d1026d7a/deploit/teams/69d8dd1e5d3e1f8c350e006f/users/68af3d99c99eb7bd2ff47bc8/projects/69f80768ca774c668fbaaed8/jobs/6a22c67b0859d97fbe7b5f71/results/hist_nonzero_binary_scores_digestive_tract_Han_Nature_2020_author_cell_type_X_umap_5c7ea7.svg
hist_nonzero_binary_scores_digestive_tract_Horeth_J_Dent_Res_2023_author_cell_type_X_umap_ae6cbe.svg,s3://lifebit-user-data-6941eed90a4dd7a1d1026d7a/deploit/teams/69d8dd1e5d3e1f8c350e006f/users/68af3d99c99eb7bd2ff47bc8/projects/69f80768ca774c668fbaaed8/jobs/6a22c67b0859d97fbe7b5f71/results/hist_nonzero_binary_scores_digestive_tract_Horeth_J_Dent_Res_2023_author_cell_type_X_umap_ae6cbe.svg
hist_nonzero_binary_scores_digestive_tract_Madissoon_Genome_Biol_2020_author_cell_type_X_umap_f35993.svg,s3://lifebit-user-data-6941eed90a4dd7a1d1026d7a/deploit/teams/69d8dd1e5d3e1f8c350e006f/users/68af3d99c99eb7bd2ff47bc8/projects/69f80768ca774c668fbaaed8/jobs/6a22c67b0859d97fbe7b5f71/results/hist_nonzero_binary_scores_digestive_tract_Madissoon_Genome_Biol_2020_author_cell_type_X_umap_f35993.svg
hist_nonzero_binary_scores_digestive_tract_Martin_Cell_2019_author_cell_type1_X_umap_hm_59ef00.svg,s3://lifebit-user-data-6941eed90a4dd7a1d1026d7a/deploit/teams/69d8dd1e5d3e1f8c350e006f/users/68af3d99c99eb7bd2ff47bc8/projects/69f80768ca774c668fbaaed8/jobs/6a22c67b0859d97fbe7b5f71/results/hist_nonzero_binary_scores_digestive_tract_Martin_Cell_2019_author_cell_type1_X_umap_hm_59ef00.svg
hist_nonzero_binary_scores_digestive_tract_Nowicki-Osuch_Cancer_Discovery_2023_Detailed_Cell_Type_umap_MinDist_0.5_N_Neighbors_15_e72b7b.svg,s3://lifebit-user-data-6941eed90a4dd7a1d1026d7a/deploit/teams/69d8dd1e5d3e1f8c350e006f/users/68af3d99c99eb7bd2ff47bc8/projects/69f80768ca774c668fbaaed8/jobs/6a22c67b0859d97fbe7b5f71/results/hist_nonzero_binary_scores_digestive_tract_Nowicki-Osuch_Cancer_Discovery_2023_Detailed_Cell_Type_umap_MinDist_0.5_N_Neighbors_15_e72b7b.svg
hist_nonzero_binary_scores_digestive_tract_Oliver_Nature_2024_level_3_annot_X_umap_a60caa.svg,s3://lifebit-user-data-6941eed90a4dd7a1d1026d7a/deploit/teams/69d8dd1e5d3e1f8c350e006f/users/68af3d99c99eb7bd2ff47bc8/projects/69f80768ca774c668fbaaed8/jobs/6a22c67b0859d97fbe7b5f71/results/hist_nonzero_binary_scores_digestive_tract_Oliver_Nature_2024_level_3_annot_X_umap_a60caa.svg
hist_nonzero_binary_scores_digestive_tract_Smillie_Cell_2019_CellType_X_umap_hm_bbedd2.svg,s3://lifebit-user-data-6941eed90a4dd7a1d1026d7a/deploit/teams/69d8dd1e5d3e1f8c350e006f/users/68af3d99c99eb7bd2ff47bc8/projects/69f80768ca774c668fbaaed8/jobs/6a22c67b0859d97fbe7b5f71/results/hist_nonzero_binary_scores_digestive_tract_Smillie_Cell_2019_CellType_X_umap_hm_bbedd2.svg
hist_nonzero_binary_scores_digestive_tract_Xu_Cell_2023_Curated_annotation_X_umap_30933d.svg,s3://lifebit-user-data-6941eed90a4dd7a1d1026d7a/deploit/teams/69d8dd1e5d3e1f8c350e006f/users/68af3d99c99eb7bd2ff47bc8/projects/69f80768ca774c668fbaaed8/jobs/6a22c67b0859d97fbe7b5f71/results/hist_nonzero_binary_scores_digestive_tract_Xu_Cell_2023_Curated_annotation_X_umap_30933d.svg
hist_nonzero_binary_scores_digestive_tract_Zwick_Nat_Cell_Biol_2024_cell.type_X_umap_f5803a.svg,s3://lifebit-user-data-6941eed90a4dd7a1d1026d7a/deploit/teams/69d8dd1e5d3e1f8c350e006f/users/68af3d99c99eb7bd2ff47bc8/projects/69f80768ca774c668fbaaed8/jobs/6a22c67b0859d97fbe7b5f71/results/hist_nonzero_binary_scores_digestive_tract_Zwick_Nat_Cell_Biol_2024_cell.type_X_umap_f5803a.svg
hist_nonzero_medians_digestive_tract_Burclaff_Cellular_and_Molecular_Gastroenterology_and_Hepatology_2022_lineage_X_umap_5247a6.svg,s3://lifebit-user-data-6941eed90a4dd7a1d1026d7a/deploit/teams/69d8dd1e5d3e1f8c350e006f/users/68af3d99c99eb7bd2ff47bc8/projects/69f80768ca774c668fbaaed8/jobs/6a22c67b0859d97fbe7b5f71/results/hist_nonzero_medians_digestive_tract_Burclaff_Cellular_and_Molecular_Gastroenterology_and_Hepatology_2022_lineage_X_umap_5247a6.svg
hist_nonzero_medians_digestive_tract_Elmentaite_Nature_2021_author_cell_type_X_umap_bf2a8d.svg,s3://lifebit-user-data-6941eed90a4dd7a1d1026d7a/deploit/teams/69d8dd1e5d3e1f8c350e006f/users/68af3d99c99eb7bd2ff47bc8/projects/69f80768ca774c668fbaaed8/jobs/6a22c67b0859d97fbe7b5f71/results/hist_nonzero_medians_digestive_tract_Elmentaite_Nature_2021_author_cell_type_X_umap_bf2a8d.svg
hist_nonzero_medians_digestive_tract_Eraslan_Science_2022_Broad_cell_type_X_umap_f44b0f.svg,s3://lifebit-user-data-6941eed90a4dd7a1d1026d7a/deploit/teams/69d8dd1e5d3e1f8c350e006f/users/68af3d99c99eb7bd2ff47bc8/projects/69f80768ca774c668fbaaed8/jobs/6a22c67b0859d97fbe7b5f71/results/hist_nonzero_medians_digestive_tract_Eraslan_Science_2022_Broad_cell_type_X_umap_f44b0f.svg
hist_nonzero_medians_digestive_tract_Garrido-Trigo_Nat_Commun_2023_cell_type_X_umap_7e7800.svg,s3://lifebit-user-data-6941eed90a4dd7a1d1026d7a/deploit/teams/69d8dd1e5d3e1f8c350e006f/users/68af3d99c99eb7bd2ff47bc8/projects/69f80768ca774c668fbaaed8/jobs/6a22c67b0859d97fbe7b5f71/results/hist_nonzero_medians_digestive_tract_Garrido-Trigo_Nat_Commun_2023_cell_type_X_umap_7e7800.svg
hist_nonzero_medians_digestive_tract_Han_Nature_2020_author_cell_type_X_umap_5c7ea7.svg,s3://lifebit-user-data-6941eed90a4dd7a1d1026d7a/deploit/teams/69d8dd1e5d3e1f8c350e006f/users/68af3d99c99eb7bd2ff47bc8/projects/69f80768ca774c668fbaaed8/jobs/6a22c67b0859d97fbe7b5f71/results/hist_nonzero_medians_digestive_tract_Han_Nature_2020_author_cell_type_X_umap_5c7ea7.svg
hist_nonzero_medians_digestive_tract_Horeth_J_Dent_Res_2023_author_cell_type_X_umap_ae6cbe.svg,s3://lifebit-user-data-6941eed90a4dd7a1d1026d7a/deploit/teams/69d8dd1e5d3e1f8c350e006f/users/68af3d99c99eb7bd2ff47bc8/projects/69f80768ca774c668fbaaed8/jobs/6a22c67b0859d97fbe7b5f71/results/hist_nonzero_medians_digestive_tract_Horeth_J_Dent_Res_2023_author_cell_type_X_umap_ae6cbe.svg
hist_nonzero_medians_digestive_tract_Madissoon_Genome_Biol_2020_author_cell_type_X_umap_f35993.svg,s3://lifebit-user-data-6941eed90a4dd7a1d1026d7a/deploit/teams/69d8dd1e5d3e1f8c350e006f/users/68af3d99c99eb7bd2ff47bc8/projects/69f80768ca774c668fbaaed8/jobs/6a22c67b0859d97fbe7b5f71/results/hist_nonzero_medians_digestive_tract_Madissoon_Genome_Biol_2020_author_cell_type_X_umap_f35993.svg
hist_nonzero_medians_digestive_tract_Martin_Cell_2019_author_cell_type1_X_umap_hm_59ef00.svg,s3://lifebit-user-data-6941eed90a4dd7a1d1026d7a/deploit/teams/69d8dd1e5d3e1f8c350e006f/users/68af3d99c99eb7bd2ff47bc8/projects/69f80768ca774c668fbaaed8/jobs/6a22c67b0859d97fbe7b5f71/results/hist_nonzero_medians_digestive_tract_Martin_Cell_2019_author_cell_type1_X_umap_hm_59ef00.svg
hist_nonzero_medians_digestive_tract_Nowicki-Osuch_Cancer_Discovery_2023_Detailed_Cell_Type_umap_MinDist_0.5_N_Neighbors_15_e72b7b.svg,s3://lifebit-user-data-6941eed90a4dd7a1d1026d7a/deploit/teams/69d8dd1e5d3e1f8c350e006f/users/68af3d99c99eb7bd2ff47bc8/projects/69f80768ca774c668fbaaed8/jobs/6a22c67b0859d97fbe7b5f71/results/hist_nonzero_medians_digestive_tract_Nowicki-Osuch_Cancer_Discovery_2023_Detailed_Cell_Type_umap_MinDist_0.5_N_Neighbors_15_e72b7b.svg
hist_nonzero_medians_digestive_tract_Oliver_Nature_2024_level_3_annot_X_umap_a60caa.svg,s3://lifebit-user-data-6941eed90a4dd7a1d1026d7a/deploit/teams/69d8dd1e5d3e1f8c350e006f/users/68af3d99c99eb7bd2ff47bc8/projects/69f80768ca774c668fbaaed8/jobs/6a22c67b0859d97fbe7b5f71/results/hist_nonzero_medians_digestive_tract_Oliver_Nature_2024_level_3_annot_X_umap_a60caa.svg
hist_nonzero_medians_digestive_tract_Smillie_Cell_2019_CellType_X_umap_hm_bbedd2.svg,s3://lifebit-user-data-6941eed90a4dd7a1d1026d7a/deploit/teams/69d8dd1e5d3e1f8c350e006f/users/68af3d99c99eb7bd2ff47bc8/projects/69f80768ca774c668fbaaed8/jobs/6a22c67b0859d97fbe7b5f71/results/hist_nonzero_medians_digestive_tract_Smillie_Cell_2019_CellType_X_umap_hm_bbedd2.svg
hist_nonzero_medians_digestive_tract_Xu_Cell_2023_Curated_annotation_X_umap_30933d.svg,s3://lifebit-user-data-6941eed90a4dd7a1d1026d7a/deploit/teams/69d8dd1e5d3e1f8c350e006f/users/68af3d99c99eb7bd2ff47bc8/projects/69f80768ca774c668fbaaed8/jobs/6a22c67b0859d97fbe7b5f71/results/hist_nonzero_medians_digestive_tract_Xu_Cell_2023_Curated_annotation_X_umap_30933d.svg
hist_nonzero_medians_digestive_tract_Zwick_Nat_Cell_Biol_2024_cell.type_X_umap_f5803a.svg,s3://lifebit-user-data-6941eed90a4dd7a1d1026d7a/deploit/teams/69d8dd1e5d3e1f8c350e006f/users/68af3d99c99eb7bd2ff47bc8/projects/69f80768ca774c668fbaaed8/jobs/6a22c67b0859d97fbe7b5f71/results/hist_nonzero_medians_digestive_tract_Zwick_Nat_Cell_Biol_2024_cell.type_X_umap_f5803a.svg
markers_ensg_digestive_tract_Burclaff_Cellular_and_Molecular_Gastroenterology_and_Hepatology_2022_lineage_X_umap_5247a6.csv,s3://lifebit-user-data-6941eed90a4dd7a1d1026d7a/deploit/teams/69d8dd1e5d3e1f8c350e006f/users/68af3d99c99eb7bd2ff47bc8/projects/69f80768ca774c668fbaaed8/jobs/6a22c67b0859d97fbe7b5f71/results/markers_ensg_digestive_tract_Burclaff_Cellular_and_Molecular_Gastroenterology_and_Hepatology_2022_lineage_X_umap_5247a6.csv
markers_ensg_digestive_tract_Elmentaite_Nature_2021_author_cell_type_X_umap_bf2a8d.csv,s3://lifebit-user-data-6941eed90a4dd7a1d1026d7a/deploit/teams/69d8dd1e5d3e1f8c350e006f/users/68af3d99c99eb7bd2ff47bc8/projects/69f80768ca774c668fbaaed8/jobs/6a22c67b0859d97fbe7b5f71/results/markers_ensg_digestive_tract_Elmentaite_Nature_2021_author_cell_type_X_umap_bf2a8d.csv
markers_ensg_digestive_tract_Eraslan_Science_2022_Broad_cell_type_X_umap_f44b0f.csv,s3://lifebit-user-data-6941eed90a4dd7a1d1026d7a/deploit/teams/69d8dd1e5d3e1f8c350e006f/users/68af3d99c99eb7bd2ff47bc8/projects/69f80768ca774c668fbaaed8/jobs/6a22c67b0859d97fbe7b5f71/results/markers_ensg_digestive_tract_Eraslan_Science_2022_Broad_cell_type_X_umap_f44b0f.csv
markers_ensg_digestive_tract_Garrido-Trigo_Nat_Commun_2023_cell_type_X_umap_7e7800.csv,s3://lifebit-user-data-6941eed90a4dd7a1d1026d7a/deploit/teams/69d8dd1e5d3e1f8c350e006f/users/68af3d99c99eb7bd2ff47bc8/projects/69f80768ca774c668fbaaed8/jobs/6a22c67b0859d97fbe7b5f71/results/markers_ensg_digestive_tract_Garrido-Trigo_Nat_Commun_2023_cell_type_X_umap_7e7800.csv
markers_ensg_digestive_tract_Han_Nature_2020_author_cell_type_X_umap_5c7ea7.csv,s3://lifebit-user-data-6941eed90a4dd7a1d1026d7a/deploit/teams/69d8dd1e5d3e1f8c350e006f/users/68af3d99c99eb7bd2ff47bc8/projects/69f80768ca774c668fbaaed8/jobs/6a22c67b0859d97fbe7b5f71/results/markers_ensg_digestive_tract_Han_Nature_2020_author_cell_type_X_umap_5c7ea7.csv
markers_ensg_digestive_tract_Horeth_J_Dent_Res_2023_author_cell_type_X_umap_ae6cbe.csv,s3://lifebit-user-data-6941eed90a4dd7a1d1026d7a/deploit/teams/69d8dd1e5d3e1f8c350e006f/users/68af3d99c99eb7bd2ff47bc8/projects/69f80768ca774c668fbaaed8/jobs/6a22c67b0859d97fbe7b5f71/results/markers_ensg_digestive_tract_Horeth_J_Dent_Res_2023_author_cell_type_X_umap_ae6cbe.csv
markers_ensg_digestive_tract_Madissoon_Genome_Biol_2020_author_cell_type_X_umap_f35993.csv,s3://lifebit-user-data-6941eed90a4dd7a1d1026d7a/deploit/teams/69d8dd1e5d3e1f8c350e006f/users/68af3d99c99eb7bd2ff47bc8/projects/69f80768ca774c668fbaaed8/jobs/6a22c67b0859d97fbe7b5f71/results/markers_ensg_digestive_tract_Madissoon_Genome_Biol_2020_author_cell_type_X_umap_f35993.csv
markers_ensg_digestive_tract_Martin_Cell_2019_author_cell_type1_X_umap_hm_59ef00.csv,s3://lifebit-user-data-6941eed90a4dd7a1d1026d7a/deploit/teams/69d8dd1e5d3e1f8c350e006f/users/68af3d99c99eb7bd2ff47bc8/projects/69f80768ca774c668fbaaed8/jobs/6a22c67b0859d97fbe7b5f71/results/markers_ensg_digestive_tract_Martin_Cell_2019_author_cell_type1_X_umap_hm_59ef00.csv
markers_ensg_digestive_tract_Nowicki-Osuch_Cancer_Discovery_2023_Detailed_Cell_Type_umap_MinDist_0.5_N_Neighbors_15_e72b7b.csv,s3://lifebit-user-data-6941eed90a4dd7a1d1026d7a/deploit/teams/69d8dd1e5d3e1f8c350e006f/users/68af3d99c99eb7bd2ff47bc8/projects/69f80768ca774c668fbaaed8/jobs/6a22c67b0859d97fbe7b5f71/results/markers_ensg_digestive_tract_Nowicki-Osuch_Cancer_Discovery_2023_Detailed_Cell_Type_umap_MinDist_0.5_N_Neighbors_15_e72b7b.csv
markers_ensg_digestive_tract_Oliver_Nature_2024_level_3_annot_X_umap_a60caa.csv,s3://lifebit-user-data-6941eed90a4dd7a1d1026d7a/deploit/teams/69d8dd1e5d3e1f8c350e006f/users/68af3d99c99eb7bd2ff47bc8/projects/69f80768ca774c668fbaaed8/jobs/6a22c67b0859d97fbe7b5f71/results/markers_ensg_digestive_tract_Oliver_Nature_2024_level_3_annot_X_umap_a60caa.csv
markers_ensg_digestive_tract_Smillie_Cell_2019_CellType_X_umap_hm_bbedd2.csv,s3://lifebit-user-data-6941eed90a4dd7a1d1026d7a/deploit/teams/69d8dd1e5d3e1f8c350e006f/users/68af3d99c99eb7bd2ff47bc8/projects/69f80768ca774c668fbaaed8/jobs/6a22c67b0859d97fbe7b5f71/results/markers_ensg_digestive_tract_Smillie_Cell_2019_CellType_X_umap_hm_bbedd2.csv
markers_ensg_digestive_tract_Xu_Cell_2023_Curated_annotation_X_umap_30933d.csv,s3://lifebit-user-data-6941eed90a4dd7a1d1026d7a/deploit/teams/69d8dd1e5d3e1f8c350e006f/users/68af3d99c99eb7bd2ff47bc8/projects/69f80768ca774c668fbaaed8/jobs/6a22c67b0859d97fbe7b5f71/results/markers_ensg_digestive_tract_Xu_Cell_2023_Curated_annotation_X_umap_30933d.csv
markers_ensg_digestive_tract_Zwick_Nat_Cell_Biol_2024_cell.type_X_umap_f5803a.csv,s3://lifebit-user-data-6941eed90a4dd7a1d1026d7a/deploit/teams/69d8dd1e5d3e1f8c350e006f/users/68af3d99c99eb7bd2ff47bc8/projects/69f80768ca774c668fbaaed8/jobs/6a22c67b0859d97fbe7b5f71/results/markers_ensg_digestive_tract_Zwick_Nat_Cell_Biol_2024_cell.type_X_umap_f5803a.csv
markers_onTarget_ensg_digestive_tract_Burclaff_Cellular_and_Molecular_Gastroenterology_and_Hepatology_2022_lineage_X_umap_5247a6.csv,s3://lifebit-user-data-6941eed90a4dd7a1d1026d7a/deploit/teams/69d8dd1e5d3e1f8c350e006f/users/68af3d99c99eb7bd2ff47bc8/projects/69f80768ca774c668fbaaed8/jobs/6a22c67b0859d97fbe7b5f71/results/markers_onTarget_ensg_digestive_tract_Burclaff_Cellular_and_Molecular_Gastroenterology_and_Hepatology_2022_lineage_X_umap_5247a6.csv
markers_onTarget_ensg_digestive_tract_Elmentaite_Nature_2021_author_cell_type_X_umap_bf2a8d.csv,s3://lifebit-user-data-6941eed90a4dd7a1d1026d7a/deploit/teams/69d8dd1e5d3e1f8c350e006f/users/68af3d99c99eb7bd2ff47bc8/projects/69f80768ca774c668fbaaed8/jobs/6a22c67b0859d97fbe7b5f71/results/markers_onTarget_ensg_digestive_tract_Elmentaite_Nature_2021_author_cell_type_X_umap_bf2a8d.csv
markers_onTarget_ensg_digestive_tract_Eraslan_Science_2022_Broad_cell_type_X_umap_f44b0f.csv,s3://lifebit-user-data-6941eed90a4dd7a1d1026d7a/deploit/teams/69d8dd1e5d3e1f8c350e006f/users/68af3d99c99eb7bd2ff47bc8/projects/69f80768ca774c668fbaaed8/jobs/6a22c67b0859d97fbe7b5f71/results/markers_onTarget_ensg_digestive_tract_Eraslan_Science_2022_Broad_cell_type_X_umap_f44b0f.csv
markers_onTarget_ensg_digestive_tract_Garrido-Trigo_Nat_Commun_2023_cell_type_X_umap_7e7800.csv,s3://lifebit-user-data-6941eed90a4dd7a1d1026d7a/deploit/teams/69d8dd1e5d3e1f8c350e006f/users/68af3d99c99eb7bd2ff47bc8/projects/69f80768ca774c668fbaaed8/jobs/6a22c67b0859d97fbe7b5f71/results/markers_onTarget_ensg_digestive_tract_Garrido-Trigo_Nat_Commun_2023_cell_type_X_umap_7e7800.csv
markers_onTarget_ensg_digestive_tract_Han_Nature_2020_author_cell_type_X_umap_5c7ea7.csv,s3://lifebit-user-data-6941eed90a4dd7a1d1026d7a/deploit/teams/69d8dd1e5d3e1f8c350e006f/users/68af3d99c99eb7bd2ff47bc8/projects/69f80768ca774c668fbaaed8/jobs/6a22c67b0859d97fbe7b5f71/results/markers_onTarget_ensg_digestive_tract_Han_Nature_2020_author_cell_type_X_umap_5c7ea7.csv
markers_onTarget_ensg_digestive_tract_Horeth_J_Dent_Res_2023_author_cell_type_X_umap_ae6cbe.csv,s3://lifebit-user-data-6941eed90a4dd7a1d1026d7a/deploit/teams/69d8dd1e5d3e1f8c350e006f/users/68af3d99c99eb7bd2ff47bc8/projects/69f80768ca774c668fbaaed8/jobs/6a22c67b0859d97fbe7b5f71/results/markers_onTarget_ensg_digestive_tract_Horeth_J_Dent_Res_2023_author_cell_type_X_umap_ae6cbe.csv
markers_onTarget_ensg_digestive_tract_Madissoon_Genome_Biol_2020_author_cell_type_X_umap_f35993.csv,s3://lifebit-user-data-6941eed90a4dd7a1d1026d7a/deploit/teams/69d8dd1e5d3e1f8c350e006f/users/68af3d99c99eb7bd2ff47bc8/projects/69f80768ca774c668fbaaed8/jobs/6a22c67b0859d97fbe7b5f71/results/markers_onTarget_ensg_digestive_tract_Madissoon_Genome_Biol_2020_author_cell_type_X_umap_f35993.csv
markers_onTarget_ensg_digestive_tract_Martin_Cell_2019_author_cell_type1_X_umap_hm_59ef00.csv,s3://lifebit-user-data-6941eed90a4dd7a1d1026d7a/deploit/teams/69d8dd1e5d3e1f8c350e006f/users/68af3d99c99eb7bd2ff47bc8/projects/69f80768ca774c668fbaaed8/jobs/6a22c67b0859d97fbe7b5f71/results/markers_onTarget_ensg_digestive_tract_Martin_Cell_2019_author_cell_type1_X_umap_hm_59ef00.csv
markers_onTarget_ensg_digestive_tract_Nowicki-Osuch_Cancer_Discovery_2023_Detailed_Cell_Type_umap_MinDist_0.5_N_Neighbors_15_e72b7b.csv,s3://lifebit-user-data-6941eed90a4dd7a1d1026d7a/deploit/teams/69d8dd1e5d3e1f8c350e006f/users/68af3d99c99eb7bd2ff47bc8/projects/69f80768ca774c668fbaaed8/jobs/6a22c67b0859d97fbe7b5f71/results/markers_onTarget_ensg_digestive_tract_Nowicki-Osuch_Cancer_Discovery_2023_Detailed_Cell_Type_umap_MinDist_0.5_N_Neighbors_15_e72b7b.csv
markers_onTarget_ensg_digestive_tract_Oliver_Nature_2024_level_3_annot_X_umap_a60caa.csv,s3://lifebit-user-data-6941eed90a4dd7a1d1026d7a/deploit/teams/69d8dd1e5d3e1f8c350e006f/users/68af3d99c99eb7bd2ff47bc8/projects/69f80768ca774c668fbaaed8/jobs/6a22c67b0859d97fbe7b5f71/results/markers_onTarget_ensg_digestive_tract_Oliver_Nature_2024_level_3_annot_X_umap_a60caa.csv
markers_onTarget_ensg_digestive_tract_Smillie_Cell_2019_CellType_X_umap_hm_bbedd2.csv,s3://lifebit-user-data-6941eed90a4dd7a1d1026d7a/deploit/teams/69d8dd1e5d3e1f8c350e006f/users/68af3d99c99eb7bd2ff47bc8/projects/69f80768ca774c668fbaaed8/jobs/6a22c67b0859d97fbe7b5f71/results/markers_onTarget_ensg_digestive_tract_Smillie_Cell_2019_CellType_X_umap_hm_bbedd2.csv
markers_onTarget_ensg_digestive_tract_Xu_Cell_2023_Curated_annotation_X_umap_30933d.csv,s3://lifebit-user-data-6941eed90a4dd7a1d1026d7a/deploit/teams/69d8dd1e5d3e1f8c350e006f/users/68af3d99c99eb7bd2ff47bc8/projects/69f80768ca774c668fbaaed8/jobs/6a22c67b0859d97fbe7b5f71/results/markers_onTarget_ensg_digestive_tract_Xu_Cell_2023_Curated_annotation_X_umap_30933d.csv
markers_onTarget_ensg_digestive_tract_Zwick_Nat_Cell_Biol_2024_cell.type_X_umap_f5803a.csv,s3://lifebit-user-data-6941eed90a4dd7a1d1026d7a/deploit/teams/69d8dd1e5d3e1f8c350e006f/users/68af3d99c99eb7bd2ff47bc8/projects/69f80768ca774c668fbaaed8/jobs/6a22c67b0859d97fbe7b5f71/results/markers_onTarget_ensg_digestive_tract_Zwick_Nat_Cell_Biol_2024_cell.type_X_umap_f5803a.csv
markers_onTarget_supp_ensg_digestive_tract_Burclaff_Cellular_and_Molecular_Gastroenterology_and_Hepatology_2022_lineage_X_umap_5247a6.csv,s3://lifebit-user-data-6941eed90a4dd7a1d1026d7a/deploit/teams/69d8dd1e5d3e1f8c350e006f/users/68af3d99c99eb7bd2ff47bc8/projects/69f80768ca774c668fbaaed8/jobs/6a22c67b0859d97fbe7b5f71/results/markers_onTarget_supp_ensg_digestive_tract_Burclaff_Cellular_and_Molecular_Gastroenterology_and_Hepatology_2022_lineage_X_umap_5247a6.csv
markers_onTarget_supp_ensg_digestive_tract_Elmentaite_Nature_2021_author_cell_type_X_umap_bf2a8d.csv,s3://lifebit-user-data-6941eed90a4dd7a1d1026d7a/deploit/teams/69d8dd1e5d3e1f8c350e006f/users/68af3d99c99eb7bd2ff47bc8/projects/69f80768ca774c668fbaaed8/jobs/6a22c67b0859d97fbe7b5f71/results/markers_onTarget_supp_ensg_digestive_tract_Elmentaite_Nature_2021_author_cell_type_X_umap_bf2a8d.csv
markers_onTarget_supp_ensg_digestive_tract_Eraslan_Science_2022_Broad_cell_type_X_umap_f44b0f.csv,s3://lifebit-user-data-6941eed90a4dd7a1d1026d7a/deploit/teams/69d8dd1e5d3e1f8c350e006f/users/68af3d99c99eb7bd2ff47bc8/projects/69f80768ca774c668fbaaed8/jobs/6a22c67b0859d97fbe7b5f71/results/markers_onTarget_supp_ensg_digestive_tract_Eraslan_Science_2022_Broad_cell_type_X_umap_f44b0f.csv
markers_onTarget_supp_ensg_digestive_tract_Garrido-Trigo_Nat_Commun_2023_cell_type_X_umap_7e7800.csv,s3://lifebit-user-data-6941eed90a4dd7a1d1026d7a/deploit/teams/69d8dd1e5d3e1f8c350e006f/users/68af3d99c99eb7bd2ff47bc8/projects/69f80768ca774c668fbaaed8/jobs/6a22c67b0859d97fbe7b5f71/results/markers_onTarget_supp_ensg_digestive_tract_Garrido-Trigo_Nat_Commun_2023_cell_type_X_umap_7e7800.csv
markers_onTarget_supp_ensg_digestive_tract_Han_Nature_2020_author_cell_type_X_umap_5c7ea7.csv,s3://lifebit-user-data-6941eed90a4dd7a1d1026d7a/deploit/teams/69d8dd1e5d3e1f8c350e006f/users/68af3d99c99eb7bd2ff47bc8/projects/69f80768ca774c668fbaaed8/jobs/6a22c67b0859d97fbe7b5f71/results/markers_onTarget_supp_ensg_digestive_tract_Han_Nature_2020_author_cell_type_X_umap_5c7ea7.csv
markers_onTarget_supp_ensg_digestive_tract_Horeth_J_Dent_Res_2023_author_cell_type_X_umap_ae6cbe.csv,s3://lifebit-user-data-6941eed90a4dd7a1d1026d7a/deploit/teams/69d8dd1e5d3e1f8c350e006f/users/68af3d99c99eb7bd2ff47bc8/projects/69f80768ca774c668fbaaed8/jobs/6a22c67b0859d97fbe7b5f71/results/markers_onTarget_supp_ensg_digestive_tract_Horeth_J_Dent_Res_2023_author_cell_type_X_umap_ae6cbe.csv
markers_onTarget_supp_ensg_digestive_tract_Madissoon_Genome_Biol_2020_author_cell_type_X_umap_f35993.csv,s3://lifebit-user-data-6941eed90a4dd7a1d1026d7a/deploit/teams/69d8dd1e5d3e1f8c350e006f/users/68af3d99c99eb7bd2ff47bc8/projects/69f80768ca774c668fbaaed8/jobs/6a22c67b0859d97fbe7b5f71/results/markers_onTarget_supp_ensg_digestive_tract_Madissoon_Genome_Biol_2020_author_cell_type_X_umap_f35993.csv
markers_onTarget_supp_ensg_digestive_tract_Martin_Cell_2019_author_cell_type1_X_umap_hm_59ef00.csv,s3://lifebit-user-data-6941eed90a4dd7a1d1026d7a/deploit/teams/69d8dd1e5d3e1f8c350e006f/users/68af3d99c99eb7bd2ff47bc8/projects/69f80768ca774c668fbaaed8/jobs/6a22c67b0859d97fbe7b5f71/results/markers_onTarget_supp_ensg_digestive_tract_Martin_Cell_2019_author_cell_type1_X_umap_hm_59ef00.csv
markers_onTarget_supp_ensg_digestive_tract_Nowicki-Osuch_Cancer_Discovery_2023_Detailed_Cell_Type_umap_MinDist_0.5_N_Neighbors_15_e72b7b.csv,s3://lifebit-user-data-6941eed90a4dd7a1d1026d7a/deploit/teams/69d8dd1e5d3e1f8c350e006f/users/68af3d99c99eb7bd2ff47bc8/projects/69f80768ca774c668fbaaed8/jobs/6a22c67b0859d97fbe7b5f71/results/markers_onTarget_supp_ensg_digestive_tract_Nowicki-Osuch_Cancer_Discovery_2023_Detailed_Cell_Type_umap_MinDist_0.5_N_Neighbors_15_e72b7b.csv
markers_onTarget_supp_ensg_digestive_tract_Oliver_Nature_2024_level_3_annot_X_umap_a60caa.csv,s3://lifebit-user-data-6941eed90a4dd7a1d1026d7a/deploit/teams/69d8dd1e5d3e1f8c350e006f/users/68af3d99c99eb7bd2ff47bc8/projects/69f80768ca774c668fbaaed8/jobs/6a22c67b0859d97fbe7b5f71/results/markers_onTarget_supp_ensg_digestive_tract_Oliver_Nature_2024_level_3_annot_X_umap_a60caa.csv
markers_onTarget_supp_ensg_digestive_tract_Smillie_Cell_2019_CellType_X_umap_hm_bbedd2.csv,s3://lifebit-user-data-6941eed90a4dd7a1d1026d7a/deploit/teams/69d8dd1e5d3e1f8c350e006f/users/68af3d99c99eb7bd2ff47bc8/projects/69f80768ca774c668fbaaed8/jobs/6a22c67b0859d97fbe7b5f71/results/markers_onTarget_supp_ensg_digestive_tract_Smillie_Cell_2019_CellType_X_umap_hm_bbedd2.csv
markers_onTarget_supp_ensg_digestive_tract_Xu_Cell_2023_Curated_annotation_X_umap_30933d.csv,s3://lifebit-user-data-6941eed90a4dd7a1d1026d7a/deploit/teams/69d8dd1e5d3e1f8c350e006f/users/68af3d99c99eb7bd2ff47bc8/projects/69f80768ca774c668fbaaed8/jobs/6a22c67b0859d97fbe7b5f71/results/markers_onTarget_supp_ensg_digestive_tract_Xu_Cell_2023_Curated_annotation_X_umap_30933d.csv
markers_onTarget_supp_ensg_digestive_tract_Zwick_Nat_Cell_Biol_2024_cell.type_X_umap_f5803a.csv,s3://lifebit-user-data-6941eed90a4dd7a1d1026d7a/deploit/teams/69d8dd1e5d3e1f8c350e006f/users/68af3d99c99eb7bd2ff47bc8/projects/69f80768ca774c668fbaaed8/jobs/6a22c67b0859d97fbe7b5f71/results/markers_onTarget_supp_ensg_digestive_tract_Zwick_Nat_Cell_Biol_2024_cell.type_X_umap_f5803a.csv
markers_onTarget_supp_symbols_digestive_tract_Burclaff_Cellular_and_Molecular_Gastroenterology_and_Hepatology_2022_lineage_X_umap_5247a6.csv,s3://lifebit-user-data-6941eed90a4dd7a1d1026d7a/deploit/teams/69d8dd1e5d3e1f8c350e006f/users/68af3d99c99eb7bd2ff47bc8/projects/69f80768ca774c668fbaaed8/jobs/6a22c67b0859d97fbe7b5f71/results/markers_onTarget_supp_symbols_digestive_tract_Burclaff_Cellular_and_Molecular_Gastroenterology_and_Hepatology_2022_lineage_X_umap_5247a6.csv
markers_onTarget_supp_symbols_digestive_tract_Elmentaite_Nature_2021_author_cell_type_X_umap_bf2a8d.csv,s3://lifebit-user-data-6941eed90a4dd7a1d1026d7a/deploit/teams/69d8dd1e5d3e1f8c350e006f/users/68af3d99c99eb7bd2ff47bc8/projects/69f80768ca774c668fbaaed8/jobs/6a22c67b0859d97fbe7b5f71/results/markers_onTarget_supp_symbols_digestive_tract_Elmentaite_Nature_2021_author_cell_type_X_umap_bf2a8d.csv
markers_onTarget_supp_symbols_digestive_tract_Eraslan_Science_2022_Broad_cell_type_X_umap_f44b0f.csv,s3://lifebit-user-data-6941eed90a4dd7a1d1026d7a/deploit/teams/69d8dd1e5d3e1f8c350e006f/users/68af3d99c99eb7bd2ff47bc8/projects/69f80768ca774c668fbaaed8/jobs/6a22c67b0859d97fbe7b5f71/results/markers_onTarget_supp_symbols_digestive_tract_Eraslan_Science_2022_Broad_cell_type_X_umap_f44b0f.csv
markers_onTarget_supp_symbols_digestive_tract_Garrido-Trigo_Nat_Commun_2023_cell_type_X_umap_7e7800.csv,s3://lifebit-user-data-6941eed90a4dd7a1d1026d7a/deploit/teams/69d8dd1e5d3e1f8c350e006f/users/68af3d99c99eb7bd2ff47bc8/projects/69f80768ca774c668fbaaed8/jobs/6a22c67b0859d97fbe7b5f71/results/markers_onTarget_supp_symbols_digestive_tract_Garrido-Trigo_Nat_Commun_2023_cell_type_X_umap_7e7800.csv
markers_onTarget_supp_symbols_digestive_tract_Han_Nature_2020_author_cell_type_X_umap_5c7ea7.csv,s3://lifebit-user-data-6941eed90a4dd7a1d1026d7a/deploit/teams/69d8dd1e5d3e1f8c350e006f/users/68af3d99c99eb7bd2ff47bc8/projects/69f80768ca774c668fbaaed8/jobs/6a22c67b0859d97fbe7b5f71/results/markers_onTarget_supp_symbols_digestive_tract_Han_Nature_2020_author_cell_type_X_umap_5c7ea7.csv
markers_onTarget_supp_symbols_digestive_tract_Horeth_J_Dent_Res_2023_author_cell_type_X_umap_ae6cbe.csv,s3://lifebit-user-data-6941eed90a4dd7a1d1026d7a/deploit/teams/69d8dd1e5d3e1f8c350e006f/users/68af3d99c99eb7bd2ff47bc8/projects/69f80768ca774c668fbaaed8/jobs/6a22c67b0859d97fbe7b5f71/results/markers_onTarget_supp_symbols_digestive_tract_Horeth_J_Dent_Res_2023_author_cell_type_X_umap_ae6cbe.csv
markers_onTarget_supp_symbols_digestive_tract_Madissoon_Genome_Biol_2020_author_cell_type_X_umap_f35993.csv,s3://lifebit-user-data-6941eed90a4dd7a1d1026d7a/deploit/teams/69d8dd1e5d3e1f8c350e006f/users/68af3d99c99eb7bd2ff47bc8/projects/69f80768ca774c668fbaaed8/jobs/6a22c67b0859d97fbe7b5f71/results/markers_onTarget_supp_symbols_digestive_tract_Madissoon_Genome_Biol_2020_author_cell_type_X_umap_f35993.csv
markers_onTarget_supp_symbols_digestive_tract_Martin_Cell_2019_author_cell_type1_X_umap_hm_59ef00.csv,s3://lifebit-user-data-6941eed90a4dd7a1d1026d7a/deploit/teams/69d8dd1e5d3e1f8c350e006f/users/68af3d99c99eb7bd2ff47bc8/projects/69f80768ca774c668fbaaed8/jobs/6a22c67b0859d97fbe7b5f71/results/markers_onTarget_supp_symbols_digestive_tract_Martin_Cell_2019_author_cell_type1_X_umap_hm_59ef00.csv
markers_onTarget_supp_symbols_digestive_tract_Nowicki-Osuch_Cancer_Discovery_2023_Detailed_Cell_Type_umap_MinDist_0.5_N_Neighbors_15_e72b7b.csv,s3://lifebit-user-data-6941eed90a4dd7a1d1026d7a/deploit/teams/69d8dd1e5d3e1f8c350e006f/users/68af3d99c99eb7bd2ff47bc8/projects/69f80768ca774c668fbaaed8/jobs/6a22c67b0859d97fbe7b5f71/results/markers_onTarget_supp_symbols_digestive_tract_Nowicki-Osuch_Cancer_Discovery_2023_Detailed_Cell_Type_umap_MinDist_0.5_N_Neighbors_15_e72b7b.csv
markers_onTarget_supp_symbols_digestive_tract_Oliver_Nature_2024_level_3_annot_X_umap_a60caa.csv,s3://lifebit-user-data-6941eed90a4dd7a1d1026d7a/deploit/teams/69d8dd1e5d3e1f8c350e006f/users/68af3d99c99eb7bd2ff47bc8/projects/69f80768ca774c668fbaaed8/jobs/6a22c67b0859d97fbe7b5f71/results/markers_onTarget_supp_symbols_digestive_tract_Oliver_Nature_2024_level_3_annot_X_umap_a60caa.csv
markers_onTarget_supp_symbols_digestive_tract_Smillie_Cell_2019_CellType_X_umap_hm_bbedd2.csv,s3://lifebit-user-data-6941eed90a4dd7a1d1026d7a/deploit/teams/69d8dd1e5d3e1f8c350e006f/users/68af3d99c99eb7bd2ff47bc8/projects/69f80768ca774c668fbaaed8/jobs/6a22c67b0859d97fbe7b5f71/results/markers_onTarget_supp_symbols_digestive_tract_Smillie_Cell_2019_CellType_X_umap_hm_bbedd2.csv
markers_onTarget_supp_symbols_digestive_tract_Xu_Cell_2023_Curated_annotation_X_umap_30933d.csv,s3://lifebit-user-data-6941eed90a4dd7a1d1026d7a/deploit/teams/69d8dd1e5d3e1f8c350e006f/users/68af3d99c99eb7bd2ff47bc8/projects/69f80768ca774c668fbaaed8/jobs/6a22c67b0859d97fbe7b5f71/results/markers_onTarget_supp_symbols_digestive_tract_Xu_Cell_2023_Curated_annotation_X_umap_30933d.csv
markers_onTarget_supp_symbols_digestive_tract_Zwick_Nat_Cell_Biol_2024_cell.type_X_umap_f5803a.csv,s3://lifebit-user-data-6941eed90a4dd7a1d1026d7a/deploit/teams/69d8dd1e5d3e1f8c350e006f/users/68af3d99c99eb7bd2ff47bc8/projects/69f80768ca774c668fbaaed8/jobs/6a22c67b0859d97fbe7b5f71/results/markers_onTarget_supp_symbols_digestive_tract_Zwick_Nat_Cell_Biol_2024_cell.type_X_umap_f5803a.csv
markers_onTarget_symbols_digestive_tract_Burclaff_Cellular_and_Molecular_Gastroenterology_and_Hepatology_2022_lineage_X_umap_5247a6.csv,s3://lifebit-user-data-6941eed90a4dd7a1d1026d7a/deploit/teams/69d8dd1e5d3e1f8c350e006f/users/68af3d99c99eb7bd2ff47bc8/projects/69f80768ca774c668fbaaed8/jobs/6a22c67b0859d97fbe7b5f71/results/markers_onTarget_symbols_digestive_tract_Burclaff_Cellular_and_Molecular_Gastroenterology_and_Hepatology_2022_lineage_X_umap_5247a6.csv
markers_onTarget_symbols_digestive_tract_Elmentaite_Nature_2021_author_cell_type_X_umap_bf2a8d.csv,s3://lifebit-user-data-6941eed90a4dd7a1d1026d7a/deploit/teams/69d8dd1e5d3e1f8c350e006f/users/68af3d99c99eb7bd2ff47bc8/projects/69f80768ca774c668fbaaed8/jobs/6a22c67b0859d97fbe7b5f71/results/markers_onTarget_symbols_digestive_tract_Elmentaite_Nature_2021_author_cell_type_X_umap_bf2a8d.csv
markers_onTarget_symbols_digestive_tract_Eraslan_Science_2022_Broad_cell_type_X_umap_f44b0f.csv,s3://lifebit-user-data-6941eed90a4dd7a1d1026d7a/deploit/teams/69d8dd1e5d3e1f8c350e006f/users/68af3d99c99eb7bd2ff47bc8/projects/69f80768ca774c668fbaaed8/jobs/6a22c67b0859d97fbe7b5f71/results/markers_onTarget_symbols_digestive_tract_Eraslan_Science_2022_Broad_cell_type_X_umap_f44b0f.csv
markers_onTarget_symbols_digestive_tract_Garrido-Trigo_Nat_Commun_2023_cell_type_X_umap_7e7800.csv,s3://lifebit-user-data-6941eed90a4dd7a1d1026d7a/deploit/teams/69d8dd1e5d3e1f8c350e006f/users/68af3d99c99eb7bd2ff47bc8/projects/69f80768ca774c668fbaaed8/jobs/6a22c67b0859d97fbe7b5f71/results/markers_onTarget_symbols_digestive_tract_Garrido-Trigo_Nat_Commun_2023_cell_type_X_umap_7e7800.csv
markers_onTarget_symbols_digestive_tract_Han_Nature_2020_author_cell_type_X_umap_5c7ea7.csv,s3://lifebit-user-data-6941eed90a4dd7a1d1026d7a/deploit/teams/69d8dd1e5d3e1f8c350e006f/users/68af3d99c99eb7bd2ff47bc8/projects/69f80768ca774c668fbaaed8/jobs/6a22c67b0859d97fbe7b5f71/results/markers_onTarget_symbols_digestive_tract_Han_Nature_2020_author_cell_type_X_umap_5c7ea7.csv
markers_onTarget_symbols_digestive_tract_Horeth_J_Dent_Res_2023_author_cell_type_X_umap_ae6cbe.csv,s3://lifebit-user-data-6941eed90a4dd7a1d1026d7a/deploit/teams/69d8dd1e5d3e1f8c350e006f/users/68af3d99c99eb7bd2ff47bc8/projects/69f80768ca774c668fbaaed8/jobs/6a22c67b0859d97fbe7b5f71/results/markers_onTarget_symbols_digestive_tract_Horeth_J_Dent_Res_2023_author_cell_type_X_umap_ae6cbe.csv
markers_onTarget_symbols_digestive_tract_Madissoon_Genome_Biol_2020_author_cell_type_X_umap_f35993.csv,s3://lifebit-user-data-6941eed90a4dd7a1d1026d7a/deploit/teams/69d8dd1e5d3e1f8c350e006f/users/68af3d99c99eb7bd2ff47bc8/projects/69f80768ca774c668fbaaed8/jobs/6a22c67b0859d97fbe7b5f71/results/markers_onTarget_symbols_digestive_tract_Madissoon_Genome_Biol_2020_author_cell_type_X_umap_f35993.csv
markers_onTarget_symbols_digestive_tract_Martin_Cell_2019_author_cell_type1_X_umap_hm_59ef00.csv,s3://lifebit-user-data-6941eed90a4dd7a1d1026d7a/deploit/teams/69d8dd1e5d3e1f8c350e006f/users/68af3d99c99eb7bd2ff47bc8/projects/69f80768ca774c668fbaaed8/jobs/6a22c67b0859d97fbe7b5f71/results/markers_onTarget_symbols_digestive_tract_Martin_Cell_2019_author_cell_type1_X_umap_hm_59ef00.csv
markers_onTarget_symbols_digestive_tract_Nowicki-Osuch_Cancer_Discovery_2023_Detailed_Cell_Type_umap_MinDist_0.5_N_Neighbors_15_e72b7b.csv,s3://lifebit-user-data-6941eed90a4dd7a1d1026d7a/deploit/teams/69d8dd1e5d3e1f8c350e006f/users/68af3d99c99eb7bd2ff47bc8/projects/69f80768ca774c668fbaaed8/jobs/6a22c67b0859d97fbe7b5f71/results/markers_onTarget_symbols_digestive_tract_Nowicki-Osuch_Cancer_Discovery_2023_Detailed_Cell_Type_umap_MinDist_0.5_N_Neighbors_15_e72b7b.csv
markers_onTarget_symbols_digestive_tract_Oliver_Nature_2024_level_3_annot_X_umap_a60caa.csv,s3://lifebit-user-data-6941eed90a4dd7a1d1026d7a/deploit/teams/69d8dd1e5d3e1f8c350e006f/users/68af3d99c99eb7bd2ff47bc8/projects/69f80768ca774c668fbaaed8/jobs/6a22c67b0859d97fbe7b5f71/results/markers_onTarget_symbols_digestive_tract_Oliver_Nature_2024_level_3_annot_X_umap_a60caa.csv
markers_onTarget_symbols_digestive_tract_Smillie_Cell_2019_CellType_X_umap_hm_bbedd2.csv,s3://lifebit-user-data-6941eed90a4dd7a1d1026d7a/deploit/teams/69d8dd1e5d3e1f8c350e006f/users/68af3d99c99eb7bd2ff47bc8/projects/69f80768ca774c668fbaaed8/jobs/6a22c67b0859d97fbe7b5f71/results/markers_onTarget_symbols_digestive_tract_Smillie_Cell_2019_CellType_X_umap_hm_bbedd2.csv
markers_onTarget_symbols_digestive_tract_Xu_Cell_2023_Curated_annotation_X_umap_30933d.csv,s3://lifebit-user-data-6941eed90a4dd7a1d1026d7a/deploit/teams/69d8dd1e5d3e1f8c350e006f/users/68af3d99c99eb7bd2ff47bc8/projects/69f80768ca774c668fbaaed8/jobs/6a22c67b0859d97fbe7b5f71/results/markers_onTarget_symbols_digestive_tract_Xu_Cell_2023_Curated_annotation_X_umap_30933d.csv
markers_onTarget_symbols_digestive_tract_Zwick_Nat_Cell_Biol_2024_cell.type_X_umap_f5803a.csv,s3://lifebit-user-data-6941eed90a4dd7a1d1026d7a/deploit/teams/69d8dd1e5d3e1f8c350e006f/users/68af3d99c99eb7bd2ff47bc8/projects/69f80768ca774c668fbaaed8/jobs/6a22c67b0859d97fbe7b5f71/results/markers_onTarget_symbols_digestive_tract_Zwick_Nat_Cell_Biol_2024_cell.type_X_umap_f5803a.csv
markers_symbols_digestive_tract_Burclaff_Cellular_and_Molecular_Gastroenterology_and_Hepatology_2022_lineage_X_umap_5247a6.csv,s3://lifebit-user-data-6941eed90a4dd7a1d1026d7a/deploit/teams/69d8dd1e5d3e1f8c350e006f/users/68af3d99c99eb7bd2ff47bc8/projects/69f80768ca774c668fbaaed8/jobs/6a22c67b0859d97fbe7b5f71/results/markers_symbols_digestive_tract_Burclaff_Cellular_and_Molecular_Gastroenterology_and_Hepatology_2022_lineage_X_umap_5247a6.csv
markers_symbols_digestive_tract_Elmentaite_Nature_2021_author_cell_type_X_umap_bf2a8d.csv,s3://lifebit-user-data-6941eed90a4dd7a1d1026d7a/deploit/teams/69d8dd1e5d3e1f8c350e006f/users/68af3d99c99eb7bd2ff47bc8/projects/69f80768ca774c668fbaaed8/jobs/6a22c67b0859d97fbe7b5f71/results/markers_symbols_digestive_tract_Elmentaite_Nature_2021_author_cell_type_X_umap_bf2a8d.csv
markers_symbols_digestive_tract_Eraslan_Science_2022_Broad_cell_type_X_umap_f44b0f.csv,s3://lifebit-user-data-6941eed90a4dd7a1d1026d7a/deploit/teams/69d8dd1e5d3e1f8c350e006f/users/68af3d99c99eb7bd2ff47bc8/projects/69f80768ca774c668fbaaed8/jobs/6a22c67b0859d97fbe7b5f71/results/markers_symbols_digestive_tract_Eraslan_Science_2022_Broad_cell_type_X_umap_f44b0f.csv
markers_symbols_digestive_tract_Garrido-Trigo_Nat_Commun_2023_cell_type_X_umap_7e7800.csv,s3://lifebit-user-data-6941eed90a4dd7a1d1026d7a/deploit/teams/69d8dd1e5d3e1f8c350e006f/users/68af3d99c99eb7bd2ff47bc8/projects/69f80768ca774c668fbaaed8/jobs/6a22c67b0859d97fbe7b5f71/results/markers_symbols_digestive_tract_Garrido-Trigo_Nat_Commun_2023_cell_type_X_umap_7e7800.csv
markers_symbols_digestive_tract_Han_Nature_2020_author_cell_type_X_umap_5c7ea7.csv,s3://lifebit-user-data-6941eed90a4dd7a1d1026d7a/deploit/teams/69d8dd1e5d3e1f8c350e006f/users/68af3d99c99eb7bd2ff47bc8/projects/69f80768ca774c668fbaaed8/jobs/6a22c67b0859d97fbe7b5f71/results/markers_symbols_digestive_tract_Han_Nature_2020_author_cell_type_X_umap_5c7ea7.csv
markers_symbols_digestive_tract_Horeth_J_Dent_Res_2023_author_cell_type_X_umap_ae6cbe.csv,s3://lifebit-user-data-6941eed90a4dd7a1d1026d7a/deploit/teams/69d8dd1e5d3e1f8c350e006f/users/68af3d99c99eb7bd2ff47bc8/projects/69f80768ca774c668fbaaed8/jobs/6a22c67b0859d97fbe7b5f71/results/markers_symbols_digestive_tract_Horeth_J_Dent_Res_2023_author_cell_type_X_umap_ae6cbe.csv
markers_symbols_digestive_tract_Madissoon_Genome_Biol_2020_author_cell_type_X_umap_f35993.csv,s3://lifebit-user-data-6941eed90a4dd7a1d1026d7a/deploit/teams/69d8dd1e5d3e1f8c350e006f/users/68af3d99c99eb7bd2ff47bc8/projects/69f80768ca774c668fbaaed8/jobs/6a22c67b0859d97fbe7b5f71/results/markers_symbols_digestive_tract_Madissoon_Genome_Biol_2020_author_cell_type_X_umap_f35993.csv
markers_symbols_digestive_tract_Martin_Cell_2019_author_cell_type1_X_umap_hm_59ef00.csv,s3://lifebit-user-data-6941eed90a4dd7a1d1026d7a/deploit/teams/69d8dd1e5d3e1f8c350e006f/users/68af3d99c99eb7bd2ff47bc8/projects/69f80768ca774c668fbaaed8/jobs/6a22c67b0859d97fbe7b5f71/results/markers_symbols_digestive_tract_Martin_Cell_2019_author_cell_type1_X_umap_hm_59ef00.csv
markers_symbols_digestive_tract_Nowicki-Osuch_Cancer_Discovery_2023_Detailed_Cell_Type_umap_MinDist_0.5_N_Neighbors_15_e72b7b.csv,s3://lifebit-user-data-6941eed90a4dd7a1d1026d7a/deploit/teams/69d8dd1e5d3e1f8c350e006f/users/68af3d99c99eb7bd2ff47bc8/projects/69f80768ca774c668fbaaed8/jobs/6a22c67b0859d97fbe7b5f71/results/markers_symbols_digestive_tract_Nowicki-Osuch_Cancer_Discovery_2023_Detailed_Cell_Type_umap_MinDist_0.5_N_Neighbors_15_e72b7b.csv
markers_symbols_digestive_tract_Oliver_Nature_2024_level_3_annot_X_umap_a60caa.csv,s3://lifebit-user-data-6941eed90a4dd7a1d1026d7a/deploit/teams/69d8dd1e5d3e1f8c350e006f/users/68af3d99c99eb7bd2ff47bc8/projects/69f80768ca774c668fbaaed8/jobs/6a22c67b0859d97fbe7b5f71/results/markers_symbols_digestive_tract_Oliver_Nature_2024_level_3_annot_X_umap_a60caa.csv
markers_symbols_digestive_tract_Smillie_Cell_2019_CellType_X_umap_hm_bbedd2.csv,s3://lifebit-user-data-6941eed90a4dd7a1d1026d7a/deploit/teams/69d8dd1e5d3e1f8c350e006f/users/68af3d99c99eb7bd2ff47bc8/projects/69f80768ca774c668fbaaed8/jobs/6a22c67b0859d97fbe7b5f71/results/markers_symbols_digestive_tract_Smillie_Cell_2019_CellType_X_umap_hm_bbedd2.csv
markers_symbols_digestive_tract_Xu_Cell_2023_Curated_annotation_X_umap_30933d.csv,s3://lifebit-user-data-6941eed90a4dd7a1d1026d7a/deploit/teams/69d8dd1e5d3e1f8c350e006f/users/68af3d99c99eb7bd2ff47bc8/projects/69f80768ca774c668fbaaed8/jobs/6a22c67b0859d97fbe7b5f71/results/markers_symbols_digestive_tract_Xu_Cell_2023_Curated_annotation_X_umap_30933d.csv
markers_symbols_digestive_tract_Zwick_Nat_Cell_Biol_2024_cell.type_X_umap_f5803a.csv,s3://lifebit-user-data-6941eed90a4dd7a1d1026d7a/deploit/teams/69d8dd1e5d3e1f8c350e006f/users/68af3d99c99eb7bd2ff47bc8/projects/69f80768ca774c668fbaaed8/jobs/6a22c67b0859d97fbe7b5f71/results/markers_symbols_digestive_tract_Zwick_Nat_Cell_Biol_2024_cell.type_X_umap_f5803a.csv
master_dataset_summary_digestive_tract_Burclaff_Cellular_and_Molecular_Gastroenterology_and_Hepatology_2022_lineage_X_umap_5247a6.csv,s3://lifebit-user-data-6941eed90a4dd7a1d1026d7a/deploit/teams/69d8dd1e5d3e1f8c350e006f/users/68af3d99c99eb7bd2ff47bc8/projects/69f80768ca774c668fbaaed8/jobs/6a22c67b0859d97fbe7b5f71/results/master_dataset_summary_digestive_tract_Burclaff_Cellular_and_Molecular_Gastroenterology_and_Hepatology_2022_lineage_X_umap_5247a6.csv
master_dataset_summary_digestive_tract_Elmentaite_Nature_2021_author_cell_type_X_umap_bf2a8d.csv,s3://lifebit-user-data-6941eed90a4dd7a1d1026d7a/deploit/teams/69d8dd1e5d3e1f8c350e006f/users/68af3d99c99eb7bd2ff47bc8/projects/69f80768ca774c668fbaaed8/jobs/6a22c67b0859d97fbe7b5f71/results/master_dataset_summary_digestive_tract_Elmentaite_Nature_2021_author_cell_type_X_umap_bf2a8d.csv
master_dataset_summary_digestive_tract_Eraslan_Science_2022_Broad_cell_type_X_umap_f44b0f.csv,s3://lifebit-user-data-6941eed90a4dd7a1d1026d7a/deploit/teams/69d8dd1e5d3e1f8c350e006f/users/68af3d99c99eb7bd2ff47bc8/projects/69f80768ca774c668fbaaed8/jobs/6a22c67b0859d97fbe7b5f71/results/master_dataset_summary_digestive_tract_Eraslan_Science_2022_Broad_cell_type_X_umap_f44b0f.csv
master_dataset_summary_digestive_tract_Garrido-Trigo_Nat_Commun_2023_cell_type_X_umap_7e7800.csv,s3://lifebit-user-data-6941eed90a4dd7a1d1026d7a/deploit/teams/69d8dd1e5d3e1f8c350e006f/users/68af3d99c99eb7bd2ff47bc8/projects/69f80768ca774c668fbaaed8/jobs/6a22c67b0859d97fbe7b5f71/results/master_dataset_summary_digestive_tract_Garrido-Trigo_Nat_Commun_2023_cell_type_X_umap_7e7800.csv
master_dataset_summary_digestive_tract_Han_Nature_2020_author_cell_type_X_umap_5c7ea7.csv,s3://lifebit-user-data-6941eed90a4dd7a1d1026d7a/deploit/teams/69d8dd1e5d3e1f8c350e006f/users/68af3d99c99eb7bd2ff47bc8/projects/69f80768ca774c668fbaaed8/jobs/6a22c67b0859d97fbe7b5f71/results/master_dataset_summary_digestive_tract_Han_Nature_2020_author_cell_type_X_umap_5c7ea7.csv
master_dataset_summary_digestive_tract_Horeth_J_Dent_Res_2023_author_cell_type_X_umap_ae6cbe.csv,s3://lifebit-user-data-6941eed90a4dd7a1d1026d7a/deploit/teams/69d8dd1e5d3e1f8c350e006f/users/68af3d99c99eb7bd2ff47bc8/projects/69f80768ca774c668fbaaed8/jobs/6a22c67b0859d97fbe7b5f71/results/master_dataset_summary_digestive_tract_Horeth_J_Dent_Res_2023_author_cell_type_X_umap_ae6cbe.csv
master_dataset_summary_digestive_tract_Madissoon_Genome_Biol_2020_author_cell_type_X_umap_f35993.csv,s3://lifebit-user-data-6941eed90a4dd7a1d1026d7a/deploit/teams/69d8dd1e5d3e1f8c350e006f/users/68af3d99c99eb7bd2ff47bc8/projects/69f80768ca774c668fbaaed8/jobs/6a22c67b0859d97fbe7b5f71/results/master_dataset_summary_digestive_tract_Madissoon_Genome_Biol_2020_author_cell_type_X_umap_f35993.csv
master_dataset_summary_digestive_tract_Martin_Cell_2019_author_cell_type1_X_umap_hm_59ef00.csv,s3://lifebit-user-data-6941eed90a4dd7a1d1026d7a/deploit/teams/69d8dd1e5d3e1f8c350e006f/users/68af3d99c99eb7bd2ff47bc8/projects/69f80768ca774c668fbaaed8/jobs/6a22c67b0859d97fbe7b5f71/results/master_dataset_summary_digestive_tract_Martin_Cell_2019_author_cell_type1_X_umap_hm_59ef00.csv
master_dataset_summary_digestive_tract_Nowicki-Osuch_Cancer_Discovery_2023_Detailed_Cell_Type_umap_MinDist_0.5_N_Neighbors_15_e72b7b.csv,s3://lifebit-user-data-6941eed90a4dd7a1d1026d7a/deploit/teams/69d8dd1e5d3e1f8c350e006f/users/68af3d99c99eb7bd2ff47bc8/projects/69f80768ca774c668fbaaed8/jobs/6a22c67b0859d97fbe7b5f71/results/master_dataset_summary_digestive_tract_Nowicki-Osuch_Cancer_Discovery_2023_Detailed_Cell_Type_umap_MinDist_0.5_N_Neighbors_15_e72b7b.csv
master_dataset_summary_digestive_tract_Oliver_Nature_2024_level_3_annot_X_umap_a60caa.csv,s3://lifebit-user-data-6941eed90a4dd7a1d1026d7a/deploit/teams/69d8dd1e5d3e1f8c350e006f/users/68af3d99c99eb7bd2ff47bc8/projects/69f80768ca774c668fbaaed8/jobs/6a22c67b0859d97fbe7b5f71/results/master_dataset_summary_digestive_tract_Oliver_Nature_2024_level_3_annot_X_umap_a60caa.csv
master_dataset_summary_digestive_tract_Smillie_Cell_2019_CellType_X_umap_hm_bbedd2.csv,s3://lifebit-user-data-6941eed90a4dd7a1d1026d7a/deploit/teams/69d8dd1e5d3e1f8c350e006f/users/68af3d99c99eb7bd2ff47bc8/projects/69f80768ca774c668fbaaed8/jobs/6a22c67b0859d97fbe7b5f71/results/master_dataset_summary_digestive_tract_Smillie_Cell_2019_CellType_X_umap_hm_bbedd2.csv
master_dataset_summary_digestive_tract_Xu_Cell_2023_Curated_annotation_X_umap_30933d.csv,s3://lifebit-user-data-6941eed90a4dd7a1d1026d7a/deploit/teams/69d8dd1e5d3e1f8c350e006f/users/68af3d99c99eb7bd2ff47bc8/projects/69f80768ca774c668fbaaed8/jobs/6a22c67b0859d97fbe7b5f71/results/master_dataset_summary_digestive_tract_Xu_Cell_2023_Curated_annotation_X_umap_30933d.csv
master_dataset_summary_digestive_tract_Zwick_Nat_Cell_Biol_2024_cell.type_X_umap_f5803a.csv,s3://lifebit-user-data-6941eed90a4dd7a1d1026d7a/deploit/teams/69d8dd1e5d3e1f8c350e006f/users/68af3d99c99eb7bd2ff47bc8/projects/69f80768ca774c668fbaaed8/jobs/6a22c67b0859d97fbe7b5f71/results/master_dataset_summary_digestive_tract_Zwick_Nat_Cell_Biol_2024_cell.type_X_umap_f5803a.csv
matrixplot__scaleddigestive_tract_Burclaff_Cellular_and_Molecular_Gastroenterology_and_Hepatology_2022_lineage_X_umap_5247a6.svg,s3://lifebit-user-data-6941eed90a4dd7a1d1026d7a/deploit/teams/69d8dd1e5d3e1f8c350e006f/users/68af3d99c99eb7bd2ff47bc8/projects/69f80768ca774c668fbaaed8/jobs/6a22c67b0859d97fbe7b5f71/results/matrixplot__scaleddigestive_tract_Burclaff_Cellular_and_Molecular_Gastroenterology_and_Hepatology_2022_lineage_X_umap_5247a6.svg
matrixplot__scaleddigestive_tract_Elmentaite_Nature_2021_author_cell_type_X_umap_bf2a8d.svg,s3://lifebit-user-data-6941eed90a4dd7a1d1026d7a/deploit/teams/69d8dd1e5d3e1f8c350e006f/users/68af3d99c99eb7bd2ff47bc8/projects/69f80768ca774c668fbaaed8/jobs/6a22c67b0859d97fbe7b5f71/results/matrixplot__scaleddigestive_tract_Elmentaite_Nature_2021_author_cell_type_X_umap_bf2a8d.svg
matrixplot__scaleddigestive_tract_Eraslan_Science_2022_Broad_cell_type_X_umap_f44b0f.svg,s3://lifebit-user-data-6941eed90a4dd7a1d1026d7a/deploit/teams/69d8dd1e5d3e1f8c350e006f/users/68af3d99c99eb7bd2ff47bc8/projects/69f80768ca774c668fbaaed8/jobs/6a22c67b0859d97fbe7b5f71/results/matrixplot__scaleddigestive_tract_Eraslan_Science_2022_Broad_cell_type_X_umap_f44b0f.svg
matrixplot__scaleddigestive_tract_Garrido-Trigo_Nat_Commun_2023_cell_type_X_umap_7e7800.svg,s3://lifebit-user-data-6941eed90a4dd7a1d1026d7a/deploit/teams/69d8dd1e5d3e1f8c350e006f/users/68af3d99c99eb7bd2ff47bc8/projects/69f80768ca774c668fbaaed8/jobs/6a22c67b0859d97fbe7b5f71/results/matrixplot__scaleddigestive_tract_Garrido-Trigo_Nat_Commun_2023_cell_type_X_umap_7e7800.svg
matrixplot__scaleddigestive_tract_Han_Nature_2020_author_cell_type_X_umap_5c7ea7.svg,s3://lifebit-user-data-6941eed90a4dd7a1d1026d7a/deploit/teams/69d8dd1e5d3e1f8c350e006f/users/68af3d99c99eb7bd2ff47bc8/projects/69f80768ca774c668fbaaed8/jobs/6a22c67b0859d97fbe7b5f71/results/matrixplot__scaleddigestive_tract_Han_Nature_2020_author_cell_type_X_umap_5c7ea7.svg
matrixplot__scaleddigestive_tract_Horeth_J_Dent_Res_2023_author_cell_type_X_umap_ae6cbe.svg,s3://lifebit-user-data-6941eed90a4dd7a1d1026d7a/deploit/teams/69d8dd1e5d3e1f8c350e006f/users/68af3d99c99eb7bd2ff47bc8/projects/69f80768ca774c668fbaaed8/jobs/6a22c67b0859d97fbe7b5f71/results/matrixplot__scaleddigestive_tract_Horeth_J_Dent_Res_2023_author_cell_type_X_umap_ae6cbe.svg
matrixplot__scaleddigestive_tract_Madissoon_Genome_Biol_2020_author_cell_type_X_umap_f35993.svg,s3://lifebit-user-data-6941eed90a4dd7a1d1026d7a/deploit/teams/69d8dd1e5d3e1f8c350e006f/users/68af3d99c99eb7bd2ff47bc8/projects/69f80768ca774c668fbaaed8/jobs/6a22c67b0859d97fbe7b5f71/results/matrixplot__scaleddigestive_tract_Madissoon_Genome_Biol_2020_author_cell_type_X_umap_f35993.svg
matrixplot__scaleddigestive_tract_Martin_Cell_2019_author_cell_type1_X_umap_hm_59ef00.svg,s3://lifebit-user-data-6941eed90a4dd7a1d1026d7a/deploit/teams/69d8dd1e5d3e1f8c350e006f/users/68af3d99c99eb7bd2ff47bc8/projects/69f80768ca774c668fbaaed8/jobs/6a22c67b0859d97fbe7b5f71/results/matrixplot__scaleddigestive_tract_Martin_Cell_2019_author_cell_type1_X_umap_hm_59ef00.svg
matrixplot__scaleddigestive_tract_Nowicki-Osuch_Cancer_Discovery_2023_Detailed_Cell_Type_umap_MinDist_0.5_N_Neighbors_15_e72b7b.svg,s3://lifebit-user-data-6941eed90a4dd7a1d1026d7a/deploit/teams/69d8dd1e5d3e1f8c350e006f/users/68af3d99c99eb7bd2ff47bc8/projects/69f80768ca774c668fbaaed8/jobs/6a22c67b0859d97fbe7b5f71/results/matrixplot__scaleddigestive_tract_Nowicki-Osuch_Cancer_Discovery_2023_Detailed_Cell_Type_umap_MinDist_0.5_N_Neighbors_15_e72b7b.svg
matrixplot__scaleddigestive_tract_Oliver_Nature_2024_level_3_annot_X_umap_a60caa.svg,s3://lifebit-user-data-6941eed90a4dd7a1d1026d7a/deploit/teams/69d8dd1e5d3e1f8c350e006f/users/68af3d99c99eb7bd2ff47bc8/projects/69f80768ca774c668fbaaed8/jobs/6a22c67b0859d97fbe7b5f71/results/matrixplot__scaleddigestive_tract_Oliver_Nature_2024_level_3_annot_X_umap_a60caa.svg
matrixplot__scaleddigestive_tract_Smillie_Cell_2019_CellType_X_umap_hm_bbedd2.svg,s3://lifebit-user-data-6941eed90a4dd7a1d1026d7a/deploit/teams/69d8dd1e5d3e1f8c350e006f/users/68af3d99c99eb7bd2ff47bc8/projects/69f80768ca774c668fbaaed8/jobs/6a22c67b0859d97fbe7b5f71/results/matrixplot__scaleddigestive_tract_Smillie_Cell_2019_CellType_X_umap_hm_bbedd2.svg
matrixplot__scaleddigestive_tract_Xu_Cell_2023_Curated_annotation_X_umap_30933d.svg,s3://lifebit-user-data-6941eed90a4dd7a1d1026d7a/deploit/teams/69d8dd1e5d3e1f8c350e006f/users/68af3d99c99eb7bd2ff47bc8/projects/69f80768ca774c668fbaaed8/jobs/6a22c67b0859d97fbe7b5f71/results/matrixplot__scaleddigestive_tract_Xu_Cell_2023_Curated_annotation_X_umap_30933d.svg
matrixplot__scaleddigestive_tract_Zwick_Nat_Cell_Biol_2024_cell.type_X_umap_f5803a.svg,s3://lifebit-user-data-6941eed90a4dd7a1d1026d7a/deploit/teams/69d8dd1e5d3e1f8c350e006f/users/68af3d99c99eb7bd2ff47bc8/projects/69f80768ca774c668fbaaed8/jobs/6a22c67b0859d97fbe7b5f71/results/matrixplot__scaleddigestive_tract_Zwick_Nat_Cell_Biol_2024_cell.type_X_umap_f5803a.svg
matrixplot_digestive_tract_Burclaff_Cellular_and_Molecular_Gastroenterology_and_Hepatology_2022_lineage_X_umap_5247a6.svg,s3://lifebit-user-data-6941eed90a4dd7a1d1026d7a/deploit/teams/69d8dd1e5d3e1f8c350e006f/users/68af3d99c99eb7bd2ff47bc8/projects/69f80768ca774c668fbaaed8/jobs/6a22c67b0859d97fbe7b5f71/results/matrixplot_digestive_tract_Burclaff_Cellular_and_Molecular_Gastroenterology_and_Hepatology_2022_lineage_X_umap_5247a6.svg
matrixplot_digestive_tract_Elmentaite_Nature_2021_author_cell_type_X_umap_bf2a8d.svg,s3://lifebit-user-data-6941eed90a4dd7a1d1026d7a/deploit/teams/69d8dd1e5d3e1f8c350e006f/users/68af3d99c99eb7bd2ff47bc8/projects/69f80768ca774c668fbaaed8/jobs/6a22c67b0859d97fbe7b5f71/results/matrixplot_digestive_tract_Elmentaite_Nature_2021_author_cell_type_X_umap_bf2a8d.svg
matrixplot_digestive_tract_Eraslan_Science_2022_Broad_cell_type_X_umap_f44b0f.svg,s3://lifebit-user-data-6941eed90a4dd7a1d1026d7a/deploit/teams/69d8dd1e5d3e1f8c350e006f/users/68af3d99c99eb7bd2ff47bc8/projects/69f80768ca774c668fbaaed8/jobs/6a22c67b0859d97fbe7b5f71/results/matrixplot_digestive_tract_Eraslan_Science_2022_Broad_cell_type_X_umap_f44b0f.svg
matrixplot_digestive_tract_Garrido-Trigo_Nat_Commun_2023_cell_type_X_umap_7e7800.svg,s3://lifebit-user-data-6941eed90a4dd7a1d1026d7a/deploit/teams/69d8dd1e5d3e1f8c350e006f/users/68af3d99c99eb7bd2ff47bc8/projects/69f80768ca774c668fbaaed8/jobs/6a22c67b0859d97fbe7b5f71/results/matrixplot_digestive_tract_Garrido-Trigo_Nat_Commun_2023_cell_type_X_umap_7e7800.svg
matrixplot_digestive_tract_Han_Nature_2020_author_cell_type_X_umap_5c7ea7.svg,s3://lifebit-user-data-6941eed90a4dd7a1d1026d7a/deploit/teams/69d8dd1e5d3e1f8c350e006f/users/68af3d99c99eb7bd2ff47bc8/projects/69f80768ca774c668fbaaed8/jobs/6a22c67b0859d97fbe7b5f71/results/matrixplot_digestive_tract_Han_Nature_2020_author_cell_type_X_umap_5c7ea7.svg
matrixplot_digestive_tract_Horeth_J_Dent_Res_2023_author_cell_type_X_umap_ae6cbe.svg,s3://lifebit-user-data-6941eed90a4dd7a1d1026d7a/deploit/teams/69d8dd1e5d3e1f8c350e006f/users/68af3d99c99eb7bd2ff47bc8/projects/69f80768ca774c668fbaaed8/jobs/6a22c67b0859d97fbe7b5f71/results/matrixplot_digestive_tract_Horeth_J_Dent_Res_2023_author_cell_type_X_umap_ae6cbe.svg
matrixplot_digestive_tract_Madissoon_Genome_Biol_2020_author_cell_type_X_umap_f35993.svg,s3://lifebit-user-data-6941eed90a4dd7a1d1026d7a/deploit/teams/69d8dd1e5d3e1f8c350e006f/users/68af3d99c99eb7bd2ff47bc8/projects/69f80768ca774c668fbaaed8/jobs/6a22c67b0859d97fbe7b5f71/results/matrixplot_digestive_tract_Madissoon_Genome_Biol_2020_author_cell_type_X_umap_f35993.svg
matrixplot_digestive_tract_Martin_Cell_2019_author_cell_type1_X_umap_hm_59ef00.svg,s3://lifebit-user-data-6941eed90a4dd7a1d1026d7a/deploit/teams/69d8dd1e5d3e1f8c350e006f/users/68af3d99c99eb7bd2ff47bc8/projects/69f80768ca774c668fbaaed8/jobs/6a22c67b0859d97fbe7b5f71/results/matrixplot_digestive_tract_Martin_Cell_2019_author_cell_type1_X_umap_hm_59ef00.svg
matrixplot_digestive_tract_Nowicki-Osuch_Cancer_Discovery_2023_Detailed_Cell_Type_umap_MinDist_0.5_N_Neighbors_15_e72b7b.svg,s3://lifebit-user-data-6941eed90a4dd7a1d1026d7a/deploit/teams/69d8dd1e5d3e1f8c350e006f/users/68af3d99c99eb7bd2ff47bc8/projects/69f80768ca774c668fbaaed8/jobs/6a22c67b0859d97fbe7b5f71/results/matrixplot_digestive_tract_Nowicki-Osuch_Cancer_Discovery_2023_Detailed_Cell_Type_umap_MinDist_0.5_N_Neighbors_15_e72b7b.svg
matrixplot_digestive_tract_Oliver_Nature_2024_level_3_annot_X_umap_a60caa.svg,s3://lifebit-user-data-6941eed90a4dd7a1d1026d7a/deploit/teams/69d8dd1e5d3e1f8c350e006f/users/68af3d99c99eb7bd2ff47bc8/projects/69f80768ca774c668fbaaed8/jobs/6a22c67b0859d97fbe7b5f71/results/matrixplot_digestive_tract_Oliver_Nature_2024_level_3_annot_X_umap_a60caa.svg
matrixplot_digestive_tract_Smillie_Cell_2019_CellType_X_umap_hm_bbedd2.svg,s3://lifebit-user-data-6941eed90a4dd7a1d1026d7a/deploit/teams/69d8dd1e5d3e1f8c350e006f/users/68af3d99c99eb7bd2ff47bc8/projects/69f80768ca774c668fbaaed8/jobs/6a22c67b0859d97fbe7b5f71/results/matrixplot_digestive_tract_Smillie_Cell_2019_CellType_X_umap_hm_bbedd2.svg
matrixplot_digestive_tract_Xu_Cell_2023_Curated_annotation_X_umap_30933d.svg,s3://lifebit-user-data-6941eed90a4dd7a1d1026d7a/deploit/teams/69d8dd1e5d3e1f8c350e006f/users/68af3d99c99eb7bd2ff47bc8/projects/69f80768ca774c668fbaaed8/jobs/6a22c67b0859d97fbe7b5f71/results/matrixplot_digestive_tract_Xu_Cell_2023_Curated_annotation_X_umap_30933d.svg
matrixplot_digestive_tract_Zwick_Nat_Cell_Biol_2024_cell.type_X_umap_f5803a.svg,s3://lifebit-user-data-6941eed90a4dd7a1d1026d7a/deploit/teams/69d8dd1e5d3e1f8c350e006f/users/68af3d99c99eb7bd2ff47bc8/projects/69f80768ca774c668fbaaed8/jobs/6a22c67b0859d97fbe7b5f71/results/matrixplot_digestive_tract_Zwick_Nat_Cell_Biol_2024_cell.type_X_umap_f5803a.svg
medians_ensg_digestive_tract_Burclaff_Cellular_and_Molecular_Gastroenterology_and_Hepatology_2022_lineage_X_umap_5247a6.csv,s3://lifebit-user-data-6941eed90a4dd7a1d1026d7a/deploit/teams/69d8dd1e5d3e1f8c350e006f/users/68af3d99c99eb7bd2ff47bc8/projects/69f80768ca774c668fbaaed8/jobs/6a22c67b0859d97fbe7b5f71/results/medians_ensg_digestive_tract_Burclaff_Cellular_and_Molecular_Gastroenterology_and_Hepatology_2022_lineage_X_umap_5247a6.csv
medians_ensg_digestive_tract_Burclaff_Cellular_and_Molecular_Gastroenterology_and_Hepatology_2022_lineage_X_umap_5247a6.pkl,s3://lifebit-user-data-6941eed90a4dd7a1d1026d7a/deploit/teams/69d8dd1e5d3e1f8c350e006f/users/68af3d99c99eb7bd2ff47bc8/projects/69f80768ca774c668fbaaed8/jobs/6a22c67b0859d97fbe7b5f71/results/medians_ensg_digestive_tract_Burclaff_Cellular_and_Molecular_Gastroenterology_and_Hepatology_2022_lineage_X_umap_5247a6.pkl
medians_ensg_digestive_tract_Elmentaite_Nature_2021_author_cell_type_X_umap_bf2a8d.csv,s3://lifebit-user-data-6941eed90a4dd7a1d1026d7a/deploit/teams/69d8dd1e5d3e1f8c350e006f/users/68af3d99c99eb7bd2ff47bc8/projects/69f80768ca774c668fbaaed8/jobs/6a22c67b0859d97fbe7b5f71/results/medians_ensg_digestive_tract_Elmentaite_Nature_2021_author_cell_type_X_umap_bf2a8d.csv
medians_ensg_digestive_tract_Elmentaite_Nature_2021_author_cell_type_X_umap_bf2a8d.pkl,s3://lifebit-user-data-6941eed90a4dd7a1d1026d7a/deploit/teams/69d8dd1e5d3e1f8c350e006f/users/68af3d99c99eb7bd2ff47bc8/projects/69f80768ca774c668fbaaed8/jobs/6a22c67b0859d97fbe7b5f71/results/medians_ensg_digestive_tract_Elmentaite_Nature_2021_author_cell_type_X_umap_bf2a8d.pkl
medians_ensg_digestive_tract_Eraslan_Science_2022_Broad_cell_type_X_umap_f44b0f.csv,s3://lifebit-user-data-6941eed90a4dd7a1d1026d7a/deploit/teams/69d8dd1e5d3e1f8c350e006f/users/68af3d99c99eb7bd2ff47bc8/projects/69f80768ca774c668fbaaed8/jobs/6a22c67b0859d97fbe7b5f71/results/medians_ensg_digestive_tract_Eraslan_Science_2022_Broad_cell_type_X_umap_f44b0f.csv
medians_ensg_digestive_tract_Eraslan_Science_2022_Broad_cell_type_X_umap_f44b0f.pkl,s3://lifebit-user-data-6941eed90a4dd7a1d1026d7a/deploit/teams/69d8dd1e5d3e1f8c350e006f/users/68af3d99c99eb7bd2ff47bc8/projects/69f80768ca774c668fbaaed8/jobs/6a22c67b0859d97fbe7b5f71/results/medians_ensg_digestive_tract_Eraslan_Science_2022_Broad_cell_type_X_umap_f44b0f.pkl
medians_ensg_digestive_tract_Garrido-Trigo_Nat_Commun_2023_cell_type_X_umap_7e7800.csv,s3://lifebit-user-data-6941eed90a4dd7a1d1026d7a/deploit/teams/69d8dd1e5d3e1f8c350e006f/users/68af3d99c99eb7bd2ff47bc8/projects/69f80768ca774c668fbaaed8/jobs/6a22c67b0859d97fbe7b5f71/results/medians_ensg_digestive_tract_Garrido-Trigo_Nat_Commun_2023_cell_type_X_umap_7e7800.csv
medians_ensg_digestive_tract_Garrido-Trigo_Nat_Commun_2023_cell_type_X_umap_7e7800.pkl,s3://lifebit-user-data-6941eed90a4dd7a1d1026d7a/deploit/teams/69d8dd1e5d3e1f8c350e006f/users/68af3d99c99eb7bd2ff47bc8/projects/69f80768ca774c668fbaaed8/jobs/6a22c67b0859d97fbe7b5f71/results/medians_ensg_digestive_tract_Garrido-Trigo_Nat_Commun_2023_cell_type_X_umap_7e7800.pkl
medians_ensg_digestive_tract_Han_Nature_2020_author_cell_type_X_umap_5c7ea7.csv,s3://lifebit-user-data-6941eed90a4dd7a1d1026d7a/deploit/teams/69d8dd1e5d3e1f8c350e006f/users/68af3d99c99eb7bd2ff47bc8/projects/69f80768ca774c668fbaaed8/jobs/6a22c67b0859d97fbe7b5f71/results/medians_ensg_digestive_tract_Han_Nature_2020_author_cell_type_X_umap_5c7ea7.csv
medians_ensg_digestive_tract_Han_Nature_2020_author_cell_type_X_umap_5c7ea7.pkl,s3://lifebit-user-data-6941eed90a4dd7a1d1026d7a/deploit/teams/69d8dd1e5d3e1f8c350e006f/users/68af3d99c99eb7bd2ff47bc8/projects/69f80768ca774c668fbaaed8/jobs/6a22c67b0859d97fbe7b5f71/results/medians_ensg_digestive_tract_Han_Nature_2020_author_cell_type_X_umap_5c7ea7.pkl
medians_ensg_digestive_tract_Horeth_J_Dent_Res_2023_author_cell_type_X_umap_ae6cbe.csv,s3://lifebit-user-data-6941eed90a4dd7a1d1026d7a/deploit/teams/69d8dd1e5d3e1f8c350e006f/users/68af3d99c99eb7bd2ff47bc8/projects/69f80768ca774c668fbaaed8/jobs/6a22c67b0859d97fbe7b5f71/results/medians_ensg_digestive_tract_Horeth_J_Dent_Res_2023_author_cell_type_X_umap_ae6cbe.csv
medians_ensg_digestive_tract_Horeth_J_Dent_Res_2023_author_cell_type_X_umap_ae6cbe.pkl,s3://lifebit-user-data-6941eed90a4dd7a1d1026d7a/deploit/teams/69d8dd1e5d3e1f8c350e006f/users/68af3d99c99eb7bd2ff47bc8/projects/69f80768ca774c668fbaaed8/jobs/6a22c67b0859d97fbe7b5f71/results/medians_ensg_digestive_tract_Horeth_J_Dent_Res_2023_author_cell_type_X_umap_ae6cbe.pkl
medians_ensg_digestive_tract_Madissoon_Genome_Biol_2020_author_cell_type_X_umap_f35993.csv,s3://lifebit-user-data-6941eed90a4dd7a1d1026d7a/deploit/teams/69d8dd1e5d3e1f8c350e006f/users/68af3d99c99eb7bd2ff47bc8/projects/69f80768ca774c668fbaaed8/jobs/6a22c67b0859d97fbe7b5f71/results/medians_ensg_digestive_tract_Madissoon_Genome_Biol_2020_author_cell_type_X_umap_f35993.csv
medians_ensg_digestive_tract_Madissoon_Genome_Biol_2020_author_cell_type_X_umap_f35993.pkl,s3://lifebit-user-data-6941eed90a4dd7a1d1026d7a/deploit/teams/69d8dd1e5d3e1f8c350e006f/users/68af3d99c99eb7bd2ff47bc8/projects/69f80768ca774c668fbaaed8/jobs/6a22c67b0859d97fbe7b5f71/results/medians_ensg_digestive_tract_Madissoon_Genome_Biol_2020_author_cell_type_X_umap_f35993.pkl
medians_ensg_digestive_tract_Martin_Cell_2019_author_cell_type1_X_umap_hm_59ef00.csv,s3://lifebit-user-data-6941eed90a4dd7a1d1026d7a/deploit/teams/69d8dd1e5d3e1f8c350e006f/users/68af3d99c99eb7bd2ff47bc8/projects/69f80768ca774c668fbaaed8/jobs/6a22c67b0859d97fbe7b5f71/results/medians_ensg_digestive_tract_Martin_Cell_2019_author_cell_type1_X_umap_hm_59ef00.csv
medians_ensg_digestive_tract_Martin_Cell_2019_author_cell_type1_X_umap_hm_59ef00.pkl,s3://lifebit-user-data-6941eed90a4dd7a1d1026d7a/deploit/teams/69d8dd1e5d3e1f8c350e006f/users/68af3d99c99eb7bd2ff47bc8/projects/69f80768ca774c668fbaaed8/jobs/6a22c67b0859d97fbe7b5f71/results/medians_ensg_digestive_tract_Martin_Cell_2019_author_cell_type1_X_umap_hm_59ef00.pkl
medians_ensg_digestive_tract_Nowicki-Osuch_Cancer_Discovery_2023_Detailed_Cell_Type_umap_MinDist_0.5_N_Neighbors_15_e72b7b.csv,s3://lifebit-user-data-6941eed90a4dd7a1d1026d7a/deploit/teams/69d8dd1e5d3e1f8c350e006f/users/68af3d99c99eb7bd2ff47bc8/projects/69f80768ca774c668fbaaed8/jobs/6a22c67b0859d97fbe7b5f71/results/medians_ensg_digestive_tract_Nowicki-Osuch_Cancer_Discovery_2023_Detailed_Cell_Type_umap_MinDist_0.5_N_Neighbors_15_e72b7b.csv
medians_ensg_digestive_tract_Nowicki-Osuch_Cancer_Discovery_2023_Detailed_Cell_Type_umap_MinDist_0.5_N_Neighbors_15_e72b7b.pkl,s3://lifebit-user-data-6941eed90a4dd7a1d1026d7a/deploit/teams/69d8dd1e5d3e1f8c350e006f/users/68af3d99c99eb7bd2ff47bc8/projects/69f80768ca774c668fbaaed8/jobs/6a22c67b0859d97fbe7b5f71/results/medians_ensg_digestive_tract_Nowicki-Osuch_Cancer_Discovery_2023_Detailed_Cell_Type_umap_MinDist_0.5_N_Neighbors_15_e72b7b.pkl
medians_ensg_digestive_tract_Oliver_Nature_2024_level_3_annot_X_umap_a60caa.csv,s3://lifebit-user-data-6941eed90a4dd7a1d1026d7a/deploit/teams/69d8dd1e5d3e1f8c350e006f/users/68af3d99c99eb7bd2ff47bc8/projects/69f80768ca774c668fbaaed8/jobs/6a22c67b0859d97fbe7b5f71/results/medians_ensg_digestive_tract_Oliver_Nature_2024_level_3_annot_X_umap_a60caa.csv
medians_ensg_digestive_tract_Oliver_Nature_2024_level_3_annot_X_umap_a60caa.pkl,s3://lifebit-user-data-6941eed90a4dd7a1d1026d7a/deploit/teams/69d8dd1e5d3e1f8c350e006f/users/68af3d99c99eb7bd2ff47bc8/projects/69f80768ca774c668fbaaed8/jobs/6a22c67b0859d97fbe7b5f71/results/medians_ensg_digestive_tract_Oliver_Nature_2024_level_3_annot_X_umap_a60caa.pkl
medians_ensg_digestive_tract_Smillie_Cell_2019_CellType_X_umap_hm_bbedd2.csv,s3://lifebit-user-data-6941eed90a4dd7a1d1026d7a/deploit/teams/69d8dd1e5d3e1f8c350e006f/users/68af3d99c99eb7bd2ff47bc8/projects/69f80768ca774c668fbaaed8/jobs/6a22c67b0859d97fbe7b5f71/results/medians_ensg_digestive_tract_Smillie_Cell_2019_CellType_X_umap_hm_bbedd2.csv
medians_ensg_digestive_tract_Smillie_Cell_2019_CellType_X_umap_hm_bbedd2.pkl,s3://lifebit-user-data-6941eed90a4dd7a1d1026d7a/deploit/teams/69d8dd1e5d3e1f8c350e006f/users/68af3d99c99eb7bd2ff47bc8/projects/69f80768ca774c668fbaaed8/jobs/6a22c67b0859d97fbe7b5f71/results/medians_ensg_digestive_tract_Smillie_Cell_2019_CellType_X_umap_hm_bbedd2.pkl
medians_ensg_digestive_tract_Xu_Cell_2023_Curated_annotation_X_umap_30933d.csv,s3://lifebit-user-data-6941eed90a4dd7a1d1026d7a/deploit/teams/69d8dd1e5d3e1f8c350e006f/users/68af3d99c99eb7bd2ff47bc8/projects/69f80768ca774c668fbaaed8/jobs/6a22c67b0859d97fbe7b5f71/results/medians_ensg_digestive_tract_Xu_Cell_2023_Curated_annotation_X_umap_30933d.csv
medians_ensg_digestive_tract_Xu_Cell_2023_Curated_annotation_X_umap_30933d.pkl,s3://lifebit-user-data-6941eed90a4dd7a1d1026d7a/deploit/teams/69d8dd1e5d3e1f8c350e006f/users/68af3d99c99eb7bd2ff47bc8/projects/69f80768ca774c668fbaaed8/jobs/6a22c67b0859d97fbe7b5f71/results/medians_ensg_digestive_tract_Xu_Cell_2023_Curated_annotation_X_umap_30933d.pkl
medians_ensg_digestive_tract_Zwick_Nat_Cell_Biol_2024_cell.type_X_umap_f5803a.csv,s3://lifebit-user-data-6941eed90a4dd7a1d1026d7a/deploit/teams/69d8dd1e5d3e1f8c350e006f/users/68af3d99c99eb7bd2ff47bc8/projects/69f80768ca774c668fbaaed8/jobs/6a22c67b0859d97fbe7b5f71/results/medians_ensg_digestive_tract_Zwick_Nat_Cell_Biol_2024_cell.type_X_umap_f5803a.csv
medians_ensg_digestive_tract_Zwick_Nat_Cell_Biol_2024_cell.type_X_umap_f5803a.pkl,s3://lifebit-user-data-6941eed90a4dd7a1d1026d7a/deploit/teams/69d8dd1e5d3e1f8c350e006f/users/68af3d99c99eb7bd2ff47bc8/projects/69f80768ca774c668fbaaed8/jobs/6a22c67b0859d97fbe7b5f71/results/medians_ensg_digestive_tract_Zwick_Nat_Cell_Biol_2024_cell.type_X_umap_f5803a.pkl
medians_symbols_digestive_tract_Burclaff_Cellular_and_Molecular_Gastroenterology_and_Hepatology_2022_lineage_X_umap_5247a6.csv,s3://lifebit-user-data-6941eed90a4dd7a1d1026d7a/deploit/teams/69d8dd1e5d3e1f8c350e006f/users/68af3d99c99eb7bd2ff47bc8/projects/69f80768ca774c668fbaaed8/jobs/6a22c67b0859d97fbe7b5f71/results/medians_symbols_digestive_tract_Burclaff_Cellular_and_Molecular_Gastroenterology_and_Hepatology_2022_lineage_X_umap_5247a6.csv
medians_symbols_digestive_tract_Burclaff_Cellular_and_Molecular_Gastroenterology_and_Hepatology_2022_lineage_X_umap_5247a6.pkl,s3://lifebit-user-data-6941eed90a4dd7a1d1026d7a/deploit/teams/69d8dd1e5d3e1f8c350e006f/users/68af3d99c99eb7bd2ff47bc8/projects/69f80768ca774c668fbaaed8/jobs/6a22c67b0859d97fbe7b5f71/results/medians_symbols_digestive_tract_Burclaff_Cellular_and_Molecular_Gastroenterology_and_Hepatology_2022_lineage_X_umap_5247a6.pkl
medians_symbols_digestive_tract_Elmentaite_Nature_2021_author_cell_type_X_umap_bf2a8d.csv,s3://lifebit-user-data-6941eed90a4dd7a1d1026d7a/deploit/teams/69d8dd1e5d3e1f8c350e006f/users/68af3d99c99eb7bd2ff47bc8/projects/69f80768ca774c668fbaaed8/jobs/6a22c67b0859d97fbe7b5f71/results/medians_symbols_digestive_tract_Elmentaite_Nature_2021_author_cell_type_X_umap_bf2a8d.csv
medians_symbols_digestive_tract_Elmentaite_Nature_2021_author_cell_type_X_umap_bf2a8d.pkl,s3://lifebit-user-data-6941eed90a4dd7a1d1026d7a/deploit/teams/69d8dd1e5d3e1f8c350e006f/users/68af3d99c99eb7bd2ff47bc8/projects/69f80768ca774c668fbaaed8/jobs/6a22c67b0859d97fbe7b5f71/results/medians_symbols_digestive_tract_Elmentaite_Nature_2021_author_cell_type_X_umap_bf2a8d.pkl
medians_symbols_digestive_tract_Eraslan_Science_2022_Broad_cell_type_X_umap_f44b0f.csv,s3://lifebit-user-data-6941eed90a4dd7a1d1026d7a/deploit/teams/69d8dd1e5d3e1f8c350e006f/users/68af3d99c99eb7bd2ff47bc8/projects/69f80768ca774c668fbaaed8/jobs/6a22c67b0859d97fbe7b5f71/results/medians_symbols_digestive_tract_Eraslan_Science_2022_Broad_cell_type_X_umap_f44b0f.csv
medians_symbols_digestive_tract_Eraslan_Science_2022_Broad_cell_type_X_umap_f44b0f.pkl,s3://lifebit-user-data-6941eed90a4dd7a1d1026d7a/deploit/teams/69d8dd1e5d3e1f8c350e006f/users/68af3d99c99eb7bd2ff47bc8/projects/69f80768ca774c668fbaaed8/jobs/6a22c67b0859d97fbe7b5f71/results/medians_symbols_digestive_tract_Eraslan_Science_2022_Broad_cell_type_X_umap_f44b0f.pkl
medians_symbols_digestive_tract_Garrido-Trigo_Nat_Commun_2023_cell_type_X_umap_7e7800.csv,s3://lifebit-user-data-6941eed90a4dd7a1d1026d7a/deploit/teams/69d8dd1e5d3e1f8c350e006f/users/68af3d99c99eb7bd2ff47bc8/projects/69f80768ca774c668fbaaed8/jobs/6a22c67b0859d97fbe7b5f71/results/medians_symbols_digestive_tract_Garrido-Trigo_Nat_Commun_2023_cell_type_X_umap_7e7800.csv
medians_symbols_digestive_tract_Garrido-Trigo_Nat_Commun_2023_cell_type_X_umap_7e7800.pkl,s3://lifebit-user-data-6941eed90a4dd7a1d1026d7a/deploit/teams/69d8dd1e5d3e1f8c350e006f/users/68af3d99c99eb7bd2ff47bc8/projects/69f80768ca774c668fbaaed8/jobs/6a22c67b0859d97fbe7b5f71/results/medians_symbols_digestive_tract_Garrido-Trigo_Nat_Commun_2023_cell_type_X_umap_7e7800.pkl
medians_symbols_digestive_tract_Han_Nature_2020_author_cell_type_X_umap_5c7ea7.csv,s3://lifebit-user-data-6941eed90a4dd7a1d1026d7a/deploit/teams/69d8dd1e5d3e1f8c350e006f/users/68af3d99c99eb7bd2ff47bc8/projects/69f80768ca774c668fbaaed8/jobs/6a22c67b0859d97fbe7b5f71/results/medians_symbols_digestive_tract_Han_Nature_2020_author_cell_type_X_umap_5c7ea7.csv
medians_symbols_digestive_tract_Han_Nature_2020_author_cell_type_X_umap_5c7ea7.pkl,s3://lifebit-user-data-6941eed90a4dd7a1d1026d7a/deploit/teams/69d8dd1e5d3e1f8c350e006f/users/68af3d99c99eb7bd2ff47bc8/projects/69f80768ca774c668fbaaed8/jobs/6a22c67b0859d97fbe7b5f71/results/medians_symbols_digestive_tract_Han_Nature_2020_author_cell_type_X_umap_5c7ea7.pkl
medians_symbols_digestive_tract_Horeth_J_Dent_Res_2023_author_cell_type_X_umap_ae6cbe.csv,s3://lifebit-user-data-6941eed90a4dd7a1d1026d7a/deploit/teams/69d8dd1e5d3e1f8c350e006f/users/68af3d99c99eb7bd2ff47bc8/projects/69f80768ca774c668fbaaed8/jobs/6a22c67b0859d97fbe7b5f71/results/medians_symbols_digestive_tract_Horeth_J_Dent_Res_2023_author_cell_type_X_umap_ae6cbe.csv
medians_symbols_digestive_tract_Horeth_J_Dent_Res_2023_author_cell_type_X_umap_ae6cbe.pkl,s3://lifebit-user-data-6941eed90a4dd7a1d1026d7a/deploit/teams/69d8dd1e5d3e1f8c350e006f/users/68af3d99c99eb7bd2ff47bc8/projects/69f80768ca774c668fbaaed8/jobs/6a22c67b0859d97fbe7b5f71/results/medians_symbols_digestive_tract_Horeth_J_Dent_Res_2023_author_cell_type_X_umap_ae6cbe.pkl
medians_symbols_digestive_tract_Madissoon_Genome_Biol_2020_author_cell_type_X_umap_f35993.csv,s3://lifebit-user-data-6941eed90a4dd7a1d1026d7a/deploit/teams/69d8dd1e5d3e1f8c350e006f/users/68af3d99c99eb7bd2ff47bc8/projects/69f80768ca774c668fbaaed8/jobs/6a22c67b0859d97fbe7b5f71/results/medians_symbols_digestive_tract_Madissoon_Genome_Biol_2020_author_cell_type_X_umap_f35993.csv
medians_symbols_digestive_tract_Madissoon_Genome_Biol_2020_author_cell_type_X_umap_f35993.pkl,s3://lifebit-user-data-6941eed90a4dd7a1d1026d7a/deploit/teams/69d8dd1e5d3e1f8c350e006f/users/68af3d99c99eb7bd2ff47bc8/projects/69f80768ca774c668fbaaed8/jobs/6a22c67b0859d97fbe7b5f71/results/medians_symbols_digestive_tract_Madissoon_Genome_Biol_2020_author_cell_type_X_umap_f35993.pkl
medians_symbols_digestive_tract_Martin_Cell_2019_author_cell_type1_X_umap_hm_59ef00.csv,s3://lifebit-user-data-6941eed90a4dd7a1d1026d7a/deploit/teams/69d8dd1e5d3e1f8c350e006f/users/68af3d99c99eb7bd2ff47bc8/projects/69f80768ca774c668fbaaed8/jobs/6a22c67b0859d97fbe7b5f71/results/medians_symbols_digestive_tract_Martin_Cell_2019_author_cell_type1_X_umap_hm_59ef00.csv
medians_symbols_digestive_tract_Martin_Cell_2019_author_cell_type1_X_umap_hm_59ef00.pkl,s3://lifebit-user-data-6941eed90a4dd7a1d1026d7a/deploit/teams/69d8dd1e5d3e1f8c350e006f/users/68af3d99c99eb7bd2ff47bc8/projects/69f80768ca774c668fbaaed8/jobs/6a22c67b0859d97fbe7b5f71/results/medians_symbols_digestive_tract_Martin_Cell_2019_author_cell_type1_X_umap_hm_59ef00.pkl
medians_symbols_digestive_tract_Nowicki-Osuch_Cancer_Discovery_2023_Detailed_Cell_Type_umap_MinDist_0.5_N_Neighbors_15_e72b7b.csv,s3://lifebit-user-data-6941eed90a4dd7a1d1026d7a/deploit/teams/69d8dd1e5d3e1f8c350e006f/users/68af3d99c99eb7bd2ff47bc8/projects/69f80768ca774c668fbaaed8/jobs/6a22c67b0859d97fbe7b5f71/results/medians_symbols_digestive_tract_Nowicki-Osuch_Cancer_Discovery_2023_Detailed_Cell_Type_umap_MinDist_0.5_N_Neighbors_15_e72b7b.csv
medians_symbols_digestive_tract_Nowicki-Osuch_Cancer_Discovery_2023_Detailed_Cell_Type_umap_MinDist_0.5_N_Neighbors_15_e72b7b.pkl,s3://lifebit-user-data-6941eed90a4dd7a1d1026d7a/deploit/teams/69d8dd1e5d3e1f8c350e006f/users/68af3d99c99eb7bd2ff47bc8/projects/69f80768ca774c668fbaaed8/jobs/6a22c67b0859d97fbe7b5f71/results/medians_symbols_digestive_tract_Nowicki-Osuch_Cancer_Discovery_2023_Detailed_Cell_Type_umap_MinDist_0.5_N_Neighbors_15_e72b7b.pkl
medians_symbols_digestive_tract_Oliver_Nature_2024_level_3_annot_X_umap_a60caa.csv,s3://lifebit-user-data-6941eed90a4dd7a1d1026d7a/deploit/teams/69d8dd1e5d3e1f8c350e006f/users/68af3d99c99eb7bd2ff47bc8/projects/69f80768ca774c668fbaaed8/jobs/6a22c67b0859d97fbe7b5f71/results/medians_symbols_digestive_tract_Oliver_Nature_2024_level_3_annot_X_umap_a60caa.csv
medians_symbols_digestive_tract_Oliver_Nature_2024_level_3_annot_X_umap_a60caa.pkl,s3://lifebit-user-data-6941eed90a4dd7a1d1026d7a/deploit/teams/69d8dd1e5d3e1f8c350e006f/users/68af3d99c99eb7bd2ff47bc8/projects/69f80768ca774c668fbaaed8/jobs/6a22c67b0859d97fbe7b5f71/results/medians_symbols_digestive_tract_Oliver_Nature_2024_level_3_annot_X_umap_a60caa.pkl
medians_symbols_digestive_tract_Smillie_Cell_2019_CellType_X_umap_hm_bbedd2.csv,s3://lifebit-user-data-6941eed90a4dd7a1d1026d7a/deploit/teams/69d8dd1e5d3e1f8c350e006f/users/68af3d99c99eb7bd2ff47bc8/projects/69f80768ca774c668fbaaed8/jobs/6a22c67b0859d97fbe7b5f71/results/medians_symbols_digestive_tract_Smillie_Cell_2019_CellType_X_umap_hm_bbedd2.csv
medians_symbols_digestive_tract_Smillie_Cell_2019_CellType_X_umap_hm_bbedd2.pkl,s3://lifebit-user-data-6941eed90a4dd7a1d1026d7a/deploit/teams/69d8dd1e5d3e1f8c350e006f/users/68af3d99c99eb7bd2ff47bc8/projects/69f80768ca774c668fbaaed8/jobs/6a22c67b0859d97fbe7b5f71/results/medians_symbols_digestive_tract_Smillie_Cell_2019_CellType_X_umap_hm_bbedd2.pkl
medians_symbols_digestive_tract_Xu_Cell_2023_Curated_annotation_X_umap_30933d.csv,s3://lifebit-user-data-6941eed90a4dd7a1d1026d7a/deploit/teams/69d8dd1e5d3e1f8c350e006f/users/68af3d99c99eb7bd2ff47bc8/projects/69f80768ca774c668fbaaed8/jobs/6a22c67b0859d97fbe7b5f71/results/medians_symbols_digestive_tract_Xu_Cell_2023_Curated_annotation_X_umap_30933d.csv
medians_symbols_digestive_tract_Xu_Cell_2023_Curated_annotation_X_umap_30933d.pkl,s3://lifebit-user-data-6941eed90a4dd7a1d1026d7a/deploit/teams/69d8dd1e5d3e1f8c350e006f/users/68af3d99c99eb7bd2ff47bc8/projects/69f80768ca774c668fbaaed8/jobs/6a22c67b0859d97fbe7b5f71/results/medians_symbols_digestive_tract_Xu_Cell_2023_Curated_annotation_X_umap_30933d.pkl
medians_symbols_digestive_tract_Zwick_Nat_Cell_Biol_2024_cell.type_X_umap_f5803a.csv,s3://lifebit-user-data-6941eed90a4dd7a1d1026d7a/deploit/teams/69d8dd1e5d3e1f8c350e006f/users/68af3d99c99eb7bd2ff47bc8/projects/69f80768ca774c668fbaaed8/jobs/6a22c67b0859d97fbe7b5f71/results/medians_symbols_digestive_tract_Zwick_Nat_Cell_Biol_2024_cell.type_X_umap_f5803a.csv
medians_symbols_digestive_tract_Zwick_Nat_Cell_Biol_2024_cell.type_X_umap_f5803a.pkl,s3://lifebit-user-data-6941eed90a4dd7a1d1026d7a/deploit/teams/69d8dd1e5d3e1f8c350e006f/users/68af3d99c99eb7bd2ff47bc8/projects/69f80768ca774c668fbaaed8/jobs/6a22c67b0859d97fbe7b5f71/results/medians_symbols_digestive_tract_Zwick_Nat_Cell_Biol_2024_cell.type_X_umap_f5803a.pkl
results_ensg_digestive_tract_Burclaff_Cellular_and_Molecular_Gastroenterology_and_Hepatology_2022_lineage_X_umap_5247a6.csv,s3://lifebit-user-data-6941eed90a4dd7a1d1026d7a/deploit/teams/69d8dd1e5d3e1f8c350e006f/users/68af3d99c99eb7bd2ff47bc8/projects/69f80768ca774c668fbaaed8/jobs/6a22c67b0859d97fbe7b5f71/results/results_ensg_digestive_tract_Burclaff_Cellular_and_Molecular_Gastroenterology_and_Hepatology_2022_lineage_X_umap_5247a6.csv
results_ensg_digestive_tract_Burclaff_Cellular_and_Molecular_Gastroenterology_and_Hepatology_2022_lineage_X_umap_5247a6.pkl,s3://lifebit-user-data-6941eed90a4dd7a1d1026d7a/deploit/teams/69d8dd1e5d3e1f8c350e006f/users/68af3d99c99eb7bd2ff47bc8/projects/69f80768ca774c668fbaaed8/jobs/6a22c67b0859d97fbe7b5f71/results/results_ensg_digestive_tract_Burclaff_Cellular_and_Molecular_Gastroenterology_and_Hepatology_2022_lineage_X_umap_5247a6.pkl
results_ensg_digestive_tract_Elmentaite_Nature_2021_author_cell_type_X_umap_bf2a8d.csv,s3://lifebit-user-data-6941eed90a4dd7a1d1026d7a/deploit/teams/69d8dd1e5d3e1f8c350e006f/users/68af3d99c99eb7bd2ff47bc8/projects/69f80768ca774c668fbaaed8/jobs/6a22c67b0859d97fbe7b5f71/results/results_ensg_digestive_tract_Elmentaite_Nature_2021_author_cell_type_X_umap_bf2a8d.csv
results_ensg_digestive_tract_Elmentaite_Nature_2021_author_cell_type_X_umap_bf2a8d.pkl,s3://lifebit-user-data-6941eed90a4dd7a1d1026d7a/deploit/teams/69d8dd1e5d3e1f8c350e006f/users/68af3d99c99eb7bd2ff47bc8/projects/69f80768ca774c668fbaaed8/jobs/6a22c67b0859d97fbe7b5f71/results/results_ensg_digestive_tract_Elmentaite_Nature_2021_author_cell_type_X_umap_bf2a8d.pkl
results_ensg_digestive_tract_Eraslan_Science_2022_Broad_cell_type_X_umap_f44b0f.csv,s3://lifebit-user-data-6941eed90a4dd7a1d1026d7a/deploit/teams/69d8dd1e5d3e1f8c350e006f/users/68af3d99c99eb7bd2ff47bc8/projects/69f80768ca774c668fbaaed8/jobs/6a22c67b0859d97fbe7b5f71/results/results_ensg_digestive_tract_Eraslan_Science_2022_Broad_cell_type_X_umap_f44b0f.csv
results_ensg_digestive_tract_Eraslan_Science_2022_Broad_cell_type_X_umap_f44b0f.pkl,s3://lifebit-user-data-6941eed90a4dd7a1d1026d7a/deploit/teams/69d8dd1e5d3e1f8c350e006f/users/68af3d99c99eb7bd2ff47bc8/projects/69f80768ca774c668fbaaed8/jobs/6a22c67b0859d97fbe7b5f71/results/results_ensg_digestive_tract_Eraslan_Science_2022_Broad_cell_type_X_umap_f44b0f.pkl
results_ensg_digestive_tract_Garrido-Trigo_Nat_Commun_2023_cell_type_X_umap_7e7800.csv,s3://lifebit-user-data-6941eed90a4dd7a1d1026d7a/deploit/teams/69d8dd1e5d3e1f8c350e006f/users/68af3d99c99eb7bd2ff47bc8/projects/69f80768ca774c668fbaaed8/jobs/6a22c67b0859d97fbe7b5f71/results/results_ensg_digestive_tract_Garrido-Trigo_Nat_Commun_2023_cell_type_X_umap_7e7800.csv
results_ensg_digestive_tract_Garrido-Trigo_Nat_Commun_2023_cell_type_X_umap_7e7800.pkl,s3://lifebit-user-data-6941eed90a4dd7a1d1026d7a/deploit/teams/69d8dd1e5d3e1f8c350e006f/users/68af3d99c99eb7bd2ff47bc8/projects/69f80768ca774c668fbaaed8/jobs/6a22c67b0859d97fbe7b5f71/results/results_ensg_digestive_tract_Garrido-Trigo_Nat_Commun_2023_cell_type_X_umap_7e7800.pkl
results_ensg_digestive_tract_Han_Nature_2020_author_cell_type_X_umap_5c7ea7.csv,s3://lifebit-user-data-6941eed90a4dd7a1d1026d7a/deploit/teams/69d8dd1e5d3e1f8c350e006f/users/68af3d99c99eb7bd2ff47bc8/projects/69f80768ca774c668fbaaed8/jobs/6a22c67b0859d97fbe7b5f71/results/results_ensg_digestive_tract_Han_Nature_2020_author_cell_type_X_umap_5c7ea7.csv
results_ensg_digestive_tract_Han_Nature_2020_author_cell_type_X_umap_5c7ea7.pkl,s3://lifebit-user-data-6941eed90a4dd7a1d1026d7a/deploit/teams/69d8dd1e5d3e1f8c350e006f/users/68af3d99c99eb7bd2ff47bc8/projects/69f80768ca774c668fbaaed8/jobs/6a22c67b0859d97fbe7b5f71/results/results_ensg_digestive_tract_Han_Nature_2020_author_cell_type_X_umap_5c7ea7.pkl
results_ensg_digestive_tract_Horeth_J_Dent_Res_2023_author_cell_type_X_umap_ae6cbe.csv,s3://lifebit-user-data-6941eed90a4dd7a1d1026d7a/deploit/teams/69d8dd1e5d3e1f8c350e006f/users/68af3d99c99eb7bd2ff47bc8/projects/69f80768ca774c668fbaaed8/jobs/6a22c67b0859d97fbe7b5f71/results/results_ensg_digestive_tract_Horeth_J_Dent_Res_2023_author_cell_type_X_umap_ae6cbe.csv
results_ensg_digestive_tract_Horeth_J_Dent_Res_2023_author_cell_type_X_umap_ae6cbe.pkl,s3://lifebit-user-data-6941eed90a4dd7a1d1026d7a/deploit/teams/69d8dd1e5d3e1f8c350e006f/users/68af3d99c99eb7bd2ff47bc8/projects/69f80768ca774c668fbaaed8/jobs/6a22c67b0859d97fbe7b5f71/results/results_ensg_digestive_tract_Horeth_J_Dent_Res_2023_author_cell_type_X_umap_ae6cbe.pkl
results_ensg_digestive_tract_Madissoon_Genome_Biol_2020_author_cell_type_X_umap_f35993.csv,s3://lifebit-user-data-6941eed90a4dd7a1d1026d7a/deploit/teams/69d8dd1e5d3e1f8c350e006f/users/68af3d99c99eb7bd2ff47bc8/projects/69f80768ca774c668fbaaed8/jobs/6a22c67b0859d97fbe7b5f71/results/results_ensg_digestive_tract_Madissoon_Genome_Biol_2020_author_cell_type_X_umap_f35993.csv
results_ensg_digestive_tract_Madissoon_Genome_Biol_2020_author_cell_type_X_umap_f35993.pkl,s3://lifebit-user-data-6941eed90a4dd7a1d1026d7a/deploit/teams/69d8dd1e5d3e1f8c350e006f/users/68af3d99c99eb7bd2ff47bc8/projects/69f80768ca774c668fbaaed8/jobs/6a22c67b0859d97fbe7b5f71/results/results_ensg_digestive_tract_Madissoon_Genome_Biol_2020_author_cell_type_X_umap_f35993.pkl
results_ensg_digestive_tract_Martin_Cell_2019_author_cell_type1_X_umap_hm_59ef00.csv,s3://lifebit-user-data-6941eed90a4dd7a1d1026d7a/deploit/teams/69d8dd1e5d3e1f8c350e006f/users/68af3d99c99eb7bd2ff47bc8/projects/69f80768ca774c668fbaaed8/jobs/6a22c67b0859d97fbe7b5f71/results/results_ensg_digestive_tract_Martin_Cell_2019_author_cell_type1_X_umap_hm_59ef00.csv
results_ensg_digestive_tract_Martin_Cell_2019_author_cell_type1_X_umap_hm_59ef00.pkl,s3://lifebit-user-data-6941eed90a4dd7a1d1026d7a/deploit/teams/69d8dd1e5d3e1f8c350e006f/users/68af3d99c99eb7bd2ff47bc8/projects/69f80768ca774c668fbaaed8/jobs/6a22c67b0859d97fbe7b5f71/results/results_ensg_digestive_tract_Martin_Cell_2019_author_cell_type1_X_umap_hm_59ef00.pkl
results_ensg_digestive_tract_Nowicki-Osuch_Cancer_Discovery_2023_Detailed_Cell_Type_umap_MinDist_0.5_N_Neighbors_15_e72b7b.csv,s3://lifebit-user-data-6941eed90a4dd7a1d1026d7a/deploit/teams/69d8dd1e5d3e1f8c350e006f/users/68af3d99c99eb7bd2ff47bc8/projects/69f80768ca774c668fbaaed8/jobs/6a22c67b0859d97fbe7b5f71/results/results_ensg_digestive_tract_Nowicki-Osuch_Cancer_Discovery_2023_Detailed_Cell_Type_umap_MinDist_0.5_N_Neighbors_15_e72b7b.csv
results_ensg_digestive_tract_Nowicki-Osuch_Cancer_Discovery_2023_Detailed_Cell_Type_umap_MinDist_0.5_N_Neighbors_15_e72b7b.pkl,s3://lifebit-user-data-6941eed90a4dd7a1d1026d7a/deploit/teams/69d8dd1e5d3e1f8c350e006f/users/68af3d99c99eb7bd2ff47bc8/projects/69f80768ca774c668fbaaed8/jobs/6a22c67b0859d97fbe7b5f71/results/results_ensg_digestive_tract_Nowicki-Osuch_Cancer_Discovery_2023_Detailed_Cell_Type_umap_MinDist_0.5_N_Neighbors_15_e72b7b.pkl
results_ensg_digestive_tract_Oliver_Nature_2024_level_3_annot_X_umap_a60caa.csv,s3://lifebit-user-data-6941eed90a4dd7a1d1026d7a/deploit/teams/69d8dd1e5d3e1f8c350e006f/users/68af3d99c99eb7bd2ff47bc8/projects/69f80768ca774c668fbaaed8/jobs/6a22c67b0859d97fbe7b5f71/results/results_ensg_digestive_tract_Oliver_Nature_2024_level_3_annot_X_umap_a60caa.csv
results_ensg_digestive_tract_Oliver_Nature_2024_level_3_annot_X_umap_a60caa.pkl,s3://lifebit-user-data-6941eed90a4dd7a1d1026d7a/deploit/teams/69d8dd1e5d3e1f8c350e006f/users/68af3d99c99eb7bd2ff47bc8/projects/69f80768ca774c668fbaaed8/jobs/6a22c67b0859d97fbe7b5f71/results/results_ensg_digestive_tract_Oliver_Nature_2024_level_3_annot_X_umap_a60caa.pkl
results_ensg_digestive_tract_Smillie_Cell_2019_CellType_X_umap_hm_bbedd2.csv,s3://lifebit-user-data-6941eed90a4dd7a1d1026d7a/deploit/teams/69d8dd1e5d3e1f8c350e006f/users/68af3d99c99eb7bd2ff47bc8/projects/69f80768ca774c668fbaaed8/jobs/6a22c67b0859d97fbe7b5f71/results/results_ensg_digestive_tract_Smillie_Cell_2019_CellType_X_umap_hm_bbedd2.csv
results_ensg_digestive_tract_Smillie_Cell_2019_CellType_X_umap_hm_bbedd2.pkl,s3://lifebit-user-data-6941eed90a4dd7a1d1026d7a/deploit/teams/69d8dd1e5d3e1f8c350e006f/users/68af3d99c99eb7bd2ff47bc8/projects/69f80768ca774c668fbaaed8/jobs/6a22c67b0859d97fbe7b5f71/results/results_ensg_digestive_tract_Smillie_Cell_2019_CellType_X_umap_hm_bbedd2.pkl
results_ensg_digestive_tract_Xu_Cell_2023_Curated_annotation_X_umap_30933d.csv,s3://lifebit-user-data-6941eed90a4dd7a1d1026d7a/deploit/teams/69d8dd1e5d3e1f8c350e006f/users/68af3d99c99eb7bd2ff47bc8/projects/69f80768ca774c668fbaaed8/jobs/6a22c67b0859d97fbe7b5f71/results/results_ensg_digestive_tract_Xu_Cell_2023_Curated_annotation_X_umap_30933d.csv
results_ensg_digestive_tract_Xu_Cell_2023_Curated_annotation_X_umap_30933d.pkl,s3://lifebit-user-data-6941eed90a4dd7a1d1026d7a/deploit/teams/69d8dd1e5d3e1f8c350e006f/users/68af3d99c99eb7bd2ff47bc8/projects/69f80768ca774c668fbaaed8/jobs/6a22c67b0859d97fbe7b5f71/results/results_ensg_digestive_tract_Xu_Cell_2023_Curated_annotation_X_umap_30933d.pkl
results_ensg_digestive_tract_Zwick_Nat_Cell_Biol_2024_cell.type_X_umap_f5803a.csv,s3://lifebit-user-data-6941eed90a4dd7a1d1026d7a/deploit/teams/69d8dd1e5d3e1f8c350e006f/users/68af3d99c99eb7bd2ff47bc8/projects/69f80768ca774c668fbaaed8/jobs/6a22c67b0859d97fbe7b5f71/results/results_ensg_digestive_tract_Zwick_Nat_Cell_Biol_2024_cell.type_X_umap_f5803a.csv
results_ensg_digestive_tract_Zwick_Nat_Cell_Biol_2024_cell.type_X_umap_f5803a.pkl,s3://lifebit-user-data-6941eed90a4dd7a1d1026d7a/deploit/teams/69d8dd1e5d3e1f8c350e006f/users/68af3d99c99eb7bd2ff47bc8/projects/69f80768ca774c668fbaaed8/jobs/6a22c67b0859d97fbe7b5f71/results/results_ensg_digestive_tract_Zwick_Nat_Cell_Biol_2024_cell.type_X_umap_f5803a.pkl
results_symbols_digestive_tract_Burclaff_Cellular_and_Molecular_Gastroenterology_and_Hepatology_2022_lineage_X_umap_5247a6.csv,s3://lifebit-user-data-6941eed90a4dd7a1d1026d7a/deploit/teams/69d8dd1e5d3e1f8c350e006f/users/68af3d99c99eb7bd2ff47bc8/projects/69f80768ca774c668fbaaed8/jobs/6a22c67b0859d97fbe7b5f71/results/results_symbols_digestive_tract_Burclaff_Cellular_and_Molecular_Gastroenterology_and_Hepatology_2022_lineage_X_umap_5247a6.csv
results_symbols_digestive_tract_Burclaff_Cellular_and_Molecular_Gastroenterology_and_Hepatology_2022_lineage_X_umap_5247a6.pkl,s3://lifebit-user-data-6941eed90a4dd7a1d1026d7a/deploit/teams/69d8dd1e5d3e1f8c350e006f/users/68af3d99c99eb7bd2ff47bc8/projects/69f80768ca774c668fbaaed8/jobs/6a22c67b0859d97fbe7b5f71/results/results_symbols_digestive_tract_Burclaff_Cellular_and_Molecular_Gastroenterology_and_Hepatology_2022_lineage_X_umap_5247a6.pkl
results_symbols_digestive_tract_Elmentaite_Nature_2021_author_cell_type_X_umap_bf2a8d.csv,s3://lifebit-user-data-6941eed90a4dd7a1d1026d7a/deploit/teams/69d8dd1e5d3e1f8c350e006f/users/68af3d99c99eb7bd2ff47bc8/projects/69f80768ca774c668fbaaed8/jobs/6a22c67b0859d97fbe7b5f71/results/results_symbols_digestive_tract_Elmentaite_Nature_2021_author_cell_type_X_umap_bf2a8d.csv
results_symbols_digestive_tract_Elmentaite_Nature_2021_author_cell_type_X_umap_bf2a8d.pkl,s3://lifebit-user-data-6941eed90a4dd7a1d1026d7a/deploit/teams/69d8dd1e5d3e1f8c350e006f/users/68af3d99c99eb7bd2ff47bc8/projects/69f80768ca774c668fbaaed8/jobs/6a22c67b0859d97fbe7b5f71/results/results_symbols_digestive_tract_Elmentaite_Nature_2021_author_cell_type_X_umap_bf2a8d.pkl
results_symbols_digestive_tract_Eraslan_Science_2022_Broad_cell_type_X_umap_f44b0f.csv,s3://lifebit-user-data-6941eed90a4dd7a1d1026d7a/deploit/teams/69d8dd1e5d3e1f8c350e006f/users/68af3d99c99eb7bd2ff47bc8/projects/69f80768ca774c668fbaaed8/jobs/6a22c67b0859d97fbe7b5f71/results/results_symbols_digestive_tract_Eraslan_Science_2022_Broad_cell_type_X_umap_f44b0f.csv
results_symbols_digestive_tract_Eraslan_Science_2022_Broad_cell_type_X_umap_f44b0f.pkl,s3://lifebit-user-data-6941eed90a4dd7a1d1026d7a/deploit/teams/69d8dd1e5d3e1f8c350e006f/users/68af3d99c99eb7bd2ff47bc8/projects/69f80768ca774c668fbaaed8/jobs/6a22c67b0859d97fbe7b5f71/results/results_symbols_digestive_tract_Eraslan_Science_2022_Broad_cell_type_X_umap_f44b0f.pkl
results_symbols_digestive_tract_Garrido-Trigo_Nat_Commun_2023_cell_type_X_umap_7e7800.csv,s3://lifebit-user-data-6941eed90a4dd7a1d1026d7a/deploit/teams/69d8dd1e5d3e1f8c350e006f/users/68af3d99c99eb7bd2ff47bc8/projects/69f80768ca774c668fbaaed8/jobs/6a22c67b0859d97fbe7b5f71/results/results_symbols_digestive_tract_Garrido-Trigo_Nat_Commun_2023_cell_type_X_umap_7e7800.csv
results_symbols_digestive_tract_Garrido-Trigo_Nat_Commun_2023_cell_type_X_umap_7e7800.pkl,s3://lifebit-user-data-6941eed90a4dd7a1d1026d7a/deploit/teams/69d8dd1e5d3e1f8c350e006f/users/68af3d99c99eb7bd2ff47bc8/projects/69f80768ca774c668fbaaed8/jobs/6a22c67b0859d97fbe7b5f71/results/results_symbols_digestive_tract_Garrido-Trigo_Nat_Commun_2023_cell_type_X_umap_7e7800.pkl
results_symbols_digestive_tract_Han_Nature_2020_author_cell_type_X_umap_5c7ea7.csv,s3://lifebit-user-data-6941eed90a4dd7a1d1026d7a/deploit/teams/69d8dd1e5d3e1f8c350e006f/users/68af3d99c99eb7bd2ff47bc8/projects/69f80768ca774c668fbaaed8/jobs/6a22c67b0859d97fbe7b5f71/results/results_symbols_digestive_tract_Han_Nature_2020_author_cell_type_X_umap_5c7ea7.csv
results_symbols_digestive_tract_Han_Nature_2020_author_cell_type_X_umap_5c7ea7.pkl,s3://lifebit-user-data-6941eed90a4dd7a1d1026d7a/deploit/teams/69d8dd1e5d3e1f8c350e006f/users/68af3d99c99eb7bd2ff47bc8/projects/69f80768ca774c668fbaaed8/jobs/6a22c67b0859d97fbe7b5f71/results/results_symbols_digestive_tract_Han_Nature_2020_author_cell_type_X_umap_5c7ea7.pkl
results_symbols_digestive_tract_Horeth_J_Dent_Res_2023_author_cell_type_X_umap_ae6cbe.csv,s3://lifebit-user-data-6941eed90a4dd7a1d1026d7a/deploit/teams/69d8dd1e5d3e1f8c350e006f/users/68af3d99c99eb7bd2ff47bc8/projects/69f80768ca774c668fbaaed8/jobs/6a22c67b0859d97fbe7b5f71/results/results_symbols_digestive_tract_Horeth_J_Dent_Res_2023_author_cell_type_X_umap_ae6cbe.csv
results_symbols_digestive_tract_Horeth_J_Dent_Res_2023_author_cell_type_X_umap_ae6cbe.pkl,s3://lifebit-user-data-6941eed90a4dd7a1d1026d7a/deploit/teams/69d8dd1e5d3e1f8c350e006f/users/68af3d99c99eb7bd2ff47bc8/projects/69f80768ca774c668fbaaed8/jobs/6a22c67b0859d97fbe7b5f71/results/results_symbols_digestive_tract_Horeth_J_Dent_Res_2023_author_cell_type_X_umap_ae6cbe.pkl
results_symbols_digestive_tract_Madissoon_Genome_Biol_2020_author_cell_type_X_umap_f35993.csv,s3://lifebit-user-data-6941eed90a4dd7a1d1026d7a/deploit/teams/69d8dd1e5d3e1f8c350e006f/users/68af3d99c99eb7bd2ff47bc8/projects/69f80768ca774c668fbaaed8/jobs/6a22c67b0859d97fbe7b5f71/results/results_symbols_digestive_tract_Madissoon_Genome_Biol_2020_author_cell_type_X_umap_f35993.csv
results_symbols_digestive_tract_Madissoon_Genome_Biol_2020_author_cell_type_X_umap_f35993.pkl,s3://lifebit-user-data-6941eed90a4dd7a1d1026d7a/deploit/teams/69d8dd1e5d3e1f8c350e006f/users/68af3d99c99eb7bd2ff47bc8/projects/69f80768ca774c668fbaaed8/jobs/6a22c67b0859d97fbe7b5f71/results/results_symbols_digestive_tract_Madissoon_Genome_Biol_2020_author_cell_type_X_umap_f35993.pkl
results_symbols_digestive_tract_Martin_Cell_2019_author_cell_type1_X_umap_hm_59ef00.csv,s3://lifebit-user-data-6941eed90a4dd7a1d1026d7a/deploit/teams/69d8dd1e5d3e1f8c350e006f/users/68af3d99c99eb7bd2ff47bc8/projects/69f80768ca774c668fbaaed8/jobs/6a22c67b0859d97fbe7b5f71/results/results_symbols_digestive_tract_Martin_Cell_2019_author_cell_type1_X_umap_hm_59ef00.csv
results_symbols_digestive_tract_Martin_Cell_2019_author_cell_type1_X_umap_hm_59ef00.pkl,s3://lifebit-user-data-6941eed90a4dd7a1d1026d7a/deploit/teams/69d8dd1e5d3e1f8c350e006f/users/68af3d99c99eb7bd2ff47bc8/projects/69f80768ca774c668fbaaed8/jobs/6a22c67b0859d97fbe7b5f71/results/results_symbols_digestive_tract_Martin_Cell_2019_author_cell_type1_X_umap_hm_59ef00.pkl
results_symbols_digestive_tract_Nowicki-Osuch_Cancer_Discovery_2023_Detailed_Cell_Type_umap_MinDist_0.5_N_Neighbors_15_e72b7b.csv,s3://lifebit-user-data-6941eed90a4dd7a1d1026d7a/deploit/teams/69d8dd1e5d3e1f8c350e006f/users/68af3d99c99eb7bd2ff47bc8/projects/69f80768ca774c668fbaaed8/jobs/6a22c67b0859d97fbe7b5f71/results/results_symbols_digestive_tract_Nowicki-Osuch_Cancer_Discovery_2023_Detailed_Cell_Type_umap_MinDist_0.5_N_Neighbors_15_e72b7b.csv
results_symbols_digestive_tract_Nowicki-Osuch_Cancer_Discovery_2023_Detailed_Cell_Type_umap_MinDist_0.5_N_Neighbors_15_e72b7b.pkl,s3://lifebit-user-data-6941eed90a4dd7a1d1026d7a/deploit/teams/69d8dd1e5d3e1f8c350e006f/users/68af3d99c99eb7bd2ff47bc8/projects/69f80768ca774c668fbaaed8/jobs/6a22c67b0859d97fbe7b5f71/results/results_symbols_digestive_tract_Nowicki-Osuch_Cancer_Discovery_2023_Detailed_Cell_Type_umap_MinDist_0.5_N_Neighbors_15_e72b7b.pkl
results_symbols_digestive_tract_Oliver_Nature_2024_level_3_annot_X_umap_a60caa.csv,s3://lifebit-user-data-6941eed90a4dd7a1d1026d7a/deploit/teams/69d8dd1e5d3e1f8c350e006f/users/68af3d99c99eb7bd2ff47bc8/projects/69f80768ca774c668fbaaed8/jobs/6a22c67b0859d97fbe7b5f71/results/results_symbols_digestive_tract_Oliver_Nature_2024_level_3_annot_X_umap_a60caa.csv
results_symbols_digestive_tract_Oliver_Nature_2024_level_3_annot_X_umap_a60caa.pkl,s3://lifebit-user-data-6941eed90a4dd7a1d1026d7a/deploit/teams/69d8dd1e5d3e1f8c350e006f/users/68af3d99c99eb7bd2ff47bc8/projects/69f80768ca774c668fbaaed8/jobs/6a22c67b0859d97fbe7b5f71/results/results_symbols_digestive_tract_Oliver_Nature_2024_level_3_annot_X_umap_a60caa.pkl
results_symbols_digestive_tract_Smillie_Cell_2019_CellType_X_umap_hm_bbedd2.csv,s3://lifebit-user-data-6941eed90a4dd7a1d1026d7a/deploit/teams/69d8dd1e5d3e1f8c350e006f/users/68af3d99c99eb7bd2ff47bc8/projects/69f80768ca774c668fbaaed8/jobs/6a22c67b0859d97fbe7b5f71/results/results_symbols_digestive_tract_Smillie_Cell_2019_CellType_X_umap_hm_bbedd2.csv
results_symbols_digestive_tract_Smillie_Cell_2019_CellType_X_umap_hm_bbedd2.pkl,s3://lifebit-user-data-6941eed90a4dd7a1d1026d7a/deploit/teams/69d8dd1e5d3e1f8c350e006f/users/68af3d99c99eb7bd2ff47bc8/projects/69f80768ca774c668fbaaed8/jobs/6a22c67b0859d97fbe7b5f71/results/results_symbols_digestive_tract_Smillie_Cell_2019_CellType_X_umap_hm_bbedd2.pkl
results_symbols_digestive_tract_Xu_Cell_2023_Curated_annotation_X_umap_30933d.csv,s3://lifebit-user-data-6941eed90a4dd7a1d1026d7a/deploit/teams/69d8dd1e5d3e1f8c350e006f/users/68af3d99c99eb7bd2ff47bc8/projects/69f80768ca774c668fbaaed8/jobs/6a22c67b0859d97fbe7b5f71/results/results_symbols_digestive_tract_Xu_Cell_2023_Curated_annotation_X_umap_30933d.csv
results_symbols_digestive_tract_Xu_Cell_2023_Curated_annotation_X_umap_30933d.pkl,s3://lifebit-user-data-6941eed90a4dd7a1d1026d7a/deploit/teams/69d8dd1e5d3e1f8c350e006f/users/68af3d99c99eb7bd2ff47bc8/projects/69f80768ca774c668fbaaed8/jobs/6a22c67b0859d97fbe7b5f71/results/results_symbols_digestive_tract_Xu_Cell_2023_Curated_annotation_X_umap_30933d.pkl
results_symbols_digestive_tract_Zwick_Nat_Cell_Biol_2024_cell.type_X_umap_f5803a.csv,s3://lifebit-user-data-6941eed90a4dd7a1d1026d7a/deploit/teams/69d8dd1e5d3e1f8c350e006f/users/68af3d99c99eb7bd2ff47bc8/projects/69f80768ca774c668fbaaed8/jobs/6a22c67b0859d97fbe7b5f71/results/results_symbols_digestive_tract_Zwick_Nat_Cell_Biol_2024_cell.type_X_umap_f5803a.csv
results_symbols_digestive_tract_Zwick_Nat_Cell_Biol_2024_cell.type_X_umap_f5803a.pkl,s3://lifebit-user-data-6941eed90a4dd7a1d1026d7a/deploit/teams/69d8dd1e5d3e1f8c350e006f/users/68af3d99c99eb7bd2ff47bc8/projects/69f80768ca774c668fbaaed8/jobs/6a22c67b0859d97fbe7b5f71/results/results_symbols_digestive_tract_Zwick_Nat_Cell_Biol_2024_cell.type_X_umap_f5803a.pkl
scatter_digestive_tract_Burclaff_Cellular_and_Molecular_Gastroenterology_and_Hepatology_2022_lineage_X_umap_5247a6_f_score.html,s3://lifebit-user-data-6941eed90a4dd7a1d1026d7a/deploit/teams/69d8dd1e5d3e1f8c350e006f/users/68af3d99c99eb7bd2ff47bc8/projects/69f80768ca774c668fbaaed8/jobs/6a22c67b0859d97fbe7b5f71/results/scatter_digestive_tract_Burclaff_Cellular_and_Molecular_Gastroenterology_and_Hepatology_2022_lineage_X_umap_5247a6_f_score.html
scatter_digestive_tract_Burclaff_Cellular_and_Molecular_Gastroenterology_and_Hepatology_2022_lineage_X_umap_5247a6_f_score.svg,s3://lifebit-user-data-6941eed90a4dd7a1d1026d7a/deploit/teams/69d8dd1e5d3e1f8c350e006f/users/68af3d99c99eb7bd2ff47bc8/projects/69f80768ca774c668fbaaed8/jobs/6a22c67b0859d97fbe7b5f71/results/scatter_digestive_tract_Burclaff_Cellular_and_Molecular_Gastroenterology_and_Hepatology_2022_lineage_X_umap_5247a6_f_score.svg
scatter_digestive_tract_Burclaff_Cellular_and_Molecular_Gastroenterology_and_Hepatology_2022_lineage_X_umap_5247a6_onTarget.html,s3://lifebit-user-data-6941eed90a4dd7a1d1026d7a/deploit/teams/69d8dd1e5d3e1f8c350e006f/users/68af3d99c99eb7bd2ff47bc8/projects/69f80768ca774c668fbaaed8/jobs/6a22c67b0859d97fbe7b5f71/results/scatter_digestive_tract_Burclaff_Cellular_and_Molecular_Gastroenterology_and_Hepatology_2022_lineage_X_umap_5247a6_onTarget.html
scatter_digestive_tract_Burclaff_Cellular_and_Molecular_Gastroenterology_and_Hepatology_2022_lineage_X_umap_5247a6_onTarget.svg,s3://lifebit-user-data-6941eed90a4dd7a1d1026d7a/deploit/teams/69d8dd1e5d3e1f8c350e006f/users/68af3d99c99eb7bd2ff47bc8/projects/69f80768ca774c668fbaaed8/jobs/6a22c67b0859d97fbe7b5f71/results/scatter_digestive_tract_Burclaff_Cellular_and_Molecular_Gastroenterology_and_Hepatology_2022_lineage_X_umap_5247a6_onTarget.svg
scatter_digestive_tract_Burclaff_Cellular_and_Molecular_Gastroenterology_and_Hepatology_2022_lineage_X_umap_5247a6_precision.html,s3://lifebit-user-data-6941eed90a4dd7a1d1026d7a/deploit/teams/69d8dd1e5d3e1f8c350e006f/users/68af3d99c99eb7bd2ff47bc8/projects/69f80768ca774c668fbaaed8/jobs/6a22c67b0859d97fbe7b5f71/results/scatter_digestive_tract_Burclaff_Cellular_and_Molecular_Gastroenterology_and_Hepatology_2022_lineage_X_umap_5247a6_precision.html
scatter_digestive_tract_Burclaff_Cellular_and_Molecular_Gastroenterology_and_Hepatology_2022_lineage_X_umap_5247a6_precision.svg,s3://lifebit-user-data-6941eed90a4dd7a1d1026d7a/deploit/teams/69d8dd1e5d3e1f8c350e006f/users/68af3d99c99eb7bd2ff47bc8/projects/69f80768ca774c668fbaaed8/jobs/6a22c67b0859d97fbe7b5f71/results/scatter_digestive_tract_Burclaff_Cellular_and_Molecular_Gastroenterology_and_Hepatology_2022_lineage_X_umap_5247a6_precision.svg
scatter_digestive_tract_Burclaff_Cellular_and_Molecular_Gastroenterology_and_Hepatology_2022_lineage_X_umap_5247a6_recall.html,s3://lifebit-user-data-6941eed90a4dd7a1d1026d7a/deploit/teams/69d8dd1e5d3e1f8c350e006f/users/68af3d99c99eb7bd2ff47bc8/projects/69f80768ca774c668fbaaed8/jobs/6a22c67b0859d97fbe7b5f71/results/scatter_digestive_tract_Burclaff_Cellular_and_Molecular_Gastroenterology_and_Hepatology_2022_lineage_X_umap_5247a6_recall.html
scatter_digestive_tract_Burclaff_Cellular_and_Molecular_Gastroenterology_and_Hepatology_2022_lineage_X_umap_5247a6_recall.svg,s3://lifebit-user-data-6941eed90a4dd7a1d1026d7a/deploit/teams/69d8dd1e5d3e1f8c350e006f/users/68af3d99c99eb7bd2ff47bc8/projects/69f80768ca774c668fbaaed8/jobs/6a22c67b0859d97fbe7b5f71/results/scatter_digestive_tract_Burclaff_Cellular_and_Molecular_Gastroenterology_and_Hepatology_2022_lineage_X_umap_5247a6_recall.svg
scatter_digestive_tract_Elmentaite_Nature_2021_author_cell_type_X_umap_bf2a8d_f_score.html,s3://lifebit-user-data-6941eed90a4dd7a1d1026d7a/deploit/teams/69d8dd1e5d3e1f8c350e006f/users/68af3d99c99eb7bd2ff47bc8/projects/69f80768ca774c668fbaaed8/jobs/6a22c67b0859d97fbe7b5f71/results/scatter_digestive_tract_Elmentaite_Nature_2021_author_cell_type_X_umap_bf2a8d_f_score.html
scatter_digestive_tract_Elmentaite_Nature_2021_author_cell_type_X_umap_bf2a8d_f_score.svg,s3://lifebit-user-data-6941eed90a4dd7a1d1026d7a/deploit/teams/69d8dd1e5d3e1f8c350e006f/users/68af3d99c99eb7bd2ff47bc8/projects/69f80768ca774c668fbaaed8/jobs/6a22c67b0859d97fbe7b5f71/results/scatter_digestive_tract_Elmentaite_Nature_2021_author_cell_type_X_umap_bf2a8d_f_score.svg
scatter_digestive_tract_Elmentaite_Nature_2021_author_cell_type_X_umap_bf2a8d_onTarget.html,s3://lifebit-user-data-6941eed90a4dd7a1d1026d7a/deploit/teams/69d8dd1e5d3e1f8c350e006f/users/68af3d99c99eb7bd2ff47bc8/projects/69f80768ca774c668fbaaed8/jobs/6a22c67b0859d97fbe7b5f71/results/scatter_digestive_tract_Elmentaite_Nature_2021_author_cell_type_X_umap_bf2a8d_onTarget.html
scatter_digestive_tract_Elmentaite_Nature_2021_author_cell_type_X_umap_bf2a8d_onTarget.svg,s3://lifebit-user-data-6941eed90a4dd7a1d1026d7a/deploit/teams/69d8dd1e5d3e1f8c350e006f/users/68af3d99c99eb7bd2ff47bc8/projects/69f80768ca774c668fbaaed8/jobs/6a22c67b0859d97fbe7b5f71/results/scatter_digestive_tract_Elmentaite_Nature_2021_author_cell_type_X_umap_bf2a8d_onTarget.svg
scatter_digestive_tract_Elmentaite_Nature_2021_author_cell_type_X_umap_bf2a8d_precision.html,s3://lifebit-user-data-6941eed90a4dd7a1d1026d7a/deploit/teams/69d8dd1e5d3e1f8c350e006f/users/68af3d99c99eb7bd2ff47bc8/projects/69f80768ca774c668fbaaed8/jobs/6a22c67b0859d97fbe7b5f71/results/scatter_digestive_tract_Elmentaite_Nature_2021_author_cell_type_X_umap_bf2a8d_precision.html
scatter_digestive_tract_Elmentaite_Nature_2021_author_cell_type_X_umap_bf2a8d_precision.svg,s3://lifebit-user-data-6941eed90a4dd7a1d1026d7a/deploit/teams/69d8dd1e5d3e1f8c350e006f/users/68af3d99c99eb7bd2ff47bc8/projects/69f80768ca774c668fbaaed8/jobs/6a22c67b0859d97fbe7b5f71/results/scatter_digestive_tract_Elmentaite_Nature_2021_author_cell_type_X_umap_bf2a8d_precision.svg
scatter_digestive_tract_Elmentaite_Nature_2021_author_cell_type_X_umap_bf2a8d_recall.html,s3://lifebit-user-data-6941eed90a4dd7a1d1026d7a/deploit/teams/69d8dd1e5d3e1f8c350e006f/users/68af3d99c99eb7bd2ff47bc8/projects/69f80768ca774c668fbaaed8/jobs/6a22c67b0859d97fbe7b5f71/results/scatter_digestive_tract_Elmentaite_Nature_2021_author_cell_type_X_umap_bf2a8d_recall.html
scatter_digestive_tract_Elmentaite_Nature_2021_author_cell_type_X_umap_bf2a8d_recall.svg,s3://lifebit-user-data-6941eed90a4dd7a1d1026d7a/deploit/teams/69d8dd1e5d3e1f8c350e006f/users/68af3d99c99eb7bd2ff47bc8/projects/69f80768ca774c668fbaaed8/jobs/6a22c67b0859d97fbe7b5f71/results/scatter_digestive_tract_Elmentaite_Nature_2021_author_cell_type_X_umap_bf2a8d_recall.svg
scatter_digestive_tract_Eraslan_Science_2022_Broad_cell_type_X_umap_f44b0f_f_score.html,s3://lifebit-user-data-6941eed90a4dd7a1d1026d7a/deploit/teams/69d8dd1e5d3e1f8c350e006f/users/68af3d99c99eb7bd2ff47bc8/projects/69f80768ca774c668fbaaed8/jobs/6a22c67b0859d97fbe7b5f71/results/scatter_digestive_tract_Eraslan_Science_2022_Broad_cell_type_X_umap_f44b0f_f_score.html
scatter_digestive_tract_Eraslan_Science_2022_Broad_cell_type_X_umap_f44b0f_f_score.svg,s3://lifebit-user-data-6941eed90a4dd7a1d1026d7a/deploit/teams/69d8dd1e5d3e1f8c350e006f/users/68af3d99c99eb7bd2ff47bc8/projects/69f80768ca774c668fbaaed8/jobs/6a22c67b0859d97fbe7b5f71/results/scatter_digestive_tract_Eraslan_Science_2022_Broad_cell_type_X_umap_f44b0f_f_score.svg
scatter_digestive_tract_Eraslan_Science_2022_Broad_cell_type_X_umap_f44b0f_onTarget.html,s3://lifebit-user-data-6941eed90a4dd7a1d1026d7a/deploit/teams/69d8dd1e5d3e1f8c350e006f/users/68af3d99c99eb7bd2ff47bc8/projects/69f80768ca774c668fbaaed8/jobs/6a22c67b0859d97fbe7b5f71/results/scatter_digestive_tract_Eraslan_Science_2022_Broad_cell_type_X_umap_f44b0f_onTarget.html
scatter_digestive_tract_Eraslan_Science_2022_Broad_cell_type_X_umap_f44b0f_onTarget.svg,s3://lifebit-user-data-6941eed90a4dd7a1d1026d7a/deploit/teams/69d8dd1e5d3e1f8c350e006f/users/68af3d99c99eb7bd2ff47bc8/projects/69f80768ca774c668fbaaed8/jobs/6a22c67b0859d97fbe7b5f71/results/scatter_digestive_tract_Eraslan_Science_2022_Broad_cell_type_X_umap_f44b0f_onTarget.svg
scatter_digestive_tract_Eraslan_Science_2022_Broad_cell_type_X_umap_f44b0f_precision.html,s3://lifebit-user-data-6941eed90a4dd7a1d1026d7a/deploit/teams/69d8dd1e5d3e1f8c350e006f/users/68af3d99c99eb7bd2ff47bc8/projects/69f80768ca774c668fbaaed8/jobs/6a22c67b0859d97fbe7b5f71/results/scatter_digestive_tract_Eraslan_Science_2022_Broad_cell_type_X_umap_f44b0f_precision.html
scatter_digestive_tract_Eraslan_Science_2022_Broad_cell_type_X_umap_f44b0f_precision.svg,s3://lifebit-user-data-6941eed90a4dd7a1d1026d7a/deploit/teams/69d8dd1e5d3e1f8c350e006f/users/68af3d99c99eb7bd2ff47bc8/projects/69f80768ca774c668fbaaed8/jobs/6a22c67b0859d97fbe7b5f71/results/scatter_digestive_tract_Eraslan_Science_2022_Broad_cell_type_X_umap_f44b0f_precision.svg
scatter_digestive_tract_Eraslan_Science_2022_Broad_cell_type_X_umap_f44b0f_recall.html,s3://lifebit-user-data-6941eed90a4dd7a1d1026d7a/deploit/teams/69d8dd1e5d3e1f8c350e006f/users/68af3d99c99eb7bd2ff47bc8/projects/69f80768ca774c668fbaaed8/jobs/6a22c67b0859d97fbe7b5f71/results/scatter_digestive_tract_Eraslan_Science_2022_Broad_cell_type_X_umap_f44b0f_recall.html
scatter_digestive_tract_Eraslan_Science_2022_Broad_cell_type_X_umap_f44b0f_recall.svg,s3://lifebit-user-data-6941eed90a4dd7a1d1026d7a/deploit/teams/69d8dd1e5d3e1f8c350e006f/users/68af3d99c99eb7bd2ff47bc8/projects/69f80768ca774c668fbaaed8/jobs/6a22c67b0859d97fbe7b5f71/results/scatter_digestive_tract_Eraslan_Science_2022_Broad_cell_type_X_umap_f44b0f_recall.svg
scatter_digestive_tract_Garrido-Trigo_Nat_Commun_2023_cell_type_X_umap_7e7800_f_score.html,s3://lifebit-user-data-6941eed90a4dd7a1d1026d7a/deploit/teams/69d8dd1e5d3e1f8c350e006f/users/68af3d99c99eb7bd2ff47bc8/projects/69f80768ca774c668fbaaed8/jobs/6a22c67b0859d97fbe7b5f71/results/scatter_digestive_tract_Garrido-Trigo_Nat_Commun_2023_cell_type_X_umap_7e7800_f_score.html
scatter_digestive_tract_Garrido-Trigo_Nat_Commun_2023_cell_type_X_umap_7e7800_f_score.svg,s3://lifebit-user-data-6941eed90a4dd7a1d1026d7a/deploit/teams/69d8dd1e5d3e1f8c350e006f/users/68af3d99c99eb7bd2ff47bc8/projects/69f80768ca774c668fbaaed8/jobs/6a22c67b0859d97fbe7b5f71/results/scatter_digestive_tract_Garrido-Trigo_Nat_Commun_2023_cell_type_X_umap_7e7800_f_score.svg
scatter_digestive_tract_Garrido-Trigo_Nat_Commun_2023_cell_type_X_umap_7e7800_onTarget.html,s3://lifebit-user-data-6941eed90a4dd7a1d1026d7a/deploit/teams/69d8dd1e5d3e1f8c350e006f/users/68af3d99c99eb7bd2ff47bc8/projects/69f80768ca774c668fbaaed8/jobs/6a22c67b0859d97fbe7b5f71/results/scatter_digestive_tract_Garrido-Trigo_Nat_Commun_2023_cell_type_X_umap_7e7800_onTarget.html
scatter_digestive_tract_Garrido-Trigo_Nat_Commun_2023_cell_type_X_umap_7e7800_onTarget.svg,s3://lifebit-user-data-6941eed90a4dd7a1d1026d7a/deploit/teams/69d8dd1e5d3e1f8c350e006f/users/68af3d99c99eb7bd2ff47bc8/projects/69f80768ca774c668fbaaed8/jobs/6a22c67b0859d97fbe7b5f71/results/scatter_digestive_tract_Garrido-Trigo_Nat_Commun_2023_cell_type_X_umap_7e7800_onTarget.svg
scatter_digestive_tract_Garrido-Trigo_Nat_Commun_2023_cell_type_X_umap_7e7800_precision.html,s3://lifebit-user-data-6941eed90a4dd7a1d1026d7a/deploit/teams/69d8dd1e5d3e1f8c350e006f/users/68af3d99c99eb7bd2ff47bc8/projects/69f80768ca774c668fbaaed8/jobs/6a22c67b0859d97fbe7b5f71/results/scatter_digestive_tract_Garrido-Trigo_Nat_Commun_2023_cell_type_X_umap_7e7800_precision.html
scatter_digestive_tract_Garrido-Trigo_Nat_Commun_2023_cell_type_X_umap_7e7800_precision.svg,s3://lifebit-user-data-6941eed90a4dd7a1d1026d7a/deploit/teams/69d8dd1e5d3e1f8c350e006f/users/68af3d99c99eb7bd2ff47bc8/projects/69f80768ca774c668fbaaed8/jobs/6a22c67b0859d97fbe7b5f71/results/scatter_digestive_tract_Garrido-Trigo_Nat_Commun_2023_cell_type_X_umap_7e7800_precision.svg
scatter_digestive_tract_Garrido-Trigo_Nat_Commun_2023_cell_type_X_umap_7e7800_recall.html,s3://lifebit-user-data-6941eed90a4dd7a1d1026d7a/deploit/teams/69d8dd1e5d3e1f8c350e006f/users/68af3d99c99eb7bd2ff47bc8/projects/69f80768ca774c668fbaaed8/jobs/6a22c67b0859d97fbe7b5f71/results/scatter_digestive_tract_Garrido-Trigo_Nat_Commun_2023_cell_type_X_umap_7e7800_recall.html
scatter_digestive_tract_Garrido-Trigo_Nat_Commun_2023_cell_type_X_umap_7e7800_recall.svg,s3://lifebit-user-data-6941eed90a4dd7a1d1026d7a/deploit/teams/69d8dd1e5d3e1f8c350e006f/users/68af3d99c99eb7bd2ff47bc8/projects/69f80768ca774c668fbaaed8/jobs/6a22c67b0859d97fbe7b5f71/results/scatter_digestive_tract_Garrido-Trigo_Nat_Commun_2023_cell_type_X_umap_7e7800_recall.svg
scatter_digestive_tract_Han_Nature_2020_author_cell_type_X_umap_5c7ea7_f_score.html,s3://lifebit-user-data-6941eed90a4dd7a1d1026d7a/deploit/teams/69d8dd1e5d3e1f8c350e006f/users/68af3d99c99eb7bd2ff47bc8/projects/69f80768ca774c668fbaaed8/jobs/6a22c67b0859d97fbe7b5f71/results/scatter_digestive_tract_Han_Nature_2020_author_cell_type_X_umap_5c7ea7_f_score.html
scatter_digestive_tract_Han_Nature_2020_author_cell_type_X_umap_5c7ea7_f_score.svg,s3://lifebit-user-data-6941eed90a4dd7a1d1026d7a/deploit/teams/69d8dd1e5d3e1f8c350e006f/users/68af3d99c99eb7bd2ff47bc8/projects/69f80768ca774c668fbaaed8/jobs/6a22c67b0859d97fbe7b5f71/results/scatter_digestive_tract_Han_Nature_2020_author_cell_type_X_umap_5c7ea7_f_score.svg
scatter_digestive_tract_Han_Nature_2020_author_cell_type_X_umap_5c7ea7_onTarget.html,s3://lifebit-user-data-6941eed90a4dd7a1d1026d7a/deploit/teams/69d8dd1e5d3e1f8c350e006f/users/68af3d99c99eb7bd2ff47bc8/projects/69f80768ca774c668fbaaed8/jobs/6a22c67b0859d97fbe7b5f71/results/scatter_digestive_tract_Han_Nature_2020_author_cell_type_X_umap_5c7ea7_onTarget.html
scatter_digestive_tract_Han_Nature_2020_author_cell_type_X_umap_5c7ea7_onTarget.svg,s3://lifebit-user-data-6941eed90a4dd7a1d1026d7a/deploit/teams/69d8dd1e5d3e1f8c350e006f/users/68af3d99c99eb7bd2ff47bc8/projects/69f80768ca774c668fbaaed8/jobs/6a22c67b0859d97fbe7b5f71/results/scatter_digestive_tract_Han_Nature_2020_author_cell_type_X_umap_5c7ea7_onTarget.svg
scatter_digestive_tract_Han_Nature_2020_author_cell_type_X_umap_5c7ea7_precision.html,s3://lifebit-user-data-6941eed90a4dd7a1d1026d7a/deploit/teams/69d8dd1e5d3e1f8c350e006f/users/68af3d99c99eb7bd2ff47bc8/projects/69f80768ca774c668fbaaed8/jobs/6a22c67b0859d97fbe7b5f71/results/scatter_digestive_tract_Han_Nature_2020_author_cell_type_X_umap_5c7ea7_precision.html
scatter_digestive_tract_Han_Nature_2020_author_cell_type_X_umap_5c7ea7_precision.svg,s3://lifebit-user-data-6941eed90a4dd7a1d1026d7a/deploit/teams/69d8dd1e5d3e1f8c350e006f/users/68af3d99c99eb7bd2ff47bc8/projects/69f80768ca774c668fbaaed8/jobs/6a22c67b0859d97fbe7b5f71/results/scatter_digestive_tract_Han_Nature_2020_author_cell_type_X_umap_5c7ea7_precision.svg
scatter_digestive_tract_Han_Nature_2020_author_cell_type_X_umap_5c7ea7_recall.html,s3://lifebit-user-data-6941eed90a4dd7a1d1026d7a/deploit/teams/69d8dd1e5d3e1f8c350e006f/users/68af3d99c99eb7bd2ff47bc8/projects/69f80768ca774c668fbaaed8/jobs/6a22c67b0859d97fbe7b5f71/results/scatter_digestive_tract_Han_Nature_2020_author_cell_type_X_umap_5c7ea7_recall.html
scatter_digestive_tract_Han_Nature_2020_author_cell_type_X_umap_5c7ea7_recall.svg,s3://lifebit-user-data-6941eed90a4dd7a1d1026d7a/deploit/teams/69d8dd1e5d3e1f8c350e006f/users/68af3d99c99eb7bd2ff47bc8/projects/69f80768ca774c668fbaaed8/jobs/6a22c67b0859d97fbe7b5f71/results/scatter_digestive_tract_Han_Nature_2020_author_cell_type_X_umap_5c7ea7_recall.svg
scatter_digestive_tract_Horeth_J_Dent_Res_2023_author_cell_type_X_umap_ae6cbe_f_score.html,s3://lifebit-user-data-6941eed90a4dd7a1d1026d7a/deploit/teams/69d8dd1e5d3e1f8c350e006f/users/68af3d99c99eb7bd2ff47bc8/projects/69f80768ca774c668fbaaed8/jobs/6a22c67b0859d97fbe7b5f71/results/scatter_digestive_tract_Horeth_J_Dent_Res_2023_author_cell_type_X_umap_ae6cbe_f_score.html
scatter_digestive_tract_Horeth_J_Dent_Res_2023_author_cell_type_X_umap_ae6cbe_f_score.svg,s3://lifebit-user-data-6941eed90a4dd7a1d1026d7a/deploit/teams/69d8dd1e5d3e1f8c350e006f/users/68af3d99c99eb7bd2ff47bc8/projects/69f80768ca774c668fbaaed8/jobs/6a22c67b0859d97fbe7b5f71/results/scatter_digestive_tract_Horeth_J_Dent_Res_2023_author_cell_type_X_umap_ae6cbe_f_score.svg
scatter_digestive_tract_Horeth_J_Dent_Res_2023_author_cell_type_X_umap_ae6cbe_onTarget.html,s3://lifebit-user-data-6941eed90a4dd7a1d1026d7a/deploit/teams/69d8dd1e5d3e1f8c350e006f/users/68af3d99c99eb7bd2ff47bc8/projects/69f80768ca774c668fbaaed8/jobs/6a22c67b0859d97fbe7b5f71/results/scatter_digestive_tract_Horeth_J_Dent_Res_2023_author_cell_type_X_umap_ae6cbe_onTarget.html
scatter_digestive_tract_Horeth_J_Dent_Res_2023_author_cell_type_X_umap_ae6cbe_onTarget.svg,s3://lifebit-user-data-6941eed90a4dd7a1d1026d7a/deploit/teams/69d8dd1e5d3e1f8c350e006f/users/68af3d99c99eb7bd2ff47bc8/projects/69f80768ca774c668fbaaed8/jobs/6a22c67b0859d97fbe7b5f71/results/scatter_digestive_tract_Horeth_J_Dent_Res_2023_author_cell_type_X_umap_ae6cbe_onTarget.svg
scatter_digestive_tract_Horeth_J_Dent_Res_2023_author_cell_type_X_umap_ae6cbe_precision.html,s3://lifebit-user-data-6941eed90a4dd7a1d1026d7a/deploit/teams/69d8dd1e5d3e1f8c350e006f/users/68af3d99c99eb7bd2ff47bc8/projects/69f80768ca774c668fbaaed8/jobs/6a22c67b0859d97fbe7b5f71/results/scatter_digestive_tract_Horeth_J_Dent_Res_2023_author_cell_type_X_umap_ae6cbe_precision.html
scatter_digestive_tract_Horeth_J_Dent_Res_2023_author_cell_type_X_umap_ae6cbe_precision.svg,s3://lifebit-user-data-6941eed90a4dd7a1d1026d7a/deploit/teams/69d8dd1e5d3e1f8c350e006f/users/68af3d99c99eb7bd2ff47bc8/projects/69f80768ca774c668fbaaed8/jobs/6a22c67b0859d97fbe7b5f71/results/scatter_digestive_tract_Horeth_J_Dent_Res_2023_author_cell_type_X_umap_ae6cbe_precision.svg
scatter_digestive_tract_Horeth_J_Dent_Res_2023_author_cell_type_X_umap_ae6cbe_recall.html,s3://lifebit-user-data-6941eed90a4dd7a1d1026d7a/deploit/teams/69d8dd1e5d3e1f8c350e006f/users/68af3d99c99eb7bd2ff47bc8/projects/69f80768ca774c668fbaaed8/jobs/6a22c67b0859d97fbe7b5f71/results/scatter_digestive_tract_Horeth_J_Dent_Res_2023_author_cell_type_X_umap_ae6cbe_recall.html
scatter_digestive_tract_Horeth_J_Dent_Res_2023_author_cell_type_X_umap_ae6cbe_recall.svg,s3://lifebit-user-data-6941eed90a4dd7a1d1026d7a/deploit/teams/69d8dd1e5d3e1f8c350e006f/users/68af3d99c99eb7bd2ff47bc8/projects/69f80768ca774c668fbaaed8/jobs/6a22c67b0859d97fbe7b5f71/results/scatter_digestive_tract_Horeth_J_Dent_Res_2023_author_cell_type_X_umap_ae6cbe_recall.svg
scatter_digestive_tract_Madissoon_Genome_Biol_2020_author_cell_type_X_umap_f35993_f_score.html,s3://lifebit-user-data-6941eed90a4dd7a1d1026d7a/deploit/teams/69d8dd1e5d3e1f8c350e006f/users/68af3d99c99eb7bd2ff47bc8/projects/69f80768ca774c668fbaaed8/jobs/6a22c67b0859d97fbe7b5f71/results/scatter_digestive_tract_Madissoon_Genome_Biol_2020_author_cell_type_X_umap_f35993_f_score.html
scatter_digestive_tract_Madissoon_Genome_Biol_2020_author_cell_type_X_umap_f35993_f_score.svg,s3://lifebit-user-data-6941eed90a4dd7a1d1026d7a/deploit/teams/69d8dd1e5d3e1f8c350e006f/users/68af3d99c99eb7bd2ff47bc8/projects/69f80768ca774c668fbaaed8/jobs/6a22c67b0859d97fbe7b5f71/results/scatter_digestive_tract_Madissoon_Genome_Biol_2020_author_cell_type_X_umap_f35993_f_score.svg
scatter_digestive_tract_Madissoon_Genome_Biol_2020_author_cell_type_X_umap_f35993_onTarget.html,s3://lifebit-user-data-6941eed90a4dd7a1d1026d7a/deploit/teams/69d8dd1e5d3e1f8c350e006f/users/68af3d99c99eb7bd2ff47bc8/projects/69f80768ca774c668fbaaed8/jobs/6a22c67b0859d97fbe7b5f71/results/scatter_digestive_tract_Madissoon_Genome_Biol_2020_author_cell_type_X_umap_f35993_onTarget.html
scatter_digestive_tract_Madissoon_Genome_Biol_2020_author_cell_type_X_umap_f35993_onTarget.svg,s3://lifebit-user-data-6941eed90a4dd7a1d1026d7a/deploit/teams/69d8dd1e5d3e1f8c350e006f/users/68af3d99c99eb7bd2ff47bc8/projects/69f80768ca774c668fbaaed8/jobs/6a22c67b0859d97fbe7b5f71/results/scatter_digestive_tract_Madissoon_Genome_Biol_2020_author_cell_type_X_umap_f35993_onTarget.svg
scatter_digestive_tract_Madissoon_Genome_Biol_2020_author_cell_type_X_umap_f35993_precision.html,s3://lifebit-user-data-6941eed90a4dd7a1d1026d7a/deploit/teams/69d8dd1e5d3e1f8c350e006f/users/68af3d99c99eb7bd2ff47bc8/projects/69f80768ca774c668fbaaed8/jobs/6a22c67b0859d97fbe7b5f71/results/scatter_digestive_tract_Madissoon_Genome_Biol_2020_author_cell_type_X_umap_f35993_precision.html
scatter_digestive_tract_Madissoon_Genome_Biol_2020_author_cell_type_X_umap_f35993_precision.svg,s3://lifebit-user-data-6941eed90a4dd7a1d1026d7a/deploit/teams/69d8dd1e5d3e1f8c350e006f/users/68af3d99c99eb7bd2ff47bc8/projects/69f80768ca774c668fbaaed8/jobs/6a22c67b0859d97fbe7b5f71/results/scatter_digestive_tract_Madissoon_Genome_Biol_2020_author_cell_type_X_umap_f35993_precision.svg
scatter_digestive_tract_Madissoon_Genome_Biol_2020_author_cell_type_X_umap_f35993_recall.html,s3://lifebit-user-data-6941eed90a4dd7a1d1026d7a/deploit/teams/69d8dd1e5d3e1f8c350e006f/users/68af3d99c99eb7bd2ff47bc8/projects/69f80768ca774c668fbaaed8/jobs/6a22c67b0859d97fbe7b5f71/results/scatter_digestive_tract_Madissoon_Genome_Biol_2020_author_cell_type_X_umap_f35993_recall.html
scatter_digestive_tract_Madissoon_Genome_Biol_2020_author_cell_type_X_umap_f35993_recall.svg,s3://lifebit-user-data-6941eed90a4dd7a1d1026d7a/deploit/teams/69d8dd1e5d3e1f8c350e006f/users/68af3d99c99eb7bd2ff47bc8/projects/69f80768ca774c668fbaaed8/jobs/6a22c67b0859d97fbe7b5f71/results/scatter_digestive_tract_Madissoon_Genome_Biol_2020_author_cell_type_X_umap_f35993_recall.svg
scatter_digestive_tract_Martin_Cell_2019_author_cell_type1_X_umap_hm_59ef00_f_score.html,s3://lifebit-user-data-6941eed90a4dd7a1d1026d7a/deploit/teams/69d8dd1e5d3e1f8c350e006f/users/68af3d99c99eb7bd2ff47bc8/projects/69f80768ca774c668fbaaed8/jobs/6a22c67b0859d97fbe7b5f71/results/scatter_digestive_tract_Martin_Cell_2019_author_cell_type1_X_umap_hm_59ef00_f_score.html
scatter_digestive_tract_Martin_Cell_2019_author_cell_type1_X_umap_hm_59ef00_f_score.svg,s3://lifebit-user-data-6941eed90a4dd7a1d1026d7a/deploit/teams/69d8dd1e5d3e1f8c350e006f/users/68af3d99c99eb7bd2ff47bc8/projects/69f80768ca774c668fbaaed8/jobs/6a22c67b0859d97fbe7b5f71/results/scatter_digestive_tract_Martin_Cell_2019_author_cell_type1_X_umap_hm_59ef00_f_score.svg
scatter_digestive_tract_Martin_Cell_2019_author_cell_type1_X_umap_hm_59ef00_onTarget.html,s3://lifebit-user-data-6941eed90a4dd7a1d1026d7a/deploit/teams/69d8dd1e5d3e1f8c350e006f/users/68af3d99c99eb7bd2ff47bc8/projects/69f80768ca774c668fbaaed8/jobs/6a22c67b0859d97fbe7b5f71/results/scatter_digestive_tract_Martin_Cell_2019_author_cell_type1_X_umap_hm_59ef00_onTarget.html
scatter_digestive_tract_Martin_Cell_2019_author_cell_type1_X_umap_hm_59ef00_onTarget.svg,s3://lifebit-user-data-6941eed90a4dd7a1d1026d7a/deploit/teams/69d8dd1e5d3e1f8c350e006f/users/68af3d99c99eb7bd2ff47bc8/projects/69f80768ca774c668fbaaed8/jobs/6a22c67b0859d97fbe7b5f71/results/scatter_digestive_tract_Martin_Cell_2019_author_cell_type1_X_umap_hm_59ef00_onTarget.svg
scatter_digestive_tract_Martin_Cell_2019_author_cell_type1_X_umap_hm_59ef00_precision.html,s3://lifebit-user-data-6941eed90a4dd7a1d1026d7a/deploit/teams/69d8dd1e5d3e1f8c350e006f/users/68af3d99c99eb7bd2ff47bc8/projects/69f80768ca774c668fbaaed8/jobs/6a22c67b0859d97fbe7b5f71/results/scatter_digestive_tract_Martin_Cell_2019_author_cell_type1_X_umap_hm_59ef00_precision.html
scatter_digestive_tract_Martin_Cell_2019_author_cell_type1_X_umap_hm_59ef00_precision.svg,s3://lifebit-user-data-6941eed90a4dd7a1d1026d7a/deploit/teams/69d8dd1e5d3e1f8c350e006f/users/68af3d99c99eb7bd2ff47bc8/projects/69f80768ca774c668fbaaed8/jobs/6a22c67b0859d97fbe7b5f71/results/scatter_digestive_tract_Martin_Cell_2019_author_cell_type1_X_umap_hm_59ef00_precision.svg
scatter_digestive_tract_Martin_Cell_2019_author_cell_type1_X_umap_hm_59ef00_recall.html,s3://lifebit-user-data-6941eed90a4dd7a1d1026d7a/deploit/teams/69d8dd1e5d3e1f8c350e006f/users/68af3d99c99eb7bd2ff47bc8/projects/69f80768ca774c668fbaaed8/jobs/6a22c67b0859d97fbe7b5f71/results/scatter_digestive_tract_Martin_Cell_2019_author_cell_type1_X_umap_hm_59ef00_recall.html
scatter_digestive_tract_Martin_Cell_2019_author_cell_type1_X_umap_hm_59ef00_recall.svg,s3://lifebit-user-data-6941eed90a4dd7a1d1026d7a/deploit/teams/69d8dd1e5d3e1f8c350e006f/users/68af3d99c99eb7bd2ff47bc8/projects/69f80768ca774c668fbaaed8/jobs/6a22c67b0859d97fbe7b5f71/results/scatter_digestive_tract_Martin_Cell_2019_author_cell_type1_X_umap_hm_59ef00_recall.svg
scatter_digestive_tract_Nowicki-Osuch_Cancer_Discovery_2023_Detailed_Cell_Type_umap_MinDist_0.5_N_Neighbors_15_e72b7b_f_score.html,s3://lifebit-user-data-6941eed90a4dd7a1d1026d7a/deploit/teams/69d8dd1e5d3e1f8c350e006f/users/68af3d99c99eb7bd2ff47bc8/projects/69f80768ca774c668fbaaed8/jobs/6a22c67b0859d97fbe7b5f71/results/scatter_digestive_tract_Nowicki-Osuch_Cancer_Discovery_2023_Detailed_Cell_Type_umap_MinDist_0.5_N_Neighbors_15_e72b7b_f_score.html
scatter_digestive_tract_Nowicki-Osuch_Cancer_Discovery_2023_Detailed_Cell_Type_umap_MinDist_0.5_N_Neighbors_15_e72b7b_f_score.svg,s3://lifebit-user-data-6941eed90a4dd7a1d1026d7a/deploit/teams/69d8dd1e5d3e1f8c350e006f/users/68af3d99c99eb7bd2ff47bc8/projects/69f80768ca774c668fbaaed8/jobs/6a22c67b0859d97fbe7b5f71/results/scatter_digestive_tract_Nowicki-Osuch_Cancer_Discovery_2023_Detailed_Cell_Type_umap_MinDist_0.5_N_Neighbors_15_e72b7b_f_score.svg
scatter_digestive_tract_Nowicki-Osuch_Cancer_Discovery_2023_Detailed_Cell_Type_umap_MinDist_0.5_N_Neighbors_15_e72b7b_onTarget.html,s3://lifebit-user-data-6941eed90a4dd7a1d1026d7a/deploit/teams/69d8dd1e5d3e1f8c350e006f/users/68af3d99c99eb7bd2ff47bc8/projects/69f80768ca774c668fbaaed8/jobs/6a22c67b0859d97fbe7b5f71/results/scatter_digestive_tract_Nowicki-Osuch_Cancer_Discovery_2023_Detailed_Cell_Type_umap_MinDist_0.5_N_Neighbors_15_e72b7b_onTarget.html
scatter_digestive_tract_Nowicki-Osuch_Cancer_Discovery_2023_Detailed_Cell_Type_umap_MinDist_0.5_N_Neighbors_15_e72b7b_onTarget.svg,s3://lifebit-user-data-6941eed90a4dd7a1d1026d7a/deploit/teams/69d8dd1e5d3e1f8c350e006f/users/68af3d99c99eb7bd2ff47bc8/projects/69f80768ca774c668fbaaed8/jobs/6a22c67b0859d97fbe7b5f71/results/scatter_digestive_tract_Nowicki-Osuch_Cancer_Discovery_2023_Detailed_Cell_Type_umap_MinDist_0.5_N_Neighbors_15_e72b7b_onTarget.svg
scatter_digestive_tract_Nowicki-Osuch_Cancer_Discovery_2023_Detailed_Cell_Type_umap_MinDist_0.5_N_Neighbors_15_e72b7b_precision.html,s3://lifebit-user-data-6941eed90a4dd7a1d1026d7a/deploit/teams/69d8dd1e5d3e1f8c350e006f/users/68af3d99c99eb7bd2ff47bc8/projects/69f80768ca774c668fbaaed8/jobs/6a22c67b0859d97fbe7b5f71/results/scatter_digestive_tract_Nowicki-Osuch_Cancer_Discovery_2023_Detailed_Cell_Type_umap_MinDist_0.5_N_Neighbors_15_e72b7b_precision.html
scatter_digestive_tract_Nowicki-Osuch_Cancer_Discovery_2023_Detailed_Cell_Type_umap_MinDist_0.5_N_Neighbors_15_e72b7b_precision.svg,s3://lifebit-user-data-6941eed90a4dd7a1d1026d7a/deploit/teams/69d8dd1e5d3e1f8c350e006f/users/68af3d99c99eb7bd2ff47bc8/projects/69f80768ca774c668fbaaed8/jobs/6a22c67b0859d97fbe7b5f71/results/scatter_digestive_tract_Nowicki-Osuch_Cancer_Discovery_2023_Detailed_Cell_Type_umap_MinDist_0.5_N_Neighbors_15_e72b7b_precision.svg
scatter_digestive_tract_Nowicki-Osuch_Cancer_Discovery_2023_Detailed_Cell_Type_umap_MinDist_0.5_N_Neighbors_15_e72b7b_recall.html,s3://lifebit-user-data-6941eed90a4dd7a1d1026d7a/deploit/teams/69d8dd1e5d3e1f8c350e006f/users/68af3d99c99eb7bd2ff47bc8/projects/69f80768ca774c668fbaaed8/jobs/6a22c67b0859d97fbe7b5f71/results/scatter_digestive_tract_Nowicki-Osuch_Cancer_Discovery_2023_Detailed_Cell_Type_umap_MinDist_0.5_N_Neighbors_15_e72b7b_recall.html
scatter_digestive_tract_Nowicki-Osuch_Cancer_Discovery_2023_Detailed_Cell_Type_umap_MinDist_0.5_N_Neighbors_15_e72b7b_recall.svg,s3://lifebit-user-data-6941eed90a4dd7a1d1026d7a/deploit/teams/69d8dd1e5d3e1f8c350e006f/users/68af3d99c99eb7bd2ff47bc8/projects/69f80768ca774c668fbaaed8/jobs/6a22c67b0859d97fbe7b5f71/results/scatter_digestive_tract_Nowicki-Osuch_Cancer_Discovery_2023_Detailed_Cell_Type_umap_MinDist_0.5_N_Neighbors_15_e72b7b_recall.svg
scatter_digestive_tract_Oliver_Nature_2024_level_3_annot_X_umap_a60caa_f_score.html,s3://lifebit-user-data-6941eed90a4dd7a1d1026d7a/deploit/teams/69d8dd1e5d3e1f8c350e006f/users/68af3d99c99eb7bd2ff47bc8/projects/69f80768ca774c668fbaaed8/jobs/6a22c67b0859d97fbe7b5f71/results/scatter_digestive_tract_Oliver_Nature_2024_level_3_annot_X_umap_a60caa_f_score.html
scatter_digestive_tract_Oliver_Nature_2024_level_3_annot_X_umap_a60caa_f_score.svg,s3://lifebit-user-data-6941eed90a4dd7a1d1026d7a/deploit/teams/69d8dd1e5d3e1f8c350e006f/users/68af3d99c99eb7bd2ff47bc8/projects/69f80768ca774c668fbaaed8/jobs/6a22c67b0859d97fbe7b5f71/results/scatter_digestive_tract_Oliver_Nature_2024_level_3_annot_X_umap_a60caa_f_score.svg
scatter_digestive_tract_Oliver_Nature_2024_level_3_annot_X_umap_a60caa_onTarget.html,s3://lifebit-user-data-6941eed90a4dd7a1d1026d7a/deploit/teams/69d8dd1e5d3e1f8c350e006f/users/68af3d99c99eb7bd2ff47bc8/projects/69f80768ca774c668fbaaed8/jobs/6a22c67b0859d97fbe7b5f71/results/scatter_digestive_tract_Oliver_Nature_2024_level_3_annot_X_umap_a60caa_onTarget.html
scatter_digestive_tract_Oliver_Nature_2024_level_3_annot_X_umap_a60caa_onTarget.svg,s3://lifebit-user-data-6941eed90a4dd7a1d1026d7a/deploit/teams/69d8dd1e5d3e1f8c350e006f/users/68af3d99c99eb7bd2ff47bc8/projects/69f80768ca774c668fbaaed8/jobs/6a22c67b0859d97fbe7b5f71/results/scatter_digestive_tract_Oliver_Nature_2024_level_3_annot_X_umap_a60caa_onTarget.svg
scatter_digestive_tract_Oliver_Nature_2024_level_3_annot_X_umap_a60caa_precision.html,s3://lifebit-user-data-6941eed90a4dd7a1d1026d7a/deploit/teams/69d8dd1e5d3e1f8c350e006f/users/68af3d99c99eb7bd2ff47bc8/projects/69f80768ca774c668fbaaed8/jobs/6a22c67b0859d97fbe7b5f71/results/scatter_digestive_tract_Oliver_Nature_2024_level_3_annot_X_umap_a60caa_precision.html
scatter_digestive_tract_Oliver_Nature_2024_level_3_annot_X_umap_a60caa_precision.svg,s3://lifebit-user-data-6941eed90a4dd7a1d1026d7a/deploit/teams/69d8dd1e5d3e1f8c350e006f/users/68af3d99c99eb7bd2ff47bc8/projects/69f80768ca774c668fbaaed8/jobs/6a22c67b0859d97fbe7b5f71/results/scatter_digestive_tract_Oliver_Nature_2024_level_3_annot_X_umap_a60caa_precision.svg
scatter_digestive_tract_Oliver_Nature_2024_level_3_annot_X_umap_a60caa_recall.html,s3://lifebit-user-data-6941eed90a4dd7a1d1026d7a/deploit/teams/69d8dd1e5d3e1f8c350e006f/users/68af3d99c99eb7bd2ff47bc8/projects/69f80768ca774c668fbaaed8/jobs/6a22c67b0859d97fbe7b5f71/results/scatter_digestive_tract_Oliver_Nature_2024_level_3_annot_X_umap_a60caa_recall.html
scatter_digestive_tract_Oliver_Nature_2024_level_3_annot_X_umap_a60caa_recall.svg,s3://lifebit-user-data-6941eed90a4dd7a1d1026d7a/deploit/teams/69d8dd1e5d3e1f8c350e006f/users/68af3d99c99eb7bd2ff47bc8/projects/69f80768ca774c668fbaaed8/jobs/6a22c67b0859d97fbe7b5f71/results/scatter_digestive_tract_Oliver_Nature_2024_level_3_annot_X_umap_a60caa_recall.svg
scatter_digestive_tract_Smillie_Cell_2019_CellType_X_umap_hm_bbedd2_f_score.html,s3://lifebit-user-data-6941eed90a4dd7a1d1026d7a/deploit/teams/69d8dd1e5d3e1f8c350e006f/users/68af3d99c99eb7bd2ff47bc8/projects/69f80768ca774c668fbaaed8/jobs/6a22c67b0859d97fbe7b5f71/results/scatter_digestive_tract_Smillie_Cell_2019_CellType_X_umap_hm_bbedd2_f_score.html
scatter_digestive_tract_Smillie_Cell_2019_CellType_X_umap_hm_bbedd2_f_score.svg,s3://lifebit-user-data-6941eed90a4dd7a1d1026d7a/deploit/teams/69d8dd1e5d3e1f8c350e006f/users/68af3d99c99eb7bd2ff47bc8/projects/69f80768ca774c668fbaaed8/jobs/6a22c67b0859d97fbe7b5f71/results/scatter_digestive_tract_Smillie_Cell_2019_CellType_X_umap_hm_bbedd2_f_score.svg
scatter_digestive_tract_Smillie_Cell_2019_CellType_X_umap_hm_bbedd2_onTarget.html,s3://lifebit-user-data-6941eed90a4dd7a1d1026d7a/deploit/teams/69d8dd1e5d3e1f8c350e006f/users/68af3d99c99eb7bd2ff47bc8/projects/69f80768ca774c668fbaaed8/jobs/6a22c67b0859d97fbe7b5f71/results/scatter_digestive_tract_Smillie_Cell_2019_CellType_X_umap_hm_bbedd2_onTarget.html
scatter_digestive_tract_Smillie_Cell_2019_CellType_X_umap_hm_bbedd2_onTarget.svg,s3://lifebit-user-data-6941eed90a4dd7a1d1026d7a/deploit/teams/69d8dd1e5d3e1f8c350e006f/users/68af3d99c99eb7bd2ff47bc8/projects/69f80768ca774c668fbaaed8/jobs/6a22c67b0859d97fbe7b5f71/results/scatter_digestive_tract_Smillie_Cell_2019_CellType_X_umap_hm_bbedd2_onTarget.svg
scatter_digestive_tract_Smillie_Cell_2019_CellType_X_umap_hm_bbedd2_precision.html,s3://lifebit-user-data-6941eed90a4dd7a1d1026d7a/deploit/teams/69d8dd1e5d3e1f8c350e006f/users/68af3d99c99eb7bd2ff47bc8/projects/69f80768ca774c668fbaaed8/jobs/6a22c67b0859d97fbe7b5f71/results/scatter_digestive_tract_Smillie_Cell_2019_CellType_X_umap_hm_bbedd2_precision.html
scatter_digestive_tract_Smillie_Cell_2019_CellType_X_umap_hm_bbedd2_precision.svg,s3://lifebit-user-data-6941eed90a4dd7a1d1026d7a/deploit/teams/69d8dd1e5d3e1f8c350e006f/users/68af3d99c99eb7bd2ff47bc8/projects/69f80768ca774c668fbaaed8/jobs/6a22c67b0859d97fbe7b5f71/results/scatter_digestive_tract_Smillie_Cell_2019_CellType_X_umap_hm_bbedd2_precision.svg
scatter_digestive_tract_Smillie_Cell_2019_CellType_X_umap_hm_bbedd2_recall.html,s3://lifebit-user-data-6941eed90a4dd7a1d1026d7a/deploit/teams/69d8dd1e5d3e1f8c350e006f/users/68af3d99c99eb7bd2ff47bc8/projects/69f80768ca774c668fbaaed8/jobs/6a22c67b0859d97fbe7b5f71/results/scatter_digestive_tract_Smillie_Cell_2019_CellType_X_umap_hm_bbedd2_recall.html
scatter_digestive_tract_Smillie_Cell_2019_CellType_X_umap_hm_bbedd2_recall.svg,s3://lifebit-user-data-6941eed90a4dd7a1d1026d7a/deploit/teams/69d8dd1e5d3e1f8c350e006f/users/68af3d99c99eb7bd2ff47bc8/projects/69f80768ca774c668fbaaed8/jobs/6a22c67b0859d97fbe7b5f71/results/scatter_digestive_tract_Smillie_Cell_2019_CellType_X_umap_hm_bbedd2_recall.svg
scatter_digestive_tract_Xu_Cell_2023_Curated_annotation_X_umap_30933d_f_score.html,s3://lifebit-user-data-6941eed90a4dd7a1d1026d7a/deploit/teams/69d8dd1e5d3e1f8c350e006f/users/68af3d99c99eb7bd2ff47bc8/projects/69f80768ca774c668fbaaed8/jobs/6a22c67b0859d97fbe7b5f71/results/scatter_digestive_tract_Xu_Cell_2023_Curated_annotation_X_umap_30933d_f_score.html
scatter_digestive_tract_Xu_Cell_2023_Curated_annotation_X_umap_30933d_f_score.svg,s3://lifebit-user-data-6941eed90a4dd7a1d1026d7a/deploit/teams/69d8dd1e5d3e1f8c350e006f/users/68af3d99c99eb7bd2ff47bc8/projects/69f80768ca774c668fbaaed8/jobs/6a22c67b0859d97fbe7b5f71/results/scatter_digestive_tract_Xu_Cell_2023_Curated_annotation_X_umap_30933d_f_score.svg
scatter_digestive_tract_Xu_Cell_2023_Curated_annotation_X_umap_30933d_onTarget.html,s3://lifebit-user-data-6941eed90a4dd7a1d1026d7a/deploit/teams/69d8dd1e5d3e1f8c350e006f/users/68af3d99c99eb7bd2ff47bc8/projects/69f80768ca774c668fbaaed8/jobs/6a22c67b0859d97fbe7b5f71/results/scatter_digestive_tract_Xu_Cell_2023_Curated_annotation_X_umap_30933d_onTarget.html
scatter_digestive_tract_Xu_Cell_2023_Curated_annotation_X_umap_30933d_onTarget.svg,s3://lifebit-user-data-6941eed90a4dd7a1d1026d7a/deploit/teams/69d8dd1e5d3e1f8c350e006f/users/68af3d99c99eb7bd2ff47bc8/projects/69f80768ca774c668fbaaed8/jobs/6a22c67b0859d97fbe7b5f71/results/scatter_digestive_tract_Xu_Cell_2023_Curated_annotation_X_umap_30933d_onTarget.svg
scatter_digestive_tract_Xu_Cell_2023_Curated_annotation_X_umap_30933d_precision.html,s3://lifebit-user-data-6941eed90a4dd7a1d1026d7a/deploit/teams/69d8dd1e5d3e1f8c350e006f/users/68af3d99c99eb7bd2ff47bc8/projects/69f80768ca774c668fbaaed8/jobs/6a22c67b0859d97fbe7b5f71/results/scatter_digestive_tract_Xu_Cell_2023_Curated_annotation_X_umap_30933d_precision.html
scatter_digestive_tract_Xu_Cell_2023_Curated_annotation_X_umap_30933d_precision.svg,s3://lifebit-user-data-6941eed90a4dd7a1d1026d7a/deploit/teams/69d8dd1e5d3e1f8c350e006f/users/68af3d99c99eb7bd2ff47bc8/projects/69f80768ca774c668fbaaed8/jobs/6a22c67b0859d97fbe7b5f71/results/scatter_digestive_tract_Xu_Cell_2023_Curated_annotation_X_umap_30933d_precision.svg
scatter_digestive_tract_Xu_Cell_2023_Curated_annotation_X_umap_30933d_recall.html,s3://lifebit-user-data-6941eed90a4dd7a1d1026d7a/deploit/teams/69d8dd1e5d3e1f8c350e006f/users/68af3d99c99eb7bd2ff47bc8/projects/69f80768ca774c668fbaaed8/jobs/6a22c67b0859d97fbe7b5f71/results/scatter_digestive_tract_Xu_Cell_2023_Curated_annotation_X_umap_30933d_recall.html
scatter_digestive_tract_Xu_Cell_2023_Curated_annotation_X_umap_30933d_recall.svg,s3://lifebit-user-data-6941eed90a4dd7a1d1026d7a/deploit/teams/69d8dd1e5d3e1f8c350e006f/users/68af3d99c99eb7bd2ff47bc8/projects/69f80768ca774c668fbaaed8/jobs/6a22c67b0859d97fbe7b5f71/results/scatter_digestive_tract_Xu_Cell_2023_Curated_annotation_X_umap_30933d_recall.svg
scatter_digestive_tract_Zwick_Nat_Cell_Biol_2024_cell.type_X_umap_f5803a_f_score.html,s3://lifebit-user-data-6941eed90a4dd7a1d1026d7a/deploit/teams/69d8dd1e5d3e1f8c350e006f/users/68af3d99c99eb7bd2ff47bc8/projects/69f80768ca774c668fbaaed8/jobs/6a22c67b0859d97fbe7b5f71/results/scatter_digestive_tract_Zwick_Nat_Cell_Biol_2024_cell.type_X_umap_f5803a_f_score.html
scatter_digestive_tract_Zwick_Nat_Cell_Biol_2024_cell.type_X_umap_f5803a_f_score.svg,s3://lifebit-user-data-6941eed90a4dd7a1d1026d7a/deploit/teams/69d8dd1e5d3e1f8c350e006f/users/68af3d99c99eb7bd2ff47bc8/projects/69f80768ca774c668fbaaed8/jobs/6a22c67b0859d97fbe7b5f71/results/scatter_digestive_tract_Zwick_Nat_Cell_Biol_2024_cell.type_X_umap_f5803a_f_score.svg
scatter_digestive_tract_Zwick_Nat_Cell_Biol_2024_cell.type_X_umap_f5803a_onTarget.html,s3://lifebit-user-data-6941eed90a4dd7a1d1026d7a/deploit/teams/69d8dd1e5d3e1f8c350e006f/users/68af3d99c99eb7bd2ff47bc8/projects/69f80768ca774c668fbaaed8/jobs/6a22c67b0859d97fbe7b5f71/results/scatter_digestive_tract_Zwick_Nat_Cell_Biol_2024_cell.type_X_umap_f5803a_onTarget.html
scatter_digestive_tract_Zwick_Nat_Cell_Biol_2024_cell.type_X_umap_f5803a_onTarget.svg,s3://lifebit-user-data-6941eed90a4dd7a1d1026d7a/deploit/teams/69d8dd1e5d3e1f8c350e006f/users/68af3d99c99eb7bd2ff47bc8/projects/69f80768ca774c668fbaaed8/jobs/6a22c67b0859d97fbe7b5f71/results/scatter_digestive_tract_Zwick_Nat_Cell_Biol_2024_cell.type_X_umap_f5803a_onTarget.svg
scatter_digestive_tract_Zwick_Nat_Cell_Biol_2024_cell.type_X_umap_f5803a_precision.html,s3://lifebit-user-data-6941eed90a4dd7a1d1026d7a/deploit/teams/69d8dd1e5d3e1f8c350e006f/users/68af3d99c99eb7bd2ff47bc8/projects/69f80768ca774c668fbaaed8/jobs/6a22c67b0859d97fbe7b5f71/results/scatter_digestive_tract_Zwick_Nat_Cell_Biol_2024_cell.type_X_umap_f5803a_precision.html
scatter_digestive_tract_Zwick_Nat_Cell_Biol_2024_cell.type_X_umap_f5803a_precision.svg,s3://lifebit-user-data-6941eed90a4dd7a1d1026d7a/deploit/teams/69d8dd1e5d3e1f8c350e006f/users/68af3d99c99eb7bd2ff47bc8/projects/69f80768ca774c668fbaaed8/jobs/6a22c67b0859d97fbe7b5f71/results/scatter_digestive_tract_Zwick_Nat_Cell_Biol_2024_cell.type_X_umap_f5803a_precision.svg
scatter_digestive_tract_Zwick_Nat_Cell_Biol_2024_cell.type_X_umap_f5803a_recall.html,s3://lifebit-user-data-6941eed90a4dd7a1d1026d7a/deploit/teams/69d8dd1e5d3e1f8c350e006f/users/68af3d99c99eb7bd2ff47bc8/projects/69f80768ca774c668fbaaed8/jobs/6a22c67b0859d97fbe7b5f71/results/scatter_digestive_tract_Zwick_Nat_Cell_Biol_2024_cell.type_X_umap_f5803a_recall.html
scatter_digestive_tract_Zwick_Nat_Cell_Biol_2024_cell.type_X_umap_f5803a_recall.svg,s3://lifebit-user-data-6941eed90a4dd7a1d1026d7a/deploit/teams/69d8dd1e5d3e1f8c350e006f/users/68af3d99c99eb7bd2ff47bc8/projects/69f80768ca774c668fbaaed8/jobs/6a22c67b0859d97fbe7b5f71/results/scatter_digestive_tract_Zwick_Nat_Cell_Biol_2024_cell.type_X_umap_f5803a_recall.svg
scsilhouette_cluster_summary_digestive_tract_Burclaff_Cellular_and_Molecular_Gastroenterology_and_Hepatology_2022_lineage_X_umap_5247a6.csv,s3://lifebit-user-data-6941eed90a4dd7a1d1026d7a/deploit/teams/69d8dd1e5d3e1f8c350e006f/users/68af3d99c99eb7bd2ff47bc8/projects/69f80768ca774c668fbaaed8/jobs/6a22c67b0859d97fbe7b5f71/results/scsilhouette_cluster_summary_digestive_tract_Burclaff_Cellular_and_Molecular_Gastroenterology_and_Hepatology_2022_lineage_X_umap_5247a6.csv
scsilhouette_cluster_summary_digestive_tract_Elmentaite_Nature_2021_author_cell_type_X_umap_bf2a8d.csv,s3://lifebit-user-data-6941eed90a4dd7a1d1026d7a/deploit/teams/69d8dd1e5d3e1f8c350e006f/users/68af3d99c99eb7bd2ff47bc8/projects/69f80768ca774c668fbaaed8/jobs/6a22c67b0859d97fbe7b5f71/results/scsilhouette_cluster_summary_digestive_tract_Elmentaite_Nature_2021_author_cell_type_X_umap_bf2a8d.csv
scsilhouette_cluster_summary_digestive_tract_Eraslan_Science_2022_Broad_cell_type_X_umap_f44b0f.csv,s3://lifebit-user-data-6941eed90a4dd7a1d1026d7a/deploit/teams/69d8dd1e5d3e1f8c350e006f/users/68af3d99c99eb7bd2ff47bc8/projects/69f80768ca774c668fbaaed8/jobs/6a22c67b0859d97fbe7b5f71/results/scsilhouette_cluster_summary_digestive_tract_Eraslan_Science_2022_Broad_cell_type_X_umap_f44b0f.csv
scsilhouette_cluster_summary_digestive_tract_Garrido-Trigo_Nat_Commun_2023_cell_type_X_umap_7e7800.csv,s3://lifebit-user-data-6941eed90a4dd7a1d1026d7a/deploit/teams/69d8dd1e5d3e1f8c350e006f/users/68af3d99c99eb7bd2ff47bc8/projects/69f80768ca774c668fbaaed8/jobs/6a22c67b0859d97fbe7b5f71/results/scsilhouette_cluster_summary_digestive_tract_Garrido-Trigo_Nat_Commun_2023_cell_type_X_umap_7e7800.csv
scsilhouette_cluster_summary_digestive_tract_Han_Nature_2020_author_cell_type_X_umap_5c7ea7.csv,s3://lifebit-user-data-6941eed90a4dd7a1d1026d7a/deploit/teams/69d8dd1e5d3e1f8c350e006f/users/68af3d99c99eb7bd2ff47bc8/projects/69f80768ca774c668fbaaed8/jobs/6a22c67b0859d97fbe7b5f71/results/scsilhouette_cluster_summary_digestive_tract_Han_Nature_2020_author_cell_type_X_umap_5c7ea7.csv
scsilhouette_cluster_summary_digestive_tract_Horeth_J_Dent_Res_2023_author_cell_type_X_umap_ae6cbe.csv,s3://lifebit-user-data-6941eed90a4dd7a1d1026d7a/deploit/teams/69d8dd1e5d3e1f8c350e006f/users/68af3d99c99eb7bd2ff47bc8/projects/69f80768ca774c668fbaaed8/jobs/6a22c67b0859d97fbe7b5f71/results/scsilhouette_cluster_summary_digestive_tract_Horeth_J_Dent_Res_2023_author_cell_type_X_umap_ae6cbe.csv
scsilhouette_cluster_summary_digestive_tract_Madissoon_Genome_Biol_2020_author_cell_type_X_umap_f35993.csv,s3://lifebit-user-data-6941eed90a4dd7a1d1026d7a/deploit/teams/69d8dd1e5d3e1f8c350e006f/users/68af3d99c99eb7bd2ff47bc8/projects/69f80768ca774c668fbaaed8/jobs/6a22c67b0859d97fbe7b5f71/results/scsilhouette_cluster_summary_digestive_tract_Madissoon_Genome_Biol_2020_author_cell_type_X_umap_f35993.csv
scsilhouette_cluster_summary_digestive_tract_Martin_Cell_2019_author_cell_type1_X_umap_hm_59ef00.csv,s3://lifebit-user-data-6941eed90a4dd7a1d1026d7a/deploit/teams/69d8dd1e5d3e1f8c350e006f/users/68af3d99c99eb7bd2ff47bc8/projects/69f80768ca774c668fbaaed8/jobs/6a22c67b0859d97fbe7b5f71/results/scsilhouette_cluster_summary_digestive_tract_Martin_Cell_2019_author_cell_type1_X_umap_hm_59ef00.csv
scsilhouette_cluster_summary_digestive_tract_Nowicki-Osuch_Cancer_Discovery_2023_Detailed_Cell_Type_umap_MinDist_0.5_N_Neighbors_15_e72b7b.csv,s3://lifebit-user-data-6941eed90a4dd7a1d1026d7a/deploit/teams/69d8dd1e5d3e1f8c350e006f/users/68af3d99c99eb7bd2ff47bc8/projects/69f80768ca774c668fbaaed8/jobs/6a22c67b0859d97fbe7b5f71/results/scsilhouette_cluster_summary_digestive_tract_Nowicki-Osuch_Cancer_Discovery_2023_Detailed_Cell_Type_umap_MinDist_0.5_N_Neighbors_15_e72b7b.csv
scsilhouette_cluster_summary_digestive_tract_Oliver_Nature_2024_level_3_annot_X_umap_a60caa.csv,s3://lifebit-user-data-6941eed90a4dd7a1d1026d7a/deploit/teams/69d8dd1e5d3e1f8c350e006f/users/68af3d99c99eb7bd2ff47bc8/projects/69f80768ca774c668fbaaed8/jobs/6a22c67b0859d97fbe7b5f71/results/scsilhouette_cluster_summary_digestive_tract_Oliver_Nature_2024_level_3_annot_X_umap_a60caa.csv
scsilhouette_cluster_summary_digestive_tract_Smillie_Cell_2019_CellType_X_umap_hm_bbedd2.csv,s3://lifebit-user-data-6941eed90a4dd7a1d1026d7a/deploit/teams/69d8dd1e5d3e1f8c350e006f/users/68af3d99c99eb7bd2ff47bc8/projects/69f80768ca774c668fbaaed8/jobs/6a22c67b0859d97fbe7b5f71/results/scsilhouette_cluster_summary_digestive_tract_Smillie_Cell_2019_CellType_X_umap_hm_bbedd2.csv
scsilhouette_cluster_summary_digestive_tract_Xu_Cell_2023_Curated_annotation_X_umap_30933d.csv,s3://lifebit-user-data-6941eed90a4dd7a1d1026d7a/deploit/teams/69d8dd1e5d3e1f8c350e006f/users/68af3d99c99eb7bd2ff47bc8/projects/69f80768ca774c668fbaaed8/jobs/6a22c67b0859d97fbe7b5f71/results/scsilhouette_cluster_summary_digestive_tract_Xu_Cell_2023_Curated_annotation_X_umap_30933d.csv
scsilhouette_cluster_summary_digestive_tract_Zwick_Nat_Cell_Biol_2024_cell.type_X_umap_f5803a.csv,s3://lifebit-user-data-6941eed90a4dd7a1d1026d7a/deploit/teams/69d8dd1e5d3e1f8c350e006f/users/68af3d99c99eb7bd2ff47bc8/projects/69f80768ca774c668fbaaed8/jobs/6a22c67b0859d97fbe7b5f71/results/scsilhouette_cluster_summary_digestive_tract_Zwick_Nat_Cell_Biol_2024_cell.type_X_umap_f5803a.csv
silhouette_fscore_summary_digestive_tract_Burclaff_Cellular_and_Molecular_Gastroenterology_and_Hepatology_2022_lineage_X_umap_5247a6.csv,s3://lifebit-user-data-6941eed90a4dd7a1d1026d7a/deploit/teams/69d8dd1e5d3e1f8c350e006f/users/68af3d99c99eb7bd2ff47bc8/projects/69f80768ca774c668fbaaed8/jobs/6a22c67b0859d97fbe7b5f71/results/silhouette_fscore_summary_digestive_tract_Burclaff_Cellular_and_Molecular_Gastroenterology_and_Hepatology_2022_lineage_X_umap_5247a6.csv
silhouette_fscore_summary_digestive_tract_Burclaff_Cellular_and_Molecular_Gastroenterology_and_Hepatology_2022_lineage_X_umap_5247a6.html,s3://lifebit-user-data-6941eed90a4dd7a1d1026d7a/deploit/teams/69d8dd1e5d3e1f8c350e006f/users/68af3d99c99eb7bd2ff47bc8/projects/69f80768ca774c668fbaaed8/jobs/6a22c67b0859d97fbe7b5f71/results/silhouette_fscore_summary_digestive_tract_Burclaff_Cellular_and_Molecular_Gastroenterology_and_Hepatology_2022_lineage_X_umap_5247a6.html
silhouette_fscore_summary_digestive_tract_Burclaff_Cellular_and_Molecular_Gastroenterology_and_Hepatology_2022_lineage_X_umap_5247a6.svg,s3://lifebit-user-data-6941eed90a4dd7a1d1026d7a/deploit/teams/69d8dd1e5d3e1f8c350e006f/users/68af3d99c99eb7bd2ff47bc8/projects/69f80768ca774c668fbaaed8/jobs/6a22c67b0859d97fbe7b5f71/results/silhouette_fscore_summary_digestive_tract_Burclaff_Cellular_and_Molecular_Gastroenterology_and_Hepatology_2022_lineage_X_umap_5247a6.svg
silhouette_fscore_summary_digestive_tract_Elmentaite_Nature_2021_author_cell_type_X_umap_bf2a8d.csv,s3://lifebit-user-data-6941eed90a4dd7a1d1026d7a/deploit/teams/69d8dd1e5d3e1f8c350e006f/users/68af3d99c99eb7bd2ff47bc8/projects/69f80768ca774c668fbaaed8/jobs/6a22c67b0859d97fbe7b5f71/results/silhouette_fscore_summary_digestive_tract_Elmentaite_Nature_2021_author_cell_type_X_umap_bf2a8d.csv
silhouette_fscore_summary_digestive_tract_Elmentaite_Nature_2021_author_cell_type_X_umap_bf2a8d.html,s3://lifebit-user-data-6941eed90a4dd7a1d1026d7a/deploit/teams/69d8dd1e5d3e1f8c350e006f/users/68af3d99c99eb7bd2ff47bc8/projects/69f80768ca774c668fbaaed8/jobs/6a22c67b0859d97fbe7b5f71/results/silhouette_fscore_summary_digestive_tract_Elmentaite_Nature_2021_author_cell_type_X_umap_bf2a8d.html
silhouette_fscore_summary_digestive_tract_Elmentaite_Nature_2021_author_cell_type_X_umap_bf2a8d.svg,s3://lifebit-user-data-6941eed90a4dd7a1d1026d7a/deploit/teams/69d8dd1e5d3e1f8c350e006f/users/68af3d99c99eb7bd2ff47bc8/projects/69f80768ca774c668fbaaed8/jobs/6a22c67b0859d97fbe7b5f71/results/silhouette_fscore_summary_digestive_tract_Elmentaite_Nature_2021_author_cell_type_X_umap_bf2a8d.svg
silhouette_fscore_summary_digestive_tract_Eraslan_Science_2022_Broad_cell_type_X_umap_f44b0f.csv,s3://lifebit-user-data-6941eed90a4dd7a1d1026d7a/deploit/teams/69d8dd1e5d3e1f8c350e006f/users/68af3d99c99eb7bd2ff47bc8/projects/69f80768ca774c668fbaaed8/jobs/6a22c67b0859d97fbe7b5f71/results/silhouette_fscore_summary_digestive_tract_Eraslan_Science_2022_Broad_cell_type_X_umap_f44b0f.csv
silhouette_fscore_summary_digestive_tract_Eraslan_Science_2022_Broad_cell_type_X_umap_f44b0f.html,s3://lifebit-user-data-6941eed90a4dd7a1d1026d7a/deploit/teams/69d8dd1e5d3e1f8c350e006f/users/68af3d99c99eb7bd2ff47bc8/projects/69f80768ca774c668fbaaed8/jobs/6a22c67b0859d97fbe7b5f71/results/silhouette_fscore_summary_digestive_tract_Eraslan_Science_2022_Broad_cell_type_X_umap_f44b0f.html
silhouette_fscore_summary_digestive_tract_Eraslan_Science_2022_Broad_cell_type_X_umap_f44b0f.svg,s3://lifebit-user-data-6941eed90a4dd7a1d1026d7a/deploit/teams/69d8dd1e5d3e1f8c350e006f/users/68af3d99c99eb7bd2ff47bc8/projects/69f80768ca774c668fbaaed8/jobs/6a22c67b0859d97fbe7b5f71/results/silhouette_fscore_summary_digestive_tract_Eraslan_Science_2022_Broad_cell_type_X_umap_f44b0f.svg
silhouette_fscore_summary_digestive_tract_Garrido-Trigo_Nat_Commun_2023_cell_type_X_umap_7e7800.csv,s3://lifebit-user-data-6941eed90a4dd7a1d1026d7a/deploit/teams/69d8dd1e5d3e1f8c350e006f/users/68af3d99c99eb7bd2ff47bc8/projects/69f80768ca774c668fbaaed8/jobs/6a22c67b0859d97fbe7b5f71/results/silhouette_fscore_summary_digestive_tract_Garrido-Trigo_Nat_Commun_2023_cell_type_X_umap_7e7800.csv
silhouette_fscore_summary_digestive_tract_Garrido-Trigo_Nat_Commun_2023_cell_type_X_umap_7e7800.html,s3://lifebit-user-data-6941eed90a4dd7a1d1026d7a/deploit/teams/69d8dd1e5d3e1f8c350e006f/users/68af3d99c99eb7bd2ff47bc8/projects/69f80768ca774c668fbaaed8/jobs/6a22c67b0859d97fbe7b5f71/results/silhouette_fscore_summary_digestive_tract_Garrido-Trigo_Nat_Commun_2023_cell_type_X_umap_7e7800.html
silhouette_fscore_summary_digestive_tract_Garrido-Trigo_Nat_Commun_2023_cell_type_X_umap_7e7800.svg,s3://lifebit-user-data-6941eed90a4dd7a1d1026d7a/deploit/teams/69d8dd1e5d3e1f8c350e006f/users/68af3d99c99eb7bd2ff47bc8/projects/69f80768ca774c668fbaaed8/jobs/6a22c67b0859d97fbe7b5f71/results/silhouette_fscore_summary_digestive_tract_Garrido-Trigo_Nat_Commun_2023_cell_type_X_umap_7e7800.svg
silhouette_fscore_summary_digestive_tract_Han_Nature_2020_author_cell_type_X_umap_5c7ea7.csv,s3://lifebit-user-data-6941eed90a4dd7a1d1026d7a/deploit/teams/69d8dd1e5d3e1f8c350e006f/users/68af3d99c99eb7bd2ff47bc8/projects/69f80768ca774c668fbaaed8/jobs/6a22c67b0859d97fbe7b5f71/results/silhouette_fscore_summary_digestive_tract_Han_Nature_2020_author_cell_type_X_umap_5c7ea7.csv
silhouette_fscore_summary_digestive_tract_Han_Nature_2020_author_cell_type_X_umap_5c7ea7.html,s3://lifebit-user-data-6941eed90a4dd7a1d1026d7a/deploit/teams/69d8dd1e5d3e1f8c350e006f/users/68af3d99c99eb7bd2ff47bc8/projects/69f80768ca774c668fbaaed8/jobs/6a22c67b0859d97fbe7b5f71/results/silhouette_fscore_summary_digestive_tract_Han_Nature_2020_author_cell_type_X_umap_5c7ea7.html
silhouette_fscore_summary_digestive_tract_Han_Nature_2020_author_cell_type_X_umap_5c7ea7.svg,s3://lifebit-user-data-6941eed90a4dd7a1d1026d7a/deploit/teams/69d8dd1e5d3e1f8c350e006f/users/68af3d99c99eb7bd2ff47bc8/projects/69f80768ca774c668fbaaed8/jobs/6a22c67b0859d97fbe7b5f71/results/silhouette_fscore_summary_digestive_tract_Han_Nature_2020_author_cell_type_X_umap_5c7ea7.svg
silhouette_fscore_summary_digestive_tract_Horeth_J_Dent_Res_2023_author_cell_type_X_umap_ae6cbe.csv,s3://lifebit-user-data-6941eed90a4dd7a1d1026d7a/deploit/teams/69d8dd1e5d3e1f8c350e006f/users/68af3d99c99eb7bd2ff47bc8/projects/69f80768ca774c668fbaaed8/jobs/6a22c67b0859d97fbe7b5f71/results/silhouette_fscore_summary_digestive_tract_Horeth_J_Dent_Res_2023_author_cell_type_X_umap_ae6cbe.csv
silhouette_fscore_summary_digestive_tract_Horeth_J_Dent_Res_2023_author_cell_type_X_umap_ae6cbe.html,s3://lifebit-user-data-6941eed90a4dd7a1d1026d7a/deploit/teams/69d8dd1e5d3e1f8c350e006f/users/68af3d99c99eb7bd2ff47bc8/projects/69f80768ca774c668fbaaed8/jobs/6a22c67b0859d97fbe7b5f71/results/silhouette_fscore_summary_digestive_tract_Horeth_J_Dent_Res_2023_author_cell_type_X_umap_ae6cbe.html
silhouette_fscore_summary_digestive_tract_Horeth_J_Dent_Res_2023_author_cell_type_X_umap_ae6cbe.svg,s3://lifebit-user-data-6941eed90a4dd7a1d1026d7a/deploit/teams/69d8dd1e5d3e1f8c350e006f/users/68af3d99c99eb7bd2ff47bc8/projects/69f80768ca774c668fbaaed8/jobs/6a22c67b0859d97fbe7b5f71/results/silhouette_fscore_summary_digestive_tract_Horeth_J_Dent_Res_2023_author_cell_type_X_umap_ae6cbe.svg
silhouette_fscore_summary_digestive_tract_Madissoon_Genome_Biol_2020_author_cell_type_X_umap_f35993.csv,s3://lifebit-user-data-6941eed90a4dd7a1d1026d7a/deploit/teams/69d8dd1e5d3e1f8c350e006f/users/68af3d99c99eb7bd2ff47bc8/projects/69f80768ca774c668fbaaed8/jobs/6a22c67b0859d97fbe7b5f71/results/silhouette_fscore_summary_digestive_tract_Madissoon_Genome_Biol_2020_author_cell_type_X_umap_f35993.csv
silhouette_fscore_summary_digestive_tract_Madissoon_Genome_Biol_2020_author_cell_type_X_umap_f35993.html,s3://lifebit-user-data-6941eed90a4dd7a1d1026d7a/deploit/teams/69d8dd1e5d3e1f8c350e006f/users/68af3d99c99eb7bd2ff47bc8/projects/69f80768ca774c668fbaaed8/jobs/6a22c67b0859d97fbe7b5f71/results/silhouette_fscore_summary_digestive_tract_Madissoon_Genome_Biol_2020_author_cell_type_X_umap_f35993.html
silhouette_fscore_summary_digestive_tract_Madissoon_Genome_Biol_2020_author_cell_type_X_umap_f35993.svg,s3://lifebit-user-data-6941eed90a4dd7a1d1026d7a/deploit/teams/69d8dd1e5d3e1f8c350e006f/users/68af3d99c99eb7bd2ff47bc8/projects/69f80768ca774c668fbaaed8/jobs/6a22c67b0859d97fbe7b5f71/results/silhouette_fscore_summary_digestive_tract_Madissoon_Genome_Biol_2020_author_cell_type_X_umap_f35993.svg
silhouette_fscore_summary_digestive_tract_Martin_Cell_2019_author_cell_type1_X_umap_hm_59ef00.csv,s3://lifebit-user-data-6941eed90a4dd7a1d1026d7a/deploit/teams/69d8dd1e5d3e1f8c350e006f/users/68af3d99c99eb7bd2ff47bc8/projects/69f80768ca774c668fbaaed8/jobs/6a22c67b0859d97fbe7b5f71/results/silhouette_fscore_summary_digestive_tract_Martin_Cell_2019_author_cell_type1_X_umap_hm_59ef00.csv
silhouette_fscore_summary_digestive_tract_Martin_Cell_2019_author_cell_type1_X_umap_hm_59ef00.html,s3://lifebit-user-data-6941eed90a4dd7a1d1026d7a/deploit/teams/69d8dd1e5d3e1f8c350e006f/users/68af3d99c99eb7bd2ff47bc8/projects/69f80768ca774c668fbaaed8/jobs/6a22c67b0859d97fbe7b5f71/results/silhouette_fscore_summary_digestive_tract_Martin_Cell_2019_author_cell_type1_X_umap_hm_59ef00.html
silhouette_fscore_summary_digestive_tract_Martin_Cell_2019_author_cell_type1_X_umap_hm_59ef00.svg,s3://lifebit-user-data-6941eed90a4dd7a1d1026d7a/deploit/teams/69d8dd1e5d3e1f8c350e006f/users/68af3d99c99eb7bd2ff47bc8/projects/69f80768ca774c668fbaaed8/jobs/6a22c67b0859d97fbe7b5f71/results/silhouette_fscore_summary_digestive_tract_Martin_Cell_2019_author_cell_type1_X_umap_hm_59ef00.svg
silhouette_fscore_summary_digestive_tract_Nowicki-Osuch_Cancer_Discovery_2023_Detailed_Cell_Type_umap_MinDist_0.5_N_Neighbors_15_e72b7b.csv,s3://lifebit-user-data-6941eed90a4dd7a1d1026d7a/deploit/teams/69d8dd1e5d3e1f8c350e006f/users/68af3d99c99eb7bd2ff47bc8/projects/69f80768ca774c668fbaaed8/jobs/6a22c67b0859d97fbe7b5f71/results/silhouette_fscore_summary_digestive_tract_Nowicki-Osuch_Cancer_Discovery_2023_Detailed_Cell_Type_umap_MinDist_0.5_N_Neighbors_15_e72b7b.csv
silhouette_fscore_summary_digestive_tract_Nowicki-Osuch_Cancer_Discovery_2023_Detailed_Cell_Type_umap_MinDist_0.5_N_Neighbors_15_e72b7b.html,s3://lifebit-user-data-6941eed90a4dd7a1d1026d7a/deploit/teams/69d8dd1e5d3e1f8c350e006f/users/68af3d99c99eb7bd2ff47bc8/projects/69f80768ca774c668fbaaed8/jobs/6a22c67b0859d97fbe7b5f71/results/silhouette_fscore_summary_digestive_tract_Nowicki-Osuch_Cancer_Discovery_2023_Detailed_Cell_Type_umap_MinDist_0.5_N_Neighbors_15_e72b7b.html
silhouette_fscore_summary_digestive_tract_Nowicki-Osuch_Cancer_Discovery_2023_Detailed_Cell_Type_umap_MinDist_0.5_N_Neighbors_15_e72b7b.svg,s3://lifebit-user-data-6941eed90a4dd7a1d1026d7a/deploit/teams/69d8dd1e5d3e1f8c350e006f/users/68af3d99c99eb7bd2ff47bc8/projects/69f80768ca774c668fbaaed8/jobs/6a22c67b0859d97fbe7b5f71/results/silhouette_fscore_summary_digestive_tract_Nowicki-Osuch_Cancer_Discovery_2023_Detailed_Cell_Type_umap_MinDist_0.5_N_Neighbors_15_e72b7b.svg
silhouette_fscore_summary_digestive_tract_Oliver_Nature_2024_level_3_annot_X_umap_a60caa.csv,s3://lifebit-user-data-6941eed90a4dd7a1d1026d7a/deploit/teams/69d8dd1e5d3e1f8c350e006f/users/68af3d99c99eb7bd2ff47bc8/projects/69f80768ca774c668fbaaed8/jobs/6a22c67b0859d97fbe7b5f71/results/silhouette_fscore_summary_digestive_tract_Oliver_Nature_2024_level_3_annot_X_umap_a60caa.csv
silhouette_fscore_summary_digestive_tract_Oliver_Nature_2024_level_3_annot_X_umap_a60caa.html,s3://lifebit-user-data-6941eed90a4dd7a1d1026d7a/deploit/teams/69d8dd1e5d3e1f8c350e006f/users/68af3d99c99eb7bd2ff47bc8/projects/69f80768ca774c668fbaaed8/jobs/6a22c67b0859d97fbe7b5f71/results/silhouette_fscore_summary_digestive_tract_Oliver_Nature_2024_level_3_annot_X_umap_a60caa.html
silhouette_fscore_summary_digestive_tract_Oliver_Nature_2024_level_3_annot_X_umap_a60caa.svg,s3://lifebit-user-data-6941eed90a4dd7a1d1026d7a/deploit/teams/69d8dd1e5d3e1f8c350e006f/users/68af3d99c99eb7bd2ff47bc8/projects/69f80768ca774c668fbaaed8/jobs/6a22c67b0859d97fbe7b5f71/results/silhouette_fscore_summary_digestive_tract_Oliver_Nature_2024_level_3_annot_X_umap_a60caa.svg
silhouette_fscore_summary_digestive_tract_Smillie_Cell_2019_CellType_X_umap_hm_bbedd2.csv,s3://lifebit-user-data-6941eed90a4dd7a1d1026d7a/deploit/teams/69d8dd1e5d3e1f8c350e006f/users/68af3d99c99eb7bd2ff47bc8/projects/69f80768ca774c668fbaaed8/jobs/6a22c67b0859d97fbe7b5f71/results/silhouette_fscore_summary_digestive_tract_Smillie_Cell_2019_CellType_X_umap_hm_bbedd2.csv
silhouette_fscore_summary_digestive_tract_Smillie_Cell_2019_CellType_X_umap_hm_bbedd2.html,s3://lifebit-user-data-6941eed90a4dd7a1d1026d7a/deploit/teams/69d8dd1e5d3e1f8c350e006f/users/68af3d99c99eb7bd2ff47bc8/projects/69f80768ca774c668fbaaed8/jobs/6a22c67b0859d97fbe7b5f71/results/silhouette_fscore_summary_digestive_tract_Smillie_Cell_2019_CellType_X_umap_hm_bbedd2.html
silhouette_fscore_summary_digestive_tract_Smillie_Cell_2019_CellType_X_umap_hm_bbedd2.svg,s3://lifebit-user-data-6941eed90a4dd7a1d1026d7a/deploit/teams/69d8dd1e5d3e1f8c350e006f/users/68af3d99c99eb7bd2ff47bc8/projects/69f80768ca774c668fbaaed8/jobs/6a22c67b0859d97fbe7b5f71/results/silhouette_fscore_summary_digestive_tract_Smillie_Cell_2019_CellType_X_umap_hm_bbedd2.svg
silhouette_fscore_summary_digestive_tract_Xu_Cell_2023_Curated_annotation_X_umap_30933d.csv,s3://lifebit-user-data-6941eed90a4dd7a1d1026d7a/deploit/teams/69d8dd1e5d3e1f8c350e006f/users/68af3d99c99eb7bd2ff47bc8/projects/69f80768ca774c668fbaaed8/jobs/6a22c67b0859d97fbe7b5f71/results/silhouette_fscore_summary_digestive_tract_Xu_Cell_2023_Curated_annotation_X_umap_30933d.csv
silhouette_fscore_summary_digestive_tract_Xu_Cell_2023_Curated_annotation_X_umap_30933d.html,s3://lifebit-user-data-6941eed90a4dd7a1d1026d7a/deploit/teams/69d8dd1e5d3e1f8c350e006f/users/68af3d99c99eb7bd2ff47bc8/projects/69f80768ca774c668fbaaed8/jobs/6a22c67b0859d97fbe7b5f71/results/silhouette_fscore_summary_digestive_tract_Xu_Cell_2023_Curated_annotation_X_umap_30933d.html
silhouette_fscore_summary_digestive_tract_Xu_Cell_2023_Curated_annotation_X_umap_30933d.svg,s3://lifebit-user-data-6941eed90a4dd7a1d1026d7a/deploit/teams/69d8dd1e5d3e1f8c350e006f/users/68af3d99c99eb7bd2ff47bc8/projects/69f80768ca774c668fbaaed8/jobs/6a22c67b0859d97fbe7b5f71/results/silhouette_fscore_summary_digestive_tract_Xu_Cell_2023_Curated_annotation_X_umap_30933d.svg
silhouette_fscore_summary_digestive_tract_Zwick_Nat_Cell_Biol_2024_cell.type_X_umap_f5803a.csv,s3://lifebit-user-data-6941eed90a4dd7a1d1026d7a/deploit/teams/69d8dd1e5d3e1f8c350e006f/users/68af3d99c99eb7bd2ff47bc8/projects/69f80768ca774c668fbaaed8/jobs/6a22c67b0859d97fbe7b5f71/results/silhouette_fscore_summary_digestive_tract_Zwick_Nat_Cell_Biol_2024_cell.type_X_umap_f5803a.csv
silhouette_fscore_summary_digestive_tract_Zwick_Nat_Cell_Biol_2024_cell.type_X_umap_f5803a.html,s3://lifebit-user-data-6941eed90a4dd7a1d1026d7a/deploit/teams/69d8dd1e5d3e1f8c350e006f/users/68af3d99c99eb7bd2ff47bc8/projects/69f80768ca774c668fbaaed8/jobs/6a22c67b0859d97fbe7b5f71/results/silhouette_fscore_summary_digestive_tract_Zwick_Nat_Cell_Biol_2024_cell.type_X_umap_f5803a.html
silhouette_fscore_summary_digestive_tract_Zwick_Nat_Cell_Biol_2024_cell.type_X_umap_f5803a.svg,s3://lifebit-user-data-6941eed90a4dd7a1d1026d7a/deploit/teams/69d8dd1e5d3e1f8c350e006f/users/68af3d99c99eb7bd2ff47bc8/projects/69f80768ca774c668fbaaed8/jobs/6a22c67b0859d97fbe7b5f71/results/silhouette_fscore_summary_digestive_tract_Zwick_Nat_Cell_Biol_2024_cell.type_X_umap_f5803a.svg
silhouette_scores_digestive_tract_Burclaff_Cellular_and_Molecular_Gastroenterology_and_Hepatology_2022_lineage_X_umap_5247a6.csv,s3://lifebit-user-data-6941eed90a4dd7a1d1026d7a/deploit/teams/69d8dd1e5d3e1f8c350e006f/users/68af3d99c99eb7bd2ff47bc8/projects/69f80768ca774c668fbaaed8/jobs/6a22c67b0859d97fbe7b5f71/results/silhouette_scores_digestive_tract_Burclaff_Cellular_and_Molecular_Gastroenterology_and_Hepatology_2022_lineage_X_umap_5247a6.csv
silhouette_scores_digestive_tract_Elmentaite_Nature_2021_author_cell_type_X_umap_bf2a8d.csv,s3://lifebit-user-data-6941eed90a4dd7a1d1026d7a/deploit/teams/69d8dd1e5d3e1f8c350e006f/users/68af3d99c99eb7bd2ff47bc8/projects/69f80768ca774c668fbaaed8/jobs/6a22c67b0859d97fbe7b5f71/results/silhouette_scores_digestive_tract_Elmentaite_Nature_2021_author_cell_type_X_umap_bf2a8d.csv
silhouette_scores_digestive_tract_Eraslan_Science_2022_Broad_cell_type_X_umap_f44b0f.csv,s3://lifebit-user-data-6941eed90a4dd7a1d1026d7a/deploit/teams/69d8dd1e5d3e1f8c350e006f/users/68af3d99c99eb7bd2ff47bc8/projects/69f80768ca774c668fbaaed8/jobs/6a22c67b0859d97fbe7b5f71/results/silhouette_scores_digestive_tract_Eraslan_Science_2022_Broad_cell_type_X_umap_f44b0f.csv
silhouette_scores_digestive_tract_Garrido-Trigo_Nat_Commun_2023_cell_type_X_umap_7e7800.csv,s3://lifebit-user-data-6941eed90a4dd7a1d1026d7a/deploit/teams/69d8dd1e5d3e1f8c350e006f/users/68af3d99c99eb7bd2ff47bc8/projects/69f80768ca774c668fbaaed8/jobs/6a22c67b0859d97fbe7b5f71/results/silhouette_scores_digestive_tract_Garrido-Trigo_Nat_Commun_2023_cell_type_X_umap_7e7800.csv
silhouette_scores_digestive_tract_Han_Nature_2020_author_cell_type_X_umap_5c7ea7.csv,s3://lifebit-user-data-6941eed90a4dd7a1d1026d7a/deploit/teams/69d8dd1e5d3e1f8c350e006f/users/68af3d99c99eb7bd2ff47bc8/projects/69f80768ca774c668fbaaed8/jobs/6a22c67b0859d97fbe7b5f71/results/silhouette_scores_digestive_tract_Han_Nature_2020_author_cell_type_X_umap_5c7ea7.csv
silhouette_scores_digestive_tract_Horeth_J_Dent_Res_2023_author_cell_type_X_umap_ae6cbe.csv,s3://lifebit-user-data-6941eed90a4dd7a1d1026d7a/deploit/teams/69d8dd1e5d3e1f8c350e006f/users/68af3d99c99eb7bd2ff47bc8/projects/69f80768ca774c668fbaaed8/jobs/6a22c67b0859d97fbe7b5f71/results/silhouette_scores_digestive_tract_Horeth_J_Dent_Res_2023_author_cell_type_X_umap_ae6cbe.csv
silhouette_scores_digestive_tract_Madissoon_Genome_Biol_2020_author_cell_type_X_umap_f35993.csv,s3://lifebit-user-data-6941eed90a4dd7a1d1026d7a/deploit/teams/69d8dd1e5d3e1f8c350e006f/users/68af3d99c99eb7bd2ff47bc8/projects/69f80768ca774c668fbaaed8/jobs/6a22c67b0859d97fbe7b5f71/results/silhouette_scores_digestive_tract_Madissoon_Genome_Biol_2020_author_cell_type_X_umap_f35993.csv
silhouette_scores_digestive_tract_Martin_Cell_2019_author_cell_type1_X_umap_hm_59ef00.csv,s3://lifebit-user-data-6941eed90a4dd7a1d1026d7a/deploit/teams/69d8dd1e5d3e1f8c350e006f/users/68af3d99c99eb7bd2ff47bc8/projects/69f80768ca774c668fbaaed8/jobs/6a22c67b0859d97fbe7b5f71/results/silhouette_scores_digestive_tract_Martin_Cell_2019_author_cell_type1_X_umap_hm_59ef00.csv
silhouette_scores_digestive_tract_Nowicki-Osuch_Cancer_Discovery_2023_Detailed_Cell_Type_umap_MinDist_0.5_N_Neighbors_15_e72b7b.csv,s3://lifebit-user-data-6941eed90a4dd7a1d1026d7a/deploit/teams/69d8dd1e5d3e1f8c350e006f/users/68af3d99c99eb7bd2ff47bc8/projects/69f80768ca774c668fbaaed8/jobs/6a22c67b0859d97fbe7b5f71/results/silhouette_scores_digestive_tract_Nowicki-Osuch_Cancer_Discovery_2023_Detailed_Cell_Type_umap_MinDist_0.5_N_Neighbors_15_e72b7b.csv
silhouette_scores_digestive_tract_Oliver_Nature_2024_level_3_annot_X_umap_a60caa.csv,s3://lifebit-user-data-6941eed90a4dd7a1d1026d7a/deploit/teams/69d8dd1e5d3e1f8c350e006f/users/68af3d99c99eb7bd2ff47bc8/projects/69f80768ca774c668fbaaed8/jobs/6a22c67b0859d97fbe7b5f71/results/silhouette_scores_digestive_tract_Oliver_Nature_2024_level_3_annot_X_umap_a60caa.csv
silhouette_scores_digestive_tract_Smillie_Cell_2019_CellType_X_umap_hm_bbedd2.csv,s3://lifebit-user-data-6941eed90a4dd7a1d1026d7a/deploit/teams/69d8dd1e5d3e1f8c350e006f/users/68af3d99c99eb7bd2ff47bc8/projects/69f80768ca774c668fbaaed8/jobs/6a22c67b0859d97fbe7b5f71/results/silhouette_scores_digestive_tract_Smillie_Cell_2019_CellType_X_umap_hm_bbedd2.csv
silhouette_scores_digestive_tract_Xu_Cell_2023_Curated_annotation_X_umap_30933d.csv,s3://lifebit-user-data-6941eed90a4dd7a1d1026d7a/deploit/teams/69d8dd1e5d3e1f8c350e006f/users/68af3d99c99eb7bd2ff47bc8/projects/69f80768ca774c668fbaaed8/jobs/6a22c67b0859d97fbe7b5f71/results/silhouette_scores_digestive_tract_Xu_Cell_2023_Curated_annotation_X_umap_30933d.csv
silhouette_scores_digestive_tract_Zwick_Nat_Cell_Biol_2024_cell.type_X_umap_f5803a.csv,s3://lifebit-user-data-6941eed90a4dd7a1d1026d7a/deploit/teams/69d8dd1e5d3e1f8c350e006f/users/68af3d99c99eb7bd2ff47bc8/projects/69f80768ca774c668fbaaed8/jobs/6a22c67b0859d97fbe7b5f71/results/silhouette_scores_digestive_tract_Zwick_Nat_Cell_Biol_2024_cell.type_X_umap_f5803a.csv
stacked_violin__scaleddigestive_tract_Burclaff_Cellular_and_Molecular_Gastroenterology_and_Hepatology_2022_lineage_X_umap_5247a6.svg,s3://lifebit-user-data-6941eed90a4dd7a1d1026d7a/deploit/teams/69d8dd1e5d3e1f8c350e006f/users/68af3d99c99eb7bd2ff47bc8/projects/69f80768ca774c668fbaaed8/jobs/6a22c67b0859d97fbe7b5f71/results/stacked_violin__scaleddigestive_tract_Burclaff_Cellular_and_Molecular_Gastroenterology_and_Hepatology_2022_lineage_X_umap_5247a6.svg
stacked_violin__scaleddigestive_tract_Elmentaite_Nature_2021_author_cell_type_X_umap_bf2a8d.svg,s3://lifebit-user-data-6941eed90a4dd7a1d1026d7a/deploit/teams/69d8dd1e5d3e1f8c350e006f/users/68af3d99c99eb7bd2ff47bc8/projects/69f80768ca774c668fbaaed8/jobs/6a22c67b0859d97fbe7b5f71/results/stacked_violin__scaleddigestive_tract_Elmentaite_Nature_2021_author_cell_type_X_umap_bf2a8d.svg
stacked_violin__scaleddigestive_tract_Eraslan_Science_2022_Broad_cell_type_X_umap_f44b0f.svg,s3://lifebit-user-data-6941eed90a4dd7a1d1026d7a/deploit/teams/69d8dd1e5d3e1f8c350e006f/users/68af3d99c99eb7bd2ff47bc8/projects/69f80768ca774c668fbaaed8/jobs/6a22c67b0859d97fbe7b5f71/results/stacked_violin__scaleddigestive_tract_Eraslan_Science_2022_Broad_cell_type_X_umap_f44b0f.svg
stacked_violin__scaleddigestive_tract_Garrido-Trigo_Nat_Commun_2023_cell_type_X_umap_7e7800.svg,s3://lifebit-user-data-6941eed90a4dd7a1d1026d7a/deploit/teams/69d8dd1e5d3e1f8c350e006f/users/68af3d99c99eb7bd2ff47bc8/projects/69f80768ca774c668fbaaed8/jobs/6a22c67b0859d97fbe7b5f71/results/stacked_violin__scaleddigestive_tract_Garrido-Trigo_Nat_Commun_2023_cell_type_X_umap_7e7800.svg
stacked_violin__scaleddigestive_tract_Han_Nature_2020_author_cell_type_X_umap_5c7ea7.svg,s3://lifebit-user-data-6941eed90a4dd7a1d1026d7a/deploit/teams/69d8dd1e5d3e1f8c350e006f/users/68af3d99c99eb7bd2ff47bc8/projects/69f80768ca774c668fbaaed8/jobs/6a22c67b0859d97fbe7b5f71/results/stacked_violin__scaleddigestive_tract_Han_Nature_2020_author_cell_type_X_umap_5c7ea7.svg
stacked_violin__scaleddigestive_tract_Horeth_J_Dent_Res_2023_author_cell_type_X_umap_ae6cbe.svg,s3://lifebit-user-data-6941eed90a4dd7a1d1026d7a/deploit/teams/69d8dd1e5d3e1f8c350e006f/users/68af3d99c99eb7bd2ff47bc8/projects/69f80768ca774c668fbaaed8/jobs/6a22c67b0859d97fbe7b5f71/results/stacked_violin__scaleddigestive_tract_Horeth_J_Dent_Res_2023_author_cell_type_X_umap_ae6cbe.svg
stacked_violin__scaleddigestive_tract_Madissoon_Genome_Biol_2020_author_cell_type_X_umap_f35993.svg,s3://lifebit-user-data-6941eed90a4dd7a1d1026d7a/deploit/teams/69d8dd1e5d3e1f8c350e006f/users/68af3d99c99eb7bd2ff47bc8/projects/69f80768ca774c668fbaaed8/jobs/6a22c67b0859d97fbe7b5f71/results/stacked_violin__scaleddigestive_tract_Madissoon_Genome_Biol_2020_author_cell_type_X_umap_f35993.svg
stacked_violin__scaleddigestive_tract_Martin_Cell_2019_author_cell_type1_X_umap_hm_59ef00.svg,s3://lifebit-user-data-6941eed90a4dd7a1d1026d7a/deploit/teams/69d8dd1e5d3e1f8c350e006f/users/68af3d99c99eb7bd2ff47bc8/projects/69f80768ca774c668fbaaed8/jobs/6a22c67b0859d97fbe7b5f71/results/stacked_violin__scaleddigestive_tract_Martin_Cell_2019_author_cell_type1_X_umap_hm_59ef00.svg
stacked_violin__scaleddigestive_tract_Nowicki-Osuch_Cancer_Discovery_2023_Detailed_Cell_Type_umap_MinDist_0.5_N_Neighbors_15_e72b7b.svg,s3://lifebit-user-data-6941eed90a4dd7a1d1026d7a/deploit/teams/69d8dd1e5d3e1f8c350e006f/users/68af3d99c99eb7bd2ff47bc8/projects/69f80768ca774c668fbaaed8/jobs/6a22c67b0859d97fbe7b5f71/results/stacked_violin__scaleddigestive_tract_Nowicki-Osuch_Cancer_Discovery_2023_Detailed_Cell_Type_umap_MinDist_0.5_N_Neighbors_15_e72b7b.svg
stacked_violin__scaleddigestive_tract_Oliver_Nature_2024_level_3_annot_X_umap_a60caa.svg,s3://lifebit-user-data-6941eed90a4dd7a1d1026d7a/deploit/teams/69d8dd1e5d3e1f8c350e006f/users/68af3d99c99eb7bd2ff47bc8/projects/69f80768ca774c668fbaaed8/jobs/6a22c67b0859d97fbe7b5f71/results/stacked_violin__scaleddigestive_tract_Oliver_Nature_2024_level_3_annot_X_umap_a60caa.svg
stacked_violin__scaleddigestive_tract_Smillie_Cell_2019_CellType_X_umap_hm_bbedd2.svg,s3://lifebit-user-data-6941eed90a4dd7a1d1026d7a/deploit/teams/69d8dd1e5d3e1f8c350e006f/users/68af3d99c99eb7bd2ff47bc8/projects/69f80768ca774c668fbaaed8/jobs/6a22c67b0859d97fbe7b5f71/results/stacked_violin__scaleddigestive_tract_Smillie_Cell_2019_CellType_X_umap_hm_bbedd2.svg
stacked_violin__scaleddigestive_tract_Xu_Cell_2023_Curated_annotation_X_umap_30933d.svg,s3://lifebit-user-data-6941eed90a4dd7a1d1026d7a/deploit/teams/69d8dd1e5d3e1f8c350e006f/users/68af3d99c99eb7bd2ff47bc8/projects/69f80768ca774c668fbaaed8/jobs/6a22c67b0859d97fbe7b5f71/results/stacked_violin__scaleddigestive_tract_Xu_Cell_2023_Curated_annotation_X_umap_30933d.svg
stacked_violin__scaleddigestive_tract_Zwick_Nat_Cell_Biol_2024_cell.type_X_umap_f5803a.svg,s3://lifebit-user-data-6941eed90a4dd7a1d1026d7a/deploit/teams/69d8dd1e5d3e1f8c350e006f/users/68af3d99c99eb7bd2ff47bc8/projects/69f80768ca774c668fbaaed8/jobs/6a22c67b0859d97fbe7b5f71/results/stacked_violin__scaleddigestive_tract_Zwick_Nat_Cell_Biol_2024_cell.type_X_umap_f5803a.svg
stacked_violin_digestive_tract_Burclaff_Cellular_and_Molecular_Gastroenterology_and_Hepatology_2022_lineage_X_umap_5247a6.svg,s3://lifebit-user-data-6941eed90a4dd7a1d1026d7a/deploit/teams/69d8dd1e5d3e1f8c350e006f/users/68af3d99c99eb7bd2ff47bc8/projects/69f80768ca774c668fbaaed8/jobs/6a22c67b0859d97fbe7b5f71/results/stacked_violin_digestive_tract_Burclaff_Cellular_and_Molecular_Gastroenterology_and_Hepatology_2022_lineage_X_umap_5247a6.svg
stacked_violin_digestive_tract_Elmentaite_Nature_2021_author_cell_type_X_umap_bf2a8d.svg,s3://lifebit-user-data-6941eed90a4dd7a1d1026d7a/deploit/teams/69d8dd1e5d3e1f8c350e006f/users/68af3d99c99eb7bd2ff47bc8/projects/69f80768ca774c668fbaaed8/jobs/6a22c67b0859d97fbe7b5f71/results/stacked_violin_digestive_tract_Elmentaite_Nature_2021_author_cell_type_X_umap_bf2a8d.svg
stacked_violin_digestive_tract_Eraslan_Science_2022_Broad_cell_type_X_umap_f44b0f.svg,s3://lifebit-user-data-6941eed90a4dd7a1d1026d7a/deploit/teams/69d8dd1e5d3e1f8c350e006f/users/68af3d99c99eb7bd2ff47bc8/projects/69f80768ca774c668fbaaed8/jobs/6a22c67b0859d97fbe7b5f71/results/stacked_violin_digestive_tract_Eraslan_Science_2022_Broad_cell_type_X_umap_f44b0f.svg
stacked_violin_digestive_tract_Garrido-Trigo_Nat_Commun_2023_cell_type_X_umap_7e7800.svg,s3://lifebit-user-data-6941eed90a4dd7a1d1026d7a/deploit/teams/69d8dd1e5d3e1f8c350e006f/users/68af3d99c99eb7bd2ff47bc8/projects/69f80768ca774c668fbaaed8/jobs/6a22c67b0859d97fbe7b5f71/results/stacked_violin_digestive_tract_Garrido-Trigo_Nat_Commun_2023_cell_type_X_umap_7e7800.svg
stacked_violin_digestive_tract_Han_Nature_2020_author_cell_type_X_umap_5c7ea7.svg,s3://lifebit-user-data-6941eed90a4dd7a1d1026d7a/deploit/teams/69d8dd1e5d3e1f8c350e006f/users/68af3d99c99eb7bd2ff47bc8/projects/69f80768ca774c668fbaaed8/jobs/6a22c67b0859d97fbe7b5f71/results/stacked_violin_digestive_tract_Han_Nature_2020_author_cell_type_X_umap_5c7ea7.svg
stacked_violin_digestive_tract_Horeth_J_Dent_Res_2023_author_cell_type_X_umap_ae6cbe.svg,s3://lifebit-user-data-6941eed90a4dd7a1d1026d7a/deploit/teams/69d8dd1e5d3e1f8c350e006f/users/68af3d99c99eb7bd2ff47bc8/projects/69f80768ca774c668fbaaed8/jobs/6a22c67b0859d97fbe7b5f71/results/stacked_violin_digestive_tract_Horeth_J_Dent_Res_2023_author_cell_type_X_umap_ae6cbe.svg
stacked_violin_digestive_tract_Madissoon_Genome_Biol_2020_author_cell_type_X_umap_f35993.svg,s3://lifebit-user-data-6941eed90a4dd7a1d1026d7a/deploit/teams/69d8dd1e5d3e1f8c350e006f/users/68af3d99c99eb7bd2ff47bc8/projects/69f80768ca774c668fbaaed8/jobs/6a22c67b0859d97fbe7b5f71/results/stacked_violin_digestive_tract_Madissoon_Genome_Biol_2020_author_cell_type_X_umap_f35993.svg
stacked_violin_digestive_tract_Martin_Cell_2019_author_cell_type1_X_umap_hm_59ef00.svg,s3://lifebit-user-data-6941eed90a4dd7a1d1026d7a/deploit/teams/69d8dd1e5d3e1f8c350e006f/users/68af3d99c99eb7bd2ff47bc8/projects/69f80768ca774c668fbaaed8/jobs/6a22c67b0859d97fbe7b5f71/results/stacked_violin_digestive_tract_Martin_Cell_2019_author_cell_type1_X_umap_hm_59ef00.svg
stacked_violin_digestive_tract_Nowicki-Osuch_Cancer_Discovery_2023_Detailed_Cell_Type_umap_MinDist_0.5_N_Neighbors_15_e72b7b.svg,s3://lifebit-user-data-6941eed90a4dd7a1d1026d7a/deploit/teams/69d8dd1e5d3e1f8c350e006f/users/68af3d99c99eb7bd2ff47bc8/projects/69f80768ca774c668fbaaed8/jobs/6a22c67b0859d97fbe7b5f71/results/stacked_violin_digestive_tract_Nowicki-Osuch_Cancer_Discovery_2023_Detailed_Cell_Type_umap_MinDist_0.5_N_Neighbors_15_e72b7b.svg
stacked_violin_digestive_tract_Oliver_Nature_2024_level_3_annot_X_umap_a60caa.svg,s3://lifebit-user-data-6941eed90a4dd7a1d1026d7a/deploit/teams/69d8dd1e5d3e1f8c350e006f/users/68af3d99c99eb7bd2ff47bc8/projects/69f80768ca774c668fbaaed8/jobs/6a22c67b0859d97fbe7b5f71/results/stacked_violin_digestive_tract_Oliver_Nature_2024_level_3_annot_X_umap_a60caa.svg
stacked_violin_digestive_tract_Smillie_Cell_2019_CellType_X_umap_hm_bbedd2.svg,s3://lifebit-user-data-6941eed90a4dd7a1d1026d7a/deploit/teams/69d8dd1e5d3e1f8c350e006f/users/68af3d99c99eb7bd2ff47bc8/projects/69f80768ca774c668fbaaed8/jobs/6a22c67b0859d97fbe7b5f71/results/stacked_violin_digestive_tract_Smillie_Cell_2019_CellType_X_umap_hm_bbedd2.svg
stacked_violin_digestive_tract_Xu_Cell_2023_Curated_annotation_X_umap_30933d.svg,s3://lifebit-user-data-6941eed90a4dd7a1d1026d7a/deploit/teams/69d8dd1e5d3e1f8c350e006f/users/68af3d99c99eb7bd2ff47bc8/projects/69f80768ca774c668fbaaed8/jobs/6a22c67b0859d97fbe7b5f71/results/stacked_violin_digestive_tract_Xu_Cell_2023_Curated_annotation_X_umap_30933d.svg
stacked_violin_digestive_tract_Zwick_Nat_Cell_Biol_2024_cell.type_X_umap_f5803a.svg,s3://lifebit-user-data-6941eed90a4dd7a1d1026d7a/deploit/teams/69d8dd1e5d3e1f8c350e006f/users/68af3d99c99eb7bd2ff47bc8/projects/69f80768ca774c668fbaaed8/jobs/6a22c67b0859d97fbe7b5f71/results/stacked_violin_digestive_tract_Zwick_Nat_Cell_Biol_2024_cell.type_X_umap_f5803a.svg
summary_before_filter_digestive_tract_Burclaff_Cellular_and_Molecular_Gastroenterology_and_Hepatology_2022_lineage_X_umap_5247a6.csv,s3://lifebit-user-data-6941eed90a4dd7a1d1026d7a/deploit/teams/69d8dd1e5d3e1f8c350e006f/users/68af3d99c99eb7bd2ff47bc8/projects/69f80768ca774c668fbaaed8/jobs/6a22c67b0859d97fbe7b5f71/results/summary_before_filter_digestive_tract_Burclaff_Cellular_and_Molecular_Gastroenterology_and_Hepatology_2022_lineage_X_umap_5247a6.csv
summary_before_filter_digestive_tract_Elmentaite_Nature_2021_author_cell_type_X_umap_bf2a8d.csv,s3://lifebit-user-data-6941eed90a4dd7a1d1026d7a/deploit/teams/69d8dd1e5d3e1f8c350e006f/users/68af3d99c99eb7bd2ff47bc8/projects/69f80768ca774c668fbaaed8/jobs/6a22c67b0859d97fbe7b5f71/results/summary_before_filter_digestive_tract_Elmentaite_Nature_2021_author_cell_type_X_umap_bf2a8d.csv
summary_before_filter_digestive_tract_Eraslan_Science_2022_Broad_cell_type_X_umap_f44b0f.csv,s3://lifebit-user-data-6941eed90a4dd7a1d1026d7a/deploit/teams/69d8dd1e5d3e1f8c350e006f/users/68af3d99c99eb7bd2ff47bc8/projects/69f80768ca774c668fbaaed8/jobs/6a22c67b0859d97fbe7b5f71/results/summary_before_filter_digestive_tract_Eraslan_Science_2022_Broad_cell_type_X_umap_f44b0f.csv
summary_before_filter_digestive_tract_Garrido-Trigo_Nat_Commun_2023_cell_type_X_umap_7e7800.csv,s3://lifebit-user-data-6941eed90a4dd7a1d1026d7a/deploit/teams/69d8dd1e5d3e1f8c350e006f/users/68af3d99c99eb7bd2ff47bc8/projects/69f80768ca774c668fbaaed8/jobs/6a22c67b0859d97fbe7b5f71/results/summary_before_filter_digestive_tract_Garrido-Trigo_Nat_Commun_2023_cell_type_X_umap_7e7800.csv
summary_before_filter_digestive_tract_Han_Nature_2020_author_cell_type_X_umap_5c7ea7.csv,s3://lifebit-user-data-6941eed90a4dd7a1d1026d7a/deploit/teams/69d8dd1e5d3e1f8c350e006f/users/68af3d99c99eb7bd2ff47bc8/projects/69f80768ca774c668fbaaed8/jobs/6a22c67b0859d97fbe7b5f71/results/summary_before_filter_digestive_tract_Han_Nature_2020_author_cell_type_X_umap_5c7ea7.csv
summary_before_filter_digestive_tract_Horeth_J_Dent_Res_2023_author_cell_type_X_umap_ae6cbe.csv,s3://lifebit-user-data-6941eed90a4dd7a1d1026d7a/deploit/teams/69d8dd1e5d3e1f8c350e006f/users/68af3d99c99eb7bd2ff47bc8/projects/69f80768ca774c668fbaaed8/jobs/6a22c67b0859d97fbe7b5f71/results/summary_before_filter_digestive_tract_Horeth_J_Dent_Res_2023_author_cell_type_X_umap_ae6cbe.csv
summary_before_filter_digestive_tract_Madissoon_Genome_Biol_2020_author_cell_type_X_umap_f35993.csv,s3://lifebit-user-data-6941eed90a4dd7a1d1026d7a/deploit/teams/69d8dd1e5d3e1f8c350e006f/users/68af3d99c99eb7bd2ff47bc8/projects/69f80768ca774c668fbaaed8/jobs/6a22c67b0859d97fbe7b5f71/results/summary_before_filter_digestive_tract_Madissoon_Genome_Biol_2020_author_cell_type_X_umap_f35993.csv
summary_before_filter_digestive_tract_Martin_Cell_2019_author_cell_type1_X_umap_hm_59ef00.csv,s3://lifebit-user-data-6941eed90a4dd7a1d1026d7a/deploit/teams/69d8dd1e5d3e1f8c350e006f/users/68af3d99c99eb7bd2ff47bc8/projects/69f80768ca774c668fbaaed8/jobs/6a22c67b0859d97fbe7b5f71/results/summary_before_filter_digestive_tract_Martin_Cell_2019_author_cell_type1_X_umap_hm_59ef00.csv
summary_before_filter_digestive_tract_Nowicki-Osuch_Cancer_Discovery_2023_Detailed_Cell_Type_umap_MinDist_0.5_N_Neighbors_15_e72b7b.csv,s3://lifebit-user-data-6941eed90a4dd7a1d1026d7a/deploit/teams/69d8dd1e5d3e1f8c350e006f/users/68af3d99c99eb7bd2ff47bc8/projects/69f80768ca774c668fbaaed8/jobs/6a22c67b0859d97fbe7b5f71/results/summary_before_filter_digestive_tract_Nowicki-Osuch_Cancer_Discovery_2023_Detailed_Cell_Type_umap_MinDist_0.5_N_Neighbors_15_e72b7b.csv
summary_before_filter_digestive_tract_Oliver_Nature_2024_level_3_annot_X_umap_a60caa.csv,s3://lifebit-user-data-6941eed90a4dd7a1d1026d7a/deploit/teams/69d8dd1e5d3e1f8c350e006f/users/68af3d99c99eb7bd2ff47bc8/projects/69f80768ca774c668fbaaed8/jobs/6a22c67b0859d97fbe7b5f71/results/summary_before_filter_digestive_tract_Oliver_Nature_2024_level_3_annot_X_umap_a60caa.csv
summary_before_filter_digestive_tract_Smillie_Cell_2019_CellType_X_umap_hm_bbedd2.csv,s3://lifebit-user-data-6941eed90a4dd7a1d1026d7a/deploit/teams/69d8dd1e5d3e1f8c350e006f/users/68af3d99c99eb7bd2ff47bc8/projects/69f80768ca774c668fbaaed8/jobs/6a22c67b0859d97fbe7b5f71/results/summary_before_filter_digestive_tract_Smillie_Cell_2019_CellType_X_umap_hm_bbedd2.csv
summary_before_filter_digestive_tract_Xu_Cell_2023_Curated_annotation_X_umap_30933d.csv,s3://lifebit-user-data-6941eed90a4dd7a1d1026d7a/deploit/teams/69d8dd1e5d3e1f8c350e006f/users/68af3d99c99eb7bd2ff47bc8/projects/69f80768ca774c668fbaaed8/jobs/6a22c67b0859d97fbe7b5f71/results/summary_before_filter_digestive_tract_Xu_Cell_2023_Curated_annotation_X_umap_30933d.csv
summary_before_filter_digestive_tract_Zwick_Nat_Cell_Biol_2024_cell.type_X_umap_f5803a.csv,s3://lifebit-user-data-6941eed90a4dd7a1d1026d7a/deploit/teams/69d8dd1e5d3e1f8c350e006f/users/68af3d99c99eb7bd2ff47bc8/projects/69f80768ca774c668fbaaed8/jobs/6a22c67b0859d97fbe7b5f71/results/summary_before_filter_digestive_tract_Zwick_Nat_Cell_Biol_2024_cell.type_X_umap_f5803a.csv
summary_normal_digestive_tract_Burclaff_Cellular_and_Molecular_Gastroenterology_and_Hepatology_2022_lineage_X_umap_5247a6.csv,s3://lifebit-user-data-6941eed90a4dd7a1d1026d7a/deploit/teams/69d8dd1e5d3e1f8c350e006f/users/68af3d99c99eb7bd2ff47bc8/projects/69f80768ca774c668fbaaed8/jobs/6a22c67b0859d97fbe7b5f71/results/summary_normal_digestive_tract_Burclaff_Cellular_and_Molecular_Gastroenterology_and_Hepatology_2022_lineage_X_umap_5247a6.csv
summary_normal_digestive_tract_Elmentaite_Nature_2021_author_cell_type_X_umap_bf2a8d.csv,s3://lifebit-user-data-6941eed90a4dd7a1d1026d7a/deploit/teams/69d8dd1e5d3e1f8c350e006f/users/68af3d99c99eb7bd2ff47bc8/projects/69f80768ca774c668fbaaed8/jobs/6a22c67b0859d97fbe7b5f71/results/summary_normal_digestive_tract_Elmentaite_Nature_2021_author_cell_type_X_umap_bf2a8d.csv
summary_normal_digestive_tract_Eraslan_Science_2022_Broad_cell_type_X_umap_f44b0f.csv,s3://lifebit-user-data-6941eed90a4dd7a1d1026d7a/deploit/teams/69d8dd1e5d3e1f8c350e006f/users/68af3d99c99eb7bd2ff47bc8/projects/69f80768ca774c668fbaaed8/jobs/6a22c67b0859d97fbe7b5f71/results/summary_normal_digestive_tract_Eraslan_Science_2022_Broad_cell_type_X_umap_f44b0f.csv
summary_normal_digestive_tract_Garrido-Trigo_Nat_Commun_2023_cell_type_X_umap_7e7800.csv,s3://lifebit-user-data-6941eed90a4dd7a1d1026d7a/deploit/teams/69d8dd1e5d3e1f8c350e006f/users/68af3d99c99eb7bd2ff47bc8/projects/69f80768ca774c668fbaaed8/jobs/6a22c67b0859d97fbe7b5f71/results/summary_normal_digestive_tract_Garrido-Trigo_Nat_Commun_2023_cell_type_X_umap_7e7800.csv
summary_normal_digestive_tract_Han_Nature_2020_author_cell_type_X_umap_5c7ea7.csv,s3://lifebit-user-data-6941eed90a4dd7a1d1026d7a/deploit/teams/69d8dd1e5d3e1f8c350e006f/users/68af3d99c99eb7bd2ff47bc8/projects/69f80768ca774c668fbaaed8/jobs/6a22c67b0859d97fbe7b5f71/results/summary_normal_digestive_tract_Han_Nature_2020_author_cell_type_X_umap_5c7ea7.csv
summary_normal_digestive_tract_Horeth_J_Dent_Res_2023_author_cell_type_X_umap_ae6cbe.csv,s3://lifebit-user-data-6941eed90a4dd7a1d1026d7a/deploit/teams/69d8dd1e5d3e1f8c350e006f/users/68af3d99c99eb7bd2ff47bc8/projects/69f80768ca774c668fbaaed8/jobs/6a22c67b0859d97fbe7b5f71/results/summary_normal_digestive_tract_Horeth_J_Dent_Res_2023_author_cell_type_X_umap_ae6cbe.csv
summary_normal_digestive_tract_Madissoon_Genome_Biol_2020_author_cell_type_X_umap_f35993.csv,s3://lifebit-user-data-6941eed90a4dd7a1d1026d7a/deploit/teams/69d8dd1e5d3e1f8c350e006f/users/68af3d99c99eb7bd2ff47bc8/projects/69f80768ca774c668fbaaed8/jobs/6a22c67b0859d97fbe7b5f71/results/summary_normal_digestive_tract_Madissoon_Genome_Biol_2020_author_cell_type_X_umap_f35993.csv
summary_normal_digestive_tract_Martin_Cell_2019_author_cell_type1_X_umap_hm_59ef00.csv,s3://lifebit-user-data-6941eed90a4dd7a1d1026d7a/deploit/teams/69d8dd1e5d3e1f8c350e006f/users/68af3d99c99eb7bd2ff47bc8/projects/69f80768ca774c668fbaaed8/jobs/6a22c67b0859d97fbe7b5f71/results/summary_normal_digestive_tract_Martin_Cell_2019_author_cell_type1_X_umap_hm_59ef00.csv
summary_normal_digestive_tract_Nowicki-Osuch_Cancer_Discovery_2023_Detailed_Cell_Type_umap_MinDist_0.5_N_Neighbors_15_e72b7b.csv,s3://lifebit-user-data-6941eed90a4dd7a1d1026d7a/deploit/teams/69d8dd1e5d3e1f8c350e006f/users/68af3d99c99eb7bd2ff47bc8/projects/69f80768ca774c668fbaaed8/jobs/6a22c67b0859d97fbe7b5f71/results/summary_normal_digestive_tract_Nowicki-Osuch_Cancer_Discovery_2023_Detailed_Cell_Type_umap_MinDist_0.5_N_Neighbors_15_e72b7b.csv
summary_normal_digestive_tract_Oliver_Nature_2024_level_3_annot_X_umap_a60caa.csv,s3://lifebit-user-data-6941eed90a4dd7a1d1026d7a/deploit/teams/69d8dd1e5d3e1f8c350e006f/users/68af3d99c99eb7bd2ff47bc8/projects/69f80768ca774c668fbaaed8/jobs/6a22c67b0859d97fbe7b5f71/results/summary_normal_digestive_tract_Oliver_Nature_2024_level_3_annot_X_umap_a60caa.csv
summary_normal_digestive_tract_Smillie_Cell_2019_CellType_X_umap_hm_bbedd2.csv,s3://lifebit-user-data-6941eed90a4dd7a1d1026d7a/deploit/teams/69d8dd1e5d3e1f8c350e006f/users/68af3d99c99eb7bd2ff47bc8/projects/69f80768ca774c668fbaaed8/jobs/6a22c67b0859d97fbe7b5f71/results/summary_normal_digestive_tract_Smillie_Cell_2019_CellType_X_umap_hm_bbedd2.csv
summary_normal_digestive_tract_Xu_Cell_2023_Curated_annotation_X_umap_30933d.csv,s3://lifebit-user-data-6941eed90a4dd7a1d1026d7a/deploit/teams/69d8dd1e5d3e1f8c350e006f/users/68af3d99c99eb7bd2ff47bc8/projects/69f80768ca774c668fbaaed8/jobs/6a22c67b0859d97fbe7b5f71/results/summary_normal_digestive_tract_Xu_Cell_2023_Curated_annotation_X_umap_30933d.csv
summary_normal_digestive_tract_Zwick_Nat_Cell_Biol_2024_cell.type_X_umap_f5803a.csv,s3://lifebit-user-data-6941eed90a4dd7a1d1026d7a/deploit/teams/69d8dd1e5d3e1f8c350e006f/users/68af3d99c99eb7bd2ff47bc8/projects/69f80768ca774c668fbaaed8/jobs/6a22c67b0859d97fbe7b5f71/results/summary_normal_digestive_tract_Zwick_Nat_Cell_Biol_2024_cell.type_X_umap_f5803a.csv
