filename,s3_path
2D_projection_respiratory_system_Berg_Journal_of_Cystic_Fibrosis_2025_Level_5_X_umap_17763a.html,s3://lifebit-user-data-6941eed90a4dd7a1d1026d7a/deploit/teams/69d8dd1e5d3e1f8c350e006f/users/68af3d99c99eb7bd2ff47bc8/projects/69f80768ca774c668fbaaed8/jobs/69f8cdddd3d80718c05f0785/results/2D_projection_respiratory_system_Berg_Journal_of_Cystic_Fibrosis_2025_Level_5_X_umap_17763a.html
2D_projection_respiratory_system_Berg_Journal_of_Cystic_Fibrosis_2025_Level_5_X_umap_17763a.svg,s3://lifebit-user-data-6941eed90a4dd7a1d1026d7a/deploit/teams/69d8dd1e5d3e1f8c350e006f/users/68af3d99c99eb7bd2ff47bc8/projects/69f80768ca774c668fbaaed8/jobs/69f8cdddd3d80718c05f0785/results/2D_projection_respiratory_system_Berg_Journal_of_Cystic_Fibrosis_2025_Level_5_X_umap_17763a.svg
2D_projection_respiratory_system_Dominguez_Conde_Science_2022_Manually_curated_celltype_X_umap_04d255.html,s3://lifebit-user-data-6941eed90a4dd7a1d1026d7a/deploit/teams/69d8dd1e5d3e1f8c350e006f/users/68af3d99c99eb7bd2ff47bc8/projects/69f80768ca774c668fbaaed8/jobs/69f8cdddd3d80718c05f0785/results/2D_projection_respiratory_system_Dominguez_Conde_Science_2022_Manually_curated_celltype_X_umap_04d255.html
2D_projection_respiratory_system_Dominguez_Conde_Science_2022_Manually_curated_celltype_X_umap_04d255.svg,s3://lifebit-user-data-6941eed90a4dd7a1d1026d7a/deploit/teams/69d8dd1e5d3e1f8c350e006f/users/68af3d99c99eb7bd2ff47bc8/projects/69f80768ca774c668fbaaed8/jobs/69f8cdddd3d80718c05f0785/results/2D_projection_respiratory_system_Dominguez_Conde_Science_2022_Manually_curated_celltype_X_umap_04d255.svg
2D_projection_respiratory_system_Eraslan_Science_2022_Broad_cell_type_X_umap_f44b0f.html,s3://lifebit-user-data-6941eed90a4dd7a1d1026d7a/deploit/teams/69d8dd1e5d3e1f8c350e006f/users/68af3d99c99eb7bd2ff47bc8/projects/69f80768ca774c668fbaaed8/jobs/69f8cdddd3d80718c05f0785/results/2D_projection_respiratory_system_Eraslan_Science_2022_Broad_cell_type_X_umap_f44b0f.html
2D_projection_respiratory_system_Eraslan_Science_2022_Broad_cell_type_X_umap_f44b0f.svg,s3://lifebit-user-data-6941eed90a4dd7a1d1026d7a/deploit/teams/69d8dd1e5d3e1f8c350e006f/users/68af3d99c99eb7bd2ff47bc8/projects/69f80768ca774c668fbaaed8/jobs/69f8cdddd3d80718c05f0785/results/2D_projection_respiratory_system_Eraslan_Science_2022_Broad_cell_type_X_umap_f44b0f.svg
2D_projection_respiratory_system_Han_Nature_2020_author_cell_type_X_umap_5c7ea7.html,s3://lifebit-user-data-6941eed90a4dd7a1d1026d7a/deploit/teams/69d8dd1e5d3e1f8c350e006f/users/68af3d99c99eb7bd2ff47bc8/projects/69f80768ca774c668fbaaed8/jobs/69f8cdddd3d80718c05f0785/results/2D_projection_respiratory_system_Han_Nature_2020_author_cell_type_X_umap_5c7ea7.html
2D_projection_respiratory_system_Han_Nature_2020_author_cell_type_X_umap_5c7ea7.svg,s3://lifebit-user-data-6941eed90a4dd7a1d1026d7a/deploit/teams/69d8dd1e5d3e1f8c350e006f/users/68af3d99c99eb7bd2ff47bc8/projects/69f80768ca774c668fbaaed8/jobs/69f8cdddd3d80718c05f0785/results/2D_projection_respiratory_system_Han_Nature_2020_author_cell_type_X_umap_5c7ea7.svg
2D_projection_respiratory_system_Madissoon_Genome_Biol_2020_author_cell_type_X_umap_2ee7d6.html,s3://lifebit-user-data-6941eed90a4dd7a1d1026d7a/deploit/teams/69d8dd1e5d3e1f8c350e006f/users/68af3d99c99eb7bd2ff47bc8/projects/69f80768ca774c668fbaaed8/jobs/69f8cdddd3d80718c05f0785/results/2D_projection_respiratory_system_Madissoon_Genome_Biol_2020_author_cell_type_X_umap_2ee7d6.html
2D_projection_respiratory_system_Madissoon_Genome_Biol_2020_author_cell_type_X_umap_2ee7d6.svg,s3://lifebit-user-data-6941eed90a4dd7a1d1026d7a/deploit/teams/69d8dd1e5d3e1f8c350e006f/users/68af3d99c99eb7bd2ff47bc8/projects/69f80768ca774c668fbaaed8/jobs/69f8cdddd3d80718c05f0785/results/2D_projection_respiratory_system_Madissoon_Genome_Biol_2020_author_cell_type_X_umap_2ee7d6.svg
2D_projection_respiratory_system_Madissoon_Nat_Genet_2023_Celltypes_X_umap_ee858a.html,s3://lifebit-user-data-6941eed90a4dd7a1d1026d7a/deploit/teams/69d8dd1e5d3e1f8c350e006f/users/68af3d99c99eb7bd2ff47bc8/projects/69f80768ca774c668fbaaed8/jobs/69f8cdddd3d80718c05f0785/results/2D_projection_respiratory_system_Madissoon_Nat_Genet_2023_Celltypes_X_umap_ee858a.html
2D_projection_respiratory_system_Madissoon_Nat_Genet_2023_Celltypes_X_umap_ee858a.svg,s3://lifebit-user-data-6941eed90a4dd7a1d1026d7a/deploit/teams/69d8dd1e5d3e1f8c350e006f/users/68af3d99c99eb7bd2ff47bc8/projects/69f80768ca774c668fbaaed8/jobs/69f8cdddd3d80718c05f0785/results/2D_projection_respiratory_system_Madissoon_Nat_Genet_2023_Celltypes_X_umap_ee858a.svg
2D_projection_respiratory_system_Melms_Nature_2021_cell_type_fine_X_UMAP_c42060.html,s3://lifebit-user-data-6941eed90a4dd7a1d1026d7a/deploit/teams/69d8dd1e5d3e1f8c350e006f/users/68af3d99c99eb7bd2ff47bc8/projects/69f80768ca774c668fbaaed8/jobs/69f8cdddd3d80718c05f0785/results/2D_projection_respiratory_system_Melms_Nature_2021_cell_type_fine_X_UMAP_c42060.html
2D_projection_respiratory_system_Melms_Nature_2021_cell_type_fine_X_UMAP_c42060.svg,s3://lifebit-user-data-6941eed90a4dd7a1d1026d7a/deploit/teams/69d8dd1e5d3e1f8c350e006f/users/68af3d99c99eb7bd2ff47bc8/projects/69f80768ca774c668fbaaed8/jobs/69f8cdddd3d80718c05f0785/results/2D_projection_respiratory_system_Melms_Nature_2021_cell_type_fine_X_UMAP_c42060.svg
2D_projection_respiratory_system_Natri_Nat_Genet_2024_manual_annotation_1_X_umap_9a27e4.html,s3://lifebit-user-data-6941eed90a4dd7a1d1026d7a/deploit/teams/69d8dd1e5d3e1f8c350e006f/users/68af3d99c99eb7bd2ff47bc8/projects/69f80768ca774c668fbaaed8/jobs/69f8cdddd3d80718c05f0785/results/2D_projection_respiratory_system_Natri_Nat_Genet_2024_manual_annotation_1_X_umap_9a27e4.html
2D_projection_respiratory_system_Natri_Nat_Genet_2024_manual_annotation_1_X_umap_9a27e4.svg,s3://lifebit-user-data-6941eed90a4dd7a1d1026d7a/deploit/teams/69d8dd1e5d3e1f8c350e006f/users/68af3d99c99eb7bd2ff47bc8/projects/69f80768ca774c668fbaaed8/jobs/69f8cdddd3d80718c05f0785/results/2D_projection_respiratory_system_Natri_Nat_Genet_2024_manual_annotation_1_X_umap_9a27e4.svg
2D_projection_respiratory_system_Rustam_Am_J_Respir_Crit_Care_Med_2023_author_cell_type_X_umap_56ce23.html,s3://lifebit-user-data-6941eed90a4dd7a1d1026d7a/deploit/teams/69d8dd1e5d3e1f8c350e006f/users/68af3d99c99eb7bd2ff47bc8/projects/69f80768ca774c668fbaaed8/jobs/69f8cdddd3d80718c05f0785/results/2D_projection_respiratory_system_Rustam_Am_J_Respir_Crit_Care_Med_2023_author_cell_type_X_umap_56ce23.html
2D_projection_respiratory_system_Rustam_Am_J_Respir_Crit_Care_Med_2023_author_cell_type_X_umap_56ce23.svg,s3://lifebit-user-data-6941eed90a4dd7a1d1026d7a/deploit/teams/69d8dd1e5d3e1f8c350e006f/users/68af3d99c99eb7bd2ff47bc8/projects/69f80768ca774c668fbaaed8/jobs/69f8cdddd3d80718c05f0785/results/2D_projection_respiratory_system_Rustam_Am_J_Respir_Crit_Care_Med_2023_author_cell_type_X_umap_56ce23.svg
2D_projection_respiratory_system_Sikkema_Nat_Med_2023_ann_finest_level_X_umap_552c94.html,s3://lifebit-user-data-6941eed90a4dd7a1d1026d7a/deploit/teams/69d8dd1e5d3e1f8c350e006f/users/68af3d99c99eb7bd2ff47bc8/projects/69f80768ca774c668fbaaed8/jobs/69f8cdddd3d80718c05f0785/results/2D_projection_respiratory_system_Sikkema_Nat_Med_2023_ann_finest_level_X_umap_552c94.html
2D_projection_respiratory_system_Sikkema_Nat_Med_2023_ann_finest_level_X_umap_552c94.svg,s3://lifebit-user-data-6941eed90a4dd7a1d1026d7a/deploit/teams/69d8dd1e5d3e1f8c350e006f/users/68af3d99c99eb7bd2ff47bc8/projects/69f80768ca774c668fbaaed8/jobs/69f8cdddd3d80718c05f0785/results/2D_projection_respiratory_system_Sikkema_Nat_Med_2023_ann_finest_level_X_umap_552c94.svg
2D_projection_respiratory_system_Szabo_Nat_Commun_2019_status_X_umap_bb4707.html,s3://lifebit-user-data-6941eed90a4dd7a1d1026d7a/deploit/teams/69d8dd1e5d3e1f8c350e006f/users/68af3d99c99eb7bd2ff47bc8/projects/69f80768ca774c668fbaaed8/jobs/69f8cdddd3d80718c05f0785/results/2D_projection_respiratory_system_Szabo_Nat_Commun_2019_status_X_umap_bb4707.html
2D_projection_respiratory_system_Szabo_Nat_Commun_2019_status_X_umap_bb4707.svg,s3://lifebit-user-data-6941eed90a4dd7a1d1026d7a/deploit/teams/69d8dd1e5d3e1f8c350e006f/users/68af3d99c99eb7bd2ff47bc8/projects/69f80768ca774c668fbaaed8/jobs/69f8cdddd3d80718c05f0785/results/2D_projection_respiratory_system_Szabo_Nat_Commun_2019_status_X_umap_bb4707.svg
2D_projection_respiratory_system_Travaglini_Nature_2020_free_annotation_X_tSNE_04a4fd.html,s3://lifebit-user-data-6941eed90a4dd7a1d1026d7a/deploit/teams/69d8dd1e5d3e1f8c350e006f/users/68af3d99c99eb7bd2ff47bc8/projects/69f80768ca774c668fbaaed8/jobs/69f8cdddd3d80718c05f0785/results/2D_projection_respiratory_system_Travaglini_Nature_2020_free_annotation_X_tSNE_04a4fd.html
2D_projection_respiratory_system_Travaglini_Nature_2020_free_annotation_X_tSNE_04a4fd.svg,s3://lifebit-user-data-6941eed90a4dd7a1d1026d7a/deploit/teams/69d8dd1e5d3e1f8c350e006f/users/68af3d99c99eb7bd2ff47bc8/projects/69f80768ca774c668fbaaed8/jobs/69f8cdddd3d80718c05f0785/results/2D_projection_respiratory_system_Travaglini_Nature_2020_free_annotation_X_tSNE_04a4fd.svg
2D_projection_respiratory_system_Travaglini_Nature_2020_free_annotation_X_tSNE_81a82c.html,s3://lifebit-user-data-6941eed90a4dd7a1d1026d7a/deploit/teams/69d8dd1e5d3e1f8c350e006f/users/68af3d99c99eb7bd2ff47bc8/projects/69f80768ca774c668fbaaed8/jobs/69f8cdddd3d80718c05f0785/results/2D_projection_respiratory_system_Travaglini_Nature_2020_free_annotation_X_tSNE_81a82c.html
2D_projection_respiratory_system_Travaglini_Nature_2020_free_annotation_X_tSNE_81a82c.svg,s3://lifebit-user-data-6941eed90a4dd7a1d1026d7a/deploit/teams/69d8dd1e5d3e1f8c350e006f/users/68af3d99c99eb7bd2ff47bc8/projects/69f80768ca774c668fbaaed8/jobs/69f8cdddd3d80718c05f0785/results/2D_projection_respiratory_system_Travaglini_Nature_2020_free_annotation_X_tSNE_81a82c.svg
2D_projection_respiratory_system_Wang_eLife_2020_author_cell_type_X_umap_c3bd89.html,s3://lifebit-user-data-6941eed90a4dd7a1d1026d7a/deploit/teams/69d8dd1e5d3e1f8c350e006f/users/68af3d99c99eb7bd2ff47bc8/projects/69f80768ca774c668fbaaed8/jobs/69f8cdddd3d80718c05f0785/results/2D_projection_respiratory_system_Wang_eLife_2020_author_cell_type_X_umap_c3bd89.html
2D_projection_respiratory_system_Wang_eLife_2020_author_cell_type_X_umap_c3bd89.svg,s3://lifebit-user-data-6941eed90a4dd7a1d1026d7a/deploit/teams/69d8dd1e5d3e1f8c350e006f/users/68af3d99c99eb7bd2ff47bc8/projects/69f80768ca774c668fbaaed8/jobs/69f8cdddd3d80718c05f0785/results/2D_projection_respiratory_system_Wang_eLife_2020_author_cell_type_X_umap_c3bd89.svg
2D_projection_respiratory_system_Watanabe_Am_J_Respir_Cell_Mol_Biol_2022_author_cell_type_X_umap_c7b336.html,s3://lifebit-user-data-6941eed90a4dd7a1d1026d7a/deploit/teams/69d8dd1e5d3e1f8c350e006f/users/68af3d99c99eb7bd2ff47bc8/projects/69f80768ca774c668fbaaed8/jobs/69f8cdddd3d80718c05f0785/results/2D_projection_respiratory_system_Watanabe_Am_J_Respir_Cell_Mol_Biol_2022_author_cell_type_X_umap_c7b336.html
2D_projection_respiratory_system_Watanabe_Am_J_Respir_Cell_Mol_Biol_2022_author_cell_type_X_umap_c7b336.svg,s3://lifebit-user-data-6941eed90a4dd7a1d1026d7a/deploit/teams/69d8dd1e5d3e1f8c350e006f/users/68af3d99c99eb7bd2ff47bc8/projects/69f80768ca774c668fbaaed8/jobs/69f8cdddd3d80718c05f0785/results/2D_projection_respiratory_system_Watanabe_Am_J_Respir_Cell_Mol_Biol_2022_author_cell_type_X_umap_c7b336.svg
2D_projection_respiratory_system_Wells_Nat_Immunol_2025_author_cell_type_X_umap_74e9e1.html,s3://lifebit-user-data-6941eed90a4dd7a1d1026d7a/deploit/teams/69d8dd1e5d3e1f8c350e006f/users/68af3d99c99eb7bd2ff47bc8/projects/69f80768ca774c668fbaaed8/jobs/69f8cdddd3d80718c05f0785/results/2D_projection_respiratory_system_Wells_Nat_Immunol_2025_author_cell_type_X_umap_74e9e1.html
2D_projection_respiratory_system_Wells_Nat_Immunol_2025_author_cell_type_X_umap_74e9e1.svg,s3://lifebit-user-data-6941eed90a4dd7a1d1026d7a/deploit/teams/69d8dd1e5d3e1f8c350e006f/users/68af3d99c99eb7bd2ff47bc8/projects/69f80768ca774c668fbaaed8/jobs/69f8cdddd3d80718c05f0785/results/2D_projection_respiratory_system_Wells_Nat_Immunol_2025_author_cell_type_X_umap_74e9e1.svg
2D_projection_respiratory_system_Wong_American_Journal_of_Transplantation_2024_GSVA_anno_labels_lowcluster_X_umap_3db111.html,s3://lifebit-user-data-6941eed90a4dd7a1d1026d7a/deploit/teams/69d8dd1e5d3e1f8c350e006f/users/68af3d99c99eb7bd2ff47bc8/projects/69f80768ca774c668fbaaed8/jobs/69f8cdddd3d80718c05f0785/results/2D_projection_respiratory_system_Wong_American_Journal_of_Transplantation_2024_GSVA_anno_labels_lowcluster_X_umap_3db111.html
2D_projection_respiratory_system_Wong_American_Journal_of_Transplantation_2024_GSVA_anno_labels_lowcluster_X_umap_3db111.svg,s3://lifebit-user-data-6941eed90a4dd7a1d1026d7a/deploit/teams/69d8dd1e5d3e1f8c350e006f/users/68af3d99c99eb7bd2ff47bc8/projects/69f80768ca774c668fbaaed8/jobs/69f8cdddd3d80718c05f0785/results/2D_projection_respiratory_system_Wong_American_Journal_of_Transplantation_2024_GSVA_anno_labels_lowcluster_X_umap_3db111.svg
2D_projection_respiratory_system_Xu_Cell_2023_Original_annotation_X_umap_78cea8.html,s3://lifebit-user-data-6941eed90a4dd7a1d1026d7a/deploit/teams/69d8dd1e5d3e1f8c350e006f/users/68af3d99c99eb7bd2ff47bc8/projects/69f80768ca774c668fbaaed8/jobs/69f8cdddd3d80718c05f0785/results/2D_projection_respiratory_system_Xu_Cell_2023_Original_annotation_X_umap_78cea8.html
2D_projection_respiratory_system_Xu_Cell_2023_Original_annotation_X_umap_78cea8.svg,s3://lifebit-user-data-6941eed90a4dd7a1d1026d7a/deploit/teams/69d8dd1e5d3e1f8c350e006f/users/68af3d99c99eb7bd2ff47bc8/projects/69f80768ca774c668fbaaed8/jobs/69f8cdddd3d80718c05f0785/results/2D_projection_respiratory_system_Xu_Cell_2023_Original_annotation_X_umap_78cea8.svg
2D_projection_respiratory_system_Xu_Sci_Rep_2022_author_cell_type_final_X_umap_dc2012.html,s3://lifebit-user-data-6941eed90a4dd7a1d1026d7a/deploit/teams/69d8dd1e5d3e1f8c350e006f/users/68af3d99c99eb7bd2ff47bc8/projects/69f80768ca774c668fbaaed8/jobs/69f8cdddd3d80718c05f0785/results/2D_projection_respiratory_system_Xu_Sci_Rep_2022_author_cell_type_final_X_umap_dc2012.html
2D_projection_respiratory_system_Xu_Sci_Rep_2022_author_cell_type_final_X_umap_dc2012.svg,s3://lifebit-user-data-6941eed90a4dd7a1d1026d7a/deploit/teams/69d8dd1e5d3e1f8c350e006f/users/68af3d99c99eb7bd2ff47bc8/projects/69f80768ca774c668fbaaed8/jobs/69f8cdddd3d80718c05f0785/results/2D_projection_respiratory_system_Xu_Sci_Rep_2022_author_cell_type_final_X_umap_dc2012.svg
2D_projection_respiratory_system_Xu_Sci_Rep_2022_cell_type_X_umap_81ecd6.html,s3://lifebit-user-data-6941eed90a4dd7a1d1026d7a/deploit/teams/69d8dd1e5d3e1f8c350e006f/users/68af3d99c99eb7bd2ff47bc8/projects/69f80768ca774c668fbaaed8/jobs/69f8cdddd3d80718c05f0785/results/2D_projection_respiratory_system_Xu_Sci_Rep_2022_cell_type_X_umap_81ecd6.html
2D_projection_respiratory_system_Xu_Sci_Rep_2022_cell_type_X_umap_81ecd6.svg,s3://lifebit-user-data-6941eed90a4dd7a1d1026d7a/deploit/teams/69d8dd1e5d3e1f8c350e006f/users/68af3d99c99eb7bd2ff47bc8/projects/69f80768ca774c668fbaaed8/jobs/69f8cdddd3d80718c05f0785/results/2D_projection_respiratory_system_Xu_Sci_Rep_2022_cell_type_X_umap_81ecd6.svg
2D_projection_respiratory_system_Yoshida_Nature_2022_Cell_type_annotation_level3_X_umap_8dc8be.html,s3://lifebit-user-data-6941eed90a4dd7a1d1026d7a/deploit/teams/69d8dd1e5d3e1f8c350e006f/users/68af3d99c99eb7bd2ff47bc8/projects/69f80768ca774c668fbaaed8/jobs/69f8cdddd3d80718c05f0785/results/2D_projection_respiratory_system_Yoshida_Nature_2022_Cell_type_annotation_level3_X_umap_8dc8be.html
2D_projection_respiratory_system_Yoshida_Nature_2022_Cell_type_annotation_level3_X_umap_8dc8be.svg,s3://lifebit-user-data-6941eed90a4dd7a1d1026d7a/deploit/teams/69d8dd1e5d3e1f8c350e006f/users/68af3d99c99eb7bd2ff47bc8/projects/69f80768ca774c668fbaaed8/jobs/69f8cdddd3d80718c05f0785/results/2D_projection_respiratory_system_Yoshida_Nature_2022_Cell_type_annotation_level3_X_umap_8dc8be.svg
2D_projection_respiratory_system_Ziegler_Cell_2021_Detailed_Cell_Annotations_X_umap_045011.html,s3://lifebit-user-data-6941eed90a4dd7a1d1026d7a/deploit/teams/69d8dd1e5d3e1f8c350e006f/users/68af3d99c99eb7bd2ff47bc8/projects/69f80768ca774c668fbaaed8/jobs/69f8cdddd3d80718c05f0785/results/2D_projection_respiratory_system_Ziegler_Cell_2021_Detailed_Cell_Annotations_X_umap_045011.html
2D_projection_respiratory_system_Ziegler_Cell_2021_Detailed_Cell_Annotations_X_umap_045011.svg,s3://lifebit-user-data-6941eed90a4dd7a1d1026d7a/deploit/teams/69d8dd1e5d3e1f8c350e006f/users/68af3d99c99eb7bd2ff47bc8/projects/69f80768ca774c668fbaaed8/jobs/69f8cdddd3d80718c05f0785/results/2D_projection_respiratory_system_Ziegler_Cell_2021_Detailed_Cell_Annotations_X_umap_045011.svg
adata_filtered_respiratory_system_Berg_Journal_of_Cystic_Fibrosis_2025_Level_5_X_umap_17763a.h5ad,s3://lifebit-user-data-6941eed90a4dd7a1d1026d7a/deploit/teams/69d8dd1e5d3e1f8c350e006f/users/68af3d99c99eb7bd2ff47bc8/projects/69f80768ca774c668fbaaed8/jobs/69f8cdddd3d80718c05f0785/results/adata_filtered_respiratory_system_Berg_Journal_of_Cystic_Fibrosis_2025_Level_5_X_umap_17763a.h5ad
adata_filtered_respiratory_system_Dominguez_Conde_Science_2022_Manually_curated_celltype_X_umap_04d255.h5ad,s3://lifebit-user-data-6941eed90a4dd7a1d1026d7a/deploit/teams/69d8dd1e5d3e1f8c350e006f/users/68af3d99c99eb7bd2ff47bc8/projects/69f80768ca774c668fbaaed8/jobs/69f8cdddd3d80718c05f0785/results/adata_filtered_respiratory_system_Dominguez_Conde_Science_2022_Manually_curated_celltype_X_umap_04d255.h5ad
adata_filtered_respiratory_system_Eraslan_Science_2022_Broad_cell_type_X_umap_f44b0f.h5ad,s3://lifebit-user-data-6941eed90a4dd7a1d1026d7a/deploit/teams/69d8dd1e5d3e1f8c350e006f/users/68af3d99c99eb7bd2ff47bc8/projects/69f80768ca774c668fbaaed8/jobs/69f8cdddd3d80718c05f0785/results/adata_filtered_respiratory_system_Eraslan_Science_2022_Broad_cell_type_X_umap_f44b0f.h5ad
adata_filtered_respiratory_system_Han_Nature_2020_author_cell_type_X_umap_5c7ea7.h5ad,s3://lifebit-user-data-6941eed90a4dd7a1d1026d7a/deploit/teams/69d8dd1e5d3e1f8c350e006f/users/68af3d99c99eb7bd2ff47bc8/projects/69f80768ca774c668fbaaed8/jobs/69f8cdddd3d80718c05f0785/results/adata_filtered_respiratory_system_Han_Nature_2020_author_cell_type_X_umap_5c7ea7.h5ad
adata_filtered_respiratory_system_Madissoon_Genome_Biol_2020_author_cell_type_X_umap_2ee7d6.h5ad,s3://lifebit-user-data-6941eed90a4dd7a1d1026d7a/deploit/teams/69d8dd1e5d3e1f8c350e006f/users/68af3d99c99eb7bd2ff47bc8/projects/69f80768ca774c668fbaaed8/jobs/69f8cdddd3d80718c05f0785/results/adata_filtered_respiratory_system_Madissoon_Genome_Biol_2020_author_cell_type_X_umap_2ee7d6.h5ad
adata_filtered_respiratory_system_Madissoon_Nat_Genet_2023_Celltypes_X_umap_ee858a.h5ad,s3://lifebit-user-data-6941eed90a4dd7a1d1026d7a/deploit/teams/69d8dd1e5d3e1f8c350e006f/users/68af3d99c99eb7bd2ff47bc8/projects/69f80768ca774c668fbaaed8/jobs/69f8cdddd3d80718c05f0785/results/adata_filtered_respiratory_system_Madissoon_Nat_Genet_2023_Celltypes_X_umap_ee858a.h5ad
adata_filtered_respiratory_system_Melms_Nature_2021_cell_type_fine_X_UMAP_c42060.h5ad,s3://lifebit-user-data-6941eed90a4dd7a1d1026d7a/deploit/teams/69d8dd1e5d3e1f8c350e006f/users/68af3d99c99eb7bd2ff47bc8/projects/69f80768ca774c668fbaaed8/jobs/69f8cdddd3d80718c05f0785/results/adata_filtered_respiratory_system_Melms_Nature_2021_cell_type_fine_X_UMAP_c42060.h5ad
adata_filtered_respiratory_system_Natri_Nat_Genet_2024_manual_annotation_1_X_umap_9a27e4.h5ad,s3://lifebit-user-data-6941eed90a4dd7a1d1026d7a/deploit/teams/69d8dd1e5d3e1f8c350e006f/users/68af3d99c99eb7bd2ff47bc8/projects/69f80768ca774c668fbaaed8/jobs/69f8cdddd3d80718c05f0785/results/adata_filtered_respiratory_system_Natri_Nat_Genet_2024_manual_annotation_1_X_umap_9a27e4.h5ad
adata_filtered_respiratory_system_Rustam_Am_J_Respir_Crit_Care_Med_2023_author_cell_type_X_umap_56ce23.h5ad,s3://lifebit-user-data-6941eed90a4dd7a1d1026d7a/deploit/teams/69d8dd1e5d3e1f8c350e006f/users/68af3d99c99eb7bd2ff47bc8/projects/69f80768ca774c668fbaaed8/jobs/69f8cdddd3d80718c05f0785/results/adata_filtered_respiratory_system_Rustam_Am_J_Respir_Crit_Care_Med_2023_author_cell_type_X_umap_56ce23.h5ad
adata_filtered_respiratory_system_Sikkema_Nat_Med_2023_ann_finest_level_X_umap_552c94.h5ad,s3://lifebit-user-data-6941eed90a4dd7a1d1026d7a/deploit/teams/69d8dd1e5d3e1f8c350e006f/users/68af3d99c99eb7bd2ff47bc8/projects/69f80768ca774c668fbaaed8/jobs/69f8cdddd3d80718c05f0785/results/adata_filtered_respiratory_system_Sikkema_Nat_Med_2023_ann_finest_level_X_umap_552c94.h5ad
adata_filtered_respiratory_system_Szabo_Nat_Commun_2019_status_X_umap_bb4707.h5ad,s3://lifebit-user-data-6941eed90a4dd7a1d1026d7a/deploit/teams/69d8dd1e5d3e1f8c350e006f/users/68af3d99c99eb7bd2ff47bc8/projects/69f80768ca774c668fbaaed8/jobs/69f8cdddd3d80718c05f0785/results/adata_filtered_respiratory_system_Szabo_Nat_Commun_2019_status_X_umap_bb4707.h5ad
adata_filtered_respiratory_system_Travaglini_Nature_2020_free_annotation_X_tSNE_04a4fd.h5ad,s3://lifebit-user-data-6941eed90a4dd7a1d1026d7a/deploit/teams/69d8dd1e5d3e1f8c350e006f/users/68af3d99c99eb7bd2ff47bc8/projects/69f80768ca774c668fbaaed8/jobs/69f8cdddd3d80718c05f0785/results/adata_filtered_respiratory_system_Travaglini_Nature_2020_free_annotation_X_tSNE_04a4fd.h5ad
adata_filtered_respiratory_system_Travaglini_Nature_2020_free_annotation_X_tSNE_81a82c.h5ad,s3://lifebit-user-data-6941eed90a4dd7a1d1026d7a/deploit/teams/69d8dd1e5d3e1f8c350e006f/users/68af3d99c99eb7bd2ff47bc8/projects/69f80768ca774c668fbaaed8/jobs/69f8cdddd3d80718c05f0785/results/adata_filtered_respiratory_system_Travaglini_Nature_2020_free_annotation_X_tSNE_81a82c.h5ad
adata_filtered_respiratory_system_Wang_eLife_2020_author_cell_type_X_umap_c3bd89.h5ad,s3://lifebit-user-data-6941eed90a4dd7a1d1026d7a/deploit/teams/69d8dd1e5d3e1f8c350e006f/users/68af3d99c99eb7bd2ff47bc8/projects/69f80768ca774c668fbaaed8/jobs/69f8cdddd3d80718c05f0785/results/adata_filtered_respiratory_system_Wang_eLife_2020_author_cell_type_X_umap_c3bd89.h5ad
adata_filtered_respiratory_system_Watanabe_Am_J_Respir_Cell_Mol_Biol_2022_author_cell_type_X_umap_c7b336.h5ad,s3://lifebit-user-data-6941eed90a4dd7a1d1026d7a/deploit/teams/69d8dd1e5d3e1f8c350e006f/users/68af3d99c99eb7bd2ff47bc8/projects/69f80768ca774c668fbaaed8/jobs/69f8cdddd3d80718c05f0785/results/adata_filtered_respiratory_system_Watanabe_Am_J_Respir_Cell_Mol_Biol_2022_author_cell_type_X_umap_c7b336.h5ad
adata_filtered_respiratory_system_Wells_Nat_Immunol_2025_author_cell_type_X_umap_74e9e1.h5ad,s3://lifebit-user-data-6941eed90a4dd7a1d1026d7a/deploit/teams/69d8dd1e5d3e1f8c350e006f/users/68af3d99c99eb7bd2ff47bc8/projects/69f80768ca774c668fbaaed8/jobs/69f8cdddd3d80718c05f0785/results/adata_filtered_respiratory_system_Wells_Nat_Immunol_2025_author_cell_type_X_umap_74e9e1.h5ad
adata_filtered_respiratory_system_Wong_American_Journal_of_Transplantation_2024_GSVA_anno_labels_lowcluster_X_umap_3db111.h5ad,s3://lifebit-user-data-6941eed90a4dd7a1d1026d7a/deploit/teams/69d8dd1e5d3e1f8c350e006f/users/68af3d99c99eb7bd2ff47bc8/projects/69f80768ca774c668fbaaed8/jobs/69f8cdddd3d80718c05f0785/results/adata_filtered_respiratory_system_Wong_American_Journal_of_Transplantation_2024_GSVA_anno_labels_lowcluster_X_umap_3db111.h5ad
adata_filtered_respiratory_system_Xu_Cell_2023_Original_annotation_X_umap_78cea8.h5ad,s3://lifebit-user-data-6941eed90a4dd7a1d1026d7a/deploit/teams/69d8dd1e5d3e1f8c350e006f/users/68af3d99c99eb7bd2ff47bc8/projects/69f80768ca774c668fbaaed8/jobs/69f8cdddd3d80718c05f0785/results/adata_filtered_respiratory_system_Xu_Cell_2023_Original_annotation_X_umap_78cea8.h5ad
adata_filtered_respiratory_system_Xu_Sci_Rep_2022_author_cell_type_final_X_umap_dc2012.h5ad,s3://lifebit-user-data-6941eed90a4dd7a1d1026d7a/deploit/teams/69d8dd1e5d3e1f8c350e006f/users/68af3d99c99eb7bd2ff47bc8/projects/69f80768ca774c668fbaaed8/jobs/69f8cdddd3d80718c05f0785/results/adata_filtered_respiratory_system_Xu_Sci_Rep_2022_author_cell_type_final_X_umap_dc2012.h5ad
adata_filtered_respiratory_system_Xu_Sci_Rep_2022_cell_type_X_umap_81ecd6.h5ad,s3://lifebit-user-data-6941eed90a4dd7a1d1026d7a/deploit/teams/69d8dd1e5d3e1f8c350e006f/users/68af3d99c99eb7bd2ff47bc8/projects/69f80768ca774c668fbaaed8/jobs/69f8cdddd3d80718c05f0785/results/adata_filtered_respiratory_system_Xu_Sci_Rep_2022_cell_type_X_umap_81ecd6.h5ad
adata_filtered_respiratory_system_Yoshida_Nature_2022_Cell_type_annotation_level3_X_umap_8dc8be.h5ad,s3://lifebit-user-data-6941eed90a4dd7a1d1026d7a/deploit/teams/69d8dd1e5d3e1f8c350e006f/users/68af3d99c99eb7bd2ff47bc8/projects/69f80768ca774c668fbaaed8/jobs/69f8cdddd3d80718c05f0785/results/adata_filtered_respiratory_system_Yoshida_Nature_2022_Cell_type_annotation_level3_X_umap_8dc8be.h5ad
adata_filtered_respiratory_system_Ziegler_Cell_2021_Detailed_Cell_Annotations_X_umap_045011.h5ad,s3://lifebit-user-data-6941eed90a4dd7a1d1026d7a/deploit/teams/69d8dd1e5d3e1f8c350e006f/users/68af3d99c99eb7bd2ff47bc8/projects/69f80768ca774c668fbaaed8/jobs/69f8cdddd3d80718c05f0785/results/adata_filtered_respiratory_system_Ziegler_Cell_2021_Detailed_Cell_Annotations_X_umap_045011.h5ad
annotation_respiratory_system_Berg_Journal_of_Cystic_Fibrosis_2025_Level_5_X_umap_17763a.json,s3://lifebit-user-data-6941eed90a4dd7a1d1026d7a/deploit/teams/69d8dd1e5d3e1f8c350e006f/users/68af3d99c99eb7bd2ff47bc8/projects/69f80768ca774c668fbaaed8/jobs/69f8cdddd3d80718c05f0785/results/annotation_respiratory_system_Berg_Journal_of_Cystic_Fibrosis_2025_Level_5_X_umap_17763a.json
annotation_respiratory_system_Dominguez_Conde_Science_2022_Manually_curated_celltype_X_umap_04d255.json,s3://lifebit-user-data-6941eed90a4dd7a1d1026d7a/deploit/teams/69d8dd1e5d3e1f8c350e006f/users/68af3d99c99eb7bd2ff47bc8/projects/69f80768ca774c668fbaaed8/jobs/69f8cdddd3d80718c05f0785/results/annotation_respiratory_system_Dominguez_Conde_Science_2022_Manually_curated_celltype_X_umap_04d255.json
annotation_respiratory_system_Eraslan_Science_2022_Broad_cell_type_X_umap_f44b0f.json,s3://lifebit-user-data-6941eed90a4dd7a1d1026d7a/deploit/teams/69d8dd1e5d3e1f8c350e006f/users/68af3d99c99eb7bd2ff47bc8/projects/69f80768ca774c668fbaaed8/jobs/69f8cdddd3d80718c05f0785/results/annotation_respiratory_system_Eraslan_Science_2022_Broad_cell_type_X_umap_f44b0f.json
annotation_respiratory_system_Han_Nature_2020_author_cell_type_X_umap_5c7ea7.json,s3://lifebit-user-data-6941eed90a4dd7a1d1026d7a/deploit/teams/69d8dd1e5d3e1f8c350e006f/users/68af3d99c99eb7bd2ff47bc8/projects/69f80768ca774c668fbaaed8/jobs/69f8cdddd3d80718c05f0785/results/annotation_respiratory_system_Han_Nature_2020_author_cell_type_X_umap_5c7ea7.json
annotation_respiratory_system_Madissoon_Genome_Biol_2020_author_cell_type_X_umap_2ee7d6.json,s3://lifebit-user-data-6941eed90a4dd7a1d1026d7a/deploit/teams/69d8dd1e5d3e1f8c350e006f/users/68af3d99c99eb7bd2ff47bc8/projects/69f80768ca774c668fbaaed8/jobs/69f8cdddd3d80718c05f0785/results/annotation_respiratory_system_Madissoon_Genome_Biol_2020_author_cell_type_X_umap_2ee7d6.json
annotation_respiratory_system_Madissoon_Nat_Genet_2023_Celltypes_X_umap_ee858a.json,s3://lifebit-user-data-6941eed90a4dd7a1d1026d7a/deploit/teams/69d8dd1e5d3e1f8c350e006f/users/68af3d99c99eb7bd2ff47bc8/projects/69f80768ca774c668fbaaed8/jobs/69f8cdddd3d80718c05f0785/results/annotation_respiratory_system_Madissoon_Nat_Genet_2023_Celltypes_X_umap_ee858a.json
annotation_respiratory_system_Melms_Nature_2021_cell_type_fine_X_UMAP_c42060.json,s3://lifebit-user-data-6941eed90a4dd7a1d1026d7a/deploit/teams/69d8dd1e5d3e1f8c350e006f/users/68af3d99c99eb7bd2ff47bc8/projects/69f80768ca774c668fbaaed8/jobs/69f8cdddd3d80718c05f0785/results/annotation_respiratory_system_Melms_Nature_2021_cell_type_fine_X_UMAP_c42060.json
annotation_respiratory_system_Natri_Nat_Genet_2024_manual_annotation_1_X_umap_9a27e4.json,s3://lifebit-user-data-6941eed90a4dd7a1d1026d7a/deploit/teams/69d8dd1e5d3e1f8c350e006f/users/68af3d99c99eb7bd2ff47bc8/projects/69f80768ca774c668fbaaed8/jobs/69f8cdddd3d80718c05f0785/results/annotation_respiratory_system_Natri_Nat_Genet_2024_manual_annotation_1_X_umap_9a27e4.json
annotation_respiratory_system_Rustam_Am_J_Respir_Crit_Care_Med_2023_author_cell_type_X_umap_56ce23.json,s3://lifebit-user-data-6941eed90a4dd7a1d1026d7a/deploit/teams/69d8dd1e5d3e1f8c350e006f/users/68af3d99c99eb7bd2ff47bc8/projects/69f80768ca774c668fbaaed8/jobs/69f8cdddd3d80718c05f0785/results/annotation_respiratory_system_Rustam_Am_J_Respir_Crit_Care_Med_2023_author_cell_type_X_umap_56ce23.json
annotation_respiratory_system_Sikkema_Nat_Med_2023_ann_finest_level_X_umap_552c94.json,s3://lifebit-user-data-6941eed90a4dd7a1d1026d7a/deploit/teams/69d8dd1e5d3e1f8c350e006f/users/68af3d99c99eb7bd2ff47bc8/projects/69f80768ca774c668fbaaed8/jobs/69f8cdddd3d80718c05f0785/results/annotation_respiratory_system_Sikkema_Nat_Med_2023_ann_finest_level_X_umap_552c94.json
annotation_respiratory_system_Szabo_Nat_Commun_2019_status_X_umap_bb4707.json,s3://lifebit-user-data-6941eed90a4dd7a1d1026d7a/deploit/teams/69d8dd1e5d3e1f8c350e006f/users/68af3d99c99eb7bd2ff47bc8/projects/69f80768ca774c668fbaaed8/jobs/69f8cdddd3d80718c05f0785/results/annotation_respiratory_system_Szabo_Nat_Commun_2019_status_X_umap_bb4707.json
annotation_respiratory_system_Travaglini_Nature_2020_free_annotation_X_tSNE_04a4fd.json,s3://lifebit-user-data-6941eed90a4dd7a1d1026d7a/deploit/teams/69d8dd1e5d3e1f8c350e006f/users/68af3d99c99eb7bd2ff47bc8/projects/69f80768ca774c668fbaaed8/jobs/69f8cdddd3d80718c05f0785/results/annotation_respiratory_system_Travaglini_Nature_2020_free_annotation_X_tSNE_04a4fd.json
annotation_respiratory_system_Travaglini_Nature_2020_free_annotation_X_tSNE_81a82c.json,s3://lifebit-user-data-6941eed90a4dd7a1d1026d7a/deploit/teams/69d8dd1e5d3e1f8c350e006f/users/68af3d99c99eb7bd2ff47bc8/projects/69f80768ca774c668fbaaed8/jobs/69f8cdddd3d80718c05f0785/results/annotation_respiratory_system_Travaglini_Nature_2020_free_annotation_X_tSNE_81a82c.json
annotation_respiratory_system_Wang_eLife_2020_author_cell_type_X_umap_c3bd89.json,s3://lifebit-user-data-6941eed90a4dd7a1d1026d7a/deploit/teams/69d8dd1e5d3e1f8c350e006f/users/68af3d99c99eb7bd2ff47bc8/projects/69f80768ca774c668fbaaed8/jobs/69f8cdddd3d80718c05f0785/results/annotation_respiratory_system_Wang_eLife_2020_author_cell_type_X_umap_c3bd89.json
annotation_respiratory_system_Watanabe_Am_J_Respir_Cell_Mol_Biol_2022_author_cell_type_X_umap_c7b336.json,s3://lifebit-user-data-6941eed90a4dd7a1d1026d7a/deploit/teams/69d8dd1e5d3e1f8c350e006f/users/68af3d99c99eb7bd2ff47bc8/projects/69f80768ca774c668fbaaed8/jobs/69f8cdddd3d80718c05f0785/results/annotation_respiratory_system_Watanabe_Am_J_Respir_Cell_Mol_Biol_2022_author_cell_type_X_umap_c7b336.json
annotation_respiratory_system_Wells_Nat_Immunol_2025_author_cell_type_X_umap_74e9e1.json,s3://lifebit-user-data-6941eed90a4dd7a1d1026d7a/deploit/teams/69d8dd1e5d3e1f8c350e006f/users/68af3d99c99eb7bd2ff47bc8/projects/69f80768ca774c668fbaaed8/jobs/69f8cdddd3d80718c05f0785/results/annotation_respiratory_system_Wells_Nat_Immunol_2025_author_cell_type_X_umap_74e9e1.json
annotation_respiratory_system_Wong_American_Journal_of_Transplantation_2024_GSVA_anno_labels_lowcluster_X_umap_3db111.json,s3://lifebit-user-data-6941eed90a4dd7a1d1026d7a/deploit/teams/69d8dd1e5d3e1f8c350e006f/users/68af3d99c99eb7bd2ff47bc8/projects/69f80768ca774c668fbaaed8/jobs/69f8cdddd3d80718c05f0785/results/annotation_respiratory_system_Wong_American_Journal_of_Transplantation_2024_GSVA_anno_labels_lowcluster_X_umap_3db111.json
annotation_respiratory_system_Xu_Cell_2023_Original_annotation_X_umap_78cea8.json,s3://lifebit-user-data-6941eed90a4dd7a1d1026d7a/deploit/teams/69d8dd1e5d3e1f8c350e006f/users/68af3d99c99eb7bd2ff47bc8/projects/69f80768ca774c668fbaaed8/jobs/69f8cdddd3d80718c05f0785/results/annotation_respiratory_system_Xu_Cell_2023_Original_annotation_X_umap_78cea8.json
annotation_respiratory_system_Xu_Sci_Rep_2022_author_cell_type_final_X_umap_dc2012.json,s3://lifebit-user-data-6941eed90a4dd7a1d1026d7a/deploit/teams/69d8dd1e5d3e1f8c350e006f/users/68af3d99c99eb7bd2ff47bc8/projects/69f80768ca774c668fbaaed8/jobs/69f8cdddd3d80718c05f0785/results/annotation_respiratory_system_Xu_Sci_Rep_2022_author_cell_type_final_X_umap_dc2012.json
annotation_respiratory_system_Xu_Sci_Rep_2022_cell_type_X_umap_81ecd6.json,s3://lifebit-user-data-6941eed90a4dd7a1d1026d7a/deploit/teams/69d8dd1e5d3e1f8c350e006f/users/68af3d99c99eb7bd2ff47bc8/projects/69f80768ca774c668fbaaed8/jobs/69f8cdddd3d80718c05f0785/results/annotation_respiratory_system_Xu_Sci_Rep_2022_cell_type_X_umap_81ecd6.json
annotation_respiratory_system_Yoshida_Nature_2022_Cell_type_annotation_level3_X_umap_8dc8be.json,s3://lifebit-user-data-6941eed90a4dd7a1d1026d7a/deploit/teams/69d8dd1e5d3e1f8c350e006f/users/68af3d99c99eb7bd2ff47bc8/projects/69f80768ca774c668fbaaed8/jobs/69f8cdddd3d80718c05f0785/results/annotation_respiratory_system_Yoshida_Nature_2022_Cell_type_annotation_level3_X_umap_8dc8be.json
annotation_respiratory_system_Ziegler_Cell_2021_Detailed_Cell_Annotations_X_umap_045011.json,s3://lifebit-user-data-6941eed90a4dd7a1d1026d7a/deploit/teams/69d8dd1e5d3e1f8c350e006f/users/68af3d99c99eb7bd2ff47bc8/projects/69f80768ca774c668fbaaed8/jobs/69f8cdddd3d80718c05f0785/results/annotation_respiratory_system_Ziegler_Cell_2021_Detailed_Cell_Annotations_X_umap_045011.json
binary_scores_ensg_respiratory_system_Berg_Journal_of_Cystic_Fibrosis_2025_Level_5_X_umap_17763a.csv,s3://lifebit-user-data-6941eed90a4dd7a1d1026d7a/deploit/teams/69d8dd1e5d3e1f8c350e006f/users/68af3d99c99eb7bd2ff47bc8/projects/69f80768ca774c668fbaaed8/jobs/69f8cdddd3d80718c05f0785/results/binary_scores_ensg_respiratory_system_Berg_Journal_of_Cystic_Fibrosis_2025_Level_5_X_umap_17763a.csv
binary_scores_ensg_respiratory_system_Berg_Journal_of_Cystic_Fibrosis_2025_Level_5_X_umap_17763a.pkl,s3://lifebit-user-data-6941eed90a4dd7a1d1026d7a/deploit/teams/69d8dd1e5d3e1f8c350e006f/users/68af3d99c99eb7bd2ff47bc8/projects/69f80768ca774c668fbaaed8/jobs/69f8cdddd3d80718c05f0785/results/binary_scores_ensg_respiratory_system_Berg_Journal_of_Cystic_Fibrosis_2025_Level_5_X_umap_17763a.pkl
binary_scores_ensg_respiratory_system_Dominguez_Conde_Science_2022_Manually_curated_celltype_X_umap_04d255.csv,s3://lifebit-user-data-6941eed90a4dd7a1d1026d7a/deploit/teams/69d8dd1e5d3e1f8c350e006f/users/68af3d99c99eb7bd2ff47bc8/projects/69f80768ca774c668fbaaed8/jobs/69f8cdddd3d80718c05f0785/results/binary_scores_ensg_respiratory_system_Dominguez_Conde_Science_2022_Manually_curated_celltype_X_umap_04d255.csv
binary_scores_ensg_respiratory_system_Dominguez_Conde_Science_2022_Manually_curated_celltype_X_umap_04d255.pkl,s3://lifebit-user-data-6941eed90a4dd7a1d1026d7a/deploit/teams/69d8dd1e5d3e1f8c350e006f/users/68af3d99c99eb7bd2ff47bc8/projects/69f80768ca774c668fbaaed8/jobs/69f8cdddd3d80718c05f0785/results/binary_scores_ensg_respiratory_system_Dominguez_Conde_Science_2022_Manually_curated_celltype_X_umap_04d255.pkl
binary_scores_ensg_respiratory_system_Eraslan_Science_2022_Broad_cell_type_X_umap_f44b0f.csv,s3://lifebit-user-data-6941eed90a4dd7a1d1026d7a/deploit/teams/69d8dd1e5d3e1f8c350e006f/users/68af3d99c99eb7bd2ff47bc8/projects/69f80768ca774c668fbaaed8/jobs/69f8cdddd3d80718c05f0785/results/binary_scores_ensg_respiratory_system_Eraslan_Science_2022_Broad_cell_type_X_umap_f44b0f.csv
binary_scores_ensg_respiratory_system_Eraslan_Science_2022_Broad_cell_type_X_umap_f44b0f.pkl,s3://lifebit-user-data-6941eed90a4dd7a1d1026d7a/deploit/teams/69d8dd1e5d3e1f8c350e006f/users/68af3d99c99eb7bd2ff47bc8/projects/69f80768ca774c668fbaaed8/jobs/69f8cdddd3d80718c05f0785/results/binary_scores_ensg_respiratory_system_Eraslan_Science_2022_Broad_cell_type_X_umap_f44b0f.pkl
binary_scores_ensg_respiratory_system_Han_Nature_2020_author_cell_type_X_umap_5c7ea7.csv,s3://lifebit-user-data-6941eed90a4dd7a1d1026d7a/deploit/teams/69d8dd1e5d3e1f8c350e006f/users/68af3d99c99eb7bd2ff47bc8/projects/69f80768ca774c668fbaaed8/jobs/69f8cdddd3d80718c05f0785/results/binary_scores_ensg_respiratory_system_Han_Nature_2020_author_cell_type_X_umap_5c7ea7.csv
binary_scores_ensg_respiratory_system_Han_Nature_2020_author_cell_type_X_umap_5c7ea7.pkl,s3://lifebit-user-data-6941eed90a4dd7a1d1026d7a/deploit/teams/69d8dd1e5d3e1f8c350e006f/users/68af3d99c99eb7bd2ff47bc8/projects/69f80768ca774c668fbaaed8/jobs/69f8cdddd3d80718c05f0785/results/binary_scores_ensg_respiratory_system_Han_Nature_2020_author_cell_type_X_umap_5c7ea7.pkl
binary_scores_ensg_respiratory_system_Madissoon_Genome_Biol_2020_author_cell_type_X_umap_2ee7d6.csv,s3://lifebit-user-data-6941eed90a4dd7a1d1026d7a/deploit/teams/69d8dd1e5d3e1f8c350e006f/users/68af3d99c99eb7bd2ff47bc8/projects/69f80768ca774c668fbaaed8/jobs/69f8cdddd3d80718c05f0785/results/binary_scores_ensg_respiratory_system_Madissoon_Genome_Biol_2020_author_cell_type_X_umap_2ee7d6.csv
binary_scores_ensg_respiratory_system_Madissoon_Genome_Biol_2020_author_cell_type_X_umap_2ee7d6.pkl,s3://lifebit-user-data-6941eed90a4dd7a1d1026d7a/deploit/teams/69d8dd1e5d3e1f8c350e006f/users/68af3d99c99eb7bd2ff47bc8/projects/69f80768ca774c668fbaaed8/jobs/69f8cdddd3d80718c05f0785/results/binary_scores_ensg_respiratory_system_Madissoon_Genome_Biol_2020_author_cell_type_X_umap_2ee7d6.pkl
binary_scores_ensg_respiratory_system_Madissoon_Nat_Genet_2023_Celltypes_X_umap_ee858a.csv,s3://lifebit-user-data-6941eed90a4dd7a1d1026d7a/deploit/teams/69d8dd1e5d3e1f8c350e006f/users/68af3d99c99eb7bd2ff47bc8/projects/69f80768ca774c668fbaaed8/jobs/69f8cdddd3d80718c05f0785/results/binary_scores_ensg_respiratory_system_Madissoon_Nat_Genet_2023_Celltypes_X_umap_ee858a.csv
binary_scores_ensg_respiratory_system_Madissoon_Nat_Genet_2023_Celltypes_X_umap_ee858a.pkl,s3://lifebit-user-data-6941eed90a4dd7a1d1026d7a/deploit/teams/69d8dd1e5d3e1f8c350e006f/users/68af3d99c99eb7bd2ff47bc8/projects/69f80768ca774c668fbaaed8/jobs/69f8cdddd3d80718c05f0785/results/binary_scores_ensg_respiratory_system_Madissoon_Nat_Genet_2023_Celltypes_X_umap_ee858a.pkl
binary_scores_ensg_respiratory_system_Melms_Nature_2021_cell_type_fine_X_UMAP_c42060.csv,s3://lifebit-user-data-6941eed90a4dd7a1d1026d7a/deploit/teams/69d8dd1e5d3e1f8c350e006f/users/68af3d99c99eb7bd2ff47bc8/projects/69f80768ca774c668fbaaed8/jobs/69f8cdddd3d80718c05f0785/results/binary_scores_ensg_respiratory_system_Melms_Nature_2021_cell_type_fine_X_UMAP_c42060.csv
binary_scores_ensg_respiratory_system_Melms_Nature_2021_cell_type_fine_X_UMAP_c42060.pkl,s3://lifebit-user-data-6941eed90a4dd7a1d1026d7a/deploit/teams/69d8dd1e5d3e1f8c350e006f/users/68af3d99c99eb7bd2ff47bc8/projects/69f80768ca774c668fbaaed8/jobs/69f8cdddd3d80718c05f0785/results/binary_scores_ensg_respiratory_system_Melms_Nature_2021_cell_type_fine_X_UMAP_c42060.pkl
binary_scores_ensg_respiratory_system_Natri_Nat_Genet_2024_manual_annotation_1_X_umap_9a27e4.csv,s3://lifebit-user-data-6941eed90a4dd7a1d1026d7a/deploit/teams/69d8dd1e5d3e1f8c350e006f/users/68af3d99c99eb7bd2ff47bc8/projects/69f80768ca774c668fbaaed8/jobs/69f8cdddd3d80718c05f0785/results/binary_scores_ensg_respiratory_system_Natri_Nat_Genet_2024_manual_annotation_1_X_umap_9a27e4.csv
binary_scores_ensg_respiratory_system_Natri_Nat_Genet_2024_manual_annotation_1_X_umap_9a27e4.pkl,s3://lifebit-user-data-6941eed90a4dd7a1d1026d7a/deploit/teams/69d8dd1e5d3e1f8c350e006f/users/68af3d99c99eb7bd2ff47bc8/projects/69f80768ca774c668fbaaed8/jobs/69f8cdddd3d80718c05f0785/results/binary_scores_ensg_respiratory_system_Natri_Nat_Genet_2024_manual_annotation_1_X_umap_9a27e4.pkl
binary_scores_ensg_respiratory_system_Rustam_Am_J_Respir_Crit_Care_Med_2023_author_cell_type_X_umap_56ce23.csv,s3://lifebit-user-data-6941eed90a4dd7a1d1026d7a/deploit/teams/69d8dd1e5d3e1f8c350e006f/users/68af3d99c99eb7bd2ff47bc8/projects/69f80768ca774c668fbaaed8/jobs/69f8cdddd3d80718c05f0785/results/binary_scores_ensg_respiratory_system_Rustam_Am_J_Respir_Crit_Care_Med_2023_author_cell_type_X_umap_56ce23.csv
binary_scores_ensg_respiratory_system_Rustam_Am_J_Respir_Crit_Care_Med_2023_author_cell_type_X_umap_56ce23.pkl,s3://lifebit-user-data-6941eed90a4dd7a1d1026d7a/deploit/teams/69d8dd1e5d3e1f8c350e006f/users/68af3d99c99eb7bd2ff47bc8/projects/69f80768ca774c668fbaaed8/jobs/69f8cdddd3d80718c05f0785/results/binary_scores_ensg_respiratory_system_Rustam_Am_J_Respir_Crit_Care_Med_2023_author_cell_type_X_umap_56ce23.pkl
binary_scores_ensg_respiratory_system_Sikkema_Nat_Med_2023_ann_finest_level_X_umap_552c94.csv,s3://lifebit-user-data-6941eed90a4dd7a1d1026d7a/deploit/teams/69d8dd1e5d3e1f8c350e006f/users/68af3d99c99eb7bd2ff47bc8/projects/69f80768ca774c668fbaaed8/jobs/69f8cdddd3d80718c05f0785/results/binary_scores_ensg_respiratory_system_Sikkema_Nat_Med_2023_ann_finest_level_X_umap_552c94.csv
binary_scores_ensg_respiratory_system_Sikkema_Nat_Med_2023_ann_finest_level_X_umap_552c94.pkl,s3://lifebit-user-data-6941eed90a4dd7a1d1026d7a/deploit/teams/69d8dd1e5d3e1f8c350e006f/users/68af3d99c99eb7bd2ff47bc8/projects/69f80768ca774c668fbaaed8/jobs/69f8cdddd3d80718c05f0785/results/binary_scores_ensg_respiratory_system_Sikkema_Nat_Med_2023_ann_finest_level_X_umap_552c94.pkl
binary_scores_ensg_respiratory_system_Szabo_Nat_Commun_2019_status_X_umap_bb4707.csv,s3://lifebit-user-data-6941eed90a4dd7a1d1026d7a/deploit/teams/69d8dd1e5d3e1f8c350e006f/users/68af3d99c99eb7bd2ff47bc8/projects/69f80768ca774c668fbaaed8/jobs/69f8cdddd3d80718c05f0785/results/binary_scores_ensg_respiratory_system_Szabo_Nat_Commun_2019_status_X_umap_bb4707.csv
binary_scores_ensg_respiratory_system_Szabo_Nat_Commun_2019_status_X_umap_bb4707.pkl,s3://lifebit-user-data-6941eed90a4dd7a1d1026d7a/deploit/teams/69d8dd1e5d3e1f8c350e006f/users/68af3d99c99eb7bd2ff47bc8/projects/69f80768ca774c668fbaaed8/jobs/69f8cdddd3d80718c05f0785/results/binary_scores_ensg_respiratory_system_Szabo_Nat_Commun_2019_status_X_umap_bb4707.pkl
binary_scores_ensg_respiratory_system_Travaglini_Nature_2020_free_annotation_X_tSNE_04a4fd.csv,s3://lifebit-user-data-6941eed90a4dd7a1d1026d7a/deploit/teams/69d8dd1e5d3e1f8c350e006f/users/68af3d99c99eb7bd2ff47bc8/projects/69f80768ca774c668fbaaed8/jobs/69f8cdddd3d80718c05f0785/results/binary_scores_ensg_respiratory_system_Travaglini_Nature_2020_free_annotation_X_tSNE_04a4fd.csv
binary_scores_ensg_respiratory_system_Travaglini_Nature_2020_free_annotation_X_tSNE_04a4fd.pkl,s3://lifebit-user-data-6941eed90a4dd7a1d1026d7a/deploit/teams/69d8dd1e5d3e1f8c350e006f/users/68af3d99c99eb7bd2ff47bc8/projects/69f80768ca774c668fbaaed8/jobs/69f8cdddd3d80718c05f0785/results/binary_scores_ensg_respiratory_system_Travaglini_Nature_2020_free_annotation_X_tSNE_04a4fd.pkl
binary_scores_ensg_respiratory_system_Travaglini_Nature_2020_free_annotation_X_tSNE_81a82c.csv,s3://lifebit-user-data-6941eed90a4dd7a1d1026d7a/deploit/teams/69d8dd1e5d3e1f8c350e006f/users/68af3d99c99eb7bd2ff47bc8/projects/69f80768ca774c668fbaaed8/jobs/69f8cdddd3d80718c05f0785/results/binary_scores_ensg_respiratory_system_Travaglini_Nature_2020_free_annotation_X_tSNE_81a82c.csv
binary_scores_ensg_respiratory_system_Travaglini_Nature_2020_free_annotation_X_tSNE_81a82c.pkl,s3://lifebit-user-data-6941eed90a4dd7a1d1026d7a/deploit/teams/69d8dd1e5d3e1f8c350e006f/users/68af3d99c99eb7bd2ff47bc8/projects/69f80768ca774c668fbaaed8/jobs/69f8cdddd3d80718c05f0785/results/binary_scores_ensg_respiratory_system_Travaglini_Nature_2020_free_annotation_X_tSNE_81a82c.pkl
binary_scores_ensg_respiratory_system_Wang_eLife_2020_author_cell_type_X_umap_c3bd89.csv,s3://lifebit-user-data-6941eed90a4dd7a1d1026d7a/deploit/teams/69d8dd1e5d3e1f8c350e006f/users/68af3d99c99eb7bd2ff47bc8/projects/69f80768ca774c668fbaaed8/jobs/69f8cdddd3d80718c05f0785/results/binary_scores_ensg_respiratory_system_Wang_eLife_2020_author_cell_type_X_umap_c3bd89.csv
binary_scores_ensg_respiratory_system_Wang_eLife_2020_author_cell_type_X_umap_c3bd89.pkl,s3://lifebit-user-data-6941eed90a4dd7a1d1026d7a/deploit/teams/69d8dd1e5d3e1f8c350e006f/users/68af3d99c99eb7bd2ff47bc8/projects/69f80768ca774c668fbaaed8/jobs/69f8cdddd3d80718c05f0785/results/binary_scores_ensg_respiratory_system_Wang_eLife_2020_author_cell_type_X_umap_c3bd89.pkl
binary_scores_ensg_respiratory_system_Watanabe_Am_J_Respir_Cell_Mol_Biol_2022_author_cell_type_X_umap_c7b336.csv,s3://lifebit-user-data-6941eed90a4dd7a1d1026d7a/deploit/teams/69d8dd1e5d3e1f8c350e006f/users/68af3d99c99eb7bd2ff47bc8/projects/69f80768ca774c668fbaaed8/jobs/69f8cdddd3d80718c05f0785/results/binary_scores_ensg_respiratory_system_Watanabe_Am_J_Respir_Cell_Mol_Biol_2022_author_cell_type_X_umap_c7b336.csv
binary_scores_ensg_respiratory_system_Watanabe_Am_J_Respir_Cell_Mol_Biol_2022_author_cell_type_X_umap_c7b336.pkl,s3://lifebit-user-data-6941eed90a4dd7a1d1026d7a/deploit/teams/69d8dd1e5d3e1f8c350e006f/users/68af3d99c99eb7bd2ff47bc8/projects/69f80768ca774c668fbaaed8/jobs/69f8cdddd3d80718c05f0785/results/binary_scores_ensg_respiratory_system_Watanabe_Am_J_Respir_Cell_Mol_Biol_2022_author_cell_type_X_umap_c7b336.pkl
binary_scores_ensg_respiratory_system_Wells_Nat_Immunol_2025_author_cell_type_X_umap_74e9e1.csv,s3://lifebit-user-data-6941eed90a4dd7a1d1026d7a/deploit/teams/69d8dd1e5d3e1f8c350e006f/users/68af3d99c99eb7bd2ff47bc8/projects/69f80768ca774c668fbaaed8/jobs/69f8cdddd3d80718c05f0785/results/binary_scores_ensg_respiratory_system_Wells_Nat_Immunol_2025_author_cell_type_X_umap_74e9e1.csv
binary_scores_ensg_respiratory_system_Wells_Nat_Immunol_2025_author_cell_type_X_umap_74e9e1.pkl,s3://lifebit-user-data-6941eed90a4dd7a1d1026d7a/deploit/teams/69d8dd1e5d3e1f8c350e006f/users/68af3d99c99eb7bd2ff47bc8/projects/69f80768ca774c668fbaaed8/jobs/69f8cdddd3d80718c05f0785/results/binary_scores_ensg_respiratory_system_Wells_Nat_Immunol_2025_author_cell_type_X_umap_74e9e1.pkl
binary_scores_ensg_respiratory_system_Wong_American_Journal_of_Transplantation_2024_GSVA_anno_labels_lowcluster_X_umap_3db111.csv,s3://lifebit-user-data-6941eed90a4dd7a1d1026d7a/deploit/teams/69d8dd1e5d3e1f8c350e006f/users/68af3d99c99eb7bd2ff47bc8/projects/69f80768ca774c668fbaaed8/jobs/69f8cdddd3d80718c05f0785/results/binary_scores_ensg_respiratory_system_Wong_American_Journal_of_Transplantation_2024_GSVA_anno_labels_lowcluster_X_umap_3db111.csv
binary_scores_ensg_respiratory_system_Wong_American_Journal_of_Transplantation_2024_GSVA_anno_labels_lowcluster_X_umap_3db111.pkl,s3://lifebit-user-data-6941eed90a4dd7a1d1026d7a/deploit/teams/69d8dd1e5d3e1f8c350e006f/users/68af3d99c99eb7bd2ff47bc8/projects/69f80768ca774c668fbaaed8/jobs/69f8cdddd3d80718c05f0785/results/binary_scores_ensg_respiratory_system_Wong_American_Journal_of_Transplantation_2024_GSVA_anno_labels_lowcluster_X_umap_3db111.pkl
binary_scores_ensg_respiratory_system_Xu_Cell_2023_Original_annotation_X_umap_78cea8.csv,s3://lifebit-user-data-6941eed90a4dd7a1d1026d7a/deploit/teams/69d8dd1e5d3e1f8c350e006f/users/68af3d99c99eb7bd2ff47bc8/projects/69f80768ca774c668fbaaed8/jobs/69f8cdddd3d80718c05f0785/results/binary_scores_ensg_respiratory_system_Xu_Cell_2023_Original_annotation_X_umap_78cea8.csv
binary_scores_ensg_respiratory_system_Xu_Cell_2023_Original_annotation_X_umap_78cea8.pkl,s3://lifebit-user-data-6941eed90a4dd7a1d1026d7a/deploit/teams/69d8dd1e5d3e1f8c350e006f/users/68af3d99c99eb7bd2ff47bc8/projects/69f80768ca774c668fbaaed8/jobs/69f8cdddd3d80718c05f0785/results/binary_scores_ensg_respiratory_system_Xu_Cell_2023_Original_annotation_X_umap_78cea8.pkl
binary_scores_ensg_respiratory_system_Xu_Sci_Rep_2022_author_cell_type_final_X_umap_dc2012.csv,s3://lifebit-user-data-6941eed90a4dd7a1d1026d7a/deploit/teams/69d8dd1e5d3e1f8c350e006f/users/68af3d99c99eb7bd2ff47bc8/projects/69f80768ca774c668fbaaed8/jobs/69f8cdddd3d80718c05f0785/results/binary_scores_ensg_respiratory_system_Xu_Sci_Rep_2022_author_cell_type_final_X_umap_dc2012.csv
binary_scores_ensg_respiratory_system_Xu_Sci_Rep_2022_author_cell_type_final_X_umap_dc2012.pkl,s3://lifebit-user-data-6941eed90a4dd7a1d1026d7a/deploit/teams/69d8dd1e5d3e1f8c350e006f/users/68af3d99c99eb7bd2ff47bc8/projects/69f80768ca774c668fbaaed8/jobs/69f8cdddd3d80718c05f0785/results/binary_scores_ensg_respiratory_system_Xu_Sci_Rep_2022_author_cell_type_final_X_umap_dc2012.pkl
binary_scores_ensg_respiratory_system_Xu_Sci_Rep_2022_cell_type_X_umap_81ecd6.csv,s3://lifebit-user-data-6941eed90a4dd7a1d1026d7a/deploit/teams/69d8dd1e5d3e1f8c350e006f/users/68af3d99c99eb7bd2ff47bc8/projects/69f80768ca774c668fbaaed8/jobs/69f8cdddd3d80718c05f0785/results/binary_scores_ensg_respiratory_system_Xu_Sci_Rep_2022_cell_type_X_umap_81ecd6.csv
binary_scores_ensg_respiratory_system_Xu_Sci_Rep_2022_cell_type_X_umap_81ecd6.pkl,s3://lifebit-user-data-6941eed90a4dd7a1d1026d7a/deploit/teams/69d8dd1e5d3e1f8c350e006f/users/68af3d99c99eb7bd2ff47bc8/projects/69f80768ca774c668fbaaed8/jobs/69f8cdddd3d80718c05f0785/results/binary_scores_ensg_respiratory_system_Xu_Sci_Rep_2022_cell_type_X_umap_81ecd6.pkl
binary_scores_ensg_respiratory_system_Yoshida_Nature_2022_Cell_type_annotation_level3_X_umap_8dc8be.csv,s3://lifebit-user-data-6941eed90a4dd7a1d1026d7a/deploit/teams/69d8dd1e5d3e1f8c350e006f/users/68af3d99c99eb7bd2ff47bc8/projects/69f80768ca774c668fbaaed8/jobs/69f8cdddd3d80718c05f0785/results/binary_scores_ensg_respiratory_system_Yoshida_Nature_2022_Cell_type_annotation_level3_X_umap_8dc8be.csv
binary_scores_ensg_respiratory_system_Yoshida_Nature_2022_Cell_type_annotation_level3_X_umap_8dc8be.pkl,s3://lifebit-user-data-6941eed90a4dd7a1d1026d7a/deploit/teams/69d8dd1e5d3e1f8c350e006f/users/68af3d99c99eb7bd2ff47bc8/projects/69f80768ca774c668fbaaed8/jobs/69f8cdddd3d80718c05f0785/results/binary_scores_ensg_respiratory_system_Yoshida_Nature_2022_Cell_type_annotation_level3_X_umap_8dc8be.pkl
binary_scores_ensg_respiratory_system_Ziegler_Cell_2021_Detailed_Cell_Annotations_X_umap_045011.csv,s3://lifebit-user-data-6941eed90a4dd7a1d1026d7a/deploit/teams/69d8dd1e5d3e1f8c350e006f/users/68af3d99c99eb7bd2ff47bc8/projects/69f80768ca774c668fbaaed8/jobs/69f8cdddd3d80718c05f0785/results/binary_scores_ensg_respiratory_system_Ziegler_Cell_2021_Detailed_Cell_Annotations_X_umap_045011.csv
binary_scores_ensg_respiratory_system_Ziegler_Cell_2021_Detailed_Cell_Annotations_X_umap_045011.pkl,s3://lifebit-user-data-6941eed90a4dd7a1d1026d7a/deploit/teams/69d8dd1e5d3e1f8c350e006f/users/68af3d99c99eb7bd2ff47bc8/projects/69f80768ca774c668fbaaed8/jobs/69f8cdddd3d80718c05f0785/results/binary_scores_ensg_respiratory_system_Ziegler_Cell_2021_Detailed_Cell_Annotations_X_umap_045011.pkl
binary_scores_symbols_respiratory_system_Berg_Journal_of_Cystic_Fibrosis_2025_Level_5_X_umap_17763a.csv,s3://lifebit-user-data-6941eed90a4dd7a1d1026d7a/deploit/teams/69d8dd1e5d3e1f8c350e006f/users/68af3d99c99eb7bd2ff47bc8/projects/69f80768ca774c668fbaaed8/jobs/69f8cdddd3d80718c05f0785/results/binary_scores_symbols_respiratory_system_Berg_Journal_of_Cystic_Fibrosis_2025_Level_5_X_umap_17763a.csv
binary_scores_symbols_respiratory_system_Berg_Journal_of_Cystic_Fibrosis_2025_Level_5_X_umap_17763a.pkl,s3://lifebit-user-data-6941eed90a4dd7a1d1026d7a/deploit/teams/69d8dd1e5d3e1f8c350e006f/users/68af3d99c99eb7bd2ff47bc8/projects/69f80768ca774c668fbaaed8/jobs/69f8cdddd3d80718c05f0785/results/binary_scores_symbols_respiratory_system_Berg_Journal_of_Cystic_Fibrosis_2025_Level_5_X_umap_17763a.pkl
binary_scores_symbols_respiratory_system_Dominguez_Conde_Science_2022_Manually_curated_celltype_X_umap_04d255.csv,s3://lifebit-user-data-6941eed90a4dd7a1d1026d7a/deploit/teams/69d8dd1e5d3e1f8c350e006f/users/68af3d99c99eb7bd2ff47bc8/projects/69f80768ca774c668fbaaed8/jobs/69f8cdddd3d80718c05f0785/results/binary_scores_symbols_respiratory_system_Dominguez_Conde_Science_2022_Manually_curated_celltype_X_umap_04d255.csv
binary_scores_symbols_respiratory_system_Dominguez_Conde_Science_2022_Manually_curated_celltype_X_umap_04d255.pkl,s3://lifebit-user-data-6941eed90a4dd7a1d1026d7a/deploit/teams/69d8dd1e5d3e1f8c350e006f/users/68af3d99c99eb7bd2ff47bc8/projects/69f80768ca774c668fbaaed8/jobs/69f8cdddd3d80718c05f0785/results/binary_scores_symbols_respiratory_system_Dominguez_Conde_Science_2022_Manually_curated_celltype_X_umap_04d255.pkl
binary_scores_symbols_respiratory_system_Eraslan_Science_2022_Broad_cell_type_X_umap_f44b0f.csv,s3://lifebit-user-data-6941eed90a4dd7a1d1026d7a/deploit/teams/69d8dd1e5d3e1f8c350e006f/users/68af3d99c99eb7bd2ff47bc8/projects/69f80768ca774c668fbaaed8/jobs/69f8cdddd3d80718c05f0785/results/binary_scores_symbols_respiratory_system_Eraslan_Science_2022_Broad_cell_type_X_umap_f44b0f.csv
binary_scores_symbols_respiratory_system_Eraslan_Science_2022_Broad_cell_type_X_umap_f44b0f.pkl,s3://lifebit-user-data-6941eed90a4dd7a1d1026d7a/deploit/teams/69d8dd1e5d3e1f8c350e006f/users/68af3d99c99eb7bd2ff47bc8/projects/69f80768ca774c668fbaaed8/jobs/69f8cdddd3d80718c05f0785/results/binary_scores_symbols_respiratory_system_Eraslan_Science_2022_Broad_cell_type_X_umap_f44b0f.pkl
binary_scores_symbols_respiratory_system_Han_Nature_2020_author_cell_type_X_umap_5c7ea7.csv,s3://lifebit-user-data-6941eed90a4dd7a1d1026d7a/deploit/teams/69d8dd1e5d3e1f8c350e006f/users/68af3d99c99eb7bd2ff47bc8/projects/69f80768ca774c668fbaaed8/jobs/69f8cdddd3d80718c05f0785/results/binary_scores_symbols_respiratory_system_Han_Nature_2020_author_cell_type_X_umap_5c7ea7.csv
binary_scores_symbols_respiratory_system_Han_Nature_2020_author_cell_type_X_umap_5c7ea7.pkl,s3://lifebit-user-data-6941eed90a4dd7a1d1026d7a/deploit/teams/69d8dd1e5d3e1f8c350e006f/users/68af3d99c99eb7bd2ff47bc8/projects/69f80768ca774c668fbaaed8/jobs/69f8cdddd3d80718c05f0785/results/binary_scores_symbols_respiratory_system_Han_Nature_2020_author_cell_type_X_umap_5c7ea7.pkl
binary_scores_symbols_respiratory_system_Madissoon_Genome_Biol_2020_author_cell_type_X_umap_2ee7d6.csv,s3://lifebit-user-data-6941eed90a4dd7a1d1026d7a/deploit/teams/69d8dd1e5d3e1f8c350e006f/users/68af3d99c99eb7bd2ff47bc8/projects/69f80768ca774c668fbaaed8/jobs/69f8cdddd3d80718c05f0785/results/binary_scores_symbols_respiratory_system_Madissoon_Genome_Biol_2020_author_cell_type_X_umap_2ee7d6.csv
binary_scores_symbols_respiratory_system_Madissoon_Genome_Biol_2020_author_cell_type_X_umap_2ee7d6.pkl,s3://lifebit-user-data-6941eed90a4dd7a1d1026d7a/deploit/teams/69d8dd1e5d3e1f8c350e006f/users/68af3d99c99eb7bd2ff47bc8/projects/69f80768ca774c668fbaaed8/jobs/69f8cdddd3d80718c05f0785/results/binary_scores_symbols_respiratory_system_Madissoon_Genome_Biol_2020_author_cell_type_X_umap_2ee7d6.pkl
binary_scores_symbols_respiratory_system_Madissoon_Nat_Genet_2023_Celltypes_X_umap_ee858a.csv,s3://lifebit-user-data-6941eed90a4dd7a1d1026d7a/deploit/teams/69d8dd1e5d3e1f8c350e006f/users/68af3d99c99eb7bd2ff47bc8/projects/69f80768ca774c668fbaaed8/jobs/69f8cdddd3d80718c05f0785/results/binary_scores_symbols_respiratory_system_Madissoon_Nat_Genet_2023_Celltypes_X_umap_ee858a.csv
binary_scores_symbols_respiratory_system_Madissoon_Nat_Genet_2023_Celltypes_X_umap_ee858a.pkl,s3://lifebit-user-data-6941eed90a4dd7a1d1026d7a/deploit/teams/69d8dd1e5d3e1f8c350e006f/users/68af3d99c99eb7bd2ff47bc8/projects/69f80768ca774c668fbaaed8/jobs/69f8cdddd3d80718c05f0785/results/binary_scores_symbols_respiratory_system_Madissoon_Nat_Genet_2023_Celltypes_X_umap_ee858a.pkl
binary_scores_symbols_respiratory_system_Melms_Nature_2021_cell_type_fine_X_UMAP_c42060.csv,s3://lifebit-user-data-6941eed90a4dd7a1d1026d7a/deploit/teams/69d8dd1e5d3e1f8c350e006f/users/68af3d99c99eb7bd2ff47bc8/projects/69f80768ca774c668fbaaed8/jobs/69f8cdddd3d80718c05f0785/results/binary_scores_symbols_respiratory_system_Melms_Nature_2021_cell_type_fine_X_UMAP_c42060.csv
binary_scores_symbols_respiratory_system_Melms_Nature_2021_cell_type_fine_X_UMAP_c42060.pkl,s3://lifebit-user-data-6941eed90a4dd7a1d1026d7a/deploit/teams/69d8dd1e5d3e1f8c350e006f/users/68af3d99c99eb7bd2ff47bc8/projects/69f80768ca774c668fbaaed8/jobs/69f8cdddd3d80718c05f0785/results/binary_scores_symbols_respiratory_system_Melms_Nature_2021_cell_type_fine_X_UMAP_c42060.pkl
binary_scores_symbols_respiratory_system_Natri_Nat_Genet_2024_manual_annotation_1_X_umap_9a27e4.csv,s3://lifebit-user-data-6941eed90a4dd7a1d1026d7a/deploit/teams/69d8dd1e5d3e1f8c350e006f/users/68af3d99c99eb7bd2ff47bc8/projects/69f80768ca774c668fbaaed8/jobs/69f8cdddd3d80718c05f0785/results/binary_scores_symbols_respiratory_system_Natri_Nat_Genet_2024_manual_annotation_1_X_umap_9a27e4.csv
binary_scores_symbols_respiratory_system_Natri_Nat_Genet_2024_manual_annotation_1_X_umap_9a27e4.pkl,s3://lifebit-user-data-6941eed90a4dd7a1d1026d7a/deploit/teams/69d8dd1e5d3e1f8c350e006f/users/68af3d99c99eb7bd2ff47bc8/projects/69f80768ca774c668fbaaed8/jobs/69f8cdddd3d80718c05f0785/results/binary_scores_symbols_respiratory_system_Natri_Nat_Genet_2024_manual_annotation_1_X_umap_9a27e4.pkl
binary_scores_symbols_respiratory_system_Rustam_Am_J_Respir_Crit_Care_Med_2023_author_cell_type_X_umap_56ce23.csv,s3://lifebit-user-data-6941eed90a4dd7a1d1026d7a/deploit/teams/69d8dd1e5d3e1f8c350e006f/users/68af3d99c99eb7bd2ff47bc8/projects/69f80768ca774c668fbaaed8/jobs/69f8cdddd3d80718c05f0785/results/binary_scores_symbols_respiratory_system_Rustam_Am_J_Respir_Crit_Care_Med_2023_author_cell_type_X_umap_56ce23.csv
binary_scores_symbols_respiratory_system_Rustam_Am_J_Respir_Crit_Care_Med_2023_author_cell_type_X_umap_56ce23.pkl,s3://lifebit-user-data-6941eed90a4dd7a1d1026d7a/deploit/teams/69d8dd1e5d3e1f8c350e006f/users/68af3d99c99eb7bd2ff47bc8/projects/69f80768ca774c668fbaaed8/jobs/69f8cdddd3d80718c05f0785/results/binary_scores_symbols_respiratory_system_Rustam_Am_J_Respir_Crit_Care_Med_2023_author_cell_type_X_umap_56ce23.pkl
binary_scores_symbols_respiratory_system_Sikkema_Nat_Med_2023_ann_finest_level_X_umap_552c94.csv,s3://lifebit-user-data-6941eed90a4dd7a1d1026d7a/deploit/teams/69d8dd1e5d3e1f8c350e006f/users/68af3d99c99eb7bd2ff47bc8/projects/69f80768ca774c668fbaaed8/jobs/69f8cdddd3d80718c05f0785/results/binary_scores_symbols_respiratory_system_Sikkema_Nat_Med_2023_ann_finest_level_X_umap_552c94.csv
binary_scores_symbols_respiratory_system_Sikkema_Nat_Med_2023_ann_finest_level_X_umap_552c94.pkl,s3://lifebit-user-data-6941eed90a4dd7a1d1026d7a/deploit/teams/69d8dd1e5d3e1f8c350e006f/users/68af3d99c99eb7bd2ff47bc8/projects/69f80768ca774c668fbaaed8/jobs/69f8cdddd3d80718c05f0785/results/binary_scores_symbols_respiratory_system_Sikkema_Nat_Med_2023_ann_finest_level_X_umap_552c94.pkl
binary_scores_symbols_respiratory_system_Szabo_Nat_Commun_2019_status_X_umap_bb4707.csv,s3://lifebit-user-data-6941eed90a4dd7a1d1026d7a/deploit/teams/69d8dd1e5d3e1f8c350e006f/users/68af3d99c99eb7bd2ff47bc8/projects/69f80768ca774c668fbaaed8/jobs/69f8cdddd3d80718c05f0785/results/binary_scores_symbols_respiratory_system_Szabo_Nat_Commun_2019_status_X_umap_bb4707.csv
binary_scores_symbols_respiratory_system_Szabo_Nat_Commun_2019_status_X_umap_bb4707.pkl,s3://lifebit-user-data-6941eed90a4dd7a1d1026d7a/deploit/teams/69d8dd1e5d3e1f8c350e006f/users/68af3d99c99eb7bd2ff47bc8/projects/69f80768ca774c668fbaaed8/jobs/69f8cdddd3d80718c05f0785/results/binary_scores_symbols_respiratory_system_Szabo_Nat_Commun_2019_status_X_umap_bb4707.pkl
binary_scores_symbols_respiratory_system_Travaglini_Nature_2020_free_annotation_X_tSNE_04a4fd.csv,s3://lifebit-user-data-6941eed90a4dd7a1d1026d7a/deploit/teams/69d8dd1e5d3e1f8c350e006f/users/68af3d99c99eb7bd2ff47bc8/projects/69f80768ca774c668fbaaed8/jobs/69f8cdddd3d80718c05f0785/results/binary_scores_symbols_respiratory_system_Travaglini_Nature_2020_free_annotation_X_tSNE_04a4fd.csv
binary_scores_symbols_respiratory_system_Travaglini_Nature_2020_free_annotation_X_tSNE_04a4fd.pkl,s3://lifebit-user-data-6941eed90a4dd7a1d1026d7a/deploit/teams/69d8dd1e5d3e1f8c350e006f/users/68af3d99c99eb7bd2ff47bc8/projects/69f80768ca774c668fbaaed8/jobs/69f8cdddd3d80718c05f0785/results/binary_scores_symbols_respiratory_system_Travaglini_Nature_2020_free_annotation_X_tSNE_04a4fd.pkl
binary_scores_symbols_respiratory_system_Travaglini_Nature_2020_free_annotation_X_tSNE_81a82c.csv,s3://lifebit-user-data-6941eed90a4dd7a1d1026d7a/deploit/teams/69d8dd1e5d3e1f8c350e006f/users/68af3d99c99eb7bd2ff47bc8/projects/69f80768ca774c668fbaaed8/jobs/69f8cdddd3d80718c05f0785/results/binary_scores_symbols_respiratory_system_Travaglini_Nature_2020_free_annotation_X_tSNE_81a82c.csv
binary_scores_symbols_respiratory_system_Travaglini_Nature_2020_free_annotation_X_tSNE_81a82c.pkl,s3://lifebit-user-data-6941eed90a4dd7a1d1026d7a/deploit/teams/69d8dd1e5d3e1f8c350e006f/users/68af3d99c99eb7bd2ff47bc8/projects/69f80768ca774c668fbaaed8/jobs/69f8cdddd3d80718c05f0785/results/binary_scores_symbols_respiratory_system_Travaglini_Nature_2020_free_annotation_X_tSNE_81a82c.pkl
binary_scores_symbols_respiratory_system_Wang_eLife_2020_author_cell_type_X_umap_c3bd89.csv,s3://lifebit-user-data-6941eed90a4dd7a1d1026d7a/deploit/teams/69d8dd1e5d3e1f8c350e006f/users/68af3d99c99eb7bd2ff47bc8/projects/69f80768ca774c668fbaaed8/jobs/69f8cdddd3d80718c05f0785/results/binary_scores_symbols_respiratory_system_Wang_eLife_2020_author_cell_type_X_umap_c3bd89.csv
binary_scores_symbols_respiratory_system_Wang_eLife_2020_author_cell_type_X_umap_c3bd89.pkl,s3://lifebit-user-data-6941eed90a4dd7a1d1026d7a/deploit/teams/69d8dd1e5d3e1f8c350e006f/users/68af3d99c99eb7bd2ff47bc8/projects/69f80768ca774c668fbaaed8/jobs/69f8cdddd3d80718c05f0785/results/binary_scores_symbols_respiratory_system_Wang_eLife_2020_author_cell_type_X_umap_c3bd89.pkl
binary_scores_symbols_respiratory_system_Watanabe_Am_J_Respir_Cell_Mol_Biol_2022_author_cell_type_X_umap_c7b336.csv,s3://lifebit-user-data-6941eed90a4dd7a1d1026d7a/deploit/teams/69d8dd1e5d3e1f8c350e006f/users/68af3d99c99eb7bd2ff47bc8/projects/69f80768ca774c668fbaaed8/jobs/69f8cdddd3d80718c05f0785/results/binary_scores_symbols_respiratory_system_Watanabe_Am_J_Respir_Cell_Mol_Biol_2022_author_cell_type_X_umap_c7b336.csv
binary_scores_symbols_respiratory_system_Watanabe_Am_J_Respir_Cell_Mol_Biol_2022_author_cell_type_X_umap_c7b336.pkl,s3://lifebit-user-data-6941eed90a4dd7a1d1026d7a/deploit/teams/69d8dd1e5d3e1f8c350e006f/users/68af3d99c99eb7bd2ff47bc8/projects/69f80768ca774c668fbaaed8/jobs/69f8cdddd3d80718c05f0785/results/binary_scores_symbols_respiratory_system_Watanabe_Am_J_Respir_Cell_Mol_Biol_2022_author_cell_type_X_umap_c7b336.pkl
binary_scores_symbols_respiratory_system_Wells_Nat_Immunol_2025_author_cell_type_X_umap_74e9e1.csv,s3://lifebit-user-data-6941eed90a4dd7a1d1026d7a/deploit/teams/69d8dd1e5d3e1f8c350e006f/users/68af3d99c99eb7bd2ff47bc8/projects/69f80768ca774c668fbaaed8/jobs/69f8cdddd3d80718c05f0785/results/binary_scores_symbols_respiratory_system_Wells_Nat_Immunol_2025_author_cell_type_X_umap_74e9e1.csv
binary_scores_symbols_respiratory_system_Wells_Nat_Immunol_2025_author_cell_type_X_umap_74e9e1.pkl,s3://lifebit-user-data-6941eed90a4dd7a1d1026d7a/deploit/teams/69d8dd1e5d3e1f8c350e006f/users/68af3d99c99eb7bd2ff47bc8/projects/69f80768ca774c668fbaaed8/jobs/69f8cdddd3d80718c05f0785/results/binary_scores_symbols_respiratory_system_Wells_Nat_Immunol_2025_author_cell_type_X_umap_74e9e1.pkl
binary_scores_symbols_respiratory_system_Wong_American_Journal_of_Transplantation_2024_GSVA_anno_labels_lowcluster_X_umap_3db111.csv,s3://lifebit-user-data-6941eed90a4dd7a1d1026d7a/deploit/teams/69d8dd1e5d3e1f8c350e006f/users/68af3d99c99eb7bd2ff47bc8/projects/69f80768ca774c668fbaaed8/jobs/69f8cdddd3d80718c05f0785/results/binary_scores_symbols_respiratory_system_Wong_American_Journal_of_Transplantation_2024_GSVA_anno_labels_lowcluster_X_umap_3db111.csv
binary_scores_symbols_respiratory_system_Wong_American_Journal_of_Transplantation_2024_GSVA_anno_labels_lowcluster_X_umap_3db111.pkl,s3://lifebit-user-data-6941eed90a4dd7a1d1026d7a/deploit/teams/69d8dd1e5d3e1f8c350e006f/users/68af3d99c99eb7bd2ff47bc8/projects/69f80768ca774c668fbaaed8/jobs/69f8cdddd3d80718c05f0785/results/binary_scores_symbols_respiratory_system_Wong_American_Journal_of_Transplantation_2024_GSVA_anno_labels_lowcluster_X_umap_3db111.pkl
binary_scores_symbols_respiratory_system_Xu_Cell_2023_Original_annotation_X_umap_78cea8.csv,s3://lifebit-user-data-6941eed90a4dd7a1d1026d7a/deploit/teams/69d8dd1e5d3e1f8c350e006f/users/68af3d99c99eb7bd2ff47bc8/projects/69f80768ca774c668fbaaed8/jobs/69f8cdddd3d80718c05f0785/results/binary_scores_symbols_respiratory_system_Xu_Cell_2023_Original_annotation_X_umap_78cea8.csv
binary_scores_symbols_respiratory_system_Xu_Cell_2023_Original_annotation_X_umap_78cea8.pkl,s3://lifebit-user-data-6941eed90a4dd7a1d1026d7a/deploit/teams/69d8dd1e5d3e1f8c350e006f/users/68af3d99c99eb7bd2ff47bc8/projects/69f80768ca774c668fbaaed8/jobs/69f8cdddd3d80718c05f0785/results/binary_scores_symbols_respiratory_system_Xu_Cell_2023_Original_annotation_X_umap_78cea8.pkl
binary_scores_symbols_respiratory_system_Xu_Sci_Rep_2022_author_cell_type_final_X_umap_dc2012.csv,s3://lifebit-user-data-6941eed90a4dd7a1d1026d7a/deploit/teams/69d8dd1e5d3e1f8c350e006f/users/68af3d99c99eb7bd2ff47bc8/projects/69f80768ca774c668fbaaed8/jobs/69f8cdddd3d80718c05f0785/results/binary_scores_symbols_respiratory_system_Xu_Sci_Rep_2022_author_cell_type_final_X_umap_dc2012.csv
binary_scores_symbols_respiratory_system_Xu_Sci_Rep_2022_author_cell_type_final_X_umap_dc2012.pkl,s3://lifebit-user-data-6941eed90a4dd7a1d1026d7a/deploit/teams/69d8dd1e5d3e1f8c350e006f/users/68af3d99c99eb7bd2ff47bc8/projects/69f80768ca774c668fbaaed8/jobs/69f8cdddd3d80718c05f0785/results/binary_scores_symbols_respiratory_system_Xu_Sci_Rep_2022_author_cell_type_final_X_umap_dc2012.pkl
binary_scores_symbols_respiratory_system_Xu_Sci_Rep_2022_cell_type_X_umap_81ecd6.csv,s3://lifebit-user-data-6941eed90a4dd7a1d1026d7a/deploit/teams/69d8dd1e5d3e1f8c350e006f/users/68af3d99c99eb7bd2ff47bc8/projects/69f80768ca774c668fbaaed8/jobs/69f8cdddd3d80718c05f0785/results/binary_scores_symbols_respiratory_system_Xu_Sci_Rep_2022_cell_type_X_umap_81ecd6.csv
binary_scores_symbols_respiratory_system_Xu_Sci_Rep_2022_cell_type_X_umap_81ecd6.pkl,s3://lifebit-user-data-6941eed90a4dd7a1d1026d7a/deploit/teams/69d8dd1e5d3e1f8c350e006f/users/68af3d99c99eb7bd2ff47bc8/projects/69f80768ca774c668fbaaed8/jobs/69f8cdddd3d80718c05f0785/results/binary_scores_symbols_respiratory_system_Xu_Sci_Rep_2022_cell_type_X_umap_81ecd6.pkl
binary_scores_symbols_respiratory_system_Yoshida_Nature_2022_Cell_type_annotation_level3_X_umap_8dc8be.csv,s3://lifebit-user-data-6941eed90a4dd7a1d1026d7a/deploit/teams/69d8dd1e5d3e1f8c350e006f/users/68af3d99c99eb7bd2ff47bc8/projects/69f80768ca774c668fbaaed8/jobs/69f8cdddd3d80718c05f0785/results/binary_scores_symbols_respiratory_system_Yoshida_Nature_2022_Cell_type_annotation_level3_X_umap_8dc8be.csv
binary_scores_symbols_respiratory_system_Yoshida_Nature_2022_Cell_type_annotation_level3_X_umap_8dc8be.pkl,s3://lifebit-user-data-6941eed90a4dd7a1d1026d7a/deploit/teams/69d8dd1e5d3e1f8c350e006f/users/68af3d99c99eb7bd2ff47bc8/projects/69f80768ca774c668fbaaed8/jobs/69f8cdddd3d80718c05f0785/results/binary_scores_symbols_respiratory_system_Yoshida_Nature_2022_Cell_type_annotation_level3_X_umap_8dc8be.pkl
binary_scores_symbols_respiratory_system_Ziegler_Cell_2021_Detailed_Cell_Annotations_X_umap_045011.csv,s3://lifebit-user-data-6941eed90a4dd7a1d1026d7a/deploit/teams/69d8dd1e5d3e1f8c350e006f/users/68af3d99c99eb7bd2ff47bc8/projects/69f80768ca774c668fbaaed8/jobs/69f8cdddd3d80718c05f0785/results/binary_scores_symbols_respiratory_system_Ziegler_Cell_2021_Detailed_Cell_Annotations_X_umap_045011.csv
binary_scores_symbols_respiratory_system_Ziegler_Cell_2021_Detailed_Cell_Annotations_X_umap_045011.pkl,s3://lifebit-user-data-6941eed90a4dd7a1d1026d7a/deploit/teams/69d8dd1e5d3e1f8c350e006f/users/68af3d99c99eb7bd2ff47bc8/projects/69f80768ca774c668fbaaed8/jobs/69f8cdddd3d80718c05f0785/results/binary_scores_symbols_respiratory_system_Ziegler_Cell_2021_Detailed_Cell_Annotations_X_umap_045011.pkl
boxplot_respiratory_system_Berg_Journal_of_Cystic_Fibrosis_2025_Level_5_X_umap_17763a_f_score.html,s3://lifebit-user-data-6941eed90a4dd7a1d1026d7a/deploit/teams/69d8dd1e5d3e1f8c350e006f/users/68af3d99c99eb7bd2ff47bc8/projects/69f80768ca774c668fbaaed8/jobs/69f8cdddd3d80718c05f0785/results/boxplot_respiratory_system_Berg_Journal_of_Cystic_Fibrosis_2025_Level_5_X_umap_17763a_f_score.html
boxplot_respiratory_system_Berg_Journal_of_Cystic_Fibrosis_2025_Level_5_X_umap_17763a_f_score.svg,s3://lifebit-user-data-6941eed90a4dd7a1d1026d7a/deploit/teams/69d8dd1e5d3e1f8c350e006f/users/68af3d99c99eb7bd2ff47bc8/projects/69f80768ca774c668fbaaed8/jobs/69f8cdddd3d80718c05f0785/results/boxplot_respiratory_system_Berg_Journal_of_Cystic_Fibrosis_2025_Level_5_X_umap_17763a_f_score.svg
boxplot_respiratory_system_Berg_Journal_of_Cystic_Fibrosis_2025_Level_5_X_umap_17763a_onTarget.html,s3://lifebit-user-data-6941eed90a4dd7a1d1026d7a/deploit/teams/69d8dd1e5d3e1f8c350e006f/users/68af3d99c99eb7bd2ff47bc8/projects/69f80768ca774c668fbaaed8/jobs/69f8cdddd3d80718c05f0785/results/boxplot_respiratory_system_Berg_Journal_of_Cystic_Fibrosis_2025_Level_5_X_umap_17763a_onTarget.html
boxplot_respiratory_system_Berg_Journal_of_Cystic_Fibrosis_2025_Level_5_X_umap_17763a_onTarget.svg,s3://lifebit-user-data-6941eed90a4dd7a1d1026d7a/deploit/teams/69d8dd1e5d3e1f8c350e006f/users/68af3d99c99eb7bd2ff47bc8/projects/69f80768ca774c668fbaaed8/jobs/69f8cdddd3d80718c05f0785/results/boxplot_respiratory_system_Berg_Journal_of_Cystic_Fibrosis_2025_Level_5_X_umap_17763a_onTarget.svg
boxplot_respiratory_system_Berg_Journal_of_Cystic_Fibrosis_2025_Level_5_X_umap_17763a_precision.html,s3://lifebit-user-data-6941eed90a4dd7a1d1026d7a/deploit/teams/69d8dd1e5d3e1f8c350e006f/users/68af3d99c99eb7bd2ff47bc8/projects/69f80768ca774c668fbaaed8/jobs/69f8cdddd3d80718c05f0785/results/boxplot_respiratory_system_Berg_Journal_of_Cystic_Fibrosis_2025_Level_5_X_umap_17763a_precision.html
boxplot_respiratory_system_Berg_Journal_of_Cystic_Fibrosis_2025_Level_5_X_umap_17763a_precision.svg,s3://lifebit-user-data-6941eed90a4dd7a1d1026d7a/deploit/teams/69d8dd1e5d3e1f8c350e006f/users/68af3d99c99eb7bd2ff47bc8/projects/69f80768ca774c668fbaaed8/jobs/69f8cdddd3d80718c05f0785/results/boxplot_respiratory_system_Berg_Journal_of_Cystic_Fibrosis_2025_Level_5_X_umap_17763a_precision.svg
boxplot_respiratory_system_Berg_Journal_of_Cystic_Fibrosis_2025_Level_5_X_umap_17763a_recall.html,s3://lifebit-user-data-6941eed90a4dd7a1d1026d7a/deploit/teams/69d8dd1e5d3e1f8c350e006f/users/68af3d99c99eb7bd2ff47bc8/projects/69f80768ca774c668fbaaed8/jobs/69f8cdddd3d80718c05f0785/results/boxplot_respiratory_system_Berg_Journal_of_Cystic_Fibrosis_2025_Level_5_X_umap_17763a_recall.html
boxplot_respiratory_system_Berg_Journal_of_Cystic_Fibrosis_2025_Level_5_X_umap_17763a_recall.svg,s3://lifebit-user-data-6941eed90a4dd7a1d1026d7a/deploit/teams/69d8dd1e5d3e1f8c350e006f/users/68af3d99c99eb7bd2ff47bc8/projects/69f80768ca774c668fbaaed8/jobs/69f8cdddd3d80718c05f0785/results/boxplot_respiratory_system_Berg_Journal_of_Cystic_Fibrosis_2025_Level_5_X_umap_17763a_recall.svg
boxplot_respiratory_system_Dominguez_Conde_Science_2022_Manually_curated_celltype_X_umap_04d255_f_score.html,s3://lifebit-user-data-6941eed90a4dd7a1d1026d7a/deploit/teams/69d8dd1e5d3e1f8c350e006f/users/68af3d99c99eb7bd2ff47bc8/projects/69f80768ca774c668fbaaed8/jobs/69f8cdddd3d80718c05f0785/results/boxplot_respiratory_system_Dominguez_Conde_Science_2022_Manually_curated_celltype_X_umap_04d255_f_score.html
boxplot_respiratory_system_Dominguez_Conde_Science_2022_Manually_curated_celltype_X_umap_04d255_f_score.svg,s3://lifebit-user-data-6941eed90a4dd7a1d1026d7a/deploit/teams/69d8dd1e5d3e1f8c350e006f/users/68af3d99c99eb7bd2ff47bc8/projects/69f80768ca774c668fbaaed8/jobs/69f8cdddd3d80718c05f0785/results/boxplot_respiratory_system_Dominguez_Conde_Science_2022_Manually_curated_celltype_X_umap_04d255_f_score.svg
boxplot_respiratory_system_Dominguez_Conde_Science_2022_Manually_curated_celltype_X_umap_04d255_onTarget.html,s3://lifebit-user-data-6941eed90a4dd7a1d1026d7a/deploit/teams/69d8dd1e5d3e1f8c350e006f/users/68af3d99c99eb7bd2ff47bc8/projects/69f80768ca774c668fbaaed8/jobs/69f8cdddd3d80718c05f0785/results/boxplot_respiratory_system_Dominguez_Conde_Science_2022_Manually_curated_celltype_X_umap_04d255_onTarget.html
boxplot_respiratory_system_Dominguez_Conde_Science_2022_Manually_curated_celltype_X_umap_04d255_onTarget.svg,s3://lifebit-user-data-6941eed90a4dd7a1d1026d7a/deploit/teams/69d8dd1e5d3e1f8c350e006f/users/68af3d99c99eb7bd2ff47bc8/projects/69f80768ca774c668fbaaed8/jobs/69f8cdddd3d80718c05f0785/results/boxplot_respiratory_system_Dominguez_Conde_Science_2022_Manually_curated_celltype_X_umap_04d255_onTarget.svg
boxplot_respiratory_system_Dominguez_Conde_Science_2022_Manually_curated_celltype_X_umap_04d255_precision.html,s3://lifebit-user-data-6941eed90a4dd7a1d1026d7a/deploit/teams/69d8dd1e5d3e1f8c350e006f/users/68af3d99c99eb7bd2ff47bc8/projects/69f80768ca774c668fbaaed8/jobs/69f8cdddd3d80718c05f0785/results/boxplot_respiratory_system_Dominguez_Conde_Science_2022_Manually_curated_celltype_X_umap_04d255_precision.html
boxplot_respiratory_system_Dominguez_Conde_Science_2022_Manually_curated_celltype_X_umap_04d255_precision.svg,s3://lifebit-user-data-6941eed90a4dd7a1d1026d7a/deploit/teams/69d8dd1e5d3e1f8c350e006f/users/68af3d99c99eb7bd2ff47bc8/projects/69f80768ca774c668fbaaed8/jobs/69f8cdddd3d80718c05f0785/results/boxplot_respiratory_system_Dominguez_Conde_Science_2022_Manually_curated_celltype_X_umap_04d255_precision.svg
boxplot_respiratory_system_Dominguez_Conde_Science_2022_Manually_curated_celltype_X_umap_04d255_recall.html,s3://lifebit-user-data-6941eed90a4dd7a1d1026d7a/deploit/teams/69d8dd1e5d3e1f8c350e006f/users/68af3d99c99eb7bd2ff47bc8/projects/69f80768ca774c668fbaaed8/jobs/69f8cdddd3d80718c05f0785/results/boxplot_respiratory_system_Dominguez_Conde_Science_2022_Manually_curated_celltype_X_umap_04d255_recall.html
boxplot_respiratory_system_Dominguez_Conde_Science_2022_Manually_curated_celltype_X_umap_04d255_recall.svg,s3://lifebit-user-data-6941eed90a4dd7a1d1026d7a/deploit/teams/69d8dd1e5d3e1f8c350e006f/users/68af3d99c99eb7bd2ff47bc8/projects/69f80768ca774c668fbaaed8/jobs/69f8cdddd3d80718c05f0785/results/boxplot_respiratory_system_Dominguez_Conde_Science_2022_Manually_curated_celltype_X_umap_04d255_recall.svg
boxplot_respiratory_system_Eraslan_Science_2022_Broad_cell_type_X_umap_f44b0f_f_score.html,s3://lifebit-user-data-6941eed90a4dd7a1d1026d7a/deploit/teams/69d8dd1e5d3e1f8c350e006f/users/68af3d99c99eb7bd2ff47bc8/projects/69f80768ca774c668fbaaed8/jobs/69f8cdddd3d80718c05f0785/results/boxplot_respiratory_system_Eraslan_Science_2022_Broad_cell_type_X_umap_f44b0f_f_score.html
boxplot_respiratory_system_Eraslan_Science_2022_Broad_cell_type_X_umap_f44b0f_f_score.svg,s3://lifebit-user-data-6941eed90a4dd7a1d1026d7a/deploit/teams/69d8dd1e5d3e1f8c350e006f/users/68af3d99c99eb7bd2ff47bc8/projects/69f80768ca774c668fbaaed8/jobs/69f8cdddd3d80718c05f0785/results/boxplot_respiratory_system_Eraslan_Science_2022_Broad_cell_type_X_umap_f44b0f_f_score.svg
boxplot_respiratory_system_Eraslan_Science_2022_Broad_cell_type_X_umap_f44b0f_onTarget.html,s3://lifebit-user-data-6941eed90a4dd7a1d1026d7a/deploit/teams/69d8dd1e5d3e1f8c350e006f/users/68af3d99c99eb7bd2ff47bc8/projects/69f80768ca774c668fbaaed8/jobs/69f8cdddd3d80718c05f0785/results/boxplot_respiratory_system_Eraslan_Science_2022_Broad_cell_type_X_umap_f44b0f_onTarget.html
boxplot_respiratory_system_Eraslan_Science_2022_Broad_cell_type_X_umap_f44b0f_onTarget.svg,s3://lifebit-user-data-6941eed90a4dd7a1d1026d7a/deploit/teams/69d8dd1e5d3e1f8c350e006f/users/68af3d99c99eb7bd2ff47bc8/projects/69f80768ca774c668fbaaed8/jobs/69f8cdddd3d80718c05f0785/results/boxplot_respiratory_system_Eraslan_Science_2022_Broad_cell_type_X_umap_f44b0f_onTarget.svg
boxplot_respiratory_system_Eraslan_Science_2022_Broad_cell_type_X_umap_f44b0f_precision.html,s3://lifebit-user-data-6941eed90a4dd7a1d1026d7a/deploit/teams/69d8dd1e5d3e1f8c350e006f/users/68af3d99c99eb7bd2ff47bc8/projects/69f80768ca774c668fbaaed8/jobs/69f8cdddd3d80718c05f0785/results/boxplot_respiratory_system_Eraslan_Science_2022_Broad_cell_type_X_umap_f44b0f_precision.html
boxplot_respiratory_system_Eraslan_Science_2022_Broad_cell_type_X_umap_f44b0f_precision.svg,s3://lifebit-user-data-6941eed90a4dd7a1d1026d7a/deploit/teams/69d8dd1e5d3e1f8c350e006f/users/68af3d99c99eb7bd2ff47bc8/projects/69f80768ca774c668fbaaed8/jobs/69f8cdddd3d80718c05f0785/results/boxplot_respiratory_system_Eraslan_Science_2022_Broad_cell_type_X_umap_f44b0f_precision.svg
boxplot_respiratory_system_Eraslan_Science_2022_Broad_cell_type_X_umap_f44b0f_recall.html,s3://lifebit-user-data-6941eed90a4dd7a1d1026d7a/deploit/teams/69d8dd1e5d3e1f8c350e006f/users/68af3d99c99eb7bd2ff47bc8/projects/69f80768ca774c668fbaaed8/jobs/69f8cdddd3d80718c05f0785/results/boxplot_respiratory_system_Eraslan_Science_2022_Broad_cell_type_X_umap_f44b0f_recall.html
boxplot_respiratory_system_Eraslan_Science_2022_Broad_cell_type_X_umap_f44b0f_recall.svg,s3://lifebit-user-data-6941eed90a4dd7a1d1026d7a/deploit/teams/69d8dd1e5d3e1f8c350e006f/users/68af3d99c99eb7bd2ff47bc8/projects/69f80768ca774c668fbaaed8/jobs/69f8cdddd3d80718c05f0785/results/boxplot_respiratory_system_Eraslan_Science_2022_Broad_cell_type_X_umap_f44b0f_recall.svg
boxplot_respiratory_system_Han_Nature_2020_author_cell_type_X_umap_5c7ea7_f_score.html,s3://lifebit-user-data-6941eed90a4dd7a1d1026d7a/deploit/teams/69d8dd1e5d3e1f8c350e006f/users/68af3d99c99eb7bd2ff47bc8/projects/69f80768ca774c668fbaaed8/jobs/69f8cdddd3d80718c05f0785/results/boxplot_respiratory_system_Han_Nature_2020_author_cell_type_X_umap_5c7ea7_f_score.html
boxplot_respiratory_system_Han_Nature_2020_author_cell_type_X_umap_5c7ea7_f_score.svg,s3://lifebit-user-data-6941eed90a4dd7a1d1026d7a/deploit/teams/69d8dd1e5d3e1f8c350e006f/users/68af3d99c99eb7bd2ff47bc8/projects/69f80768ca774c668fbaaed8/jobs/69f8cdddd3d80718c05f0785/results/boxplot_respiratory_system_Han_Nature_2020_author_cell_type_X_umap_5c7ea7_f_score.svg
boxplot_respiratory_system_Han_Nature_2020_author_cell_type_X_umap_5c7ea7_onTarget.html,s3://lifebit-user-data-6941eed90a4dd7a1d1026d7a/deploit/teams/69d8dd1e5d3e1f8c350e006f/users/68af3d99c99eb7bd2ff47bc8/projects/69f80768ca774c668fbaaed8/jobs/69f8cdddd3d80718c05f0785/results/boxplot_respiratory_system_Han_Nature_2020_author_cell_type_X_umap_5c7ea7_onTarget.html
boxplot_respiratory_system_Han_Nature_2020_author_cell_type_X_umap_5c7ea7_onTarget.svg,s3://lifebit-user-data-6941eed90a4dd7a1d1026d7a/deploit/teams/69d8dd1e5d3e1f8c350e006f/users/68af3d99c99eb7bd2ff47bc8/projects/69f80768ca774c668fbaaed8/jobs/69f8cdddd3d80718c05f0785/results/boxplot_respiratory_system_Han_Nature_2020_author_cell_type_X_umap_5c7ea7_onTarget.svg
boxplot_respiratory_system_Han_Nature_2020_author_cell_type_X_umap_5c7ea7_precision.html,s3://lifebit-user-data-6941eed90a4dd7a1d1026d7a/deploit/teams/69d8dd1e5d3e1f8c350e006f/users/68af3d99c99eb7bd2ff47bc8/projects/69f80768ca774c668fbaaed8/jobs/69f8cdddd3d80718c05f0785/results/boxplot_respiratory_system_Han_Nature_2020_author_cell_type_X_umap_5c7ea7_precision.html
boxplot_respiratory_system_Han_Nature_2020_author_cell_type_X_umap_5c7ea7_precision.svg,s3://lifebit-user-data-6941eed90a4dd7a1d1026d7a/deploit/teams/69d8dd1e5d3e1f8c350e006f/users/68af3d99c99eb7bd2ff47bc8/projects/69f80768ca774c668fbaaed8/jobs/69f8cdddd3d80718c05f0785/results/boxplot_respiratory_system_Han_Nature_2020_author_cell_type_X_umap_5c7ea7_precision.svg
boxplot_respiratory_system_Han_Nature_2020_author_cell_type_X_umap_5c7ea7_recall.html,s3://lifebit-user-data-6941eed90a4dd7a1d1026d7a/deploit/teams/69d8dd1e5d3e1f8c350e006f/users/68af3d99c99eb7bd2ff47bc8/projects/69f80768ca774c668fbaaed8/jobs/69f8cdddd3d80718c05f0785/results/boxplot_respiratory_system_Han_Nature_2020_author_cell_type_X_umap_5c7ea7_recall.html
boxplot_respiratory_system_Han_Nature_2020_author_cell_type_X_umap_5c7ea7_recall.svg,s3://lifebit-user-data-6941eed90a4dd7a1d1026d7a/deploit/teams/69d8dd1e5d3e1f8c350e006f/users/68af3d99c99eb7bd2ff47bc8/projects/69f80768ca774c668fbaaed8/jobs/69f8cdddd3d80718c05f0785/results/boxplot_respiratory_system_Han_Nature_2020_author_cell_type_X_umap_5c7ea7_recall.svg
boxplot_respiratory_system_Madissoon_Genome_Biol_2020_author_cell_type_X_umap_2ee7d6_f_score.html,s3://lifebit-user-data-6941eed90a4dd7a1d1026d7a/deploit/teams/69d8dd1e5d3e1f8c350e006f/users/68af3d99c99eb7bd2ff47bc8/projects/69f80768ca774c668fbaaed8/jobs/69f8cdddd3d80718c05f0785/results/boxplot_respiratory_system_Madissoon_Genome_Biol_2020_author_cell_type_X_umap_2ee7d6_f_score.html
boxplot_respiratory_system_Madissoon_Genome_Biol_2020_author_cell_type_X_umap_2ee7d6_f_score.svg,s3://lifebit-user-data-6941eed90a4dd7a1d1026d7a/deploit/teams/69d8dd1e5d3e1f8c350e006f/users/68af3d99c99eb7bd2ff47bc8/projects/69f80768ca774c668fbaaed8/jobs/69f8cdddd3d80718c05f0785/results/boxplot_respiratory_system_Madissoon_Genome_Biol_2020_author_cell_type_X_umap_2ee7d6_f_score.svg
boxplot_respiratory_system_Madissoon_Genome_Biol_2020_author_cell_type_X_umap_2ee7d6_onTarget.html,s3://lifebit-user-data-6941eed90a4dd7a1d1026d7a/deploit/teams/69d8dd1e5d3e1f8c350e006f/users/68af3d99c99eb7bd2ff47bc8/projects/69f80768ca774c668fbaaed8/jobs/69f8cdddd3d80718c05f0785/results/boxplot_respiratory_system_Madissoon_Genome_Biol_2020_author_cell_type_X_umap_2ee7d6_onTarget.html
boxplot_respiratory_system_Madissoon_Genome_Biol_2020_author_cell_type_X_umap_2ee7d6_onTarget.svg,s3://lifebit-user-data-6941eed90a4dd7a1d1026d7a/deploit/teams/69d8dd1e5d3e1f8c350e006f/users/68af3d99c99eb7bd2ff47bc8/projects/69f80768ca774c668fbaaed8/jobs/69f8cdddd3d80718c05f0785/results/boxplot_respiratory_system_Madissoon_Genome_Biol_2020_author_cell_type_X_umap_2ee7d6_onTarget.svg
boxplot_respiratory_system_Madissoon_Genome_Biol_2020_author_cell_type_X_umap_2ee7d6_precision.html,s3://lifebit-user-data-6941eed90a4dd7a1d1026d7a/deploit/teams/69d8dd1e5d3e1f8c350e006f/users/68af3d99c99eb7bd2ff47bc8/projects/69f80768ca774c668fbaaed8/jobs/69f8cdddd3d80718c05f0785/results/boxplot_respiratory_system_Madissoon_Genome_Biol_2020_author_cell_type_X_umap_2ee7d6_precision.html
boxplot_respiratory_system_Madissoon_Genome_Biol_2020_author_cell_type_X_umap_2ee7d6_precision.svg,s3://lifebit-user-data-6941eed90a4dd7a1d1026d7a/deploit/teams/69d8dd1e5d3e1f8c350e006f/users/68af3d99c99eb7bd2ff47bc8/projects/69f80768ca774c668fbaaed8/jobs/69f8cdddd3d80718c05f0785/results/boxplot_respiratory_system_Madissoon_Genome_Biol_2020_author_cell_type_X_umap_2ee7d6_precision.svg
boxplot_respiratory_system_Madissoon_Genome_Biol_2020_author_cell_type_X_umap_2ee7d6_recall.html,s3://lifebit-user-data-6941eed90a4dd7a1d1026d7a/deploit/teams/69d8dd1e5d3e1f8c350e006f/users/68af3d99c99eb7bd2ff47bc8/projects/69f80768ca774c668fbaaed8/jobs/69f8cdddd3d80718c05f0785/results/boxplot_respiratory_system_Madissoon_Genome_Biol_2020_author_cell_type_X_umap_2ee7d6_recall.html
boxplot_respiratory_system_Madissoon_Genome_Biol_2020_author_cell_type_X_umap_2ee7d6_recall.svg,s3://lifebit-user-data-6941eed90a4dd7a1d1026d7a/deploit/teams/69d8dd1e5d3e1f8c350e006f/users/68af3d99c99eb7bd2ff47bc8/projects/69f80768ca774c668fbaaed8/jobs/69f8cdddd3d80718c05f0785/results/boxplot_respiratory_system_Madissoon_Genome_Biol_2020_author_cell_type_X_umap_2ee7d6_recall.svg
boxplot_respiratory_system_Madissoon_Nat_Genet_2023_Celltypes_X_umap_ee858a_f_score.html,s3://lifebit-user-data-6941eed90a4dd7a1d1026d7a/deploit/teams/69d8dd1e5d3e1f8c350e006f/users/68af3d99c99eb7bd2ff47bc8/projects/69f80768ca774c668fbaaed8/jobs/69f8cdddd3d80718c05f0785/results/boxplot_respiratory_system_Madissoon_Nat_Genet_2023_Celltypes_X_umap_ee858a_f_score.html
boxplot_respiratory_system_Madissoon_Nat_Genet_2023_Celltypes_X_umap_ee858a_f_score.svg,s3://lifebit-user-data-6941eed90a4dd7a1d1026d7a/deploit/teams/69d8dd1e5d3e1f8c350e006f/users/68af3d99c99eb7bd2ff47bc8/projects/69f80768ca774c668fbaaed8/jobs/69f8cdddd3d80718c05f0785/results/boxplot_respiratory_system_Madissoon_Nat_Genet_2023_Celltypes_X_umap_ee858a_f_score.svg
boxplot_respiratory_system_Madissoon_Nat_Genet_2023_Celltypes_X_umap_ee858a_onTarget.html,s3://lifebit-user-data-6941eed90a4dd7a1d1026d7a/deploit/teams/69d8dd1e5d3e1f8c350e006f/users/68af3d99c99eb7bd2ff47bc8/projects/69f80768ca774c668fbaaed8/jobs/69f8cdddd3d80718c05f0785/results/boxplot_respiratory_system_Madissoon_Nat_Genet_2023_Celltypes_X_umap_ee858a_onTarget.html
boxplot_respiratory_system_Madissoon_Nat_Genet_2023_Celltypes_X_umap_ee858a_onTarget.svg,s3://lifebit-user-data-6941eed90a4dd7a1d1026d7a/deploit/teams/69d8dd1e5d3e1f8c350e006f/users/68af3d99c99eb7bd2ff47bc8/projects/69f80768ca774c668fbaaed8/jobs/69f8cdddd3d80718c05f0785/results/boxplot_respiratory_system_Madissoon_Nat_Genet_2023_Celltypes_X_umap_ee858a_onTarget.svg
boxplot_respiratory_system_Madissoon_Nat_Genet_2023_Celltypes_X_umap_ee858a_precision.html,s3://lifebit-user-data-6941eed90a4dd7a1d1026d7a/deploit/teams/69d8dd1e5d3e1f8c350e006f/users/68af3d99c99eb7bd2ff47bc8/projects/69f80768ca774c668fbaaed8/jobs/69f8cdddd3d80718c05f0785/results/boxplot_respiratory_system_Madissoon_Nat_Genet_2023_Celltypes_X_umap_ee858a_precision.html
boxplot_respiratory_system_Madissoon_Nat_Genet_2023_Celltypes_X_umap_ee858a_precision.svg,s3://lifebit-user-data-6941eed90a4dd7a1d1026d7a/deploit/teams/69d8dd1e5d3e1f8c350e006f/users/68af3d99c99eb7bd2ff47bc8/projects/69f80768ca774c668fbaaed8/jobs/69f8cdddd3d80718c05f0785/results/boxplot_respiratory_system_Madissoon_Nat_Genet_2023_Celltypes_X_umap_ee858a_precision.svg
boxplot_respiratory_system_Madissoon_Nat_Genet_2023_Celltypes_X_umap_ee858a_recall.html,s3://lifebit-user-data-6941eed90a4dd7a1d1026d7a/deploit/teams/69d8dd1e5d3e1f8c350e006f/users/68af3d99c99eb7bd2ff47bc8/projects/69f80768ca774c668fbaaed8/jobs/69f8cdddd3d80718c05f0785/results/boxplot_respiratory_system_Madissoon_Nat_Genet_2023_Celltypes_X_umap_ee858a_recall.html
boxplot_respiratory_system_Madissoon_Nat_Genet_2023_Celltypes_X_umap_ee858a_recall.svg,s3://lifebit-user-data-6941eed90a4dd7a1d1026d7a/deploit/teams/69d8dd1e5d3e1f8c350e006f/users/68af3d99c99eb7bd2ff47bc8/projects/69f80768ca774c668fbaaed8/jobs/69f8cdddd3d80718c05f0785/results/boxplot_respiratory_system_Madissoon_Nat_Genet_2023_Celltypes_X_umap_ee858a_recall.svg
boxplot_respiratory_system_Melms_Nature_2021_cell_type_fine_X_UMAP_c42060_f_score.html,s3://lifebit-user-data-6941eed90a4dd7a1d1026d7a/deploit/teams/69d8dd1e5d3e1f8c350e006f/users/68af3d99c99eb7bd2ff47bc8/projects/69f80768ca774c668fbaaed8/jobs/69f8cdddd3d80718c05f0785/results/boxplot_respiratory_system_Melms_Nature_2021_cell_type_fine_X_UMAP_c42060_f_score.html
boxplot_respiratory_system_Melms_Nature_2021_cell_type_fine_X_UMAP_c42060_f_score.svg,s3://lifebit-user-data-6941eed90a4dd7a1d1026d7a/deploit/teams/69d8dd1e5d3e1f8c350e006f/users/68af3d99c99eb7bd2ff47bc8/projects/69f80768ca774c668fbaaed8/jobs/69f8cdddd3d80718c05f0785/results/boxplot_respiratory_system_Melms_Nature_2021_cell_type_fine_X_UMAP_c42060_f_score.svg
boxplot_respiratory_system_Melms_Nature_2021_cell_type_fine_X_UMAP_c42060_onTarget.html,s3://lifebit-user-data-6941eed90a4dd7a1d1026d7a/deploit/teams/69d8dd1e5d3e1f8c350e006f/users/68af3d99c99eb7bd2ff47bc8/projects/69f80768ca774c668fbaaed8/jobs/69f8cdddd3d80718c05f0785/results/boxplot_respiratory_system_Melms_Nature_2021_cell_type_fine_X_UMAP_c42060_onTarget.html
boxplot_respiratory_system_Melms_Nature_2021_cell_type_fine_X_UMAP_c42060_onTarget.svg,s3://lifebit-user-data-6941eed90a4dd7a1d1026d7a/deploit/teams/69d8dd1e5d3e1f8c350e006f/users/68af3d99c99eb7bd2ff47bc8/projects/69f80768ca774c668fbaaed8/jobs/69f8cdddd3d80718c05f0785/results/boxplot_respiratory_system_Melms_Nature_2021_cell_type_fine_X_UMAP_c42060_onTarget.svg
boxplot_respiratory_system_Melms_Nature_2021_cell_type_fine_X_UMAP_c42060_precision.html,s3://lifebit-user-data-6941eed90a4dd7a1d1026d7a/deploit/teams/69d8dd1e5d3e1f8c350e006f/users/68af3d99c99eb7bd2ff47bc8/projects/69f80768ca774c668fbaaed8/jobs/69f8cdddd3d80718c05f0785/results/boxplot_respiratory_system_Melms_Nature_2021_cell_type_fine_X_UMAP_c42060_precision.html
boxplot_respiratory_system_Melms_Nature_2021_cell_type_fine_X_UMAP_c42060_precision.svg,s3://lifebit-user-data-6941eed90a4dd7a1d1026d7a/deploit/teams/69d8dd1e5d3e1f8c350e006f/users/68af3d99c99eb7bd2ff47bc8/projects/69f80768ca774c668fbaaed8/jobs/69f8cdddd3d80718c05f0785/results/boxplot_respiratory_system_Melms_Nature_2021_cell_type_fine_X_UMAP_c42060_precision.svg
boxplot_respiratory_system_Melms_Nature_2021_cell_type_fine_X_UMAP_c42060_recall.html,s3://lifebit-user-data-6941eed90a4dd7a1d1026d7a/deploit/teams/69d8dd1e5d3e1f8c350e006f/users/68af3d99c99eb7bd2ff47bc8/projects/69f80768ca774c668fbaaed8/jobs/69f8cdddd3d80718c05f0785/results/boxplot_respiratory_system_Melms_Nature_2021_cell_type_fine_X_UMAP_c42060_recall.html
boxplot_respiratory_system_Melms_Nature_2021_cell_type_fine_X_UMAP_c42060_recall.svg,s3://lifebit-user-data-6941eed90a4dd7a1d1026d7a/deploit/teams/69d8dd1e5d3e1f8c350e006f/users/68af3d99c99eb7bd2ff47bc8/projects/69f80768ca774c668fbaaed8/jobs/69f8cdddd3d80718c05f0785/results/boxplot_respiratory_system_Melms_Nature_2021_cell_type_fine_X_UMAP_c42060_recall.svg
boxplot_respiratory_system_Natri_Nat_Genet_2024_manual_annotation_1_X_umap_9a27e4_f_score.html,s3://lifebit-user-data-6941eed90a4dd7a1d1026d7a/deploit/teams/69d8dd1e5d3e1f8c350e006f/users/68af3d99c99eb7bd2ff47bc8/projects/69f80768ca774c668fbaaed8/jobs/69f8cdddd3d80718c05f0785/results/boxplot_respiratory_system_Natri_Nat_Genet_2024_manual_annotation_1_X_umap_9a27e4_f_score.html
boxplot_respiratory_system_Natri_Nat_Genet_2024_manual_annotation_1_X_umap_9a27e4_f_score.svg,s3://lifebit-user-data-6941eed90a4dd7a1d1026d7a/deploit/teams/69d8dd1e5d3e1f8c350e006f/users/68af3d99c99eb7bd2ff47bc8/projects/69f80768ca774c668fbaaed8/jobs/69f8cdddd3d80718c05f0785/results/boxplot_respiratory_system_Natri_Nat_Genet_2024_manual_annotation_1_X_umap_9a27e4_f_score.svg
boxplot_respiratory_system_Natri_Nat_Genet_2024_manual_annotation_1_X_umap_9a27e4_onTarget.html,s3://lifebit-user-data-6941eed90a4dd7a1d1026d7a/deploit/teams/69d8dd1e5d3e1f8c350e006f/users/68af3d99c99eb7bd2ff47bc8/projects/69f80768ca774c668fbaaed8/jobs/69f8cdddd3d80718c05f0785/results/boxplot_respiratory_system_Natri_Nat_Genet_2024_manual_annotation_1_X_umap_9a27e4_onTarget.html
boxplot_respiratory_system_Natri_Nat_Genet_2024_manual_annotation_1_X_umap_9a27e4_onTarget.svg,s3://lifebit-user-data-6941eed90a4dd7a1d1026d7a/deploit/teams/69d8dd1e5d3e1f8c350e006f/users/68af3d99c99eb7bd2ff47bc8/projects/69f80768ca774c668fbaaed8/jobs/69f8cdddd3d80718c05f0785/results/boxplot_respiratory_system_Natri_Nat_Genet_2024_manual_annotation_1_X_umap_9a27e4_onTarget.svg
boxplot_respiratory_system_Natri_Nat_Genet_2024_manual_annotation_1_X_umap_9a27e4_precision.html,s3://lifebit-user-data-6941eed90a4dd7a1d1026d7a/deploit/teams/69d8dd1e5d3e1f8c350e006f/users/68af3d99c99eb7bd2ff47bc8/projects/69f80768ca774c668fbaaed8/jobs/69f8cdddd3d80718c05f0785/results/boxplot_respiratory_system_Natri_Nat_Genet_2024_manual_annotation_1_X_umap_9a27e4_precision.html
boxplot_respiratory_system_Natri_Nat_Genet_2024_manual_annotation_1_X_umap_9a27e4_precision.svg,s3://lifebit-user-data-6941eed90a4dd7a1d1026d7a/deploit/teams/69d8dd1e5d3e1f8c350e006f/users/68af3d99c99eb7bd2ff47bc8/projects/69f80768ca774c668fbaaed8/jobs/69f8cdddd3d80718c05f0785/results/boxplot_respiratory_system_Natri_Nat_Genet_2024_manual_annotation_1_X_umap_9a27e4_precision.svg
boxplot_respiratory_system_Natri_Nat_Genet_2024_manual_annotation_1_X_umap_9a27e4_recall.html,s3://lifebit-user-data-6941eed90a4dd7a1d1026d7a/deploit/teams/69d8dd1e5d3e1f8c350e006f/users/68af3d99c99eb7bd2ff47bc8/projects/69f80768ca774c668fbaaed8/jobs/69f8cdddd3d80718c05f0785/results/boxplot_respiratory_system_Natri_Nat_Genet_2024_manual_annotation_1_X_umap_9a27e4_recall.html
boxplot_respiratory_system_Natri_Nat_Genet_2024_manual_annotation_1_X_umap_9a27e4_recall.svg,s3://lifebit-user-data-6941eed90a4dd7a1d1026d7a/deploit/teams/69d8dd1e5d3e1f8c350e006f/users/68af3d99c99eb7bd2ff47bc8/projects/69f80768ca774c668fbaaed8/jobs/69f8cdddd3d80718c05f0785/results/boxplot_respiratory_system_Natri_Nat_Genet_2024_manual_annotation_1_X_umap_9a27e4_recall.svg
boxplot_respiratory_system_Rustam_Am_J_Respir_Crit_Care_Med_2023_author_cell_type_X_umap_56ce23_f_score.html,s3://lifebit-user-data-6941eed90a4dd7a1d1026d7a/deploit/teams/69d8dd1e5d3e1f8c350e006f/users/68af3d99c99eb7bd2ff47bc8/projects/69f80768ca774c668fbaaed8/jobs/69f8cdddd3d80718c05f0785/results/boxplot_respiratory_system_Rustam_Am_J_Respir_Crit_Care_Med_2023_author_cell_type_X_umap_56ce23_f_score.html
boxplot_respiratory_system_Rustam_Am_J_Respir_Crit_Care_Med_2023_author_cell_type_X_umap_56ce23_f_score.svg,s3://lifebit-user-data-6941eed90a4dd7a1d1026d7a/deploit/teams/69d8dd1e5d3e1f8c350e006f/users/68af3d99c99eb7bd2ff47bc8/projects/69f80768ca774c668fbaaed8/jobs/69f8cdddd3d80718c05f0785/results/boxplot_respiratory_system_Rustam_Am_J_Respir_Crit_Care_Med_2023_author_cell_type_X_umap_56ce23_f_score.svg
boxplot_respiratory_system_Rustam_Am_J_Respir_Crit_Care_Med_2023_author_cell_type_X_umap_56ce23_onTarget.html,s3://lifebit-user-data-6941eed90a4dd7a1d1026d7a/deploit/teams/69d8dd1e5d3e1f8c350e006f/users/68af3d99c99eb7bd2ff47bc8/projects/69f80768ca774c668fbaaed8/jobs/69f8cdddd3d80718c05f0785/results/boxplot_respiratory_system_Rustam_Am_J_Respir_Crit_Care_Med_2023_author_cell_type_X_umap_56ce23_onTarget.html
boxplot_respiratory_system_Rustam_Am_J_Respir_Crit_Care_Med_2023_author_cell_type_X_umap_56ce23_onTarget.svg,s3://lifebit-user-data-6941eed90a4dd7a1d1026d7a/deploit/teams/69d8dd1e5d3e1f8c350e006f/users/68af3d99c99eb7bd2ff47bc8/projects/69f80768ca774c668fbaaed8/jobs/69f8cdddd3d80718c05f0785/results/boxplot_respiratory_system_Rustam_Am_J_Respir_Crit_Care_Med_2023_author_cell_type_X_umap_56ce23_onTarget.svg
boxplot_respiratory_system_Rustam_Am_J_Respir_Crit_Care_Med_2023_author_cell_type_X_umap_56ce23_precision.html,s3://lifebit-user-data-6941eed90a4dd7a1d1026d7a/deploit/teams/69d8dd1e5d3e1f8c350e006f/users/68af3d99c99eb7bd2ff47bc8/projects/69f80768ca774c668fbaaed8/jobs/69f8cdddd3d80718c05f0785/results/boxplot_respiratory_system_Rustam_Am_J_Respir_Crit_Care_Med_2023_author_cell_type_X_umap_56ce23_precision.html
boxplot_respiratory_system_Rustam_Am_J_Respir_Crit_Care_Med_2023_author_cell_type_X_umap_56ce23_precision.svg,s3://lifebit-user-data-6941eed90a4dd7a1d1026d7a/deploit/teams/69d8dd1e5d3e1f8c350e006f/users/68af3d99c99eb7bd2ff47bc8/projects/69f80768ca774c668fbaaed8/jobs/69f8cdddd3d80718c05f0785/results/boxplot_respiratory_system_Rustam_Am_J_Respir_Crit_Care_Med_2023_author_cell_type_X_umap_56ce23_precision.svg
boxplot_respiratory_system_Rustam_Am_J_Respir_Crit_Care_Med_2023_author_cell_type_X_umap_56ce23_recall.html,s3://lifebit-user-data-6941eed90a4dd7a1d1026d7a/deploit/teams/69d8dd1e5d3e1f8c350e006f/users/68af3d99c99eb7bd2ff47bc8/projects/69f80768ca774c668fbaaed8/jobs/69f8cdddd3d80718c05f0785/results/boxplot_respiratory_system_Rustam_Am_J_Respir_Crit_Care_Med_2023_author_cell_type_X_umap_56ce23_recall.html
boxplot_respiratory_system_Rustam_Am_J_Respir_Crit_Care_Med_2023_author_cell_type_X_umap_56ce23_recall.svg,s3://lifebit-user-data-6941eed90a4dd7a1d1026d7a/deploit/teams/69d8dd1e5d3e1f8c350e006f/users/68af3d99c99eb7bd2ff47bc8/projects/69f80768ca774c668fbaaed8/jobs/69f8cdddd3d80718c05f0785/results/boxplot_respiratory_system_Rustam_Am_J_Respir_Crit_Care_Med_2023_author_cell_type_X_umap_56ce23_recall.svg
boxplot_respiratory_system_Sikkema_Nat_Med_2023_ann_finest_level_X_umap_552c94_f_score.html,s3://lifebit-user-data-6941eed90a4dd7a1d1026d7a/deploit/teams/69d8dd1e5d3e1f8c350e006f/users/68af3d99c99eb7bd2ff47bc8/projects/69f80768ca774c668fbaaed8/jobs/69f8cdddd3d80718c05f0785/results/boxplot_respiratory_system_Sikkema_Nat_Med_2023_ann_finest_level_X_umap_552c94_f_score.html
boxplot_respiratory_system_Sikkema_Nat_Med_2023_ann_finest_level_X_umap_552c94_f_score.svg,s3://lifebit-user-data-6941eed90a4dd7a1d1026d7a/deploit/teams/69d8dd1e5d3e1f8c350e006f/users/68af3d99c99eb7bd2ff47bc8/projects/69f80768ca774c668fbaaed8/jobs/69f8cdddd3d80718c05f0785/results/boxplot_respiratory_system_Sikkema_Nat_Med_2023_ann_finest_level_X_umap_552c94_f_score.svg
boxplot_respiratory_system_Sikkema_Nat_Med_2023_ann_finest_level_X_umap_552c94_onTarget.html,s3://lifebit-user-data-6941eed90a4dd7a1d1026d7a/deploit/teams/69d8dd1e5d3e1f8c350e006f/users/68af3d99c99eb7bd2ff47bc8/projects/69f80768ca774c668fbaaed8/jobs/69f8cdddd3d80718c05f0785/results/boxplot_respiratory_system_Sikkema_Nat_Med_2023_ann_finest_level_X_umap_552c94_onTarget.html
boxplot_respiratory_system_Sikkema_Nat_Med_2023_ann_finest_level_X_umap_552c94_onTarget.svg,s3://lifebit-user-data-6941eed90a4dd7a1d1026d7a/deploit/teams/69d8dd1e5d3e1f8c350e006f/users/68af3d99c99eb7bd2ff47bc8/projects/69f80768ca774c668fbaaed8/jobs/69f8cdddd3d80718c05f0785/results/boxplot_respiratory_system_Sikkema_Nat_Med_2023_ann_finest_level_X_umap_552c94_onTarget.svg
boxplot_respiratory_system_Sikkema_Nat_Med_2023_ann_finest_level_X_umap_552c94_precision.html,s3://lifebit-user-data-6941eed90a4dd7a1d1026d7a/deploit/teams/69d8dd1e5d3e1f8c350e006f/users/68af3d99c99eb7bd2ff47bc8/projects/69f80768ca774c668fbaaed8/jobs/69f8cdddd3d80718c05f0785/results/boxplot_respiratory_system_Sikkema_Nat_Med_2023_ann_finest_level_X_umap_552c94_precision.html
boxplot_respiratory_system_Sikkema_Nat_Med_2023_ann_finest_level_X_umap_552c94_precision.svg,s3://lifebit-user-data-6941eed90a4dd7a1d1026d7a/deploit/teams/69d8dd1e5d3e1f8c350e006f/users/68af3d99c99eb7bd2ff47bc8/projects/69f80768ca774c668fbaaed8/jobs/69f8cdddd3d80718c05f0785/results/boxplot_respiratory_system_Sikkema_Nat_Med_2023_ann_finest_level_X_umap_552c94_precision.svg
boxplot_respiratory_system_Sikkema_Nat_Med_2023_ann_finest_level_X_umap_552c94_recall.html,s3://lifebit-user-data-6941eed90a4dd7a1d1026d7a/deploit/teams/69d8dd1e5d3e1f8c350e006f/users/68af3d99c99eb7bd2ff47bc8/projects/69f80768ca774c668fbaaed8/jobs/69f8cdddd3d80718c05f0785/results/boxplot_respiratory_system_Sikkema_Nat_Med_2023_ann_finest_level_X_umap_552c94_recall.html
boxplot_respiratory_system_Sikkema_Nat_Med_2023_ann_finest_level_X_umap_552c94_recall.svg,s3://lifebit-user-data-6941eed90a4dd7a1d1026d7a/deploit/teams/69d8dd1e5d3e1f8c350e006f/users/68af3d99c99eb7bd2ff47bc8/projects/69f80768ca774c668fbaaed8/jobs/69f8cdddd3d80718c05f0785/results/boxplot_respiratory_system_Sikkema_Nat_Med_2023_ann_finest_level_X_umap_552c94_recall.svg
boxplot_respiratory_system_Szabo_Nat_Commun_2019_status_X_umap_bb4707_f_score.html,s3://lifebit-user-data-6941eed90a4dd7a1d1026d7a/deploit/teams/69d8dd1e5d3e1f8c350e006f/users/68af3d99c99eb7bd2ff47bc8/projects/69f80768ca774c668fbaaed8/jobs/69f8cdddd3d80718c05f0785/results/boxplot_respiratory_system_Szabo_Nat_Commun_2019_status_X_umap_bb4707_f_score.html
boxplot_respiratory_system_Szabo_Nat_Commun_2019_status_X_umap_bb4707_f_score.svg,s3://lifebit-user-data-6941eed90a4dd7a1d1026d7a/deploit/teams/69d8dd1e5d3e1f8c350e006f/users/68af3d99c99eb7bd2ff47bc8/projects/69f80768ca774c668fbaaed8/jobs/69f8cdddd3d80718c05f0785/results/boxplot_respiratory_system_Szabo_Nat_Commun_2019_status_X_umap_bb4707_f_score.svg
boxplot_respiratory_system_Szabo_Nat_Commun_2019_status_X_umap_bb4707_onTarget.html,s3://lifebit-user-data-6941eed90a4dd7a1d1026d7a/deploit/teams/69d8dd1e5d3e1f8c350e006f/users/68af3d99c99eb7bd2ff47bc8/projects/69f80768ca774c668fbaaed8/jobs/69f8cdddd3d80718c05f0785/results/boxplot_respiratory_system_Szabo_Nat_Commun_2019_status_X_umap_bb4707_onTarget.html
boxplot_respiratory_system_Szabo_Nat_Commun_2019_status_X_umap_bb4707_onTarget.svg,s3://lifebit-user-data-6941eed90a4dd7a1d1026d7a/deploit/teams/69d8dd1e5d3e1f8c350e006f/users/68af3d99c99eb7bd2ff47bc8/projects/69f80768ca774c668fbaaed8/jobs/69f8cdddd3d80718c05f0785/results/boxplot_respiratory_system_Szabo_Nat_Commun_2019_status_X_umap_bb4707_onTarget.svg
boxplot_respiratory_system_Szabo_Nat_Commun_2019_status_X_umap_bb4707_precision.html,s3://lifebit-user-data-6941eed90a4dd7a1d1026d7a/deploit/teams/69d8dd1e5d3e1f8c350e006f/users/68af3d99c99eb7bd2ff47bc8/projects/69f80768ca774c668fbaaed8/jobs/69f8cdddd3d80718c05f0785/results/boxplot_respiratory_system_Szabo_Nat_Commun_2019_status_X_umap_bb4707_precision.html
boxplot_respiratory_system_Szabo_Nat_Commun_2019_status_X_umap_bb4707_precision.svg,s3://lifebit-user-data-6941eed90a4dd7a1d1026d7a/deploit/teams/69d8dd1e5d3e1f8c350e006f/users/68af3d99c99eb7bd2ff47bc8/projects/69f80768ca774c668fbaaed8/jobs/69f8cdddd3d80718c05f0785/results/boxplot_respiratory_system_Szabo_Nat_Commun_2019_status_X_umap_bb4707_precision.svg
boxplot_respiratory_system_Szabo_Nat_Commun_2019_status_X_umap_bb4707_recall.html,s3://lifebit-user-data-6941eed90a4dd7a1d1026d7a/deploit/teams/69d8dd1e5d3e1f8c350e006f/users/68af3d99c99eb7bd2ff47bc8/projects/69f80768ca774c668fbaaed8/jobs/69f8cdddd3d80718c05f0785/results/boxplot_respiratory_system_Szabo_Nat_Commun_2019_status_X_umap_bb4707_recall.html
boxplot_respiratory_system_Szabo_Nat_Commun_2019_status_X_umap_bb4707_recall.svg,s3://lifebit-user-data-6941eed90a4dd7a1d1026d7a/deploit/teams/69d8dd1e5d3e1f8c350e006f/users/68af3d99c99eb7bd2ff47bc8/projects/69f80768ca774c668fbaaed8/jobs/69f8cdddd3d80718c05f0785/results/boxplot_respiratory_system_Szabo_Nat_Commun_2019_status_X_umap_bb4707_recall.svg
boxplot_respiratory_system_Travaglini_Nature_2020_free_annotation_X_tSNE_04a4fd_f_score.html,s3://lifebit-user-data-6941eed90a4dd7a1d1026d7a/deploit/teams/69d8dd1e5d3e1f8c350e006f/users/68af3d99c99eb7bd2ff47bc8/projects/69f80768ca774c668fbaaed8/jobs/69f8cdddd3d80718c05f0785/results/boxplot_respiratory_system_Travaglini_Nature_2020_free_annotation_X_tSNE_04a4fd_f_score.html
boxplot_respiratory_system_Travaglini_Nature_2020_free_annotation_X_tSNE_04a4fd_f_score.svg,s3://lifebit-user-data-6941eed90a4dd7a1d1026d7a/deploit/teams/69d8dd1e5d3e1f8c350e006f/users/68af3d99c99eb7bd2ff47bc8/projects/69f80768ca774c668fbaaed8/jobs/69f8cdddd3d80718c05f0785/results/boxplot_respiratory_system_Travaglini_Nature_2020_free_annotation_X_tSNE_04a4fd_f_score.svg
boxplot_respiratory_system_Travaglini_Nature_2020_free_annotation_X_tSNE_04a4fd_onTarget.html,s3://lifebit-user-data-6941eed90a4dd7a1d1026d7a/deploit/teams/69d8dd1e5d3e1f8c350e006f/users/68af3d99c99eb7bd2ff47bc8/projects/69f80768ca774c668fbaaed8/jobs/69f8cdddd3d80718c05f0785/results/boxplot_respiratory_system_Travaglini_Nature_2020_free_annotation_X_tSNE_04a4fd_onTarget.html
boxplot_respiratory_system_Travaglini_Nature_2020_free_annotation_X_tSNE_04a4fd_onTarget.svg,s3://lifebit-user-data-6941eed90a4dd7a1d1026d7a/deploit/teams/69d8dd1e5d3e1f8c350e006f/users/68af3d99c99eb7bd2ff47bc8/projects/69f80768ca774c668fbaaed8/jobs/69f8cdddd3d80718c05f0785/results/boxplot_respiratory_system_Travaglini_Nature_2020_free_annotation_X_tSNE_04a4fd_onTarget.svg
boxplot_respiratory_system_Travaglini_Nature_2020_free_annotation_X_tSNE_04a4fd_precision.html,s3://lifebit-user-data-6941eed90a4dd7a1d1026d7a/deploit/teams/69d8dd1e5d3e1f8c350e006f/users/68af3d99c99eb7bd2ff47bc8/projects/69f80768ca774c668fbaaed8/jobs/69f8cdddd3d80718c05f0785/results/boxplot_respiratory_system_Travaglini_Nature_2020_free_annotation_X_tSNE_04a4fd_precision.html
boxplot_respiratory_system_Travaglini_Nature_2020_free_annotation_X_tSNE_04a4fd_precision.svg,s3://lifebit-user-data-6941eed90a4dd7a1d1026d7a/deploit/teams/69d8dd1e5d3e1f8c350e006f/users/68af3d99c99eb7bd2ff47bc8/projects/69f80768ca774c668fbaaed8/jobs/69f8cdddd3d80718c05f0785/results/boxplot_respiratory_system_Travaglini_Nature_2020_free_annotation_X_tSNE_04a4fd_precision.svg
boxplot_respiratory_system_Travaglini_Nature_2020_free_annotation_X_tSNE_04a4fd_recall.html,s3://lifebit-user-data-6941eed90a4dd7a1d1026d7a/deploit/teams/69d8dd1e5d3e1f8c350e006f/users/68af3d99c99eb7bd2ff47bc8/projects/69f80768ca774c668fbaaed8/jobs/69f8cdddd3d80718c05f0785/results/boxplot_respiratory_system_Travaglini_Nature_2020_free_annotation_X_tSNE_04a4fd_recall.html
boxplot_respiratory_system_Travaglini_Nature_2020_free_annotation_X_tSNE_04a4fd_recall.svg,s3://lifebit-user-data-6941eed90a4dd7a1d1026d7a/deploit/teams/69d8dd1e5d3e1f8c350e006f/users/68af3d99c99eb7bd2ff47bc8/projects/69f80768ca774c668fbaaed8/jobs/69f8cdddd3d80718c05f0785/results/boxplot_respiratory_system_Travaglini_Nature_2020_free_annotation_X_tSNE_04a4fd_recall.svg
boxplot_respiratory_system_Travaglini_Nature_2020_free_annotation_X_tSNE_81a82c_f_score.html,s3://lifebit-user-data-6941eed90a4dd7a1d1026d7a/deploit/teams/69d8dd1e5d3e1f8c350e006f/users/68af3d99c99eb7bd2ff47bc8/projects/69f80768ca774c668fbaaed8/jobs/69f8cdddd3d80718c05f0785/results/boxplot_respiratory_system_Travaglini_Nature_2020_free_annotation_X_tSNE_81a82c_f_score.html
boxplot_respiratory_system_Travaglini_Nature_2020_free_annotation_X_tSNE_81a82c_f_score.svg,s3://lifebit-user-data-6941eed90a4dd7a1d1026d7a/deploit/teams/69d8dd1e5d3e1f8c350e006f/users/68af3d99c99eb7bd2ff47bc8/projects/69f80768ca774c668fbaaed8/jobs/69f8cdddd3d80718c05f0785/results/boxplot_respiratory_system_Travaglini_Nature_2020_free_annotation_X_tSNE_81a82c_f_score.svg
boxplot_respiratory_system_Travaglini_Nature_2020_free_annotation_X_tSNE_81a82c_onTarget.html,s3://lifebit-user-data-6941eed90a4dd7a1d1026d7a/deploit/teams/69d8dd1e5d3e1f8c350e006f/users/68af3d99c99eb7bd2ff47bc8/projects/69f80768ca774c668fbaaed8/jobs/69f8cdddd3d80718c05f0785/results/boxplot_respiratory_system_Travaglini_Nature_2020_free_annotation_X_tSNE_81a82c_onTarget.html
boxplot_respiratory_system_Travaglini_Nature_2020_free_annotation_X_tSNE_81a82c_onTarget.svg,s3://lifebit-user-data-6941eed90a4dd7a1d1026d7a/deploit/teams/69d8dd1e5d3e1f8c350e006f/users/68af3d99c99eb7bd2ff47bc8/projects/69f80768ca774c668fbaaed8/jobs/69f8cdddd3d80718c05f0785/results/boxplot_respiratory_system_Travaglini_Nature_2020_free_annotation_X_tSNE_81a82c_onTarget.svg
boxplot_respiratory_system_Travaglini_Nature_2020_free_annotation_X_tSNE_81a82c_precision.html,s3://lifebit-user-data-6941eed90a4dd7a1d1026d7a/deploit/teams/69d8dd1e5d3e1f8c350e006f/users/68af3d99c99eb7bd2ff47bc8/projects/69f80768ca774c668fbaaed8/jobs/69f8cdddd3d80718c05f0785/results/boxplot_respiratory_system_Travaglini_Nature_2020_free_annotation_X_tSNE_81a82c_precision.html
boxplot_respiratory_system_Travaglini_Nature_2020_free_annotation_X_tSNE_81a82c_precision.svg,s3://lifebit-user-data-6941eed90a4dd7a1d1026d7a/deploit/teams/69d8dd1e5d3e1f8c350e006f/users/68af3d99c99eb7bd2ff47bc8/projects/69f80768ca774c668fbaaed8/jobs/69f8cdddd3d80718c05f0785/results/boxplot_respiratory_system_Travaglini_Nature_2020_free_annotation_X_tSNE_81a82c_precision.svg
boxplot_respiratory_system_Travaglini_Nature_2020_free_annotation_X_tSNE_81a82c_recall.html,s3://lifebit-user-data-6941eed90a4dd7a1d1026d7a/deploit/teams/69d8dd1e5d3e1f8c350e006f/users/68af3d99c99eb7bd2ff47bc8/projects/69f80768ca774c668fbaaed8/jobs/69f8cdddd3d80718c05f0785/results/boxplot_respiratory_system_Travaglini_Nature_2020_free_annotation_X_tSNE_81a82c_recall.html
boxplot_respiratory_system_Travaglini_Nature_2020_free_annotation_X_tSNE_81a82c_recall.svg,s3://lifebit-user-data-6941eed90a4dd7a1d1026d7a/deploit/teams/69d8dd1e5d3e1f8c350e006f/users/68af3d99c99eb7bd2ff47bc8/projects/69f80768ca774c668fbaaed8/jobs/69f8cdddd3d80718c05f0785/results/boxplot_respiratory_system_Travaglini_Nature_2020_free_annotation_X_tSNE_81a82c_recall.svg
boxplot_respiratory_system_Wang_eLife_2020_author_cell_type_X_umap_c3bd89_f_score.html,s3://lifebit-user-data-6941eed90a4dd7a1d1026d7a/deploit/teams/69d8dd1e5d3e1f8c350e006f/users/68af3d99c99eb7bd2ff47bc8/projects/69f80768ca774c668fbaaed8/jobs/69f8cdddd3d80718c05f0785/results/boxplot_respiratory_system_Wang_eLife_2020_author_cell_type_X_umap_c3bd89_f_score.html
boxplot_respiratory_system_Wang_eLife_2020_author_cell_type_X_umap_c3bd89_f_score.svg,s3://lifebit-user-data-6941eed90a4dd7a1d1026d7a/deploit/teams/69d8dd1e5d3e1f8c350e006f/users/68af3d99c99eb7bd2ff47bc8/projects/69f80768ca774c668fbaaed8/jobs/69f8cdddd3d80718c05f0785/results/boxplot_respiratory_system_Wang_eLife_2020_author_cell_type_X_umap_c3bd89_f_score.svg
boxplot_respiratory_system_Wang_eLife_2020_author_cell_type_X_umap_c3bd89_onTarget.html,s3://lifebit-user-data-6941eed90a4dd7a1d1026d7a/deploit/teams/69d8dd1e5d3e1f8c350e006f/users/68af3d99c99eb7bd2ff47bc8/projects/69f80768ca774c668fbaaed8/jobs/69f8cdddd3d80718c05f0785/results/boxplot_respiratory_system_Wang_eLife_2020_author_cell_type_X_umap_c3bd89_onTarget.html
boxplot_respiratory_system_Wang_eLife_2020_author_cell_type_X_umap_c3bd89_onTarget.svg,s3://lifebit-user-data-6941eed90a4dd7a1d1026d7a/deploit/teams/69d8dd1e5d3e1f8c350e006f/users/68af3d99c99eb7bd2ff47bc8/projects/69f80768ca774c668fbaaed8/jobs/69f8cdddd3d80718c05f0785/results/boxplot_respiratory_system_Wang_eLife_2020_author_cell_type_X_umap_c3bd89_onTarget.svg
boxplot_respiratory_system_Wang_eLife_2020_author_cell_type_X_umap_c3bd89_precision.html,s3://lifebit-user-data-6941eed90a4dd7a1d1026d7a/deploit/teams/69d8dd1e5d3e1f8c350e006f/users/68af3d99c99eb7bd2ff47bc8/projects/69f80768ca774c668fbaaed8/jobs/69f8cdddd3d80718c05f0785/results/boxplot_respiratory_system_Wang_eLife_2020_author_cell_type_X_umap_c3bd89_precision.html
boxplot_respiratory_system_Wang_eLife_2020_author_cell_type_X_umap_c3bd89_precision.svg,s3://lifebit-user-data-6941eed90a4dd7a1d1026d7a/deploit/teams/69d8dd1e5d3e1f8c350e006f/users/68af3d99c99eb7bd2ff47bc8/projects/69f80768ca774c668fbaaed8/jobs/69f8cdddd3d80718c05f0785/results/boxplot_respiratory_system_Wang_eLife_2020_author_cell_type_X_umap_c3bd89_precision.svg
boxplot_respiratory_system_Wang_eLife_2020_author_cell_type_X_umap_c3bd89_recall.html,s3://lifebit-user-data-6941eed90a4dd7a1d1026d7a/deploit/teams/69d8dd1e5d3e1f8c350e006f/users/68af3d99c99eb7bd2ff47bc8/projects/69f80768ca774c668fbaaed8/jobs/69f8cdddd3d80718c05f0785/results/boxplot_respiratory_system_Wang_eLife_2020_author_cell_type_X_umap_c3bd89_recall.html
boxplot_respiratory_system_Wang_eLife_2020_author_cell_type_X_umap_c3bd89_recall.svg,s3://lifebit-user-data-6941eed90a4dd7a1d1026d7a/deploit/teams/69d8dd1e5d3e1f8c350e006f/users/68af3d99c99eb7bd2ff47bc8/projects/69f80768ca774c668fbaaed8/jobs/69f8cdddd3d80718c05f0785/results/boxplot_respiratory_system_Wang_eLife_2020_author_cell_type_X_umap_c3bd89_recall.svg
boxplot_respiratory_system_Watanabe_Am_J_Respir_Cell_Mol_Biol_2022_author_cell_type_X_umap_c7b336_f_score.html,s3://lifebit-user-data-6941eed90a4dd7a1d1026d7a/deploit/teams/69d8dd1e5d3e1f8c350e006f/users/68af3d99c99eb7bd2ff47bc8/projects/69f80768ca774c668fbaaed8/jobs/69f8cdddd3d80718c05f0785/results/boxplot_respiratory_system_Watanabe_Am_J_Respir_Cell_Mol_Biol_2022_author_cell_type_X_umap_c7b336_f_score.html
boxplot_respiratory_system_Watanabe_Am_J_Respir_Cell_Mol_Biol_2022_author_cell_type_X_umap_c7b336_f_score.svg,s3://lifebit-user-data-6941eed90a4dd7a1d1026d7a/deploit/teams/69d8dd1e5d3e1f8c350e006f/users/68af3d99c99eb7bd2ff47bc8/projects/69f80768ca774c668fbaaed8/jobs/69f8cdddd3d80718c05f0785/results/boxplot_respiratory_system_Watanabe_Am_J_Respir_Cell_Mol_Biol_2022_author_cell_type_X_umap_c7b336_f_score.svg
boxplot_respiratory_system_Watanabe_Am_J_Respir_Cell_Mol_Biol_2022_author_cell_type_X_umap_c7b336_onTarget.html,s3://lifebit-user-data-6941eed90a4dd7a1d1026d7a/deploit/teams/69d8dd1e5d3e1f8c350e006f/users/68af3d99c99eb7bd2ff47bc8/projects/69f80768ca774c668fbaaed8/jobs/69f8cdddd3d80718c05f0785/results/boxplot_respiratory_system_Watanabe_Am_J_Respir_Cell_Mol_Biol_2022_author_cell_type_X_umap_c7b336_onTarget.html
boxplot_respiratory_system_Watanabe_Am_J_Respir_Cell_Mol_Biol_2022_author_cell_type_X_umap_c7b336_onTarget.svg,s3://lifebit-user-data-6941eed90a4dd7a1d1026d7a/deploit/teams/69d8dd1e5d3e1f8c350e006f/users/68af3d99c99eb7bd2ff47bc8/projects/69f80768ca774c668fbaaed8/jobs/69f8cdddd3d80718c05f0785/results/boxplot_respiratory_system_Watanabe_Am_J_Respir_Cell_Mol_Biol_2022_author_cell_type_X_umap_c7b336_onTarget.svg
boxplot_respiratory_system_Watanabe_Am_J_Respir_Cell_Mol_Biol_2022_author_cell_type_X_umap_c7b336_precision.html,s3://lifebit-user-data-6941eed90a4dd7a1d1026d7a/deploit/teams/69d8dd1e5d3e1f8c350e006f/users/68af3d99c99eb7bd2ff47bc8/projects/69f80768ca774c668fbaaed8/jobs/69f8cdddd3d80718c05f0785/results/boxplot_respiratory_system_Watanabe_Am_J_Respir_Cell_Mol_Biol_2022_author_cell_type_X_umap_c7b336_precision.html
boxplot_respiratory_system_Watanabe_Am_J_Respir_Cell_Mol_Biol_2022_author_cell_type_X_umap_c7b336_precision.svg,s3://lifebit-user-data-6941eed90a4dd7a1d1026d7a/deploit/teams/69d8dd1e5d3e1f8c350e006f/users/68af3d99c99eb7bd2ff47bc8/projects/69f80768ca774c668fbaaed8/jobs/69f8cdddd3d80718c05f0785/results/boxplot_respiratory_system_Watanabe_Am_J_Respir_Cell_Mol_Biol_2022_author_cell_type_X_umap_c7b336_precision.svg
boxplot_respiratory_system_Watanabe_Am_J_Respir_Cell_Mol_Biol_2022_author_cell_type_X_umap_c7b336_recall.html,s3://lifebit-user-data-6941eed90a4dd7a1d1026d7a/deploit/teams/69d8dd1e5d3e1f8c350e006f/users/68af3d99c99eb7bd2ff47bc8/projects/69f80768ca774c668fbaaed8/jobs/69f8cdddd3d80718c05f0785/results/boxplot_respiratory_system_Watanabe_Am_J_Respir_Cell_Mol_Biol_2022_author_cell_type_X_umap_c7b336_recall.html
boxplot_respiratory_system_Watanabe_Am_J_Respir_Cell_Mol_Biol_2022_author_cell_type_X_umap_c7b336_recall.svg,s3://lifebit-user-data-6941eed90a4dd7a1d1026d7a/deploit/teams/69d8dd1e5d3e1f8c350e006f/users/68af3d99c99eb7bd2ff47bc8/projects/69f80768ca774c668fbaaed8/jobs/69f8cdddd3d80718c05f0785/results/boxplot_respiratory_system_Watanabe_Am_J_Respir_Cell_Mol_Biol_2022_author_cell_type_X_umap_c7b336_recall.svg
boxplot_respiratory_system_Wells_Nat_Immunol_2025_author_cell_type_X_umap_74e9e1_f_score.html,s3://lifebit-user-data-6941eed90a4dd7a1d1026d7a/deploit/teams/69d8dd1e5d3e1f8c350e006f/users/68af3d99c99eb7bd2ff47bc8/projects/69f80768ca774c668fbaaed8/jobs/69f8cdddd3d80718c05f0785/results/boxplot_respiratory_system_Wells_Nat_Immunol_2025_author_cell_type_X_umap_74e9e1_f_score.html
boxplot_respiratory_system_Wells_Nat_Immunol_2025_author_cell_type_X_umap_74e9e1_f_score.svg,s3://lifebit-user-data-6941eed90a4dd7a1d1026d7a/deploit/teams/69d8dd1e5d3e1f8c350e006f/users/68af3d99c99eb7bd2ff47bc8/projects/69f80768ca774c668fbaaed8/jobs/69f8cdddd3d80718c05f0785/results/boxplot_respiratory_system_Wells_Nat_Immunol_2025_author_cell_type_X_umap_74e9e1_f_score.svg
boxplot_respiratory_system_Wells_Nat_Immunol_2025_author_cell_type_X_umap_74e9e1_onTarget.html,s3://lifebit-user-data-6941eed90a4dd7a1d1026d7a/deploit/teams/69d8dd1e5d3e1f8c350e006f/users/68af3d99c99eb7bd2ff47bc8/projects/69f80768ca774c668fbaaed8/jobs/69f8cdddd3d80718c05f0785/results/boxplot_respiratory_system_Wells_Nat_Immunol_2025_author_cell_type_X_umap_74e9e1_onTarget.html
boxplot_respiratory_system_Wells_Nat_Immunol_2025_author_cell_type_X_umap_74e9e1_onTarget.svg,s3://lifebit-user-data-6941eed90a4dd7a1d1026d7a/deploit/teams/69d8dd1e5d3e1f8c350e006f/users/68af3d99c99eb7bd2ff47bc8/projects/69f80768ca774c668fbaaed8/jobs/69f8cdddd3d80718c05f0785/results/boxplot_respiratory_system_Wells_Nat_Immunol_2025_author_cell_type_X_umap_74e9e1_onTarget.svg
boxplot_respiratory_system_Wells_Nat_Immunol_2025_author_cell_type_X_umap_74e9e1_precision.html,s3://lifebit-user-data-6941eed90a4dd7a1d1026d7a/deploit/teams/69d8dd1e5d3e1f8c350e006f/users/68af3d99c99eb7bd2ff47bc8/projects/69f80768ca774c668fbaaed8/jobs/69f8cdddd3d80718c05f0785/results/boxplot_respiratory_system_Wells_Nat_Immunol_2025_author_cell_type_X_umap_74e9e1_precision.html
boxplot_respiratory_system_Wells_Nat_Immunol_2025_author_cell_type_X_umap_74e9e1_precision.svg,s3://lifebit-user-data-6941eed90a4dd7a1d1026d7a/deploit/teams/69d8dd1e5d3e1f8c350e006f/users/68af3d99c99eb7bd2ff47bc8/projects/69f80768ca774c668fbaaed8/jobs/69f8cdddd3d80718c05f0785/results/boxplot_respiratory_system_Wells_Nat_Immunol_2025_author_cell_type_X_umap_74e9e1_precision.svg
boxplot_respiratory_system_Wells_Nat_Immunol_2025_author_cell_type_X_umap_74e9e1_recall.html,s3://lifebit-user-data-6941eed90a4dd7a1d1026d7a/deploit/teams/69d8dd1e5d3e1f8c350e006f/users/68af3d99c99eb7bd2ff47bc8/projects/69f80768ca774c668fbaaed8/jobs/69f8cdddd3d80718c05f0785/results/boxplot_respiratory_system_Wells_Nat_Immunol_2025_author_cell_type_X_umap_74e9e1_recall.html
boxplot_respiratory_system_Wells_Nat_Immunol_2025_author_cell_type_X_umap_74e9e1_recall.svg,s3://lifebit-user-data-6941eed90a4dd7a1d1026d7a/deploit/teams/69d8dd1e5d3e1f8c350e006f/users/68af3d99c99eb7bd2ff47bc8/projects/69f80768ca774c668fbaaed8/jobs/69f8cdddd3d80718c05f0785/results/boxplot_respiratory_system_Wells_Nat_Immunol_2025_author_cell_type_X_umap_74e9e1_recall.svg
boxplot_respiratory_system_Wong_American_Journal_of_Transplantation_2024_GSVA_anno_labels_lowcluster_X_umap_3db111_f_score.html,s3://lifebit-user-data-6941eed90a4dd7a1d1026d7a/deploit/teams/69d8dd1e5d3e1f8c350e006f/users/68af3d99c99eb7bd2ff47bc8/projects/69f80768ca774c668fbaaed8/jobs/69f8cdddd3d80718c05f0785/results/boxplot_respiratory_system_Wong_American_Journal_of_Transplantation_2024_GSVA_anno_labels_lowcluster_X_umap_3db111_f_score.html
boxplot_respiratory_system_Wong_American_Journal_of_Transplantation_2024_GSVA_anno_labels_lowcluster_X_umap_3db111_f_score.svg,s3://lifebit-user-data-6941eed90a4dd7a1d1026d7a/deploit/teams/69d8dd1e5d3e1f8c350e006f/users/68af3d99c99eb7bd2ff47bc8/projects/69f80768ca774c668fbaaed8/jobs/69f8cdddd3d80718c05f0785/results/boxplot_respiratory_system_Wong_American_Journal_of_Transplantation_2024_GSVA_anno_labels_lowcluster_X_umap_3db111_f_score.svg
boxplot_respiratory_system_Wong_American_Journal_of_Transplantation_2024_GSVA_anno_labels_lowcluster_X_umap_3db111_onTarget.html,s3://lifebit-user-data-6941eed90a4dd7a1d1026d7a/deploit/teams/69d8dd1e5d3e1f8c350e006f/users/68af3d99c99eb7bd2ff47bc8/projects/69f80768ca774c668fbaaed8/jobs/69f8cdddd3d80718c05f0785/results/boxplot_respiratory_system_Wong_American_Journal_of_Transplantation_2024_GSVA_anno_labels_lowcluster_X_umap_3db111_onTarget.html
boxplot_respiratory_system_Wong_American_Journal_of_Transplantation_2024_GSVA_anno_labels_lowcluster_X_umap_3db111_onTarget.svg,s3://lifebit-user-data-6941eed90a4dd7a1d1026d7a/deploit/teams/69d8dd1e5d3e1f8c350e006f/users/68af3d99c99eb7bd2ff47bc8/projects/69f80768ca774c668fbaaed8/jobs/69f8cdddd3d80718c05f0785/results/boxplot_respiratory_system_Wong_American_Journal_of_Transplantation_2024_GSVA_anno_labels_lowcluster_X_umap_3db111_onTarget.svg
boxplot_respiratory_system_Wong_American_Journal_of_Transplantation_2024_GSVA_anno_labels_lowcluster_X_umap_3db111_precision.html,s3://lifebit-user-data-6941eed90a4dd7a1d1026d7a/deploit/teams/69d8dd1e5d3e1f8c350e006f/users/68af3d99c99eb7bd2ff47bc8/projects/69f80768ca774c668fbaaed8/jobs/69f8cdddd3d80718c05f0785/results/boxplot_respiratory_system_Wong_American_Journal_of_Transplantation_2024_GSVA_anno_labels_lowcluster_X_umap_3db111_precision.html
boxplot_respiratory_system_Wong_American_Journal_of_Transplantation_2024_GSVA_anno_labels_lowcluster_X_umap_3db111_precision.svg,s3://lifebit-user-data-6941eed90a4dd7a1d1026d7a/deploit/teams/69d8dd1e5d3e1f8c350e006f/users/68af3d99c99eb7bd2ff47bc8/projects/69f80768ca774c668fbaaed8/jobs/69f8cdddd3d80718c05f0785/results/boxplot_respiratory_system_Wong_American_Journal_of_Transplantation_2024_GSVA_anno_labels_lowcluster_X_umap_3db111_precision.svg
boxplot_respiratory_system_Wong_American_Journal_of_Transplantation_2024_GSVA_anno_labels_lowcluster_X_umap_3db111_recall.html,s3://lifebit-user-data-6941eed90a4dd7a1d1026d7a/deploit/teams/69d8dd1e5d3e1f8c350e006f/users/68af3d99c99eb7bd2ff47bc8/projects/69f80768ca774c668fbaaed8/jobs/69f8cdddd3d80718c05f0785/results/boxplot_respiratory_system_Wong_American_Journal_of_Transplantation_2024_GSVA_anno_labels_lowcluster_X_umap_3db111_recall.html
boxplot_respiratory_system_Wong_American_Journal_of_Transplantation_2024_GSVA_anno_labels_lowcluster_X_umap_3db111_recall.svg,s3://lifebit-user-data-6941eed90a4dd7a1d1026d7a/deploit/teams/69d8dd1e5d3e1f8c350e006f/users/68af3d99c99eb7bd2ff47bc8/projects/69f80768ca774c668fbaaed8/jobs/69f8cdddd3d80718c05f0785/results/boxplot_respiratory_system_Wong_American_Journal_of_Transplantation_2024_GSVA_anno_labels_lowcluster_X_umap_3db111_recall.svg
boxplot_respiratory_system_Xu_Cell_2023_Original_annotation_X_umap_78cea8_f_score.html,s3://lifebit-user-data-6941eed90a4dd7a1d1026d7a/deploit/teams/69d8dd1e5d3e1f8c350e006f/users/68af3d99c99eb7bd2ff47bc8/projects/69f80768ca774c668fbaaed8/jobs/69f8cdddd3d80718c05f0785/results/boxplot_respiratory_system_Xu_Cell_2023_Original_annotation_X_umap_78cea8_f_score.html
boxplot_respiratory_system_Xu_Cell_2023_Original_annotation_X_umap_78cea8_f_score.svg,s3://lifebit-user-data-6941eed90a4dd7a1d1026d7a/deploit/teams/69d8dd1e5d3e1f8c350e006f/users/68af3d99c99eb7bd2ff47bc8/projects/69f80768ca774c668fbaaed8/jobs/69f8cdddd3d80718c05f0785/results/boxplot_respiratory_system_Xu_Cell_2023_Original_annotation_X_umap_78cea8_f_score.svg
boxplot_respiratory_system_Xu_Cell_2023_Original_annotation_X_umap_78cea8_onTarget.html,s3://lifebit-user-data-6941eed90a4dd7a1d1026d7a/deploit/teams/69d8dd1e5d3e1f8c350e006f/users/68af3d99c99eb7bd2ff47bc8/projects/69f80768ca774c668fbaaed8/jobs/69f8cdddd3d80718c05f0785/results/boxplot_respiratory_system_Xu_Cell_2023_Original_annotation_X_umap_78cea8_onTarget.html
boxplot_respiratory_system_Xu_Cell_2023_Original_annotation_X_umap_78cea8_onTarget.svg,s3://lifebit-user-data-6941eed90a4dd7a1d1026d7a/deploit/teams/69d8dd1e5d3e1f8c350e006f/users/68af3d99c99eb7bd2ff47bc8/projects/69f80768ca774c668fbaaed8/jobs/69f8cdddd3d80718c05f0785/results/boxplot_respiratory_system_Xu_Cell_2023_Original_annotation_X_umap_78cea8_onTarget.svg
boxplot_respiratory_system_Xu_Cell_2023_Original_annotation_X_umap_78cea8_precision.html,s3://lifebit-user-data-6941eed90a4dd7a1d1026d7a/deploit/teams/69d8dd1e5d3e1f8c350e006f/users/68af3d99c99eb7bd2ff47bc8/projects/69f80768ca774c668fbaaed8/jobs/69f8cdddd3d80718c05f0785/results/boxplot_respiratory_system_Xu_Cell_2023_Original_annotation_X_umap_78cea8_precision.html
boxplot_respiratory_system_Xu_Cell_2023_Original_annotation_X_umap_78cea8_precision.svg,s3://lifebit-user-data-6941eed90a4dd7a1d1026d7a/deploit/teams/69d8dd1e5d3e1f8c350e006f/users/68af3d99c99eb7bd2ff47bc8/projects/69f80768ca774c668fbaaed8/jobs/69f8cdddd3d80718c05f0785/results/boxplot_respiratory_system_Xu_Cell_2023_Original_annotation_X_umap_78cea8_precision.svg
boxplot_respiratory_system_Xu_Cell_2023_Original_annotation_X_umap_78cea8_recall.html,s3://lifebit-user-data-6941eed90a4dd7a1d1026d7a/deploit/teams/69d8dd1e5d3e1f8c350e006f/users/68af3d99c99eb7bd2ff47bc8/projects/69f80768ca774c668fbaaed8/jobs/69f8cdddd3d80718c05f0785/results/boxplot_respiratory_system_Xu_Cell_2023_Original_annotation_X_umap_78cea8_recall.html
boxplot_respiratory_system_Xu_Cell_2023_Original_annotation_X_umap_78cea8_recall.svg,s3://lifebit-user-data-6941eed90a4dd7a1d1026d7a/deploit/teams/69d8dd1e5d3e1f8c350e006f/users/68af3d99c99eb7bd2ff47bc8/projects/69f80768ca774c668fbaaed8/jobs/69f8cdddd3d80718c05f0785/results/boxplot_respiratory_system_Xu_Cell_2023_Original_annotation_X_umap_78cea8_recall.svg
boxplot_respiratory_system_Xu_Sci_Rep_2022_author_cell_type_final_X_umap_dc2012_f_score.html,s3://lifebit-user-data-6941eed90a4dd7a1d1026d7a/deploit/teams/69d8dd1e5d3e1f8c350e006f/users/68af3d99c99eb7bd2ff47bc8/projects/69f80768ca774c668fbaaed8/jobs/69f8cdddd3d80718c05f0785/results/boxplot_respiratory_system_Xu_Sci_Rep_2022_author_cell_type_final_X_umap_dc2012_f_score.html
boxplot_respiratory_system_Xu_Sci_Rep_2022_author_cell_type_final_X_umap_dc2012_f_score.svg,s3://lifebit-user-data-6941eed90a4dd7a1d1026d7a/deploit/teams/69d8dd1e5d3e1f8c350e006f/users/68af3d99c99eb7bd2ff47bc8/projects/69f80768ca774c668fbaaed8/jobs/69f8cdddd3d80718c05f0785/results/boxplot_respiratory_system_Xu_Sci_Rep_2022_author_cell_type_final_X_umap_dc2012_f_score.svg
boxplot_respiratory_system_Xu_Sci_Rep_2022_author_cell_type_final_X_umap_dc2012_onTarget.html,s3://lifebit-user-data-6941eed90a4dd7a1d1026d7a/deploit/teams/69d8dd1e5d3e1f8c350e006f/users/68af3d99c99eb7bd2ff47bc8/projects/69f80768ca774c668fbaaed8/jobs/69f8cdddd3d80718c05f0785/results/boxplot_respiratory_system_Xu_Sci_Rep_2022_author_cell_type_final_X_umap_dc2012_onTarget.html
boxplot_respiratory_system_Xu_Sci_Rep_2022_author_cell_type_final_X_umap_dc2012_onTarget.svg,s3://lifebit-user-data-6941eed90a4dd7a1d1026d7a/deploit/teams/69d8dd1e5d3e1f8c350e006f/users/68af3d99c99eb7bd2ff47bc8/projects/69f80768ca774c668fbaaed8/jobs/69f8cdddd3d80718c05f0785/results/boxplot_respiratory_system_Xu_Sci_Rep_2022_author_cell_type_final_X_umap_dc2012_onTarget.svg
boxplot_respiratory_system_Xu_Sci_Rep_2022_author_cell_type_final_X_umap_dc2012_precision.html,s3://lifebit-user-data-6941eed90a4dd7a1d1026d7a/deploit/teams/69d8dd1e5d3e1f8c350e006f/users/68af3d99c99eb7bd2ff47bc8/projects/69f80768ca774c668fbaaed8/jobs/69f8cdddd3d80718c05f0785/results/boxplot_respiratory_system_Xu_Sci_Rep_2022_author_cell_type_final_X_umap_dc2012_precision.html
boxplot_respiratory_system_Xu_Sci_Rep_2022_author_cell_type_final_X_umap_dc2012_precision.svg,s3://lifebit-user-data-6941eed90a4dd7a1d1026d7a/deploit/teams/69d8dd1e5d3e1f8c350e006f/users/68af3d99c99eb7bd2ff47bc8/projects/69f80768ca774c668fbaaed8/jobs/69f8cdddd3d80718c05f0785/results/boxplot_respiratory_system_Xu_Sci_Rep_2022_author_cell_type_final_X_umap_dc2012_precision.svg
boxplot_respiratory_system_Xu_Sci_Rep_2022_author_cell_type_final_X_umap_dc2012_recall.html,s3://lifebit-user-data-6941eed90a4dd7a1d1026d7a/deploit/teams/69d8dd1e5d3e1f8c350e006f/users/68af3d99c99eb7bd2ff47bc8/projects/69f80768ca774c668fbaaed8/jobs/69f8cdddd3d80718c05f0785/results/boxplot_respiratory_system_Xu_Sci_Rep_2022_author_cell_type_final_X_umap_dc2012_recall.html
boxplot_respiratory_system_Xu_Sci_Rep_2022_author_cell_type_final_X_umap_dc2012_recall.svg,s3://lifebit-user-data-6941eed90a4dd7a1d1026d7a/deploit/teams/69d8dd1e5d3e1f8c350e006f/users/68af3d99c99eb7bd2ff47bc8/projects/69f80768ca774c668fbaaed8/jobs/69f8cdddd3d80718c05f0785/results/boxplot_respiratory_system_Xu_Sci_Rep_2022_author_cell_type_final_X_umap_dc2012_recall.svg
boxplot_respiratory_system_Xu_Sci_Rep_2022_cell_type_X_umap_81ecd6_f_score.html,s3://lifebit-user-data-6941eed90a4dd7a1d1026d7a/deploit/teams/69d8dd1e5d3e1f8c350e006f/users/68af3d99c99eb7bd2ff47bc8/projects/69f80768ca774c668fbaaed8/jobs/69f8cdddd3d80718c05f0785/results/boxplot_respiratory_system_Xu_Sci_Rep_2022_cell_type_X_umap_81ecd6_f_score.html
boxplot_respiratory_system_Xu_Sci_Rep_2022_cell_type_X_umap_81ecd6_f_score.svg,s3://lifebit-user-data-6941eed90a4dd7a1d1026d7a/deploit/teams/69d8dd1e5d3e1f8c350e006f/users/68af3d99c99eb7bd2ff47bc8/projects/69f80768ca774c668fbaaed8/jobs/69f8cdddd3d80718c05f0785/results/boxplot_respiratory_system_Xu_Sci_Rep_2022_cell_type_X_umap_81ecd6_f_score.svg
boxplot_respiratory_system_Xu_Sci_Rep_2022_cell_type_X_umap_81ecd6_onTarget.html,s3://lifebit-user-data-6941eed90a4dd7a1d1026d7a/deploit/teams/69d8dd1e5d3e1f8c350e006f/users/68af3d99c99eb7bd2ff47bc8/projects/69f80768ca774c668fbaaed8/jobs/69f8cdddd3d80718c05f0785/results/boxplot_respiratory_system_Xu_Sci_Rep_2022_cell_type_X_umap_81ecd6_onTarget.html
boxplot_respiratory_system_Xu_Sci_Rep_2022_cell_type_X_umap_81ecd6_onTarget.svg,s3://lifebit-user-data-6941eed90a4dd7a1d1026d7a/deploit/teams/69d8dd1e5d3e1f8c350e006f/users/68af3d99c99eb7bd2ff47bc8/projects/69f80768ca774c668fbaaed8/jobs/69f8cdddd3d80718c05f0785/results/boxplot_respiratory_system_Xu_Sci_Rep_2022_cell_type_X_umap_81ecd6_onTarget.svg
boxplot_respiratory_system_Xu_Sci_Rep_2022_cell_type_X_umap_81ecd6_precision.html,s3://lifebit-user-data-6941eed90a4dd7a1d1026d7a/deploit/teams/69d8dd1e5d3e1f8c350e006f/users/68af3d99c99eb7bd2ff47bc8/projects/69f80768ca774c668fbaaed8/jobs/69f8cdddd3d80718c05f0785/results/boxplot_respiratory_system_Xu_Sci_Rep_2022_cell_type_X_umap_81ecd6_precision.html
boxplot_respiratory_system_Xu_Sci_Rep_2022_cell_type_X_umap_81ecd6_precision.svg,s3://lifebit-user-data-6941eed90a4dd7a1d1026d7a/deploit/teams/69d8dd1e5d3e1f8c350e006f/users/68af3d99c99eb7bd2ff47bc8/projects/69f80768ca774c668fbaaed8/jobs/69f8cdddd3d80718c05f0785/results/boxplot_respiratory_system_Xu_Sci_Rep_2022_cell_type_X_umap_81ecd6_precision.svg
boxplot_respiratory_system_Xu_Sci_Rep_2022_cell_type_X_umap_81ecd6_recall.html,s3://lifebit-user-data-6941eed90a4dd7a1d1026d7a/deploit/teams/69d8dd1e5d3e1f8c350e006f/users/68af3d99c99eb7bd2ff47bc8/projects/69f80768ca774c668fbaaed8/jobs/69f8cdddd3d80718c05f0785/results/boxplot_respiratory_system_Xu_Sci_Rep_2022_cell_type_X_umap_81ecd6_recall.html
boxplot_respiratory_system_Xu_Sci_Rep_2022_cell_type_X_umap_81ecd6_recall.svg,s3://lifebit-user-data-6941eed90a4dd7a1d1026d7a/deploit/teams/69d8dd1e5d3e1f8c350e006f/users/68af3d99c99eb7bd2ff47bc8/projects/69f80768ca774c668fbaaed8/jobs/69f8cdddd3d80718c05f0785/results/boxplot_respiratory_system_Xu_Sci_Rep_2022_cell_type_X_umap_81ecd6_recall.svg
boxplot_respiratory_system_Yoshida_Nature_2022_Cell_type_annotation_level3_X_umap_8dc8be_f_score.html,s3://lifebit-user-data-6941eed90a4dd7a1d1026d7a/deploit/teams/69d8dd1e5d3e1f8c350e006f/users/68af3d99c99eb7bd2ff47bc8/projects/69f80768ca774c668fbaaed8/jobs/69f8cdddd3d80718c05f0785/results/boxplot_respiratory_system_Yoshida_Nature_2022_Cell_type_annotation_level3_X_umap_8dc8be_f_score.html
boxplot_respiratory_system_Yoshida_Nature_2022_Cell_type_annotation_level3_X_umap_8dc8be_f_score.svg,s3://lifebit-user-data-6941eed90a4dd7a1d1026d7a/deploit/teams/69d8dd1e5d3e1f8c350e006f/users/68af3d99c99eb7bd2ff47bc8/projects/69f80768ca774c668fbaaed8/jobs/69f8cdddd3d80718c05f0785/results/boxplot_respiratory_system_Yoshida_Nature_2022_Cell_type_annotation_level3_X_umap_8dc8be_f_score.svg
boxplot_respiratory_system_Yoshida_Nature_2022_Cell_type_annotation_level3_X_umap_8dc8be_onTarget.html,s3://lifebit-user-data-6941eed90a4dd7a1d1026d7a/deploit/teams/69d8dd1e5d3e1f8c350e006f/users/68af3d99c99eb7bd2ff47bc8/projects/69f80768ca774c668fbaaed8/jobs/69f8cdddd3d80718c05f0785/results/boxplot_respiratory_system_Yoshida_Nature_2022_Cell_type_annotation_level3_X_umap_8dc8be_onTarget.html
boxplot_respiratory_system_Yoshida_Nature_2022_Cell_type_annotation_level3_X_umap_8dc8be_onTarget.svg,s3://lifebit-user-data-6941eed90a4dd7a1d1026d7a/deploit/teams/69d8dd1e5d3e1f8c350e006f/users/68af3d99c99eb7bd2ff47bc8/projects/69f80768ca774c668fbaaed8/jobs/69f8cdddd3d80718c05f0785/results/boxplot_respiratory_system_Yoshida_Nature_2022_Cell_type_annotation_level3_X_umap_8dc8be_onTarget.svg
boxplot_respiratory_system_Yoshida_Nature_2022_Cell_type_annotation_level3_X_umap_8dc8be_precision.html,s3://lifebit-user-data-6941eed90a4dd7a1d1026d7a/deploit/teams/69d8dd1e5d3e1f8c350e006f/users/68af3d99c99eb7bd2ff47bc8/projects/69f80768ca774c668fbaaed8/jobs/69f8cdddd3d80718c05f0785/results/boxplot_respiratory_system_Yoshida_Nature_2022_Cell_type_annotation_level3_X_umap_8dc8be_precision.html
boxplot_respiratory_system_Yoshida_Nature_2022_Cell_type_annotation_level3_X_umap_8dc8be_precision.svg,s3://lifebit-user-data-6941eed90a4dd7a1d1026d7a/deploit/teams/69d8dd1e5d3e1f8c350e006f/users/68af3d99c99eb7bd2ff47bc8/projects/69f80768ca774c668fbaaed8/jobs/69f8cdddd3d80718c05f0785/results/boxplot_respiratory_system_Yoshida_Nature_2022_Cell_type_annotation_level3_X_umap_8dc8be_precision.svg
boxplot_respiratory_system_Yoshida_Nature_2022_Cell_type_annotation_level3_X_umap_8dc8be_recall.html,s3://lifebit-user-data-6941eed90a4dd7a1d1026d7a/deploit/teams/69d8dd1e5d3e1f8c350e006f/users/68af3d99c99eb7bd2ff47bc8/projects/69f80768ca774c668fbaaed8/jobs/69f8cdddd3d80718c05f0785/results/boxplot_respiratory_system_Yoshida_Nature_2022_Cell_type_annotation_level3_X_umap_8dc8be_recall.html
boxplot_respiratory_system_Yoshida_Nature_2022_Cell_type_annotation_level3_X_umap_8dc8be_recall.svg,s3://lifebit-user-data-6941eed90a4dd7a1d1026d7a/deploit/teams/69d8dd1e5d3e1f8c350e006f/users/68af3d99c99eb7bd2ff47bc8/projects/69f80768ca774c668fbaaed8/jobs/69f8cdddd3d80718c05f0785/results/boxplot_respiratory_system_Yoshida_Nature_2022_Cell_type_annotation_level3_X_umap_8dc8be_recall.svg
boxplot_respiratory_system_Ziegler_Cell_2021_Detailed_Cell_Annotations_X_umap_045011_f_score.html,s3://lifebit-user-data-6941eed90a4dd7a1d1026d7a/deploit/teams/69d8dd1e5d3e1f8c350e006f/users/68af3d99c99eb7bd2ff47bc8/projects/69f80768ca774c668fbaaed8/jobs/69f8cdddd3d80718c05f0785/results/boxplot_respiratory_system_Ziegler_Cell_2021_Detailed_Cell_Annotations_X_umap_045011_f_score.html
boxplot_respiratory_system_Ziegler_Cell_2021_Detailed_Cell_Annotations_X_umap_045011_f_score.svg,s3://lifebit-user-data-6941eed90a4dd7a1d1026d7a/deploit/teams/69d8dd1e5d3e1f8c350e006f/users/68af3d99c99eb7bd2ff47bc8/projects/69f80768ca774c668fbaaed8/jobs/69f8cdddd3d80718c05f0785/results/boxplot_respiratory_system_Ziegler_Cell_2021_Detailed_Cell_Annotations_X_umap_045011_f_score.svg
boxplot_respiratory_system_Ziegler_Cell_2021_Detailed_Cell_Annotations_X_umap_045011_onTarget.html,s3://lifebit-user-data-6941eed90a4dd7a1d1026d7a/deploit/teams/69d8dd1e5d3e1f8c350e006f/users/68af3d99c99eb7bd2ff47bc8/projects/69f80768ca774c668fbaaed8/jobs/69f8cdddd3d80718c05f0785/results/boxplot_respiratory_system_Ziegler_Cell_2021_Detailed_Cell_Annotations_X_umap_045011_onTarget.html
boxplot_respiratory_system_Ziegler_Cell_2021_Detailed_Cell_Annotations_X_umap_045011_onTarget.svg,s3://lifebit-user-data-6941eed90a4dd7a1d1026d7a/deploit/teams/69d8dd1e5d3e1f8c350e006f/users/68af3d99c99eb7bd2ff47bc8/projects/69f80768ca774c668fbaaed8/jobs/69f8cdddd3d80718c05f0785/results/boxplot_respiratory_system_Ziegler_Cell_2021_Detailed_Cell_Annotations_X_umap_045011_onTarget.svg
boxplot_respiratory_system_Ziegler_Cell_2021_Detailed_Cell_Annotations_X_umap_045011_precision.html,s3://lifebit-user-data-6941eed90a4dd7a1d1026d7a/deploit/teams/69d8dd1e5d3e1f8c350e006f/users/68af3d99c99eb7bd2ff47bc8/projects/69f80768ca774c668fbaaed8/jobs/69f8cdddd3d80718c05f0785/results/boxplot_respiratory_system_Ziegler_Cell_2021_Detailed_Cell_Annotations_X_umap_045011_precision.html
boxplot_respiratory_system_Ziegler_Cell_2021_Detailed_Cell_Annotations_X_umap_045011_precision.svg,s3://lifebit-user-data-6941eed90a4dd7a1d1026d7a/deploit/teams/69d8dd1e5d3e1f8c350e006f/users/68af3d99c99eb7bd2ff47bc8/projects/69f80768ca774c668fbaaed8/jobs/69f8cdddd3d80718c05f0785/results/boxplot_respiratory_system_Ziegler_Cell_2021_Detailed_Cell_Annotations_X_umap_045011_precision.svg
boxplot_respiratory_system_Ziegler_Cell_2021_Detailed_Cell_Annotations_X_umap_045011_recall.html,s3://lifebit-user-data-6941eed90a4dd7a1d1026d7a/deploit/teams/69d8dd1e5d3e1f8c350e006f/users/68af3d99c99eb7bd2ff47bc8/projects/69f80768ca774c668fbaaed8/jobs/69f8cdddd3d80718c05f0785/results/boxplot_respiratory_system_Ziegler_Cell_2021_Detailed_Cell_Annotations_X_umap_045011_recall.html
boxplot_respiratory_system_Ziegler_Cell_2021_Detailed_Cell_Annotations_X_umap_045011_recall.svg,s3://lifebit-user-data-6941eed90a4dd7a1d1026d7a/deploit/teams/69d8dd1e5d3e1f8c350e006f/users/68af3d99c99eb7bd2ff47bc8/projects/69f80768ca774c668fbaaed8/jobs/69f8cdddd3d80718c05f0785/results/boxplot_respiratory_system_Ziegler_Cell_2021_Detailed_Cell_Annotations_X_umap_045011_recall.svg
cluster_cid_mapping_respiratory_system_Berg_Journal_of_Cystic_Fibrosis_2025_Level_5_X_umap_17763a.csv,s3://lifebit-user-data-6941eed90a4dd7a1d1026d7a/deploit/teams/69d8dd1e5d3e1f8c350e006f/users/68af3d99c99eb7bd2ff47bc8/projects/69f80768ca774c668fbaaed8/jobs/69f8cdddd3d80718c05f0785/results/cluster_cid_mapping_respiratory_system_Berg_Journal_of_Cystic_Fibrosis_2025_Level_5_X_umap_17763a.csv
cluster_cid_mapping_respiratory_system_Dominguez_Conde_Science_2022_Manually_curated_celltype_X_umap_04d255.csv,s3://lifebit-user-data-6941eed90a4dd7a1d1026d7a/deploit/teams/69d8dd1e5d3e1f8c350e006f/users/68af3d99c99eb7bd2ff47bc8/projects/69f80768ca774c668fbaaed8/jobs/69f8cdddd3d80718c05f0785/results/cluster_cid_mapping_respiratory_system_Dominguez_Conde_Science_2022_Manually_curated_celltype_X_umap_04d255.csv
cluster_cid_mapping_respiratory_system_Eraslan_Science_2022_Broad_cell_type_X_umap_f44b0f.csv,s3://lifebit-user-data-6941eed90a4dd7a1d1026d7a/deploit/teams/69d8dd1e5d3e1f8c350e006f/users/68af3d99c99eb7bd2ff47bc8/projects/69f80768ca774c668fbaaed8/jobs/69f8cdddd3d80718c05f0785/results/cluster_cid_mapping_respiratory_system_Eraslan_Science_2022_Broad_cell_type_X_umap_f44b0f.csv
cluster_cid_mapping_respiratory_system_Han_Nature_2020_author_cell_type_X_umap_5c7ea7.csv,s3://lifebit-user-data-6941eed90a4dd7a1d1026d7a/deploit/teams/69d8dd1e5d3e1f8c350e006f/users/68af3d99c99eb7bd2ff47bc8/projects/69f80768ca774c668fbaaed8/jobs/69f8cdddd3d80718c05f0785/results/cluster_cid_mapping_respiratory_system_Han_Nature_2020_author_cell_type_X_umap_5c7ea7.csv
cluster_cid_mapping_respiratory_system_Madissoon_Genome_Biol_2020_author_cell_type_X_umap_2ee7d6.csv,s3://lifebit-user-data-6941eed90a4dd7a1d1026d7a/deploit/teams/69d8dd1e5d3e1f8c350e006f/users/68af3d99c99eb7bd2ff47bc8/projects/69f80768ca774c668fbaaed8/jobs/69f8cdddd3d80718c05f0785/results/cluster_cid_mapping_respiratory_system_Madissoon_Genome_Biol_2020_author_cell_type_X_umap_2ee7d6.csv
cluster_cid_mapping_respiratory_system_Madissoon_Nat_Genet_2023_Celltypes_X_umap_ee858a.csv,s3://lifebit-user-data-6941eed90a4dd7a1d1026d7a/deploit/teams/69d8dd1e5d3e1f8c350e006f/users/68af3d99c99eb7bd2ff47bc8/projects/69f80768ca774c668fbaaed8/jobs/69f8cdddd3d80718c05f0785/results/cluster_cid_mapping_respiratory_system_Madissoon_Nat_Genet_2023_Celltypes_X_umap_ee858a.csv
cluster_cid_mapping_respiratory_system_Melms_Nature_2021_cell_type_fine_X_UMAP_c42060.csv,s3://lifebit-user-data-6941eed90a4dd7a1d1026d7a/deploit/teams/69d8dd1e5d3e1f8c350e006f/users/68af3d99c99eb7bd2ff47bc8/projects/69f80768ca774c668fbaaed8/jobs/69f8cdddd3d80718c05f0785/results/cluster_cid_mapping_respiratory_system_Melms_Nature_2021_cell_type_fine_X_UMAP_c42060.csv
cluster_cid_mapping_respiratory_system_Natri_Nat_Genet_2024_manual_annotation_1_X_umap_9a27e4.csv,s3://lifebit-user-data-6941eed90a4dd7a1d1026d7a/deploit/teams/69d8dd1e5d3e1f8c350e006f/users/68af3d99c99eb7bd2ff47bc8/projects/69f80768ca774c668fbaaed8/jobs/69f8cdddd3d80718c05f0785/results/cluster_cid_mapping_respiratory_system_Natri_Nat_Genet_2024_manual_annotation_1_X_umap_9a27e4.csv
cluster_cid_mapping_respiratory_system_Rustam_Am_J_Respir_Crit_Care_Med_2023_author_cell_type_X_umap_56ce23.csv,s3://lifebit-user-data-6941eed90a4dd7a1d1026d7a/deploit/teams/69d8dd1e5d3e1f8c350e006f/users/68af3d99c99eb7bd2ff47bc8/projects/69f80768ca774c668fbaaed8/jobs/69f8cdddd3d80718c05f0785/results/cluster_cid_mapping_respiratory_system_Rustam_Am_J_Respir_Crit_Care_Med_2023_author_cell_type_X_umap_56ce23.csv
cluster_cid_mapping_respiratory_system_Sikkema_Nat_Med_2023_ann_finest_level_X_umap_552c94.csv,s3://lifebit-user-data-6941eed90a4dd7a1d1026d7a/deploit/teams/69d8dd1e5d3e1f8c350e006f/users/68af3d99c99eb7bd2ff47bc8/projects/69f80768ca774c668fbaaed8/jobs/69f8cdddd3d80718c05f0785/results/cluster_cid_mapping_respiratory_system_Sikkema_Nat_Med_2023_ann_finest_level_X_umap_552c94.csv
cluster_cid_mapping_respiratory_system_Szabo_Nat_Commun_2019_status_X_umap_bb4707.csv,s3://lifebit-user-data-6941eed90a4dd7a1d1026d7a/deploit/teams/69d8dd1e5d3e1f8c350e006f/users/68af3d99c99eb7bd2ff47bc8/projects/69f80768ca774c668fbaaed8/jobs/69f8cdddd3d80718c05f0785/results/cluster_cid_mapping_respiratory_system_Szabo_Nat_Commun_2019_status_X_umap_bb4707.csv
cluster_cid_mapping_respiratory_system_Travaglini_Nature_2020_free_annotation_X_tSNE_04a4fd.csv,s3://lifebit-user-data-6941eed90a4dd7a1d1026d7a/deploit/teams/69d8dd1e5d3e1f8c350e006f/users/68af3d99c99eb7bd2ff47bc8/projects/69f80768ca774c668fbaaed8/jobs/69f8cdddd3d80718c05f0785/results/cluster_cid_mapping_respiratory_system_Travaglini_Nature_2020_free_annotation_X_tSNE_04a4fd.csv
cluster_cid_mapping_respiratory_system_Travaglini_Nature_2020_free_annotation_X_tSNE_81a82c.csv,s3://lifebit-user-data-6941eed90a4dd7a1d1026d7a/deploit/teams/69d8dd1e5d3e1f8c350e006f/users/68af3d99c99eb7bd2ff47bc8/projects/69f80768ca774c668fbaaed8/jobs/69f8cdddd3d80718c05f0785/results/cluster_cid_mapping_respiratory_system_Travaglini_Nature_2020_free_annotation_X_tSNE_81a82c.csv
cluster_cid_mapping_respiratory_system_Wang_eLife_2020_author_cell_type_X_umap_c3bd89.csv,s3://lifebit-user-data-6941eed90a4dd7a1d1026d7a/deploit/teams/69d8dd1e5d3e1f8c350e006f/users/68af3d99c99eb7bd2ff47bc8/projects/69f80768ca774c668fbaaed8/jobs/69f8cdddd3d80718c05f0785/results/cluster_cid_mapping_respiratory_system_Wang_eLife_2020_author_cell_type_X_umap_c3bd89.csv
cluster_cid_mapping_respiratory_system_Watanabe_Am_J_Respir_Cell_Mol_Biol_2022_author_cell_type_X_umap_c7b336.csv,s3://lifebit-user-data-6941eed90a4dd7a1d1026d7a/deploit/teams/69d8dd1e5d3e1f8c350e006f/users/68af3d99c99eb7bd2ff47bc8/projects/69f80768ca774c668fbaaed8/jobs/69f8cdddd3d80718c05f0785/results/cluster_cid_mapping_respiratory_system_Watanabe_Am_J_Respir_Cell_Mol_Biol_2022_author_cell_type_X_umap_c7b336.csv
cluster_cid_mapping_respiratory_system_Wells_Nat_Immunol_2025_author_cell_type_X_umap_74e9e1.csv,s3://lifebit-user-data-6941eed90a4dd7a1d1026d7a/deploit/teams/69d8dd1e5d3e1f8c350e006f/users/68af3d99c99eb7bd2ff47bc8/projects/69f80768ca774c668fbaaed8/jobs/69f8cdddd3d80718c05f0785/results/cluster_cid_mapping_respiratory_system_Wells_Nat_Immunol_2025_author_cell_type_X_umap_74e9e1.csv
cluster_cid_mapping_respiratory_system_Wong_American_Journal_of_Transplantation_2024_GSVA_anno_labels_lowcluster_X_umap_3db111.csv,s3://lifebit-user-data-6941eed90a4dd7a1d1026d7a/deploit/teams/69d8dd1e5d3e1f8c350e006f/users/68af3d99c99eb7bd2ff47bc8/projects/69f80768ca774c668fbaaed8/jobs/69f8cdddd3d80718c05f0785/results/cluster_cid_mapping_respiratory_system_Wong_American_Journal_of_Transplantation_2024_GSVA_anno_labels_lowcluster_X_umap_3db111.csv
cluster_cid_mapping_respiratory_system_Xu_Cell_2023_Original_annotation_X_umap_78cea8.csv,s3://lifebit-user-data-6941eed90a4dd7a1d1026d7a/deploit/teams/69d8dd1e5d3e1f8c350e006f/users/68af3d99c99eb7bd2ff47bc8/projects/69f80768ca774c668fbaaed8/jobs/69f8cdddd3d80718c05f0785/results/cluster_cid_mapping_respiratory_system_Xu_Cell_2023_Original_annotation_X_umap_78cea8.csv
cluster_cid_mapping_respiratory_system_Xu_Sci_Rep_2022_author_cell_type_final_X_umap_dc2012.csv,s3://lifebit-user-data-6941eed90a4dd7a1d1026d7a/deploit/teams/69d8dd1e5d3e1f8c350e006f/users/68af3d99c99eb7bd2ff47bc8/projects/69f80768ca774c668fbaaed8/jobs/69f8cdddd3d80718c05f0785/results/cluster_cid_mapping_respiratory_system_Xu_Sci_Rep_2022_author_cell_type_final_X_umap_dc2012.csv
cluster_cid_mapping_respiratory_system_Xu_Sci_Rep_2022_cell_type_X_umap_81ecd6.csv,s3://lifebit-user-data-6941eed90a4dd7a1d1026d7a/deploit/teams/69d8dd1e5d3e1f8c350e006f/users/68af3d99c99eb7bd2ff47bc8/projects/69f80768ca774c668fbaaed8/jobs/69f8cdddd3d80718c05f0785/results/cluster_cid_mapping_respiratory_system_Xu_Sci_Rep_2022_cell_type_X_umap_81ecd6.csv
cluster_cid_mapping_respiratory_system_Yoshida_Nature_2022_Cell_type_annotation_level3_X_umap_8dc8be.csv,s3://lifebit-user-data-6941eed90a4dd7a1d1026d7a/deploit/teams/69d8dd1e5d3e1f8c350e006f/users/68af3d99c99eb7bd2ff47bc8/projects/69f80768ca774c668fbaaed8/jobs/69f8cdddd3d80718c05f0785/results/cluster_cid_mapping_respiratory_system_Yoshida_Nature_2022_Cell_type_annotation_level3_X_umap_8dc8be.csv
cluster_cid_mapping_respiratory_system_Ziegler_Cell_2021_Detailed_Cell_Annotations_X_umap_045011.csv,s3://lifebit-user-data-6941eed90a4dd7a1d1026d7a/deploit/teams/69d8dd1e5d3e1f8c350e006f/users/68af3d99c99eb7bd2ff47bc8/projects/69f80768ca774c668fbaaed8/jobs/69f8cdddd3d80718c05f0785/results/cluster_cid_mapping_respiratory_system_Ziegler_Cell_2021_Detailed_Cell_Annotations_X_umap_045011.csv
cluster_order_before_filter_respiratory_system_Berg_Journal_of_Cystic_Fibrosis_2025_Level_5_X_umap_17763a.csv,s3://lifebit-user-data-6941eed90a4dd7a1d1026d7a/deploit/teams/69d8dd1e5d3e1f8c350e006f/users/68af3d99c99eb7bd2ff47bc8/projects/69f80768ca774c668fbaaed8/jobs/69f8cdddd3d80718c05f0785/results/cluster_order_before_filter_respiratory_system_Berg_Journal_of_Cystic_Fibrosis_2025_Level_5_X_umap_17763a.csv
cluster_order_before_filter_respiratory_system_Dominguez_Conde_Science_2022_Manually_curated_celltype_X_umap_04d255.csv,s3://lifebit-user-data-6941eed90a4dd7a1d1026d7a/deploit/teams/69d8dd1e5d3e1f8c350e006f/users/68af3d99c99eb7bd2ff47bc8/projects/69f80768ca774c668fbaaed8/jobs/69f8cdddd3d80718c05f0785/results/cluster_order_before_filter_respiratory_system_Dominguez_Conde_Science_2022_Manually_curated_celltype_X_umap_04d255.csv
cluster_order_before_filter_respiratory_system_Eraslan_Science_2022_Broad_cell_type_X_umap_f44b0f.csv,s3://lifebit-user-data-6941eed90a4dd7a1d1026d7a/deploit/teams/69d8dd1e5d3e1f8c350e006f/users/68af3d99c99eb7bd2ff47bc8/projects/69f80768ca774c668fbaaed8/jobs/69f8cdddd3d80718c05f0785/results/cluster_order_before_filter_respiratory_system_Eraslan_Science_2022_Broad_cell_type_X_umap_f44b0f.csv
cluster_order_before_filter_respiratory_system_Han_Nature_2020_author_cell_type_X_umap_5c7ea7.csv,s3://lifebit-user-data-6941eed90a4dd7a1d1026d7a/deploit/teams/69d8dd1e5d3e1f8c350e006f/users/68af3d99c99eb7bd2ff47bc8/projects/69f80768ca774c668fbaaed8/jobs/69f8cdddd3d80718c05f0785/results/cluster_order_before_filter_respiratory_system_Han_Nature_2020_author_cell_type_X_umap_5c7ea7.csv
cluster_order_before_filter_respiratory_system_Madissoon_Genome_Biol_2020_author_cell_type_X_umap_2ee7d6.csv,s3://lifebit-user-data-6941eed90a4dd7a1d1026d7a/deploit/teams/69d8dd1e5d3e1f8c350e006f/users/68af3d99c99eb7bd2ff47bc8/projects/69f80768ca774c668fbaaed8/jobs/69f8cdddd3d80718c05f0785/results/cluster_order_before_filter_respiratory_system_Madissoon_Genome_Biol_2020_author_cell_type_X_umap_2ee7d6.csv
cluster_order_before_filter_respiratory_system_Madissoon_Nat_Genet_2023_Celltypes_X_umap_ee858a.csv,s3://lifebit-user-data-6941eed90a4dd7a1d1026d7a/deploit/teams/69d8dd1e5d3e1f8c350e006f/users/68af3d99c99eb7bd2ff47bc8/projects/69f80768ca774c668fbaaed8/jobs/69f8cdddd3d80718c05f0785/results/cluster_order_before_filter_respiratory_system_Madissoon_Nat_Genet_2023_Celltypes_X_umap_ee858a.csv
cluster_order_before_filter_respiratory_system_Melms_Nature_2021_cell_type_fine_X_UMAP_c42060.csv,s3://lifebit-user-data-6941eed90a4dd7a1d1026d7a/deploit/teams/69d8dd1e5d3e1f8c350e006f/users/68af3d99c99eb7bd2ff47bc8/projects/69f80768ca774c668fbaaed8/jobs/69f8cdddd3d80718c05f0785/results/cluster_order_before_filter_respiratory_system_Melms_Nature_2021_cell_type_fine_X_UMAP_c42060.csv
cluster_order_before_filter_respiratory_system_Natri_Nat_Genet_2024_manual_annotation_1_X_umap_9a27e4.csv,s3://lifebit-user-data-6941eed90a4dd7a1d1026d7a/deploit/teams/69d8dd1e5d3e1f8c350e006f/users/68af3d99c99eb7bd2ff47bc8/projects/69f80768ca774c668fbaaed8/jobs/69f8cdddd3d80718c05f0785/results/cluster_order_before_filter_respiratory_system_Natri_Nat_Genet_2024_manual_annotation_1_X_umap_9a27e4.csv
cluster_order_before_filter_respiratory_system_Rustam_Am_J_Respir_Crit_Care_Med_2023_author_cell_type_X_umap_56ce23.csv,s3://lifebit-user-data-6941eed90a4dd7a1d1026d7a/deploit/teams/69d8dd1e5d3e1f8c350e006f/users/68af3d99c99eb7bd2ff47bc8/projects/69f80768ca774c668fbaaed8/jobs/69f8cdddd3d80718c05f0785/results/cluster_order_before_filter_respiratory_system_Rustam_Am_J_Respir_Crit_Care_Med_2023_author_cell_type_X_umap_56ce23.csv
cluster_order_before_filter_respiratory_system_Sikkema_Nat_Med_2023_ann_finest_level_X_umap_552c94.csv,s3://lifebit-user-data-6941eed90a4dd7a1d1026d7a/deploit/teams/69d8dd1e5d3e1f8c350e006f/users/68af3d99c99eb7bd2ff47bc8/projects/69f80768ca774c668fbaaed8/jobs/69f8cdddd3d80718c05f0785/results/cluster_order_before_filter_respiratory_system_Sikkema_Nat_Med_2023_ann_finest_level_X_umap_552c94.csv
cluster_order_before_filter_respiratory_system_Szabo_Nat_Commun_2019_status_X_umap_bb4707.csv,s3://lifebit-user-data-6941eed90a4dd7a1d1026d7a/deploit/teams/69d8dd1e5d3e1f8c350e006f/users/68af3d99c99eb7bd2ff47bc8/projects/69f80768ca774c668fbaaed8/jobs/69f8cdddd3d80718c05f0785/results/cluster_order_before_filter_respiratory_system_Szabo_Nat_Commun_2019_status_X_umap_bb4707.csv
cluster_order_before_filter_respiratory_system_Travaglini_Nature_2020_free_annotation_X_tSNE_04a4fd.csv,s3://lifebit-user-data-6941eed90a4dd7a1d1026d7a/deploit/teams/69d8dd1e5d3e1f8c350e006f/users/68af3d99c99eb7bd2ff47bc8/projects/69f80768ca774c668fbaaed8/jobs/69f8cdddd3d80718c05f0785/results/cluster_order_before_filter_respiratory_system_Travaglini_Nature_2020_free_annotation_X_tSNE_04a4fd.csv
cluster_order_before_filter_respiratory_system_Travaglini_Nature_2020_free_annotation_X_tSNE_81a82c.csv,s3://lifebit-user-data-6941eed90a4dd7a1d1026d7a/deploit/teams/69d8dd1e5d3e1f8c350e006f/users/68af3d99c99eb7bd2ff47bc8/projects/69f80768ca774c668fbaaed8/jobs/69f8cdddd3d80718c05f0785/results/cluster_order_before_filter_respiratory_system_Travaglini_Nature_2020_free_annotation_X_tSNE_81a82c.csv
cluster_order_before_filter_respiratory_system_Wang_eLife_2020_author_cell_type_X_umap_c3bd89.csv,s3://lifebit-user-data-6941eed90a4dd7a1d1026d7a/deploit/teams/69d8dd1e5d3e1f8c350e006f/users/68af3d99c99eb7bd2ff47bc8/projects/69f80768ca774c668fbaaed8/jobs/69f8cdddd3d80718c05f0785/results/cluster_order_before_filter_respiratory_system_Wang_eLife_2020_author_cell_type_X_umap_c3bd89.csv
cluster_order_before_filter_respiratory_system_Watanabe_Am_J_Respir_Cell_Mol_Biol_2022_author_cell_type_X_umap_c7b336.csv,s3://lifebit-user-data-6941eed90a4dd7a1d1026d7a/deploit/teams/69d8dd1e5d3e1f8c350e006f/users/68af3d99c99eb7bd2ff47bc8/projects/69f80768ca774c668fbaaed8/jobs/69f8cdddd3d80718c05f0785/results/cluster_order_before_filter_respiratory_system_Watanabe_Am_J_Respir_Cell_Mol_Biol_2022_author_cell_type_X_umap_c7b336.csv
cluster_order_before_filter_respiratory_system_Wells_Nat_Immunol_2025_author_cell_type_X_umap_74e9e1.csv,s3://lifebit-user-data-6941eed90a4dd7a1d1026d7a/deploit/teams/69d8dd1e5d3e1f8c350e006f/users/68af3d99c99eb7bd2ff47bc8/projects/69f80768ca774c668fbaaed8/jobs/69f8cdddd3d80718c05f0785/results/cluster_order_before_filter_respiratory_system_Wells_Nat_Immunol_2025_author_cell_type_X_umap_74e9e1.csv
cluster_order_before_filter_respiratory_system_Wong_American_Journal_of_Transplantation_2024_GSVA_anno_labels_lowcluster_X_umap_3db111.csv,s3://lifebit-user-data-6941eed90a4dd7a1d1026d7a/deploit/teams/69d8dd1e5d3e1f8c350e006f/users/68af3d99c99eb7bd2ff47bc8/projects/69f80768ca774c668fbaaed8/jobs/69f8cdddd3d80718c05f0785/results/cluster_order_before_filter_respiratory_system_Wong_American_Journal_of_Transplantation_2024_GSVA_anno_labels_lowcluster_X_umap_3db111.csv
cluster_order_before_filter_respiratory_system_Xu_Cell_2023_Original_annotation_X_umap_78cea8.csv,s3://lifebit-user-data-6941eed90a4dd7a1d1026d7a/deploit/teams/69d8dd1e5d3e1f8c350e006f/users/68af3d99c99eb7bd2ff47bc8/projects/69f80768ca774c668fbaaed8/jobs/69f8cdddd3d80718c05f0785/results/cluster_order_before_filter_respiratory_system_Xu_Cell_2023_Original_annotation_X_umap_78cea8.csv
cluster_order_before_filter_respiratory_system_Xu_Sci_Rep_2022_author_cell_type_final_X_umap_dc2012.csv,s3://lifebit-user-data-6941eed90a4dd7a1d1026d7a/deploit/teams/69d8dd1e5d3e1f8c350e006f/users/68af3d99c99eb7bd2ff47bc8/projects/69f80768ca774c668fbaaed8/jobs/69f8cdddd3d80718c05f0785/results/cluster_order_before_filter_respiratory_system_Xu_Sci_Rep_2022_author_cell_type_final_X_umap_dc2012.csv
cluster_order_before_filter_respiratory_system_Xu_Sci_Rep_2022_cell_type_X_umap_81ecd6.csv,s3://lifebit-user-data-6941eed90a4dd7a1d1026d7a/deploit/teams/69d8dd1e5d3e1f8c350e006f/users/68af3d99c99eb7bd2ff47bc8/projects/69f80768ca774c668fbaaed8/jobs/69f8cdddd3d80718c05f0785/results/cluster_order_before_filter_respiratory_system_Xu_Sci_Rep_2022_cell_type_X_umap_81ecd6.csv
cluster_order_before_filter_respiratory_system_Yoshida_Nature_2022_Cell_type_annotation_level3_X_umap_8dc8be.csv,s3://lifebit-user-data-6941eed90a4dd7a1d1026d7a/deploit/teams/69d8dd1e5d3e1f8c350e006f/users/68af3d99c99eb7bd2ff47bc8/projects/69f80768ca774c668fbaaed8/jobs/69f8cdddd3d80718c05f0785/results/cluster_order_before_filter_respiratory_system_Yoshida_Nature_2022_Cell_type_annotation_level3_X_umap_8dc8be.csv
cluster_order_before_filter_respiratory_system_Ziegler_Cell_2021_Detailed_Cell_Annotations_X_umap_045011.csv,s3://lifebit-user-data-6941eed90a4dd7a1d1026d7a/deploit/teams/69d8dd1e5d3e1f8c350e006f/users/68af3d99c99eb7bd2ff47bc8/projects/69f80768ca774c668fbaaed8/jobs/69f8cdddd3d80718c05f0785/results/cluster_order_before_filter_respiratory_system_Ziegler_Cell_2021_Detailed_Cell_Annotations_X_umap_045011.csv
cluster_order_respiratory_system_Berg_Journal_of_Cystic_Fibrosis_2025_Level_5_X_umap_17763a.csv,s3://lifebit-user-data-6941eed90a4dd7a1d1026d7a/deploit/teams/69d8dd1e5d3e1f8c350e006f/users/68af3d99c99eb7bd2ff47bc8/projects/69f80768ca774c668fbaaed8/jobs/69f8cdddd3d80718c05f0785/results/cluster_order_respiratory_system_Berg_Journal_of_Cystic_Fibrosis_2025_Level_5_X_umap_17763a.csv
cluster_order_respiratory_system_Dominguez_Conde_Science_2022_Manually_curated_celltype_X_umap_04d255.csv,s3://lifebit-user-data-6941eed90a4dd7a1d1026d7a/deploit/teams/69d8dd1e5d3e1f8c350e006f/users/68af3d99c99eb7bd2ff47bc8/projects/69f80768ca774c668fbaaed8/jobs/69f8cdddd3d80718c05f0785/results/cluster_order_respiratory_system_Dominguez_Conde_Science_2022_Manually_curated_celltype_X_umap_04d255.csv
cluster_order_respiratory_system_Eraslan_Science_2022_Broad_cell_type_X_umap_f44b0f.csv,s3://lifebit-user-data-6941eed90a4dd7a1d1026d7a/deploit/teams/69d8dd1e5d3e1f8c350e006f/users/68af3d99c99eb7bd2ff47bc8/projects/69f80768ca774c668fbaaed8/jobs/69f8cdddd3d80718c05f0785/results/cluster_order_respiratory_system_Eraslan_Science_2022_Broad_cell_type_X_umap_f44b0f.csv
cluster_order_respiratory_system_Han_Nature_2020_author_cell_type_X_umap_5c7ea7.csv,s3://lifebit-user-data-6941eed90a4dd7a1d1026d7a/deploit/teams/69d8dd1e5d3e1f8c350e006f/users/68af3d99c99eb7bd2ff47bc8/projects/69f80768ca774c668fbaaed8/jobs/69f8cdddd3d80718c05f0785/results/cluster_order_respiratory_system_Han_Nature_2020_author_cell_type_X_umap_5c7ea7.csv
cluster_order_respiratory_system_Madissoon_Genome_Biol_2020_author_cell_type_X_umap_2ee7d6.csv,s3://lifebit-user-data-6941eed90a4dd7a1d1026d7a/deploit/teams/69d8dd1e5d3e1f8c350e006f/users/68af3d99c99eb7bd2ff47bc8/projects/69f80768ca774c668fbaaed8/jobs/69f8cdddd3d80718c05f0785/results/cluster_order_respiratory_system_Madissoon_Genome_Biol_2020_author_cell_type_X_umap_2ee7d6.csv
cluster_order_respiratory_system_Madissoon_Nat_Genet_2023_Celltypes_X_umap_ee858a.csv,s3://lifebit-user-data-6941eed90a4dd7a1d1026d7a/deploit/teams/69d8dd1e5d3e1f8c350e006f/users/68af3d99c99eb7bd2ff47bc8/projects/69f80768ca774c668fbaaed8/jobs/69f8cdddd3d80718c05f0785/results/cluster_order_respiratory_system_Madissoon_Nat_Genet_2023_Celltypes_X_umap_ee858a.csv
cluster_order_respiratory_system_Melms_Nature_2021_cell_type_fine_X_UMAP_c42060.csv,s3://lifebit-user-data-6941eed90a4dd7a1d1026d7a/deploit/teams/69d8dd1e5d3e1f8c350e006f/users/68af3d99c99eb7bd2ff47bc8/projects/69f80768ca774c668fbaaed8/jobs/69f8cdddd3d80718c05f0785/results/cluster_order_respiratory_system_Melms_Nature_2021_cell_type_fine_X_UMAP_c42060.csv
cluster_order_respiratory_system_Natri_Nat_Genet_2024_manual_annotation_1_X_umap_9a27e4.csv,s3://lifebit-user-data-6941eed90a4dd7a1d1026d7a/deploit/teams/69d8dd1e5d3e1f8c350e006f/users/68af3d99c99eb7bd2ff47bc8/projects/69f80768ca774c668fbaaed8/jobs/69f8cdddd3d80718c05f0785/results/cluster_order_respiratory_system_Natri_Nat_Genet_2024_manual_annotation_1_X_umap_9a27e4.csv
cluster_order_respiratory_system_Rustam_Am_J_Respir_Crit_Care_Med_2023_author_cell_type_X_umap_56ce23.csv,s3://lifebit-user-data-6941eed90a4dd7a1d1026d7a/deploit/teams/69d8dd1e5d3e1f8c350e006f/users/68af3d99c99eb7bd2ff47bc8/projects/69f80768ca774c668fbaaed8/jobs/69f8cdddd3d80718c05f0785/results/cluster_order_respiratory_system_Rustam_Am_J_Respir_Crit_Care_Med_2023_author_cell_type_X_umap_56ce23.csv
cluster_order_respiratory_system_Sikkema_Nat_Med_2023_ann_finest_level_X_umap_552c94.csv,s3://lifebit-user-data-6941eed90a4dd7a1d1026d7a/deploit/teams/69d8dd1e5d3e1f8c350e006f/users/68af3d99c99eb7bd2ff47bc8/projects/69f80768ca774c668fbaaed8/jobs/69f8cdddd3d80718c05f0785/results/cluster_order_respiratory_system_Sikkema_Nat_Med_2023_ann_finest_level_X_umap_552c94.csv
cluster_order_respiratory_system_Szabo_Nat_Commun_2019_status_X_umap_bb4707.csv,s3://lifebit-user-data-6941eed90a4dd7a1d1026d7a/deploit/teams/69d8dd1e5d3e1f8c350e006f/users/68af3d99c99eb7bd2ff47bc8/projects/69f80768ca774c668fbaaed8/jobs/69f8cdddd3d80718c05f0785/results/cluster_order_respiratory_system_Szabo_Nat_Commun_2019_status_X_umap_bb4707.csv
cluster_order_respiratory_system_Travaglini_Nature_2020_free_annotation_X_tSNE_04a4fd.csv,s3://lifebit-user-data-6941eed90a4dd7a1d1026d7a/deploit/teams/69d8dd1e5d3e1f8c350e006f/users/68af3d99c99eb7bd2ff47bc8/projects/69f80768ca774c668fbaaed8/jobs/69f8cdddd3d80718c05f0785/results/cluster_order_respiratory_system_Travaglini_Nature_2020_free_annotation_X_tSNE_04a4fd.csv
cluster_order_respiratory_system_Travaglini_Nature_2020_free_annotation_X_tSNE_81a82c.csv,s3://lifebit-user-data-6941eed90a4dd7a1d1026d7a/deploit/teams/69d8dd1e5d3e1f8c350e006f/users/68af3d99c99eb7bd2ff47bc8/projects/69f80768ca774c668fbaaed8/jobs/69f8cdddd3d80718c05f0785/results/cluster_order_respiratory_system_Travaglini_Nature_2020_free_annotation_X_tSNE_81a82c.csv
cluster_order_respiratory_system_Wang_eLife_2020_author_cell_type_X_umap_c3bd89.csv,s3://lifebit-user-data-6941eed90a4dd7a1d1026d7a/deploit/teams/69d8dd1e5d3e1f8c350e006f/users/68af3d99c99eb7bd2ff47bc8/projects/69f80768ca774c668fbaaed8/jobs/69f8cdddd3d80718c05f0785/results/cluster_order_respiratory_system_Wang_eLife_2020_author_cell_type_X_umap_c3bd89.csv
cluster_order_respiratory_system_Watanabe_Am_J_Respir_Cell_Mol_Biol_2022_author_cell_type_X_umap_c7b336.csv,s3://lifebit-user-data-6941eed90a4dd7a1d1026d7a/deploit/teams/69d8dd1e5d3e1f8c350e006f/users/68af3d99c99eb7bd2ff47bc8/projects/69f80768ca774c668fbaaed8/jobs/69f8cdddd3d80718c05f0785/results/cluster_order_respiratory_system_Watanabe_Am_J_Respir_Cell_Mol_Biol_2022_author_cell_type_X_umap_c7b336.csv
cluster_order_respiratory_system_Wells_Nat_Immunol_2025_author_cell_type_X_umap_74e9e1.csv,s3://lifebit-user-data-6941eed90a4dd7a1d1026d7a/deploit/teams/69d8dd1e5d3e1f8c350e006f/users/68af3d99c99eb7bd2ff47bc8/projects/69f80768ca774c668fbaaed8/jobs/69f8cdddd3d80718c05f0785/results/cluster_order_respiratory_system_Wells_Nat_Immunol_2025_author_cell_type_X_umap_74e9e1.csv
cluster_order_respiratory_system_Wong_American_Journal_of_Transplantation_2024_GSVA_anno_labels_lowcluster_X_umap_3db111.csv,s3://lifebit-user-data-6941eed90a4dd7a1d1026d7a/deploit/teams/69d8dd1e5d3e1f8c350e006f/users/68af3d99c99eb7bd2ff47bc8/projects/69f80768ca774c668fbaaed8/jobs/69f8cdddd3d80718c05f0785/results/cluster_order_respiratory_system_Wong_American_Journal_of_Transplantation_2024_GSVA_anno_labels_lowcluster_X_umap_3db111.csv
cluster_order_respiratory_system_Xu_Cell_2023_Original_annotation_X_umap_78cea8.csv,s3://lifebit-user-data-6941eed90a4dd7a1d1026d7a/deploit/teams/69d8dd1e5d3e1f8c350e006f/users/68af3d99c99eb7bd2ff47bc8/projects/69f80768ca774c668fbaaed8/jobs/69f8cdddd3d80718c05f0785/results/cluster_order_respiratory_system_Xu_Cell_2023_Original_annotation_X_umap_78cea8.csv
cluster_order_respiratory_system_Xu_Sci_Rep_2022_author_cell_type_final_X_umap_dc2012.csv,s3://lifebit-user-data-6941eed90a4dd7a1d1026d7a/deploit/teams/69d8dd1e5d3e1f8c350e006f/users/68af3d99c99eb7bd2ff47bc8/projects/69f80768ca774c668fbaaed8/jobs/69f8cdddd3d80718c05f0785/results/cluster_order_respiratory_system_Xu_Sci_Rep_2022_author_cell_type_final_X_umap_dc2012.csv
cluster_order_respiratory_system_Xu_Sci_Rep_2022_cell_type_X_umap_81ecd6.csv,s3://lifebit-user-data-6941eed90a4dd7a1d1026d7a/deploit/teams/69d8dd1e5d3e1f8c350e006f/users/68af3d99c99eb7bd2ff47bc8/projects/69f80768ca774c668fbaaed8/jobs/69f8cdddd3d80718c05f0785/results/cluster_order_respiratory_system_Xu_Sci_Rep_2022_cell_type_X_umap_81ecd6.csv
cluster_order_respiratory_system_Yoshida_Nature_2022_Cell_type_annotation_level3_X_umap_8dc8be.csv,s3://lifebit-user-data-6941eed90a4dd7a1d1026d7a/deploit/teams/69d8dd1e5d3e1f8c350e006f/users/68af3d99c99eb7bd2ff47bc8/projects/69f80768ca774c668fbaaed8/jobs/69f8cdddd3d80718c05f0785/results/cluster_order_respiratory_system_Yoshida_Nature_2022_Cell_type_annotation_level3_X_umap_8dc8be.csv
cluster_order_respiratory_system_Ziegler_Cell_2021_Detailed_Cell_Annotations_X_umap_045011.csv,s3://lifebit-user-data-6941eed90a4dd7a1d1026d7a/deploit/teams/69d8dd1e5d3e1f8c350e006f/users/68af3d99c99eb7bd2ff47bc8/projects/69f80768ca774c668fbaaed8/jobs/69f8cdddd3d80718c05f0785/results/cluster_order_respiratory_system_Ziegler_Cell_2021_Detailed_Cell_Annotations_X_umap_045011.csv
cluster_sizes_before_filter_respiratory_system_Berg_Journal_of_Cystic_Fibrosis_2025_Level_5_X_umap_17763a.csv,s3://lifebit-user-data-6941eed90a4dd7a1d1026d7a/deploit/teams/69d8dd1e5d3e1f8c350e006f/users/68af3d99c99eb7bd2ff47bc8/projects/69f80768ca774c668fbaaed8/jobs/69f8cdddd3d80718c05f0785/results/cluster_sizes_before_filter_respiratory_system_Berg_Journal_of_Cystic_Fibrosis_2025_Level_5_X_umap_17763a.csv
cluster_sizes_before_filter_respiratory_system_Dominguez_Conde_Science_2022_Manually_curated_celltype_X_umap_04d255.csv,s3://lifebit-user-data-6941eed90a4dd7a1d1026d7a/deploit/teams/69d8dd1e5d3e1f8c350e006f/users/68af3d99c99eb7bd2ff47bc8/projects/69f80768ca774c668fbaaed8/jobs/69f8cdddd3d80718c05f0785/results/cluster_sizes_before_filter_respiratory_system_Dominguez_Conde_Science_2022_Manually_curated_celltype_X_umap_04d255.csv
cluster_sizes_before_filter_respiratory_system_Eraslan_Science_2022_Broad_cell_type_X_umap_f44b0f.csv,s3://lifebit-user-data-6941eed90a4dd7a1d1026d7a/deploit/teams/69d8dd1e5d3e1f8c350e006f/users/68af3d99c99eb7bd2ff47bc8/projects/69f80768ca774c668fbaaed8/jobs/69f8cdddd3d80718c05f0785/results/cluster_sizes_before_filter_respiratory_system_Eraslan_Science_2022_Broad_cell_type_X_umap_f44b0f.csv
cluster_sizes_before_filter_respiratory_system_Han_Nature_2020_author_cell_type_X_umap_5c7ea7.csv,s3://lifebit-user-data-6941eed90a4dd7a1d1026d7a/deploit/teams/69d8dd1e5d3e1f8c350e006f/users/68af3d99c99eb7bd2ff47bc8/projects/69f80768ca774c668fbaaed8/jobs/69f8cdddd3d80718c05f0785/results/cluster_sizes_before_filter_respiratory_system_Han_Nature_2020_author_cell_type_X_umap_5c7ea7.csv
cluster_sizes_before_filter_respiratory_system_Madissoon_Genome_Biol_2020_author_cell_type_X_umap_2ee7d6.csv,s3://lifebit-user-data-6941eed90a4dd7a1d1026d7a/deploit/teams/69d8dd1e5d3e1f8c350e006f/users/68af3d99c99eb7bd2ff47bc8/projects/69f80768ca774c668fbaaed8/jobs/69f8cdddd3d80718c05f0785/results/cluster_sizes_before_filter_respiratory_system_Madissoon_Genome_Biol_2020_author_cell_type_X_umap_2ee7d6.csv
cluster_sizes_before_filter_respiratory_system_Madissoon_Nat_Genet_2023_Celltypes_X_umap_ee858a.csv,s3://lifebit-user-data-6941eed90a4dd7a1d1026d7a/deploit/teams/69d8dd1e5d3e1f8c350e006f/users/68af3d99c99eb7bd2ff47bc8/projects/69f80768ca774c668fbaaed8/jobs/69f8cdddd3d80718c05f0785/results/cluster_sizes_before_filter_respiratory_system_Madissoon_Nat_Genet_2023_Celltypes_X_umap_ee858a.csv
cluster_sizes_before_filter_respiratory_system_Melms_Nature_2021_cell_type_fine_X_UMAP_c42060.csv,s3://lifebit-user-data-6941eed90a4dd7a1d1026d7a/deploit/teams/69d8dd1e5d3e1f8c350e006f/users/68af3d99c99eb7bd2ff47bc8/projects/69f80768ca774c668fbaaed8/jobs/69f8cdddd3d80718c05f0785/results/cluster_sizes_before_filter_respiratory_system_Melms_Nature_2021_cell_type_fine_X_UMAP_c42060.csv
cluster_sizes_before_filter_respiratory_system_Natri_Nat_Genet_2024_manual_annotation_1_X_umap_9a27e4.csv,s3://lifebit-user-data-6941eed90a4dd7a1d1026d7a/deploit/teams/69d8dd1e5d3e1f8c350e006f/users/68af3d99c99eb7bd2ff47bc8/projects/69f80768ca774c668fbaaed8/jobs/69f8cdddd3d80718c05f0785/results/cluster_sizes_before_filter_respiratory_system_Natri_Nat_Genet_2024_manual_annotation_1_X_umap_9a27e4.csv
cluster_sizes_before_filter_respiratory_system_Rustam_Am_J_Respir_Crit_Care_Med_2023_author_cell_type_X_umap_56ce23.csv,s3://lifebit-user-data-6941eed90a4dd7a1d1026d7a/deploit/teams/69d8dd1e5d3e1f8c350e006f/users/68af3d99c99eb7bd2ff47bc8/projects/69f80768ca774c668fbaaed8/jobs/69f8cdddd3d80718c05f0785/results/cluster_sizes_before_filter_respiratory_system_Rustam_Am_J_Respir_Crit_Care_Med_2023_author_cell_type_X_umap_56ce23.csv
cluster_sizes_before_filter_respiratory_system_Sikkema_Nat_Med_2023_ann_finest_level_X_umap_552c94.csv,s3://lifebit-user-data-6941eed90a4dd7a1d1026d7a/deploit/teams/69d8dd1e5d3e1f8c350e006f/users/68af3d99c99eb7bd2ff47bc8/projects/69f80768ca774c668fbaaed8/jobs/69f8cdddd3d80718c05f0785/results/cluster_sizes_before_filter_respiratory_system_Sikkema_Nat_Med_2023_ann_finest_level_X_umap_552c94.csv
cluster_sizes_before_filter_respiratory_system_Szabo_Nat_Commun_2019_status_X_umap_bb4707.csv,s3://lifebit-user-data-6941eed90a4dd7a1d1026d7a/deploit/teams/69d8dd1e5d3e1f8c350e006f/users/68af3d99c99eb7bd2ff47bc8/projects/69f80768ca774c668fbaaed8/jobs/69f8cdddd3d80718c05f0785/results/cluster_sizes_before_filter_respiratory_system_Szabo_Nat_Commun_2019_status_X_umap_bb4707.csv
cluster_sizes_before_filter_respiratory_system_Travaglini_Nature_2020_free_annotation_X_tSNE_04a4fd.csv,s3://lifebit-user-data-6941eed90a4dd7a1d1026d7a/deploit/teams/69d8dd1e5d3e1f8c350e006f/users/68af3d99c99eb7bd2ff47bc8/projects/69f80768ca774c668fbaaed8/jobs/69f8cdddd3d80718c05f0785/results/cluster_sizes_before_filter_respiratory_system_Travaglini_Nature_2020_free_annotation_X_tSNE_04a4fd.csv
cluster_sizes_before_filter_respiratory_system_Travaglini_Nature_2020_free_annotation_X_tSNE_81a82c.csv,s3://lifebit-user-data-6941eed90a4dd7a1d1026d7a/deploit/teams/69d8dd1e5d3e1f8c350e006f/users/68af3d99c99eb7bd2ff47bc8/projects/69f80768ca774c668fbaaed8/jobs/69f8cdddd3d80718c05f0785/results/cluster_sizes_before_filter_respiratory_system_Travaglini_Nature_2020_free_annotation_X_tSNE_81a82c.csv
cluster_sizes_before_filter_respiratory_system_Wang_eLife_2020_author_cell_type_X_umap_c3bd89.csv,s3://lifebit-user-data-6941eed90a4dd7a1d1026d7a/deploit/teams/69d8dd1e5d3e1f8c350e006f/users/68af3d99c99eb7bd2ff47bc8/projects/69f80768ca774c668fbaaed8/jobs/69f8cdddd3d80718c05f0785/results/cluster_sizes_before_filter_respiratory_system_Wang_eLife_2020_author_cell_type_X_umap_c3bd89.csv
cluster_sizes_before_filter_respiratory_system_Watanabe_Am_J_Respir_Cell_Mol_Biol_2022_author_cell_type_X_umap_c7b336.csv,s3://lifebit-user-data-6941eed90a4dd7a1d1026d7a/deploit/teams/69d8dd1e5d3e1f8c350e006f/users/68af3d99c99eb7bd2ff47bc8/projects/69f80768ca774c668fbaaed8/jobs/69f8cdddd3d80718c05f0785/results/cluster_sizes_before_filter_respiratory_system_Watanabe_Am_J_Respir_Cell_Mol_Biol_2022_author_cell_type_X_umap_c7b336.csv
cluster_sizes_before_filter_respiratory_system_Wells_Nat_Immunol_2025_author_cell_type_X_umap_74e9e1.csv,s3://lifebit-user-data-6941eed90a4dd7a1d1026d7a/deploit/teams/69d8dd1e5d3e1f8c350e006f/users/68af3d99c99eb7bd2ff47bc8/projects/69f80768ca774c668fbaaed8/jobs/69f8cdddd3d80718c05f0785/results/cluster_sizes_before_filter_respiratory_system_Wells_Nat_Immunol_2025_author_cell_type_X_umap_74e9e1.csv
cluster_sizes_before_filter_respiratory_system_Wong_American_Journal_of_Transplantation_2024_GSVA_anno_labels_lowcluster_X_umap_3db111.csv,s3://lifebit-user-data-6941eed90a4dd7a1d1026d7a/deploit/teams/69d8dd1e5d3e1f8c350e006f/users/68af3d99c99eb7bd2ff47bc8/projects/69f80768ca774c668fbaaed8/jobs/69f8cdddd3d80718c05f0785/results/cluster_sizes_before_filter_respiratory_system_Wong_American_Journal_of_Transplantation_2024_GSVA_anno_labels_lowcluster_X_umap_3db111.csv
cluster_sizes_before_filter_respiratory_system_Xu_Cell_2023_Original_annotation_X_umap_78cea8.csv,s3://lifebit-user-data-6941eed90a4dd7a1d1026d7a/deploit/teams/69d8dd1e5d3e1f8c350e006f/users/68af3d99c99eb7bd2ff47bc8/projects/69f80768ca774c668fbaaed8/jobs/69f8cdddd3d80718c05f0785/results/cluster_sizes_before_filter_respiratory_system_Xu_Cell_2023_Original_annotation_X_umap_78cea8.csv
cluster_sizes_before_filter_respiratory_system_Xu_Sci_Rep_2022_author_cell_type_final_X_umap_dc2012.csv,s3://lifebit-user-data-6941eed90a4dd7a1d1026d7a/deploit/teams/69d8dd1e5d3e1f8c350e006f/users/68af3d99c99eb7bd2ff47bc8/projects/69f80768ca774c668fbaaed8/jobs/69f8cdddd3d80718c05f0785/results/cluster_sizes_before_filter_respiratory_system_Xu_Sci_Rep_2022_author_cell_type_final_X_umap_dc2012.csv
cluster_sizes_before_filter_respiratory_system_Xu_Sci_Rep_2022_cell_type_X_umap_81ecd6.csv,s3://lifebit-user-data-6941eed90a4dd7a1d1026d7a/deploit/teams/69d8dd1e5d3e1f8c350e006f/users/68af3d99c99eb7bd2ff47bc8/projects/69f80768ca774c668fbaaed8/jobs/69f8cdddd3d80718c05f0785/results/cluster_sizes_before_filter_respiratory_system_Xu_Sci_Rep_2022_cell_type_X_umap_81ecd6.csv
cluster_sizes_before_filter_respiratory_system_Yoshida_Nature_2022_Cell_type_annotation_level3_X_umap_8dc8be.csv,s3://lifebit-user-data-6941eed90a4dd7a1d1026d7a/deploit/teams/69d8dd1e5d3e1f8c350e006f/users/68af3d99c99eb7bd2ff47bc8/projects/69f80768ca774c668fbaaed8/jobs/69f8cdddd3d80718c05f0785/results/cluster_sizes_before_filter_respiratory_system_Yoshida_Nature_2022_Cell_type_annotation_level3_X_umap_8dc8be.csv
cluster_sizes_before_filter_respiratory_system_Ziegler_Cell_2021_Detailed_Cell_Annotations_X_umap_045011.csv,s3://lifebit-user-data-6941eed90a4dd7a1d1026d7a/deploit/teams/69d8dd1e5d3e1f8c350e006f/users/68af3d99c99eb7bd2ff47bc8/projects/69f80768ca774c668fbaaed8/jobs/69f8cdddd3d80718c05f0785/results/cluster_sizes_before_filter_respiratory_system_Ziegler_Cell_2021_Detailed_Cell_Annotations_X_umap_045011.csv
cluster_sizes_respiratory_system_Berg_Journal_of_Cystic_Fibrosis_2025_Level_5_X_umap_17763a.csv,s3://lifebit-user-data-6941eed90a4dd7a1d1026d7a/deploit/teams/69d8dd1e5d3e1f8c350e006f/users/68af3d99c99eb7bd2ff47bc8/projects/69f80768ca774c668fbaaed8/jobs/69f8cdddd3d80718c05f0785/results/cluster_sizes_respiratory_system_Berg_Journal_of_Cystic_Fibrosis_2025_Level_5_X_umap_17763a.csv
cluster_sizes_respiratory_system_Dominguez_Conde_Science_2022_Manually_curated_celltype_X_umap_04d255.csv,s3://lifebit-user-data-6941eed90a4dd7a1d1026d7a/deploit/teams/69d8dd1e5d3e1f8c350e006f/users/68af3d99c99eb7bd2ff47bc8/projects/69f80768ca774c668fbaaed8/jobs/69f8cdddd3d80718c05f0785/results/cluster_sizes_respiratory_system_Dominguez_Conde_Science_2022_Manually_curated_celltype_X_umap_04d255.csv
cluster_sizes_respiratory_system_Eraslan_Science_2022_Broad_cell_type_X_umap_f44b0f.csv,s3://lifebit-user-data-6941eed90a4dd7a1d1026d7a/deploit/teams/69d8dd1e5d3e1f8c350e006f/users/68af3d99c99eb7bd2ff47bc8/projects/69f80768ca774c668fbaaed8/jobs/69f8cdddd3d80718c05f0785/results/cluster_sizes_respiratory_system_Eraslan_Science_2022_Broad_cell_type_X_umap_f44b0f.csv
cluster_sizes_respiratory_system_Han_Nature_2020_author_cell_type_X_umap_5c7ea7.csv,s3://lifebit-user-data-6941eed90a4dd7a1d1026d7a/deploit/teams/69d8dd1e5d3e1f8c350e006f/users/68af3d99c99eb7bd2ff47bc8/projects/69f80768ca774c668fbaaed8/jobs/69f8cdddd3d80718c05f0785/results/cluster_sizes_respiratory_system_Han_Nature_2020_author_cell_type_X_umap_5c7ea7.csv
cluster_sizes_respiratory_system_Madissoon_Genome_Biol_2020_author_cell_type_X_umap_2ee7d6.csv,s3://lifebit-user-data-6941eed90a4dd7a1d1026d7a/deploit/teams/69d8dd1e5d3e1f8c350e006f/users/68af3d99c99eb7bd2ff47bc8/projects/69f80768ca774c668fbaaed8/jobs/69f8cdddd3d80718c05f0785/results/cluster_sizes_respiratory_system_Madissoon_Genome_Biol_2020_author_cell_type_X_umap_2ee7d6.csv
cluster_sizes_respiratory_system_Madissoon_Nat_Genet_2023_Celltypes_X_umap_ee858a.csv,s3://lifebit-user-data-6941eed90a4dd7a1d1026d7a/deploit/teams/69d8dd1e5d3e1f8c350e006f/users/68af3d99c99eb7bd2ff47bc8/projects/69f80768ca774c668fbaaed8/jobs/69f8cdddd3d80718c05f0785/results/cluster_sizes_respiratory_system_Madissoon_Nat_Genet_2023_Celltypes_X_umap_ee858a.csv
cluster_sizes_respiratory_system_Melms_Nature_2021_cell_type_fine_X_UMAP_c42060.csv,s3://lifebit-user-data-6941eed90a4dd7a1d1026d7a/deploit/teams/69d8dd1e5d3e1f8c350e006f/users/68af3d99c99eb7bd2ff47bc8/projects/69f80768ca774c668fbaaed8/jobs/69f8cdddd3d80718c05f0785/results/cluster_sizes_respiratory_system_Melms_Nature_2021_cell_type_fine_X_UMAP_c42060.csv
cluster_sizes_respiratory_system_Natri_Nat_Genet_2024_manual_annotation_1_X_umap_9a27e4.csv,s3://lifebit-user-data-6941eed90a4dd7a1d1026d7a/deploit/teams/69d8dd1e5d3e1f8c350e006f/users/68af3d99c99eb7bd2ff47bc8/projects/69f80768ca774c668fbaaed8/jobs/69f8cdddd3d80718c05f0785/results/cluster_sizes_respiratory_system_Natri_Nat_Genet_2024_manual_annotation_1_X_umap_9a27e4.csv
cluster_sizes_respiratory_system_Rustam_Am_J_Respir_Crit_Care_Med_2023_author_cell_type_X_umap_56ce23.csv,s3://lifebit-user-data-6941eed90a4dd7a1d1026d7a/deploit/teams/69d8dd1e5d3e1f8c350e006f/users/68af3d99c99eb7bd2ff47bc8/projects/69f80768ca774c668fbaaed8/jobs/69f8cdddd3d80718c05f0785/results/cluster_sizes_respiratory_system_Rustam_Am_J_Respir_Crit_Care_Med_2023_author_cell_type_X_umap_56ce23.csv
cluster_sizes_respiratory_system_Sikkema_Nat_Med_2023_ann_finest_level_X_umap_552c94.csv,s3://lifebit-user-data-6941eed90a4dd7a1d1026d7a/deploit/teams/69d8dd1e5d3e1f8c350e006f/users/68af3d99c99eb7bd2ff47bc8/projects/69f80768ca774c668fbaaed8/jobs/69f8cdddd3d80718c05f0785/results/cluster_sizes_respiratory_system_Sikkema_Nat_Med_2023_ann_finest_level_X_umap_552c94.csv
cluster_sizes_respiratory_system_Szabo_Nat_Commun_2019_status_X_umap_bb4707.csv,s3://lifebit-user-data-6941eed90a4dd7a1d1026d7a/deploit/teams/69d8dd1e5d3e1f8c350e006f/users/68af3d99c99eb7bd2ff47bc8/projects/69f80768ca774c668fbaaed8/jobs/69f8cdddd3d80718c05f0785/results/cluster_sizes_respiratory_system_Szabo_Nat_Commun_2019_status_X_umap_bb4707.csv
cluster_sizes_respiratory_system_Travaglini_Nature_2020_free_annotation_X_tSNE_04a4fd.csv,s3://lifebit-user-data-6941eed90a4dd7a1d1026d7a/deploit/teams/69d8dd1e5d3e1f8c350e006f/users/68af3d99c99eb7bd2ff47bc8/projects/69f80768ca774c668fbaaed8/jobs/69f8cdddd3d80718c05f0785/results/cluster_sizes_respiratory_system_Travaglini_Nature_2020_free_annotation_X_tSNE_04a4fd.csv
cluster_sizes_respiratory_system_Travaglini_Nature_2020_free_annotation_X_tSNE_81a82c.csv,s3://lifebit-user-data-6941eed90a4dd7a1d1026d7a/deploit/teams/69d8dd1e5d3e1f8c350e006f/users/68af3d99c99eb7bd2ff47bc8/projects/69f80768ca774c668fbaaed8/jobs/69f8cdddd3d80718c05f0785/results/cluster_sizes_respiratory_system_Travaglini_Nature_2020_free_annotation_X_tSNE_81a82c.csv
cluster_sizes_respiratory_system_Wang_eLife_2020_author_cell_type_X_umap_c3bd89.csv,s3://lifebit-user-data-6941eed90a4dd7a1d1026d7a/deploit/teams/69d8dd1e5d3e1f8c350e006f/users/68af3d99c99eb7bd2ff47bc8/projects/69f80768ca774c668fbaaed8/jobs/69f8cdddd3d80718c05f0785/results/cluster_sizes_respiratory_system_Wang_eLife_2020_author_cell_type_X_umap_c3bd89.csv
cluster_sizes_respiratory_system_Watanabe_Am_J_Respir_Cell_Mol_Biol_2022_author_cell_type_X_umap_c7b336.csv,s3://lifebit-user-data-6941eed90a4dd7a1d1026d7a/deploit/teams/69d8dd1e5d3e1f8c350e006f/users/68af3d99c99eb7bd2ff47bc8/projects/69f80768ca774c668fbaaed8/jobs/69f8cdddd3d80718c05f0785/results/cluster_sizes_respiratory_system_Watanabe_Am_J_Respir_Cell_Mol_Biol_2022_author_cell_type_X_umap_c7b336.csv
cluster_sizes_respiratory_system_Wells_Nat_Immunol_2025_author_cell_type_X_umap_74e9e1.csv,s3://lifebit-user-data-6941eed90a4dd7a1d1026d7a/deploit/teams/69d8dd1e5d3e1f8c350e006f/users/68af3d99c99eb7bd2ff47bc8/projects/69f80768ca774c668fbaaed8/jobs/69f8cdddd3d80718c05f0785/results/cluster_sizes_respiratory_system_Wells_Nat_Immunol_2025_author_cell_type_X_umap_74e9e1.csv
cluster_sizes_respiratory_system_Wong_American_Journal_of_Transplantation_2024_GSVA_anno_labels_lowcluster_X_umap_3db111.csv,s3://lifebit-user-data-6941eed90a4dd7a1d1026d7a/deploit/teams/69d8dd1e5d3e1f8c350e006f/users/68af3d99c99eb7bd2ff47bc8/projects/69f80768ca774c668fbaaed8/jobs/69f8cdddd3d80718c05f0785/results/cluster_sizes_respiratory_system_Wong_American_Journal_of_Transplantation_2024_GSVA_anno_labels_lowcluster_X_umap_3db111.csv
cluster_sizes_respiratory_system_Xu_Cell_2023_Original_annotation_X_umap_78cea8.csv,s3://lifebit-user-data-6941eed90a4dd7a1d1026d7a/deploit/teams/69d8dd1e5d3e1f8c350e006f/users/68af3d99c99eb7bd2ff47bc8/projects/69f80768ca774c668fbaaed8/jobs/69f8cdddd3d80718c05f0785/results/cluster_sizes_respiratory_system_Xu_Cell_2023_Original_annotation_X_umap_78cea8.csv
cluster_sizes_respiratory_system_Xu_Sci_Rep_2022_author_cell_type_final_X_umap_dc2012.csv,s3://lifebit-user-data-6941eed90a4dd7a1d1026d7a/deploit/teams/69d8dd1e5d3e1f8c350e006f/users/68af3d99c99eb7bd2ff47bc8/projects/69f80768ca774c668fbaaed8/jobs/69f8cdddd3d80718c05f0785/results/cluster_sizes_respiratory_system_Xu_Sci_Rep_2022_author_cell_type_final_X_umap_dc2012.csv
cluster_sizes_respiratory_system_Xu_Sci_Rep_2022_cell_type_X_umap_81ecd6.csv,s3://lifebit-user-data-6941eed90a4dd7a1d1026d7a/deploit/teams/69d8dd1e5d3e1f8c350e006f/users/68af3d99c99eb7bd2ff47bc8/projects/69f80768ca774c668fbaaed8/jobs/69f8cdddd3d80718c05f0785/results/cluster_sizes_respiratory_system_Xu_Sci_Rep_2022_cell_type_X_umap_81ecd6.csv
cluster_sizes_respiratory_system_Yoshida_Nature_2022_Cell_type_annotation_level3_X_umap_8dc8be.csv,s3://lifebit-user-data-6941eed90a4dd7a1d1026d7a/deploit/teams/69d8dd1e5d3e1f8c350e006f/users/68af3d99c99eb7bd2ff47bc8/projects/69f80768ca774c668fbaaed8/jobs/69f8cdddd3d80718c05f0785/results/cluster_sizes_respiratory_system_Yoshida_Nature_2022_Cell_type_annotation_level3_X_umap_8dc8be.csv
cluster_sizes_respiratory_system_Ziegler_Cell_2021_Detailed_Cell_Annotations_X_umap_045011.csv,s3://lifebit-user-data-6941eed90a4dd7a1d1026d7a/deploit/teams/69d8dd1e5d3e1f8c350e006f/users/68af3d99c99eb7bd2ff47bc8/projects/69f80768ca774c668fbaaed8/jobs/69f8cdddd3d80718c05f0785/results/cluster_sizes_respiratory_system_Ziegler_Cell_2021_Detailed_Cell_Annotations_X_umap_045011.csv
cluster_statistics_respiratory_system_Berg_Journal_of_Cystic_Fibrosis_2025_Level_5_X_umap_17763a.csv,s3://lifebit-user-data-6941eed90a4dd7a1d1026d7a/deploit/teams/69d8dd1e5d3e1f8c350e006f/users/68af3d99c99eb7bd2ff47bc8/projects/69f80768ca774c668fbaaed8/jobs/69f8cdddd3d80718c05f0785/results/cluster_statistics_respiratory_system_Berg_Journal_of_Cystic_Fibrosis_2025_Level_5_X_umap_17763a.csv
cluster_statistics_respiratory_system_Dominguez_Conde_Science_2022_Manually_curated_celltype_X_umap_04d255.csv,s3://lifebit-user-data-6941eed90a4dd7a1d1026d7a/deploit/teams/69d8dd1e5d3e1f8c350e006f/users/68af3d99c99eb7bd2ff47bc8/projects/69f80768ca774c668fbaaed8/jobs/69f8cdddd3d80718c05f0785/results/cluster_statistics_respiratory_system_Dominguez_Conde_Science_2022_Manually_curated_celltype_X_umap_04d255.csv
cluster_statistics_respiratory_system_Eraslan_Science_2022_Broad_cell_type_X_umap_f44b0f.csv,s3://lifebit-user-data-6941eed90a4dd7a1d1026d7a/deploit/teams/69d8dd1e5d3e1f8c350e006f/users/68af3d99c99eb7bd2ff47bc8/projects/69f80768ca774c668fbaaed8/jobs/69f8cdddd3d80718c05f0785/results/cluster_statistics_respiratory_system_Eraslan_Science_2022_Broad_cell_type_X_umap_f44b0f.csv
cluster_statistics_respiratory_system_Han_Nature_2020_author_cell_type_X_umap_5c7ea7.csv,s3://lifebit-user-data-6941eed90a4dd7a1d1026d7a/deploit/teams/69d8dd1e5d3e1f8c350e006f/users/68af3d99c99eb7bd2ff47bc8/projects/69f80768ca774c668fbaaed8/jobs/69f8cdddd3d80718c05f0785/results/cluster_statistics_respiratory_system_Han_Nature_2020_author_cell_type_X_umap_5c7ea7.csv
cluster_statistics_respiratory_system_Madissoon_Genome_Biol_2020_author_cell_type_X_umap_2ee7d6.csv,s3://lifebit-user-data-6941eed90a4dd7a1d1026d7a/deploit/teams/69d8dd1e5d3e1f8c350e006f/users/68af3d99c99eb7bd2ff47bc8/projects/69f80768ca774c668fbaaed8/jobs/69f8cdddd3d80718c05f0785/results/cluster_statistics_respiratory_system_Madissoon_Genome_Biol_2020_author_cell_type_X_umap_2ee7d6.csv
cluster_statistics_respiratory_system_Madissoon_Nat_Genet_2023_Celltypes_X_umap_ee858a.csv,s3://lifebit-user-data-6941eed90a4dd7a1d1026d7a/deploit/teams/69d8dd1e5d3e1f8c350e006f/users/68af3d99c99eb7bd2ff47bc8/projects/69f80768ca774c668fbaaed8/jobs/69f8cdddd3d80718c05f0785/results/cluster_statistics_respiratory_system_Madissoon_Nat_Genet_2023_Celltypes_X_umap_ee858a.csv
cluster_statistics_respiratory_system_Melms_Nature_2021_cell_type_fine_X_UMAP_c42060.csv,s3://lifebit-user-data-6941eed90a4dd7a1d1026d7a/deploit/teams/69d8dd1e5d3e1f8c350e006f/users/68af3d99c99eb7bd2ff47bc8/projects/69f80768ca774c668fbaaed8/jobs/69f8cdddd3d80718c05f0785/results/cluster_statistics_respiratory_system_Melms_Nature_2021_cell_type_fine_X_UMAP_c42060.csv
cluster_statistics_respiratory_system_Natri_Nat_Genet_2024_manual_annotation_1_X_umap_9a27e4.csv,s3://lifebit-user-data-6941eed90a4dd7a1d1026d7a/deploit/teams/69d8dd1e5d3e1f8c350e006f/users/68af3d99c99eb7bd2ff47bc8/projects/69f80768ca774c668fbaaed8/jobs/69f8cdddd3d80718c05f0785/results/cluster_statistics_respiratory_system_Natri_Nat_Genet_2024_manual_annotation_1_X_umap_9a27e4.csv
cluster_statistics_respiratory_system_Rustam_Am_J_Respir_Crit_Care_Med_2023_author_cell_type_X_umap_56ce23.csv,s3://lifebit-user-data-6941eed90a4dd7a1d1026d7a/deploit/teams/69d8dd1e5d3e1f8c350e006f/users/68af3d99c99eb7bd2ff47bc8/projects/69f80768ca774c668fbaaed8/jobs/69f8cdddd3d80718c05f0785/results/cluster_statistics_respiratory_system_Rustam_Am_J_Respir_Crit_Care_Med_2023_author_cell_type_X_umap_56ce23.csv
cluster_statistics_respiratory_system_Sikkema_Nat_Med_2023_ann_finest_level_X_umap_552c94.csv,s3://lifebit-user-data-6941eed90a4dd7a1d1026d7a/deploit/teams/69d8dd1e5d3e1f8c350e006f/users/68af3d99c99eb7bd2ff47bc8/projects/69f80768ca774c668fbaaed8/jobs/69f8cdddd3d80718c05f0785/results/cluster_statistics_respiratory_system_Sikkema_Nat_Med_2023_ann_finest_level_X_umap_552c94.csv
cluster_statistics_respiratory_system_Szabo_Nat_Commun_2019_status_X_umap_bb4707.csv,s3://lifebit-user-data-6941eed90a4dd7a1d1026d7a/deploit/teams/69d8dd1e5d3e1f8c350e006f/users/68af3d99c99eb7bd2ff47bc8/projects/69f80768ca774c668fbaaed8/jobs/69f8cdddd3d80718c05f0785/results/cluster_statistics_respiratory_system_Szabo_Nat_Commun_2019_status_X_umap_bb4707.csv
cluster_statistics_respiratory_system_Travaglini_Nature_2020_free_annotation_X_tSNE_04a4fd.csv,s3://lifebit-user-data-6941eed90a4dd7a1d1026d7a/deploit/teams/69d8dd1e5d3e1f8c350e006f/users/68af3d99c99eb7bd2ff47bc8/projects/69f80768ca774c668fbaaed8/jobs/69f8cdddd3d80718c05f0785/results/cluster_statistics_respiratory_system_Travaglini_Nature_2020_free_annotation_X_tSNE_04a4fd.csv
cluster_statistics_respiratory_system_Travaglini_Nature_2020_free_annotation_X_tSNE_81a82c.csv,s3://lifebit-user-data-6941eed90a4dd7a1d1026d7a/deploit/teams/69d8dd1e5d3e1f8c350e006f/users/68af3d99c99eb7bd2ff47bc8/projects/69f80768ca774c668fbaaed8/jobs/69f8cdddd3d80718c05f0785/results/cluster_statistics_respiratory_system_Travaglini_Nature_2020_free_annotation_X_tSNE_81a82c.csv
cluster_statistics_respiratory_system_Wang_eLife_2020_author_cell_type_X_umap_c3bd89.csv,s3://lifebit-user-data-6941eed90a4dd7a1d1026d7a/deploit/teams/69d8dd1e5d3e1f8c350e006f/users/68af3d99c99eb7bd2ff47bc8/projects/69f80768ca774c668fbaaed8/jobs/69f8cdddd3d80718c05f0785/results/cluster_statistics_respiratory_system_Wang_eLife_2020_author_cell_type_X_umap_c3bd89.csv
cluster_statistics_respiratory_system_Watanabe_Am_J_Respir_Cell_Mol_Biol_2022_author_cell_type_X_umap_c7b336.csv,s3://lifebit-user-data-6941eed90a4dd7a1d1026d7a/deploit/teams/69d8dd1e5d3e1f8c350e006f/users/68af3d99c99eb7bd2ff47bc8/projects/69f80768ca774c668fbaaed8/jobs/69f8cdddd3d80718c05f0785/results/cluster_statistics_respiratory_system_Watanabe_Am_J_Respir_Cell_Mol_Biol_2022_author_cell_type_X_umap_c7b336.csv
cluster_statistics_respiratory_system_Wells_Nat_Immunol_2025_author_cell_type_X_umap_74e9e1.csv,s3://lifebit-user-data-6941eed90a4dd7a1d1026d7a/deploit/teams/69d8dd1e5d3e1f8c350e006f/users/68af3d99c99eb7bd2ff47bc8/projects/69f80768ca774c668fbaaed8/jobs/69f8cdddd3d80718c05f0785/results/cluster_statistics_respiratory_system_Wells_Nat_Immunol_2025_author_cell_type_X_umap_74e9e1.csv
cluster_statistics_respiratory_system_Wong_American_Journal_of_Transplantation_2024_GSVA_anno_labels_lowcluster_X_umap_3db111.csv,s3://lifebit-user-data-6941eed90a4dd7a1d1026d7a/deploit/teams/69d8dd1e5d3e1f8c350e006f/users/68af3d99c99eb7bd2ff47bc8/projects/69f80768ca774c668fbaaed8/jobs/69f8cdddd3d80718c05f0785/results/cluster_statistics_respiratory_system_Wong_American_Journal_of_Transplantation_2024_GSVA_anno_labels_lowcluster_X_umap_3db111.csv
cluster_statistics_respiratory_system_Xu_Cell_2023_Original_annotation_X_umap_78cea8.csv,s3://lifebit-user-data-6941eed90a4dd7a1d1026d7a/deploit/teams/69d8dd1e5d3e1f8c350e006f/users/68af3d99c99eb7bd2ff47bc8/projects/69f80768ca774c668fbaaed8/jobs/69f8cdddd3d80718c05f0785/results/cluster_statistics_respiratory_system_Xu_Cell_2023_Original_annotation_X_umap_78cea8.csv
cluster_statistics_respiratory_system_Xu_Sci_Rep_2022_author_cell_type_final_X_umap_dc2012.csv,s3://lifebit-user-data-6941eed90a4dd7a1d1026d7a/deploit/teams/69d8dd1e5d3e1f8c350e006f/users/68af3d99c99eb7bd2ff47bc8/projects/69f80768ca774c668fbaaed8/jobs/69f8cdddd3d80718c05f0785/results/cluster_statistics_respiratory_system_Xu_Sci_Rep_2022_author_cell_type_final_X_umap_dc2012.csv
cluster_statistics_respiratory_system_Xu_Sci_Rep_2022_cell_type_X_umap_81ecd6.csv,s3://lifebit-user-data-6941eed90a4dd7a1d1026d7a/deploit/teams/69d8dd1e5d3e1f8c350e006f/users/68af3d99c99eb7bd2ff47bc8/projects/69f80768ca774c668fbaaed8/jobs/69f8cdddd3d80718c05f0785/results/cluster_statistics_respiratory_system_Xu_Sci_Rep_2022_cell_type_X_umap_81ecd6.csv
cluster_statistics_respiratory_system_Yoshida_Nature_2022_Cell_type_annotation_level3_X_umap_8dc8be.csv,s3://lifebit-user-data-6941eed90a4dd7a1d1026d7a/deploit/teams/69d8dd1e5d3e1f8c350e006f/users/68af3d99c99eb7bd2ff47bc8/projects/69f80768ca774c668fbaaed8/jobs/69f8cdddd3d80718c05f0785/results/cluster_statistics_respiratory_system_Yoshida_Nature_2022_Cell_type_annotation_level3_X_umap_8dc8be.csv
cluster_statistics_respiratory_system_Ziegler_Cell_2021_Detailed_Cell_Annotations_X_umap_045011.csv,s3://lifebit-user-data-6941eed90a4dd7a1d1026d7a/deploit/teams/69d8dd1e5d3e1f8c350e006f/users/68af3d99c99eb7bd2ff47bc8/projects/69f80768ca774c668fbaaed8/jobs/69f8cdddd3d80718c05f0785/results/cluster_statistics_respiratory_system_Ziegler_Cell_2021_Detailed_Cell_Annotations_X_umap_045011.csv
cluster_stats.log,s3://lifebit-user-data-6941eed90a4dd7a1d1026d7a/deploit/teams/69d8dd1e5d3e1f8c350e006f/users/68af3d99c99eb7bd2ff47bc8/projects/69f80768ca774c668fbaaed8/jobs/69f8cdddd3d80718c05f0785/results/cluster_stats.log
dataset_summary_respiratory_system_Berg_Journal_of_Cystic_Fibrosis_2025_Level_5_X_umap_17763a.csv,s3://lifebit-user-data-6941eed90a4dd7a1d1026d7a/deploit/teams/69d8dd1e5d3e1f8c350e006f/users/68af3d99c99eb7bd2ff47bc8/projects/69f80768ca774c668fbaaed8/jobs/69f8cdddd3d80718c05f0785/results/dataset_summary_respiratory_system_Berg_Journal_of_Cystic_Fibrosis_2025_Level_5_X_umap_17763a.csv
dataset_summary_respiratory_system_Dominguez_Conde_Science_2022_Manually_curated_celltype_X_umap_04d255.csv,s3://lifebit-user-data-6941eed90a4dd7a1d1026d7a/deploit/teams/69d8dd1e5d3e1f8c350e006f/users/68af3d99c99eb7bd2ff47bc8/projects/69f80768ca774c668fbaaed8/jobs/69f8cdddd3d80718c05f0785/results/dataset_summary_respiratory_system_Dominguez_Conde_Science_2022_Manually_curated_celltype_X_umap_04d255.csv
dataset_summary_respiratory_system_Eraslan_Science_2022_Broad_cell_type_X_umap_f44b0f.csv,s3://lifebit-user-data-6941eed90a4dd7a1d1026d7a/deploit/teams/69d8dd1e5d3e1f8c350e006f/users/68af3d99c99eb7bd2ff47bc8/projects/69f80768ca774c668fbaaed8/jobs/69f8cdddd3d80718c05f0785/results/dataset_summary_respiratory_system_Eraslan_Science_2022_Broad_cell_type_X_umap_f44b0f.csv
dataset_summary_respiratory_system_Han_Nature_2020_author_cell_type_X_umap_5c7ea7.csv,s3://lifebit-user-data-6941eed90a4dd7a1d1026d7a/deploit/teams/69d8dd1e5d3e1f8c350e006f/users/68af3d99c99eb7bd2ff47bc8/projects/69f80768ca774c668fbaaed8/jobs/69f8cdddd3d80718c05f0785/results/dataset_summary_respiratory_system_Han_Nature_2020_author_cell_type_X_umap_5c7ea7.csv
dataset_summary_respiratory_system_Madissoon_Genome_Biol_2020_author_cell_type_X_umap_2ee7d6.csv,s3://lifebit-user-data-6941eed90a4dd7a1d1026d7a/deploit/teams/69d8dd1e5d3e1f8c350e006f/users/68af3d99c99eb7bd2ff47bc8/projects/69f80768ca774c668fbaaed8/jobs/69f8cdddd3d80718c05f0785/results/dataset_summary_respiratory_system_Madissoon_Genome_Biol_2020_author_cell_type_X_umap_2ee7d6.csv
dataset_summary_respiratory_system_Madissoon_Nat_Genet_2023_Celltypes_X_umap_ee858a.csv,s3://lifebit-user-data-6941eed90a4dd7a1d1026d7a/deploit/teams/69d8dd1e5d3e1f8c350e006f/users/68af3d99c99eb7bd2ff47bc8/projects/69f80768ca774c668fbaaed8/jobs/69f8cdddd3d80718c05f0785/results/dataset_summary_respiratory_system_Madissoon_Nat_Genet_2023_Celltypes_X_umap_ee858a.csv
dataset_summary_respiratory_system_Melms_Nature_2021_cell_type_fine_X_UMAP_c42060.csv,s3://lifebit-user-data-6941eed90a4dd7a1d1026d7a/deploit/teams/69d8dd1e5d3e1f8c350e006f/users/68af3d99c99eb7bd2ff47bc8/projects/69f80768ca774c668fbaaed8/jobs/69f8cdddd3d80718c05f0785/results/dataset_summary_respiratory_system_Melms_Nature_2021_cell_type_fine_X_UMAP_c42060.csv
dataset_summary_respiratory_system_Natri_Nat_Genet_2024_manual_annotation_1_X_umap_9a27e4.csv,s3://lifebit-user-data-6941eed90a4dd7a1d1026d7a/deploit/teams/69d8dd1e5d3e1f8c350e006f/users/68af3d99c99eb7bd2ff47bc8/projects/69f80768ca774c668fbaaed8/jobs/69f8cdddd3d80718c05f0785/results/dataset_summary_respiratory_system_Natri_Nat_Genet_2024_manual_annotation_1_X_umap_9a27e4.csv
dataset_summary_respiratory_system_Rustam_Am_J_Respir_Crit_Care_Med_2023_author_cell_type_X_umap_56ce23.csv,s3://lifebit-user-data-6941eed90a4dd7a1d1026d7a/deploit/teams/69d8dd1e5d3e1f8c350e006f/users/68af3d99c99eb7bd2ff47bc8/projects/69f80768ca774c668fbaaed8/jobs/69f8cdddd3d80718c05f0785/results/dataset_summary_respiratory_system_Rustam_Am_J_Respir_Crit_Care_Med_2023_author_cell_type_X_umap_56ce23.csv
dataset_summary_respiratory_system_Sikkema_Nat_Med_2023_ann_finest_level_X_umap_552c94.csv,s3://lifebit-user-data-6941eed90a4dd7a1d1026d7a/deploit/teams/69d8dd1e5d3e1f8c350e006f/users/68af3d99c99eb7bd2ff47bc8/projects/69f80768ca774c668fbaaed8/jobs/69f8cdddd3d80718c05f0785/results/dataset_summary_respiratory_system_Sikkema_Nat_Med_2023_ann_finest_level_X_umap_552c94.csv
dataset_summary_respiratory_system_Szabo_Nat_Commun_2019_status_X_umap_bb4707.csv,s3://lifebit-user-data-6941eed90a4dd7a1d1026d7a/deploit/teams/69d8dd1e5d3e1f8c350e006f/users/68af3d99c99eb7bd2ff47bc8/projects/69f80768ca774c668fbaaed8/jobs/69f8cdddd3d80718c05f0785/results/dataset_summary_respiratory_system_Szabo_Nat_Commun_2019_status_X_umap_bb4707.csv
dataset_summary_respiratory_system_Travaglini_Nature_2020_free_annotation_X_tSNE_04a4fd.csv,s3://lifebit-user-data-6941eed90a4dd7a1d1026d7a/deploit/teams/69d8dd1e5d3e1f8c350e006f/users/68af3d99c99eb7bd2ff47bc8/projects/69f80768ca774c668fbaaed8/jobs/69f8cdddd3d80718c05f0785/results/dataset_summary_respiratory_system_Travaglini_Nature_2020_free_annotation_X_tSNE_04a4fd.csv
dataset_summary_respiratory_system_Travaglini_Nature_2020_free_annotation_X_tSNE_81a82c.csv,s3://lifebit-user-data-6941eed90a4dd7a1d1026d7a/deploit/teams/69d8dd1e5d3e1f8c350e006f/users/68af3d99c99eb7bd2ff47bc8/projects/69f80768ca774c668fbaaed8/jobs/69f8cdddd3d80718c05f0785/results/dataset_summary_respiratory_system_Travaglini_Nature_2020_free_annotation_X_tSNE_81a82c.csv
dataset_summary_respiratory_system_Wang_eLife_2020_author_cell_type_X_umap_c3bd89.csv,s3://lifebit-user-data-6941eed90a4dd7a1d1026d7a/deploit/teams/69d8dd1e5d3e1f8c350e006f/users/68af3d99c99eb7bd2ff47bc8/projects/69f80768ca774c668fbaaed8/jobs/69f8cdddd3d80718c05f0785/results/dataset_summary_respiratory_system_Wang_eLife_2020_author_cell_type_X_umap_c3bd89.csv
dataset_summary_respiratory_system_Watanabe_Am_J_Respir_Cell_Mol_Biol_2022_author_cell_type_X_umap_c7b336.csv,s3://lifebit-user-data-6941eed90a4dd7a1d1026d7a/deploit/teams/69d8dd1e5d3e1f8c350e006f/users/68af3d99c99eb7bd2ff47bc8/projects/69f80768ca774c668fbaaed8/jobs/69f8cdddd3d80718c05f0785/results/dataset_summary_respiratory_system_Watanabe_Am_J_Respir_Cell_Mol_Biol_2022_author_cell_type_X_umap_c7b336.csv
dataset_summary_respiratory_system_Wells_Nat_Immunol_2025_author_cell_type_X_umap_74e9e1.csv,s3://lifebit-user-data-6941eed90a4dd7a1d1026d7a/deploit/teams/69d8dd1e5d3e1f8c350e006f/users/68af3d99c99eb7bd2ff47bc8/projects/69f80768ca774c668fbaaed8/jobs/69f8cdddd3d80718c05f0785/results/dataset_summary_respiratory_system_Wells_Nat_Immunol_2025_author_cell_type_X_umap_74e9e1.csv
dataset_summary_respiratory_system_Wong_American_Journal_of_Transplantation_2024_GSVA_anno_labels_lowcluster_X_umap_3db111.csv,s3://lifebit-user-data-6941eed90a4dd7a1d1026d7a/deploit/teams/69d8dd1e5d3e1f8c350e006f/users/68af3d99c99eb7bd2ff47bc8/projects/69f80768ca774c668fbaaed8/jobs/69f8cdddd3d80718c05f0785/results/dataset_summary_respiratory_system_Wong_American_Journal_of_Transplantation_2024_GSVA_anno_labels_lowcluster_X_umap_3db111.csv
dataset_summary_respiratory_system_Xu_Cell_2023_Original_annotation_X_umap_78cea8.csv,s3://lifebit-user-data-6941eed90a4dd7a1d1026d7a/deploit/teams/69d8dd1e5d3e1f8c350e006f/users/68af3d99c99eb7bd2ff47bc8/projects/69f80768ca774c668fbaaed8/jobs/69f8cdddd3d80718c05f0785/results/dataset_summary_respiratory_system_Xu_Cell_2023_Original_annotation_X_umap_78cea8.csv
dataset_summary_respiratory_system_Xu_Sci_Rep_2022_author_cell_type_final_X_umap_dc2012.csv,s3://lifebit-user-data-6941eed90a4dd7a1d1026d7a/deploit/teams/69d8dd1e5d3e1f8c350e006f/users/68af3d99c99eb7bd2ff47bc8/projects/69f80768ca774c668fbaaed8/jobs/69f8cdddd3d80718c05f0785/results/dataset_summary_respiratory_system_Xu_Sci_Rep_2022_author_cell_type_final_X_umap_dc2012.csv
dataset_summary_respiratory_system_Xu_Sci_Rep_2022_cell_type_X_umap_81ecd6.csv,s3://lifebit-user-data-6941eed90a4dd7a1d1026d7a/deploit/teams/69d8dd1e5d3e1f8c350e006f/users/68af3d99c99eb7bd2ff47bc8/projects/69f80768ca774c668fbaaed8/jobs/69f8cdddd3d80718c05f0785/results/dataset_summary_respiratory_system_Xu_Sci_Rep_2022_cell_type_X_umap_81ecd6.csv
dataset_summary_respiratory_system_Yoshida_Nature_2022_Cell_type_annotation_level3_X_umap_8dc8be.csv,s3://lifebit-user-data-6941eed90a4dd7a1d1026d7a/deploit/teams/69d8dd1e5d3e1f8c350e006f/users/68af3d99c99eb7bd2ff47bc8/projects/69f80768ca774c668fbaaed8/jobs/69f8cdddd3d80718c05f0785/results/dataset_summary_respiratory_system_Yoshida_Nature_2022_Cell_type_annotation_level3_X_umap_8dc8be.csv
dataset_summary_respiratory_system_Ziegler_Cell_2021_Detailed_Cell_Annotations_X_umap_045011.csv,s3://lifebit-user-data-6941eed90a4dd7a1d1026d7a/deploit/teams/69d8dd1e5d3e1f8c350e006f/users/68af3d99c99eb7bd2ff47bc8/projects/69f80768ca774c668fbaaed8/jobs/69f8cdddd3d80718c05f0785/results/dataset_summary_respiratory_system_Ziegler_Cell_2021_Detailed_Cell_Annotations_X_umap_045011.csv
dendrogram_before_filter_respiratory_system_Berg_Journal_of_Cystic_Fibrosis_2025_Level_5_X_umap_17763a.svg,s3://lifebit-user-data-6941eed90a4dd7a1d1026d7a/deploit/teams/69d8dd1e5d3e1f8c350e006f/users/68af3d99c99eb7bd2ff47bc8/projects/69f80768ca774c668fbaaed8/jobs/69f8cdddd3d80718c05f0785/results/dendrogram_before_filter_respiratory_system_Berg_Journal_of_Cystic_Fibrosis_2025_Level_5_X_umap_17763a.svg
dendrogram_before_filter_respiratory_system_Dominguez_Conde_Science_2022_Manually_curated_celltype_X_umap_04d255.svg,s3://lifebit-user-data-6941eed90a4dd7a1d1026d7a/deploit/teams/69d8dd1e5d3e1f8c350e006f/users/68af3d99c99eb7bd2ff47bc8/projects/69f80768ca774c668fbaaed8/jobs/69f8cdddd3d80718c05f0785/results/dendrogram_before_filter_respiratory_system_Dominguez_Conde_Science_2022_Manually_curated_celltype_X_umap_04d255.svg
dendrogram_before_filter_respiratory_system_Eraslan_Science_2022_Broad_cell_type_X_umap_f44b0f.svg,s3://lifebit-user-data-6941eed90a4dd7a1d1026d7a/deploit/teams/69d8dd1e5d3e1f8c350e006f/users/68af3d99c99eb7bd2ff47bc8/projects/69f80768ca774c668fbaaed8/jobs/69f8cdddd3d80718c05f0785/results/dendrogram_before_filter_respiratory_system_Eraslan_Science_2022_Broad_cell_type_X_umap_f44b0f.svg
dendrogram_before_filter_respiratory_system_Han_Nature_2020_author_cell_type_X_umap_5c7ea7.svg,s3://lifebit-user-data-6941eed90a4dd7a1d1026d7a/deploit/teams/69d8dd1e5d3e1f8c350e006f/users/68af3d99c99eb7bd2ff47bc8/projects/69f80768ca774c668fbaaed8/jobs/69f8cdddd3d80718c05f0785/results/dendrogram_before_filter_respiratory_system_Han_Nature_2020_author_cell_type_X_umap_5c7ea7.svg
dendrogram_before_filter_respiratory_system_Madissoon_Genome_Biol_2020_author_cell_type_X_umap_2ee7d6.svg,s3://lifebit-user-data-6941eed90a4dd7a1d1026d7a/deploit/teams/69d8dd1e5d3e1f8c350e006f/users/68af3d99c99eb7bd2ff47bc8/projects/69f80768ca774c668fbaaed8/jobs/69f8cdddd3d80718c05f0785/results/dendrogram_before_filter_respiratory_system_Madissoon_Genome_Biol_2020_author_cell_type_X_umap_2ee7d6.svg
dendrogram_before_filter_respiratory_system_Madissoon_Nat_Genet_2023_Celltypes_X_umap_ee858a.svg,s3://lifebit-user-data-6941eed90a4dd7a1d1026d7a/deploit/teams/69d8dd1e5d3e1f8c350e006f/users/68af3d99c99eb7bd2ff47bc8/projects/69f80768ca774c668fbaaed8/jobs/69f8cdddd3d80718c05f0785/results/dendrogram_before_filter_respiratory_system_Madissoon_Nat_Genet_2023_Celltypes_X_umap_ee858a.svg
dendrogram_before_filter_respiratory_system_Melms_Nature_2021_cell_type_fine_X_UMAP_c42060.svg,s3://lifebit-user-data-6941eed90a4dd7a1d1026d7a/deploit/teams/69d8dd1e5d3e1f8c350e006f/users/68af3d99c99eb7bd2ff47bc8/projects/69f80768ca774c668fbaaed8/jobs/69f8cdddd3d80718c05f0785/results/dendrogram_before_filter_respiratory_system_Melms_Nature_2021_cell_type_fine_X_UMAP_c42060.svg
dendrogram_before_filter_respiratory_system_Natri_Nat_Genet_2024_manual_annotation_1_X_umap_9a27e4.svg,s3://lifebit-user-data-6941eed90a4dd7a1d1026d7a/deploit/teams/69d8dd1e5d3e1f8c350e006f/users/68af3d99c99eb7bd2ff47bc8/projects/69f80768ca774c668fbaaed8/jobs/69f8cdddd3d80718c05f0785/results/dendrogram_before_filter_respiratory_system_Natri_Nat_Genet_2024_manual_annotation_1_X_umap_9a27e4.svg
dendrogram_before_filter_respiratory_system_Rustam_Am_J_Respir_Crit_Care_Med_2023_author_cell_type_X_umap_56ce23.svg,s3://lifebit-user-data-6941eed90a4dd7a1d1026d7a/deploit/teams/69d8dd1e5d3e1f8c350e006f/users/68af3d99c99eb7bd2ff47bc8/projects/69f80768ca774c668fbaaed8/jobs/69f8cdddd3d80718c05f0785/results/dendrogram_before_filter_respiratory_system_Rustam_Am_J_Respir_Crit_Care_Med_2023_author_cell_type_X_umap_56ce23.svg
dendrogram_before_filter_respiratory_system_Sikkema_Nat_Med_2023_ann_finest_level_X_umap_552c94.svg,s3://lifebit-user-data-6941eed90a4dd7a1d1026d7a/deploit/teams/69d8dd1e5d3e1f8c350e006f/users/68af3d99c99eb7bd2ff47bc8/projects/69f80768ca774c668fbaaed8/jobs/69f8cdddd3d80718c05f0785/results/dendrogram_before_filter_respiratory_system_Sikkema_Nat_Med_2023_ann_finest_level_X_umap_552c94.svg
dendrogram_before_filter_respiratory_system_Szabo_Nat_Commun_2019_status_X_umap_bb4707.svg,s3://lifebit-user-data-6941eed90a4dd7a1d1026d7a/deploit/teams/69d8dd1e5d3e1f8c350e006f/users/68af3d99c99eb7bd2ff47bc8/projects/69f80768ca774c668fbaaed8/jobs/69f8cdddd3d80718c05f0785/results/dendrogram_before_filter_respiratory_system_Szabo_Nat_Commun_2019_status_X_umap_bb4707.svg
dendrogram_before_filter_respiratory_system_Travaglini_Nature_2020_free_annotation_X_tSNE_04a4fd.svg,s3://lifebit-user-data-6941eed90a4dd7a1d1026d7a/deploit/teams/69d8dd1e5d3e1f8c350e006f/users/68af3d99c99eb7bd2ff47bc8/projects/69f80768ca774c668fbaaed8/jobs/69f8cdddd3d80718c05f0785/results/dendrogram_before_filter_respiratory_system_Travaglini_Nature_2020_free_annotation_X_tSNE_04a4fd.svg
dendrogram_before_filter_respiratory_system_Travaglini_Nature_2020_free_annotation_X_tSNE_81a82c.svg,s3://lifebit-user-data-6941eed90a4dd7a1d1026d7a/deploit/teams/69d8dd1e5d3e1f8c350e006f/users/68af3d99c99eb7bd2ff47bc8/projects/69f80768ca774c668fbaaed8/jobs/69f8cdddd3d80718c05f0785/results/dendrogram_before_filter_respiratory_system_Travaglini_Nature_2020_free_annotation_X_tSNE_81a82c.svg
dendrogram_before_filter_respiratory_system_Wang_eLife_2020_author_cell_type_X_umap_c3bd89.svg,s3://lifebit-user-data-6941eed90a4dd7a1d1026d7a/deploit/teams/69d8dd1e5d3e1f8c350e006f/users/68af3d99c99eb7bd2ff47bc8/projects/69f80768ca774c668fbaaed8/jobs/69f8cdddd3d80718c05f0785/results/dendrogram_before_filter_respiratory_system_Wang_eLife_2020_author_cell_type_X_umap_c3bd89.svg
dendrogram_before_filter_respiratory_system_Watanabe_Am_J_Respir_Cell_Mol_Biol_2022_author_cell_type_X_umap_c7b336.svg,s3://lifebit-user-data-6941eed90a4dd7a1d1026d7a/deploit/teams/69d8dd1e5d3e1f8c350e006f/users/68af3d99c99eb7bd2ff47bc8/projects/69f80768ca774c668fbaaed8/jobs/69f8cdddd3d80718c05f0785/results/dendrogram_before_filter_respiratory_system_Watanabe_Am_J_Respir_Cell_Mol_Biol_2022_author_cell_type_X_umap_c7b336.svg
dendrogram_before_filter_respiratory_system_Wells_Nat_Immunol_2025_author_cell_type_X_umap_74e9e1.svg,s3://lifebit-user-data-6941eed90a4dd7a1d1026d7a/deploit/teams/69d8dd1e5d3e1f8c350e006f/users/68af3d99c99eb7bd2ff47bc8/projects/69f80768ca774c668fbaaed8/jobs/69f8cdddd3d80718c05f0785/results/dendrogram_before_filter_respiratory_system_Wells_Nat_Immunol_2025_author_cell_type_X_umap_74e9e1.svg
dendrogram_before_filter_respiratory_system_Wong_American_Journal_of_Transplantation_2024_GSVA_anno_labels_lowcluster_X_umap_3db111.svg,s3://lifebit-user-data-6941eed90a4dd7a1d1026d7a/deploit/teams/69d8dd1e5d3e1f8c350e006f/users/68af3d99c99eb7bd2ff47bc8/projects/69f80768ca774c668fbaaed8/jobs/69f8cdddd3d80718c05f0785/results/dendrogram_before_filter_respiratory_system_Wong_American_Journal_of_Transplantation_2024_GSVA_anno_labels_lowcluster_X_umap_3db111.svg
dendrogram_before_filter_respiratory_system_Xu_Cell_2023_Original_annotation_X_umap_78cea8.svg,s3://lifebit-user-data-6941eed90a4dd7a1d1026d7a/deploit/teams/69d8dd1e5d3e1f8c350e006f/users/68af3d99c99eb7bd2ff47bc8/projects/69f80768ca774c668fbaaed8/jobs/69f8cdddd3d80718c05f0785/results/dendrogram_before_filter_respiratory_system_Xu_Cell_2023_Original_annotation_X_umap_78cea8.svg
dendrogram_before_filter_respiratory_system_Xu_Sci_Rep_2022_author_cell_type_final_X_umap_dc2012.svg,s3://lifebit-user-data-6941eed90a4dd7a1d1026d7a/deploit/teams/69d8dd1e5d3e1f8c350e006f/users/68af3d99c99eb7bd2ff47bc8/projects/69f80768ca774c668fbaaed8/jobs/69f8cdddd3d80718c05f0785/results/dendrogram_before_filter_respiratory_system_Xu_Sci_Rep_2022_author_cell_type_final_X_umap_dc2012.svg
dendrogram_before_filter_respiratory_system_Xu_Sci_Rep_2022_cell_type_X_umap_81ecd6.svg,s3://lifebit-user-data-6941eed90a4dd7a1d1026d7a/deploit/teams/69d8dd1e5d3e1f8c350e006f/users/68af3d99c99eb7bd2ff47bc8/projects/69f80768ca774c668fbaaed8/jobs/69f8cdddd3d80718c05f0785/results/dendrogram_before_filter_respiratory_system_Xu_Sci_Rep_2022_cell_type_X_umap_81ecd6.svg
dendrogram_before_filter_respiratory_system_Yoshida_Nature_2022_Cell_type_annotation_level3_X_umap_8dc8be.svg,s3://lifebit-user-data-6941eed90a4dd7a1d1026d7a/deploit/teams/69d8dd1e5d3e1f8c350e006f/users/68af3d99c99eb7bd2ff47bc8/projects/69f80768ca774c668fbaaed8/jobs/69f8cdddd3d80718c05f0785/results/dendrogram_before_filter_respiratory_system_Yoshida_Nature_2022_Cell_type_annotation_level3_X_umap_8dc8be.svg
dendrogram_before_filter_respiratory_system_Ziegler_Cell_2021_Detailed_Cell_Annotations_X_umap_045011.svg,s3://lifebit-user-data-6941eed90a4dd7a1d1026d7a/deploit/teams/69d8dd1e5d3e1f8c350e006f/users/68af3d99c99eb7bd2ff47bc8/projects/69f80768ca774c668fbaaed8/jobs/69f8cdddd3d80718c05f0785/results/dendrogram_before_filter_respiratory_system_Ziegler_Cell_2021_Detailed_Cell_Annotations_X_umap_045011.svg
dendrogram_respiratory_system_Berg_Journal_of_Cystic_Fibrosis_2025_Level_5_X_umap_17763a.svg,s3://lifebit-user-data-6941eed90a4dd7a1d1026d7a/deploit/teams/69d8dd1e5d3e1f8c350e006f/users/68af3d99c99eb7bd2ff47bc8/projects/69f80768ca774c668fbaaed8/jobs/69f8cdddd3d80718c05f0785/results/dendrogram_respiratory_system_Berg_Journal_of_Cystic_Fibrosis_2025_Level_5_X_umap_17763a.svg
dendrogram_respiratory_system_Dominguez_Conde_Science_2022_Manually_curated_celltype_X_umap_04d255.svg,s3://lifebit-user-data-6941eed90a4dd7a1d1026d7a/deploit/teams/69d8dd1e5d3e1f8c350e006f/users/68af3d99c99eb7bd2ff47bc8/projects/69f80768ca774c668fbaaed8/jobs/69f8cdddd3d80718c05f0785/results/dendrogram_respiratory_system_Dominguez_Conde_Science_2022_Manually_curated_celltype_X_umap_04d255.svg
dendrogram_respiratory_system_Eraslan_Science_2022_Broad_cell_type_X_umap_f44b0f.svg,s3://lifebit-user-data-6941eed90a4dd7a1d1026d7a/deploit/teams/69d8dd1e5d3e1f8c350e006f/users/68af3d99c99eb7bd2ff47bc8/projects/69f80768ca774c668fbaaed8/jobs/69f8cdddd3d80718c05f0785/results/dendrogram_respiratory_system_Eraslan_Science_2022_Broad_cell_type_X_umap_f44b0f.svg
dendrogram_respiratory_system_Han_Nature_2020_author_cell_type_X_umap_5c7ea7.svg,s3://lifebit-user-data-6941eed90a4dd7a1d1026d7a/deploit/teams/69d8dd1e5d3e1f8c350e006f/users/68af3d99c99eb7bd2ff47bc8/projects/69f80768ca774c668fbaaed8/jobs/69f8cdddd3d80718c05f0785/results/dendrogram_respiratory_system_Han_Nature_2020_author_cell_type_X_umap_5c7ea7.svg
dendrogram_respiratory_system_Madissoon_Genome_Biol_2020_author_cell_type_X_umap_2ee7d6.svg,s3://lifebit-user-data-6941eed90a4dd7a1d1026d7a/deploit/teams/69d8dd1e5d3e1f8c350e006f/users/68af3d99c99eb7bd2ff47bc8/projects/69f80768ca774c668fbaaed8/jobs/69f8cdddd3d80718c05f0785/results/dendrogram_respiratory_system_Madissoon_Genome_Biol_2020_author_cell_type_X_umap_2ee7d6.svg
dendrogram_respiratory_system_Madissoon_Nat_Genet_2023_Celltypes_X_umap_ee858a.svg,s3://lifebit-user-data-6941eed90a4dd7a1d1026d7a/deploit/teams/69d8dd1e5d3e1f8c350e006f/users/68af3d99c99eb7bd2ff47bc8/projects/69f80768ca774c668fbaaed8/jobs/69f8cdddd3d80718c05f0785/results/dendrogram_respiratory_system_Madissoon_Nat_Genet_2023_Celltypes_X_umap_ee858a.svg
dendrogram_respiratory_system_Melms_Nature_2021_cell_type_fine_X_UMAP_c42060.svg,s3://lifebit-user-data-6941eed90a4dd7a1d1026d7a/deploit/teams/69d8dd1e5d3e1f8c350e006f/users/68af3d99c99eb7bd2ff47bc8/projects/69f80768ca774c668fbaaed8/jobs/69f8cdddd3d80718c05f0785/results/dendrogram_respiratory_system_Melms_Nature_2021_cell_type_fine_X_UMAP_c42060.svg
dendrogram_respiratory_system_Natri_Nat_Genet_2024_manual_annotation_1_X_umap_9a27e4.svg,s3://lifebit-user-data-6941eed90a4dd7a1d1026d7a/deploit/teams/69d8dd1e5d3e1f8c350e006f/users/68af3d99c99eb7bd2ff47bc8/projects/69f80768ca774c668fbaaed8/jobs/69f8cdddd3d80718c05f0785/results/dendrogram_respiratory_system_Natri_Nat_Genet_2024_manual_annotation_1_X_umap_9a27e4.svg
dendrogram_respiratory_system_Rustam_Am_J_Respir_Crit_Care_Med_2023_author_cell_type_X_umap_56ce23.svg,s3://lifebit-user-data-6941eed90a4dd7a1d1026d7a/deploit/teams/69d8dd1e5d3e1f8c350e006f/users/68af3d99c99eb7bd2ff47bc8/projects/69f80768ca774c668fbaaed8/jobs/69f8cdddd3d80718c05f0785/results/dendrogram_respiratory_system_Rustam_Am_J_Respir_Crit_Care_Med_2023_author_cell_type_X_umap_56ce23.svg
dendrogram_respiratory_system_Sikkema_Nat_Med_2023_ann_finest_level_X_umap_552c94.svg,s3://lifebit-user-data-6941eed90a4dd7a1d1026d7a/deploit/teams/69d8dd1e5d3e1f8c350e006f/users/68af3d99c99eb7bd2ff47bc8/projects/69f80768ca774c668fbaaed8/jobs/69f8cdddd3d80718c05f0785/results/dendrogram_respiratory_system_Sikkema_Nat_Med_2023_ann_finest_level_X_umap_552c94.svg
dendrogram_respiratory_system_Szabo_Nat_Commun_2019_status_X_umap_bb4707.svg,s3://lifebit-user-data-6941eed90a4dd7a1d1026d7a/deploit/teams/69d8dd1e5d3e1f8c350e006f/users/68af3d99c99eb7bd2ff47bc8/projects/69f80768ca774c668fbaaed8/jobs/69f8cdddd3d80718c05f0785/results/dendrogram_respiratory_system_Szabo_Nat_Commun_2019_status_X_umap_bb4707.svg
dendrogram_respiratory_system_Travaglini_Nature_2020_free_annotation_X_tSNE_04a4fd.svg,s3://lifebit-user-data-6941eed90a4dd7a1d1026d7a/deploit/teams/69d8dd1e5d3e1f8c350e006f/users/68af3d99c99eb7bd2ff47bc8/projects/69f80768ca774c668fbaaed8/jobs/69f8cdddd3d80718c05f0785/results/dendrogram_respiratory_system_Travaglini_Nature_2020_free_annotation_X_tSNE_04a4fd.svg
dendrogram_respiratory_system_Travaglini_Nature_2020_free_annotation_X_tSNE_81a82c.svg,s3://lifebit-user-data-6941eed90a4dd7a1d1026d7a/deploit/teams/69d8dd1e5d3e1f8c350e006f/users/68af3d99c99eb7bd2ff47bc8/projects/69f80768ca774c668fbaaed8/jobs/69f8cdddd3d80718c05f0785/results/dendrogram_respiratory_system_Travaglini_Nature_2020_free_annotation_X_tSNE_81a82c.svg
dendrogram_respiratory_system_Wang_eLife_2020_author_cell_type_X_umap_c3bd89.svg,s3://lifebit-user-data-6941eed90a4dd7a1d1026d7a/deploit/teams/69d8dd1e5d3e1f8c350e006f/users/68af3d99c99eb7bd2ff47bc8/projects/69f80768ca774c668fbaaed8/jobs/69f8cdddd3d80718c05f0785/results/dendrogram_respiratory_system_Wang_eLife_2020_author_cell_type_X_umap_c3bd89.svg
dendrogram_respiratory_system_Watanabe_Am_J_Respir_Cell_Mol_Biol_2022_author_cell_type_X_umap_c7b336.svg,s3://lifebit-user-data-6941eed90a4dd7a1d1026d7a/deploit/teams/69d8dd1e5d3e1f8c350e006f/users/68af3d99c99eb7bd2ff47bc8/projects/69f80768ca774c668fbaaed8/jobs/69f8cdddd3d80718c05f0785/results/dendrogram_respiratory_system_Watanabe_Am_J_Respir_Cell_Mol_Biol_2022_author_cell_type_X_umap_c7b336.svg
dendrogram_respiratory_system_Wells_Nat_Immunol_2025_author_cell_type_X_umap_74e9e1.svg,s3://lifebit-user-data-6941eed90a4dd7a1d1026d7a/deploit/teams/69d8dd1e5d3e1f8c350e006f/users/68af3d99c99eb7bd2ff47bc8/projects/69f80768ca774c668fbaaed8/jobs/69f8cdddd3d80718c05f0785/results/dendrogram_respiratory_system_Wells_Nat_Immunol_2025_author_cell_type_X_umap_74e9e1.svg
dendrogram_respiratory_system_Wong_American_Journal_of_Transplantation_2024_GSVA_anno_labels_lowcluster_X_umap_3db111.svg,s3://lifebit-user-data-6941eed90a4dd7a1d1026d7a/deploit/teams/69d8dd1e5d3e1f8c350e006f/users/68af3d99c99eb7bd2ff47bc8/projects/69f80768ca774c668fbaaed8/jobs/69f8cdddd3d80718c05f0785/results/dendrogram_respiratory_system_Wong_American_Journal_of_Transplantation_2024_GSVA_anno_labels_lowcluster_X_umap_3db111.svg
dendrogram_respiratory_system_Xu_Cell_2023_Original_annotation_X_umap_78cea8.svg,s3://lifebit-user-data-6941eed90a4dd7a1d1026d7a/deploit/teams/69d8dd1e5d3e1f8c350e006f/users/68af3d99c99eb7bd2ff47bc8/projects/69f80768ca774c668fbaaed8/jobs/69f8cdddd3d80718c05f0785/results/dendrogram_respiratory_system_Xu_Cell_2023_Original_annotation_X_umap_78cea8.svg
dendrogram_respiratory_system_Xu_Sci_Rep_2022_author_cell_type_final_X_umap_dc2012.svg,s3://lifebit-user-data-6941eed90a4dd7a1d1026d7a/deploit/teams/69d8dd1e5d3e1f8c350e006f/users/68af3d99c99eb7bd2ff47bc8/projects/69f80768ca774c668fbaaed8/jobs/69f8cdddd3d80718c05f0785/results/dendrogram_respiratory_system_Xu_Sci_Rep_2022_author_cell_type_final_X_umap_dc2012.svg
dendrogram_respiratory_system_Xu_Sci_Rep_2022_cell_type_X_umap_81ecd6.svg,s3://lifebit-user-data-6941eed90a4dd7a1d1026d7a/deploit/teams/69d8dd1e5d3e1f8c350e006f/users/68af3d99c99eb7bd2ff47bc8/projects/69f80768ca774c668fbaaed8/jobs/69f8cdddd3d80718c05f0785/results/dendrogram_respiratory_system_Xu_Sci_Rep_2022_cell_type_X_umap_81ecd6.svg
dendrogram_respiratory_system_Yoshida_Nature_2022_Cell_type_annotation_level3_X_umap_8dc8be.svg,s3://lifebit-user-data-6941eed90a4dd7a1d1026d7a/deploit/teams/69d8dd1e5d3e1f8c350e006f/users/68af3d99c99eb7bd2ff47bc8/projects/69f80768ca774c668fbaaed8/jobs/69f8cdddd3d80718c05f0785/results/dendrogram_respiratory_system_Yoshida_Nature_2022_Cell_type_annotation_level3_X_umap_8dc8be.svg
dendrogram_respiratory_system_Ziegler_Cell_2021_Detailed_Cell_Annotations_X_umap_045011.svg,s3://lifebit-user-data-6941eed90a4dd7a1d1026d7a/deploit/teams/69d8dd1e5d3e1f8c350e006f/users/68af3d99c99eb7bd2ff47bc8/projects/69f80768ca774c668fbaaed8/jobs/69f8cdddd3d80718c05f0785/results/dendrogram_respiratory_system_Ziegler_Cell_2021_Detailed_Cell_Annotations_X_umap_045011.svg
distribution_log10_respiratory_system_Berg_Journal_of_Cystic_Fibrosis_2025_Level_5_X_umap_17763a.html,s3://lifebit-user-data-6941eed90a4dd7a1d1026d7a/deploit/teams/69d8dd1e5d3e1f8c350e006f/users/68af3d99c99eb7bd2ff47bc8/projects/69f80768ca774c668fbaaed8/jobs/69f8cdddd3d80718c05f0785/results/distribution_log10_respiratory_system_Berg_Journal_of_Cystic_Fibrosis_2025_Level_5_X_umap_17763a.html
distribution_log10_respiratory_system_Berg_Journal_of_Cystic_Fibrosis_2025_Level_5_X_umap_17763a.svg,s3://lifebit-user-data-6941eed90a4dd7a1d1026d7a/deploit/teams/69d8dd1e5d3e1f8c350e006f/users/68af3d99c99eb7bd2ff47bc8/projects/69f80768ca774c668fbaaed8/jobs/69f8cdddd3d80718c05f0785/results/distribution_log10_respiratory_system_Berg_Journal_of_Cystic_Fibrosis_2025_Level_5_X_umap_17763a.svg
distribution_log10_respiratory_system_Dominguez_Conde_Science_2022_Manually_curated_celltype_X_umap_04d255.html,s3://lifebit-user-data-6941eed90a4dd7a1d1026d7a/deploit/teams/69d8dd1e5d3e1f8c350e006f/users/68af3d99c99eb7bd2ff47bc8/projects/69f80768ca774c668fbaaed8/jobs/69f8cdddd3d80718c05f0785/results/distribution_log10_respiratory_system_Dominguez_Conde_Science_2022_Manually_curated_celltype_X_umap_04d255.html
distribution_log10_respiratory_system_Dominguez_Conde_Science_2022_Manually_curated_celltype_X_umap_04d255.svg,s3://lifebit-user-data-6941eed90a4dd7a1d1026d7a/deploit/teams/69d8dd1e5d3e1f8c350e006f/users/68af3d99c99eb7bd2ff47bc8/projects/69f80768ca774c668fbaaed8/jobs/69f8cdddd3d80718c05f0785/results/distribution_log10_respiratory_system_Dominguez_Conde_Science_2022_Manually_curated_celltype_X_umap_04d255.svg
distribution_log10_respiratory_system_Eraslan_Science_2022_Broad_cell_type_X_umap_f44b0f.html,s3://lifebit-user-data-6941eed90a4dd7a1d1026d7a/deploit/teams/69d8dd1e5d3e1f8c350e006f/users/68af3d99c99eb7bd2ff47bc8/projects/69f80768ca774c668fbaaed8/jobs/69f8cdddd3d80718c05f0785/results/distribution_log10_respiratory_system_Eraslan_Science_2022_Broad_cell_type_X_umap_f44b0f.html
distribution_log10_respiratory_system_Eraslan_Science_2022_Broad_cell_type_X_umap_f44b0f.svg,s3://lifebit-user-data-6941eed90a4dd7a1d1026d7a/deploit/teams/69d8dd1e5d3e1f8c350e006f/users/68af3d99c99eb7bd2ff47bc8/projects/69f80768ca774c668fbaaed8/jobs/69f8cdddd3d80718c05f0785/results/distribution_log10_respiratory_system_Eraslan_Science_2022_Broad_cell_type_X_umap_f44b0f.svg
distribution_log10_respiratory_system_Han_Nature_2020_author_cell_type_X_umap_5c7ea7.html,s3://lifebit-user-data-6941eed90a4dd7a1d1026d7a/deploit/teams/69d8dd1e5d3e1f8c350e006f/users/68af3d99c99eb7bd2ff47bc8/projects/69f80768ca774c668fbaaed8/jobs/69f8cdddd3d80718c05f0785/results/distribution_log10_respiratory_system_Han_Nature_2020_author_cell_type_X_umap_5c7ea7.html
distribution_log10_respiratory_system_Han_Nature_2020_author_cell_type_X_umap_5c7ea7.svg,s3://lifebit-user-data-6941eed90a4dd7a1d1026d7a/deploit/teams/69d8dd1e5d3e1f8c350e006f/users/68af3d99c99eb7bd2ff47bc8/projects/69f80768ca774c668fbaaed8/jobs/69f8cdddd3d80718c05f0785/results/distribution_log10_respiratory_system_Han_Nature_2020_author_cell_type_X_umap_5c7ea7.svg
distribution_log10_respiratory_system_Madissoon_Genome_Biol_2020_author_cell_type_X_umap_2ee7d6.html,s3://lifebit-user-data-6941eed90a4dd7a1d1026d7a/deploit/teams/69d8dd1e5d3e1f8c350e006f/users/68af3d99c99eb7bd2ff47bc8/projects/69f80768ca774c668fbaaed8/jobs/69f8cdddd3d80718c05f0785/results/distribution_log10_respiratory_system_Madissoon_Genome_Biol_2020_author_cell_type_X_umap_2ee7d6.html
distribution_log10_respiratory_system_Madissoon_Genome_Biol_2020_author_cell_type_X_umap_2ee7d6.svg,s3://lifebit-user-data-6941eed90a4dd7a1d1026d7a/deploit/teams/69d8dd1e5d3e1f8c350e006f/users/68af3d99c99eb7bd2ff47bc8/projects/69f80768ca774c668fbaaed8/jobs/69f8cdddd3d80718c05f0785/results/distribution_log10_respiratory_system_Madissoon_Genome_Biol_2020_author_cell_type_X_umap_2ee7d6.svg
distribution_log10_respiratory_system_Madissoon_Nat_Genet_2023_Celltypes_X_umap_ee858a.html,s3://lifebit-user-data-6941eed90a4dd7a1d1026d7a/deploit/teams/69d8dd1e5d3e1f8c350e006f/users/68af3d99c99eb7bd2ff47bc8/projects/69f80768ca774c668fbaaed8/jobs/69f8cdddd3d80718c05f0785/results/distribution_log10_respiratory_system_Madissoon_Nat_Genet_2023_Celltypes_X_umap_ee858a.html
distribution_log10_respiratory_system_Madissoon_Nat_Genet_2023_Celltypes_X_umap_ee858a.svg,s3://lifebit-user-data-6941eed90a4dd7a1d1026d7a/deploit/teams/69d8dd1e5d3e1f8c350e006f/users/68af3d99c99eb7bd2ff47bc8/projects/69f80768ca774c668fbaaed8/jobs/69f8cdddd3d80718c05f0785/results/distribution_log10_respiratory_system_Madissoon_Nat_Genet_2023_Celltypes_X_umap_ee858a.svg
distribution_log10_respiratory_system_Melms_Nature_2021_cell_type_fine_X_UMAP_c42060.html,s3://lifebit-user-data-6941eed90a4dd7a1d1026d7a/deploit/teams/69d8dd1e5d3e1f8c350e006f/users/68af3d99c99eb7bd2ff47bc8/projects/69f80768ca774c668fbaaed8/jobs/69f8cdddd3d80718c05f0785/results/distribution_log10_respiratory_system_Melms_Nature_2021_cell_type_fine_X_UMAP_c42060.html
distribution_log10_respiratory_system_Melms_Nature_2021_cell_type_fine_X_UMAP_c42060.svg,s3://lifebit-user-data-6941eed90a4dd7a1d1026d7a/deploit/teams/69d8dd1e5d3e1f8c350e006f/users/68af3d99c99eb7bd2ff47bc8/projects/69f80768ca774c668fbaaed8/jobs/69f8cdddd3d80718c05f0785/results/distribution_log10_respiratory_system_Melms_Nature_2021_cell_type_fine_X_UMAP_c42060.svg
distribution_log10_respiratory_system_Natri_Nat_Genet_2024_manual_annotation_1_X_umap_9a27e4.html,s3://lifebit-user-data-6941eed90a4dd7a1d1026d7a/deploit/teams/69d8dd1e5d3e1f8c350e006f/users/68af3d99c99eb7bd2ff47bc8/projects/69f80768ca774c668fbaaed8/jobs/69f8cdddd3d80718c05f0785/results/distribution_log10_respiratory_system_Natri_Nat_Genet_2024_manual_annotation_1_X_umap_9a27e4.html
distribution_log10_respiratory_system_Natri_Nat_Genet_2024_manual_annotation_1_X_umap_9a27e4.svg,s3://lifebit-user-data-6941eed90a4dd7a1d1026d7a/deploit/teams/69d8dd1e5d3e1f8c350e006f/users/68af3d99c99eb7bd2ff47bc8/projects/69f80768ca774c668fbaaed8/jobs/69f8cdddd3d80718c05f0785/results/distribution_log10_respiratory_system_Natri_Nat_Genet_2024_manual_annotation_1_X_umap_9a27e4.svg
distribution_log10_respiratory_system_Rustam_Am_J_Respir_Crit_Care_Med_2023_author_cell_type_X_umap_56ce23.html,s3://lifebit-user-data-6941eed90a4dd7a1d1026d7a/deploit/teams/69d8dd1e5d3e1f8c350e006f/users/68af3d99c99eb7bd2ff47bc8/projects/69f80768ca774c668fbaaed8/jobs/69f8cdddd3d80718c05f0785/results/distribution_log10_respiratory_system_Rustam_Am_J_Respir_Crit_Care_Med_2023_author_cell_type_X_umap_56ce23.html
distribution_log10_respiratory_system_Rustam_Am_J_Respir_Crit_Care_Med_2023_author_cell_type_X_umap_56ce23.svg,s3://lifebit-user-data-6941eed90a4dd7a1d1026d7a/deploit/teams/69d8dd1e5d3e1f8c350e006f/users/68af3d99c99eb7bd2ff47bc8/projects/69f80768ca774c668fbaaed8/jobs/69f8cdddd3d80718c05f0785/results/distribution_log10_respiratory_system_Rustam_Am_J_Respir_Crit_Care_Med_2023_author_cell_type_X_umap_56ce23.svg
distribution_log10_respiratory_system_Sikkema_Nat_Med_2023_ann_finest_level_X_umap_552c94.html,s3://lifebit-user-data-6941eed90a4dd7a1d1026d7a/deploit/teams/69d8dd1e5d3e1f8c350e006f/users/68af3d99c99eb7bd2ff47bc8/projects/69f80768ca774c668fbaaed8/jobs/69f8cdddd3d80718c05f0785/results/distribution_log10_respiratory_system_Sikkema_Nat_Med_2023_ann_finest_level_X_umap_552c94.html
distribution_log10_respiratory_system_Sikkema_Nat_Med_2023_ann_finest_level_X_umap_552c94.svg,s3://lifebit-user-data-6941eed90a4dd7a1d1026d7a/deploit/teams/69d8dd1e5d3e1f8c350e006f/users/68af3d99c99eb7bd2ff47bc8/projects/69f80768ca774c668fbaaed8/jobs/69f8cdddd3d80718c05f0785/results/distribution_log10_respiratory_system_Sikkema_Nat_Med_2023_ann_finest_level_X_umap_552c94.svg
distribution_log10_respiratory_system_Szabo_Nat_Commun_2019_status_X_umap_bb4707.html,s3://lifebit-user-data-6941eed90a4dd7a1d1026d7a/deploit/teams/69d8dd1e5d3e1f8c350e006f/users/68af3d99c99eb7bd2ff47bc8/projects/69f80768ca774c668fbaaed8/jobs/69f8cdddd3d80718c05f0785/results/distribution_log10_respiratory_system_Szabo_Nat_Commun_2019_status_X_umap_bb4707.html
distribution_log10_respiratory_system_Szabo_Nat_Commun_2019_status_X_umap_bb4707.svg,s3://lifebit-user-data-6941eed90a4dd7a1d1026d7a/deploit/teams/69d8dd1e5d3e1f8c350e006f/users/68af3d99c99eb7bd2ff47bc8/projects/69f80768ca774c668fbaaed8/jobs/69f8cdddd3d80718c05f0785/results/distribution_log10_respiratory_system_Szabo_Nat_Commun_2019_status_X_umap_bb4707.svg
distribution_log10_respiratory_system_Travaglini_Nature_2020_free_annotation_X_tSNE_04a4fd.html,s3://lifebit-user-data-6941eed90a4dd7a1d1026d7a/deploit/teams/69d8dd1e5d3e1f8c350e006f/users/68af3d99c99eb7bd2ff47bc8/projects/69f80768ca774c668fbaaed8/jobs/69f8cdddd3d80718c05f0785/results/distribution_log10_respiratory_system_Travaglini_Nature_2020_free_annotation_X_tSNE_04a4fd.html
distribution_log10_respiratory_system_Travaglini_Nature_2020_free_annotation_X_tSNE_04a4fd.svg,s3://lifebit-user-data-6941eed90a4dd7a1d1026d7a/deploit/teams/69d8dd1e5d3e1f8c350e006f/users/68af3d99c99eb7bd2ff47bc8/projects/69f80768ca774c668fbaaed8/jobs/69f8cdddd3d80718c05f0785/results/distribution_log10_respiratory_system_Travaglini_Nature_2020_free_annotation_X_tSNE_04a4fd.svg
distribution_log10_respiratory_system_Travaglini_Nature_2020_free_annotation_X_tSNE_81a82c.html,s3://lifebit-user-data-6941eed90a4dd7a1d1026d7a/deploit/teams/69d8dd1e5d3e1f8c350e006f/users/68af3d99c99eb7bd2ff47bc8/projects/69f80768ca774c668fbaaed8/jobs/69f8cdddd3d80718c05f0785/results/distribution_log10_respiratory_system_Travaglini_Nature_2020_free_annotation_X_tSNE_81a82c.html
distribution_log10_respiratory_system_Travaglini_Nature_2020_free_annotation_X_tSNE_81a82c.svg,s3://lifebit-user-data-6941eed90a4dd7a1d1026d7a/deploit/teams/69d8dd1e5d3e1f8c350e006f/users/68af3d99c99eb7bd2ff47bc8/projects/69f80768ca774c668fbaaed8/jobs/69f8cdddd3d80718c05f0785/results/distribution_log10_respiratory_system_Travaglini_Nature_2020_free_annotation_X_tSNE_81a82c.svg
distribution_log10_respiratory_system_Wang_eLife_2020_author_cell_type_X_umap_c3bd89.html,s3://lifebit-user-data-6941eed90a4dd7a1d1026d7a/deploit/teams/69d8dd1e5d3e1f8c350e006f/users/68af3d99c99eb7bd2ff47bc8/projects/69f80768ca774c668fbaaed8/jobs/69f8cdddd3d80718c05f0785/results/distribution_log10_respiratory_system_Wang_eLife_2020_author_cell_type_X_umap_c3bd89.html
distribution_log10_respiratory_system_Wang_eLife_2020_author_cell_type_X_umap_c3bd89.svg,s3://lifebit-user-data-6941eed90a4dd7a1d1026d7a/deploit/teams/69d8dd1e5d3e1f8c350e006f/users/68af3d99c99eb7bd2ff47bc8/projects/69f80768ca774c668fbaaed8/jobs/69f8cdddd3d80718c05f0785/results/distribution_log10_respiratory_system_Wang_eLife_2020_author_cell_type_X_umap_c3bd89.svg
distribution_log10_respiratory_system_Watanabe_Am_J_Respir_Cell_Mol_Biol_2022_author_cell_type_X_umap_c7b336.html,s3://lifebit-user-data-6941eed90a4dd7a1d1026d7a/deploit/teams/69d8dd1e5d3e1f8c350e006f/users/68af3d99c99eb7bd2ff47bc8/projects/69f80768ca774c668fbaaed8/jobs/69f8cdddd3d80718c05f0785/results/distribution_log10_respiratory_system_Watanabe_Am_J_Respir_Cell_Mol_Biol_2022_author_cell_type_X_umap_c7b336.html
distribution_log10_respiratory_system_Watanabe_Am_J_Respir_Cell_Mol_Biol_2022_author_cell_type_X_umap_c7b336.svg,s3://lifebit-user-data-6941eed90a4dd7a1d1026d7a/deploit/teams/69d8dd1e5d3e1f8c350e006f/users/68af3d99c99eb7bd2ff47bc8/projects/69f80768ca774c668fbaaed8/jobs/69f8cdddd3d80718c05f0785/results/distribution_log10_respiratory_system_Watanabe_Am_J_Respir_Cell_Mol_Biol_2022_author_cell_type_X_umap_c7b336.svg
distribution_log10_respiratory_system_Wells_Nat_Immunol_2025_author_cell_type_X_umap_74e9e1.html,s3://lifebit-user-data-6941eed90a4dd7a1d1026d7a/deploit/teams/69d8dd1e5d3e1f8c350e006f/users/68af3d99c99eb7bd2ff47bc8/projects/69f80768ca774c668fbaaed8/jobs/69f8cdddd3d80718c05f0785/results/distribution_log10_respiratory_system_Wells_Nat_Immunol_2025_author_cell_type_X_umap_74e9e1.html
distribution_log10_respiratory_system_Wells_Nat_Immunol_2025_author_cell_type_X_umap_74e9e1.svg,s3://lifebit-user-data-6941eed90a4dd7a1d1026d7a/deploit/teams/69d8dd1e5d3e1f8c350e006f/users/68af3d99c99eb7bd2ff47bc8/projects/69f80768ca774c668fbaaed8/jobs/69f8cdddd3d80718c05f0785/results/distribution_log10_respiratory_system_Wells_Nat_Immunol_2025_author_cell_type_X_umap_74e9e1.svg
distribution_log10_respiratory_system_Wong_American_Journal_of_Transplantation_2024_GSVA_anno_labels_lowcluster_X_umap_3db111.html,s3://lifebit-user-data-6941eed90a4dd7a1d1026d7a/deploit/teams/69d8dd1e5d3e1f8c350e006f/users/68af3d99c99eb7bd2ff47bc8/projects/69f80768ca774c668fbaaed8/jobs/69f8cdddd3d80718c05f0785/results/distribution_log10_respiratory_system_Wong_American_Journal_of_Transplantation_2024_GSVA_anno_labels_lowcluster_X_umap_3db111.html
distribution_log10_respiratory_system_Wong_American_Journal_of_Transplantation_2024_GSVA_anno_labels_lowcluster_X_umap_3db111.svg,s3://lifebit-user-data-6941eed90a4dd7a1d1026d7a/deploit/teams/69d8dd1e5d3e1f8c350e006f/users/68af3d99c99eb7bd2ff47bc8/projects/69f80768ca774c668fbaaed8/jobs/69f8cdddd3d80718c05f0785/results/distribution_log10_respiratory_system_Wong_American_Journal_of_Transplantation_2024_GSVA_anno_labels_lowcluster_X_umap_3db111.svg
distribution_log10_respiratory_system_Xu_Cell_2023_Original_annotation_X_umap_78cea8.html,s3://lifebit-user-data-6941eed90a4dd7a1d1026d7a/deploit/teams/69d8dd1e5d3e1f8c350e006f/users/68af3d99c99eb7bd2ff47bc8/projects/69f80768ca774c668fbaaed8/jobs/69f8cdddd3d80718c05f0785/results/distribution_log10_respiratory_system_Xu_Cell_2023_Original_annotation_X_umap_78cea8.html
distribution_log10_respiratory_system_Xu_Cell_2023_Original_annotation_X_umap_78cea8.svg,s3://lifebit-user-data-6941eed90a4dd7a1d1026d7a/deploit/teams/69d8dd1e5d3e1f8c350e006f/users/68af3d99c99eb7bd2ff47bc8/projects/69f80768ca774c668fbaaed8/jobs/69f8cdddd3d80718c05f0785/results/distribution_log10_respiratory_system_Xu_Cell_2023_Original_annotation_X_umap_78cea8.svg
distribution_log10_respiratory_system_Xu_Sci_Rep_2022_author_cell_type_final_X_umap_dc2012.html,s3://lifebit-user-data-6941eed90a4dd7a1d1026d7a/deploit/teams/69d8dd1e5d3e1f8c350e006f/users/68af3d99c99eb7bd2ff47bc8/projects/69f80768ca774c668fbaaed8/jobs/69f8cdddd3d80718c05f0785/results/distribution_log10_respiratory_system_Xu_Sci_Rep_2022_author_cell_type_final_X_umap_dc2012.html
distribution_log10_respiratory_system_Xu_Sci_Rep_2022_author_cell_type_final_X_umap_dc2012.svg,s3://lifebit-user-data-6941eed90a4dd7a1d1026d7a/deploit/teams/69d8dd1e5d3e1f8c350e006f/users/68af3d99c99eb7bd2ff47bc8/projects/69f80768ca774c668fbaaed8/jobs/69f8cdddd3d80718c05f0785/results/distribution_log10_respiratory_system_Xu_Sci_Rep_2022_author_cell_type_final_X_umap_dc2012.svg
distribution_log10_respiratory_system_Xu_Sci_Rep_2022_cell_type_X_umap_81ecd6.html,s3://lifebit-user-data-6941eed90a4dd7a1d1026d7a/deploit/teams/69d8dd1e5d3e1f8c350e006f/users/68af3d99c99eb7bd2ff47bc8/projects/69f80768ca774c668fbaaed8/jobs/69f8cdddd3d80718c05f0785/results/distribution_log10_respiratory_system_Xu_Sci_Rep_2022_cell_type_X_umap_81ecd6.html
distribution_log10_respiratory_system_Xu_Sci_Rep_2022_cell_type_X_umap_81ecd6.svg,s3://lifebit-user-data-6941eed90a4dd7a1d1026d7a/deploit/teams/69d8dd1e5d3e1f8c350e006f/users/68af3d99c99eb7bd2ff47bc8/projects/69f80768ca774c668fbaaed8/jobs/69f8cdddd3d80718c05f0785/results/distribution_log10_respiratory_system_Xu_Sci_Rep_2022_cell_type_X_umap_81ecd6.svg
distribution_log10_respiratory_system_Yoshida_Nature_2022_Cell_type_annotation_level3_X_umap_8dc8be.html,s3://lifebit-user-data-6941eed90a4dd7a1d1026d7a/deploit/teams/69d8dd1e5d3e1f8c350e006f/users/68af3d99c99eb7bd2ff47bc8/projects/69f80768ca774c668fbaaed8/jobs/69f8cdddd3d80718c05f0785/results/distribution_log10_respiratory_system_Yoshida_Nature_2022_Cell_type_annotation_level3_X_umap_8dc8be.html
distribution_log10_respiratory_system_Yoshida_Nature_2022_Cell_type_annotation_level3_X_umap_8dc8be.svg,s3://lifebit-user-data-6941eed90a4dd7a1d1026d7a/deploit/teams/69d8dd1e5d3e1f8c350e006f/users/68af3d99c99eb7bd2ff47bc8/projects/69f80768ca774c668fbaaed8/jobs/69f8cdddd3d80718c05f0785/results/distribution_log10_respiratory_system_Yoshida_Nature_2022_Cell_type_annotation_level3_X_umap_8dc8be.svg
distribution_log10_respiratory_system_Ziegler_Cell_2021_Detailed_Cell_Annotations_X_umap_045011.html,s3://lifebit-user-data-6941eed90a4dd7a1d1026d7a/deploit/teams/69d8dd1e5d3e1f8c350e006f/users/68af3d99c99eb7bd2ff47bc8/projects/69f80768ca774c668fbaaed8/jobs/69f8cdddd3d80718c05f0785/results/distribution_log10_respiratory_system_Ziegler_Cell_2021_Detailed_Cell_Annotations_X_umap_045011.html
distribution_log10_respiratory_system_Ziegler_Cell_2021_Detailed_Cell_Annotations_X_umap_045011.svg,s3://lifebit-user-data-6941eed90a4dd7a1d1026d7a/deploit/teams/69d8dd1e5d3e1f8c350e006f/users/68af3d99c99eb7bd2ff47bc8/projects/69f80768ca774c668fbaaed8/jobs/69f8cdddd3d80718c05f0785/results/distribution_log10_respiratory_system_Ziegler_Cell_2021_Detailed_Cell_Annotations_X_umap_045011.svg
distribution_raw_respiratory_system_Berg_Journal_of_Cystic_Fibrosis_2025_Level_5_X_umap_17763a.html,s3://lifebit-user-data-6941eed90a4dd7a1d1026d7a/deploit/teams/69d8dd1e5d3e1f8c350e006f/users/68af3d99c99eb7bd2ff47bc8/projects/69f80768ca774c668fbaaed8/jobs/69f8cdddd3d80718c05f0785/results/distribution_raw_respiratory_system_Berg_Journal_of_Cystic_Fibrosis_2025_Level_5_X_umap_17763a.html
distribution_raw_respiratory_system_Berg_Journal_of_Cystic_Fibrosis_2025_Level_5_X_umap_17763a.svg,s3://lifebit-user-data-6941eed90a4dd7a1d1026d7a/deploit/teams/69d8dd1e5d3e1f8c350e006f/users/68af3d99c99eb7bd2ff47bc8/projects/69f80768ca774c668fbaaed8/jobs/69f8cdddd3d80718c05f0785/results/distribution_raw_respiratory_system_Berg_Journal_of_Cystic_Fibrosis_2025_Level_5_X_umap_17763a.svg
distribution_raw_respiratory_system_Dominguez_Conde_Science_2022_Manually_curated_celltype_X_umap_04d255.html,s3://lifebit-user-data-6941eed90a4dd7a1d1026d7a/deploit/teams/69d8dd1e5d3e1f8c350e006f/users/68af3d99c99eb7bd2ff47bc8/projects/69f80768ca774c668fbaaed8/jobs/69f8cdddd3d80718c05f0785/results/distribution_raw_respiratory_system_Dominguez_Conde_Science_2022_Manually_curated_celltype_X_umap_04d255.html
distribution_raw_respiratory_system_Dominguez_Conde_Science_2022_Manually_curated_celltype_X_umap_04d255.svg,s3://lifebit-user-data-6941eed90a4dd7a1d1026d7a/deploit/teams/69d8dd1e5d3e1f8c350e006f/users/68af3d99c99eb7bd2ff47bc8/projects/69f80768ca774c668fbaaed8/jobs/69f8cdddd3d80718c05f0785/results/distribution_raw_respiratory_system_Dominguez_Conde_Science_2022_Manually_curated_celltype_X_umap_04d255.svg
distribution_raw_respiratory_system_Eraslan_Science_2022_Broad_cell_type_X_umap_f44b0f.html,s3://lifebit-user-data-6941eed90a4dd7a1d1026d7a/deploit/teams/69d8dd1e5d3e1f8c350e006f/users/68af3d99c99eb7bd2ff47bc8/projects/69f80768ca774c668fbaaed8/jobs/69f8cdddd3d80718c05f0785/results/distribution_raw_respiratory_system_Eraslan_Science_2022_Broad_cell_type_X_umap_f44b0f.html
distribution_raw_respiratory_system_Eraslan_Science_2022_Broad_cell_type_X_umap_f44b0f.svg,s3://lifebit-user-data-6941eed90a4dd7a1d1026d7a/deploit/teams/69d8dd1e5d3e1f8c350e006f/users/68af3d99c99eb7bd2ff47bc8/projects/69f80768ca774c668fbaaed8/jobs/69f8cdddd3d80718c05f0785/results/distribution_raw_respiratory_system_Eraslan_Science_2022_Broad_cell_type_X_umap_f44b0f.svg
distribution_raw_respiratory_system_Han_Nature_2020_author_cell_type_X_umap_5c7ea7.html,s3://lifebit-user-data-6941eed90a4dd7a1d1026d7a/deploit/teams/69d8dd1e5d3e1f8c350e006f/users/68af3d99c99eb7bd2ff47bc8/projects/69f80768ca774c668fbaaed8/jobs/69f8cdddd3d80718c05f0785/results/distribution_raw_respiratory_system_Han_Nature_2020_author_cell_type_X_umap_5c7ea7.html
distribution_raw_respiratory_system_Han_Nature_2020_author_cell_type_X_umap_5c7ea7.svg,s3://lifebit-user-data-6941eed90a4dd7a1d1026d7a/deploit/teams/69d8dd1e5d3e1f8c350e006f/users/68af3d99c99eb7bd2ff47bc8/projects/69f80768ca774c668fbaaed8/jobs/69f8cdddd3d80718c05f0785/results/distribution_raw_respiratory_system_Han_Nature_2020_author_cell_type_X_umap_5c7ea7.svg
distribution_raw_respiratory_system_Madissoon_Genome_Biol_2020_author_cell_type_X_umap_2ee7d6.html,s3://lifebit-user-data-6941eed90a4dd7a1d1026d7a/deploit/teams/69d8dd1e5d3e1f8c350e006f/users/68af3d99c99eb7bd2ff47bc8/projects/69f80768ca774c668fbaaed8/jobs/69f8cdddd3d80718c05f0785/results/distribution_raw_respiratory_system_Madissoon_Genome_Biol_2020_author_cell_type_X_umap_2ee7d6.html
distribution_raw_respiratory_system_Madissoon_Genome_Biol_2020_author_cell_type_X_umap_2ee7d6.svg,s3://lifebit-user-data-6941eed90a4dd7a1d1026d7a/deploit/teams/69d8dd1e5d3e1f8c350e006f/users/68af3d99c99eb7bd2ff47bc8/projects/69f80768ca774c668fbaaed8/jobs/69f8cdddd3d80718c05f0785/results/distribution_raw_respiratory_system_Madissoon_Genome_Biol_2020_author_cell_type_X_umap_2ee7d6.svg
distribution_raw_respiratory_system_Madissoon_Nat_Genet_2023_Celltypes_X_umap_ee858a.html,s3://lifebit-user-data-6941eed90a4dd7a1d1026d7a/deploit/teams/69d8dd1e5d3e1f8c350e006f/users/68af3d99c99eb7bd2ff47bc8/projects/69f80768ca774c668fbaaed8/jobs/69f8cdddd3d80718c05f0785/results/distribution_raw_respiratory_system_Madissoon_Nat_Genet_2023_Celltypes_X_umap_ee858a.html
distribution_raw_respiratory_system_Madissoon_Nat_Genet_2023_Celltypes_X_umap_ee858a.svg,s3://lifebit-user-data-6941eed90a4dd7a1d1026d7a/deploit/teams/69d8dd1e5d3e1f8c350e006f/users/68af3d99c99eb7bd2ff47bc8/projects/69f80768ca774c668fbaaed8/jobs/69f8cdddd3d80718c05f0785/results/distribution_raw_respiratory_system_Madissoon_Nat_Genet_2023_Celltypes_X_umap_ee858a.svg
distribution_raw_respiratory_system_Melms_Nature_2021_cell_type_fine_X_UMAP_c42060.html,s3://lifebit-user-data-6941eed90a4dd7a1d1026d7a/deploit/teams/69d8dd1e5d3e1f8c350e006f/users/68af3d99c99eb7bd2ff47bc8/projects/69f80768ca774c668fbaaed8/jobs/69f8cdddd3d80718c05f0785/results/distribution_raw_respiratory_system_Melms_Nature_2021_cell_type_fine_X_UMAP_c42060.html
distribution_raw_respiratory_system_Melms_Nature_2021_cell_type_fine_X_UMAP_c42060.svg,s3://lifebit-user-data-6941eed90a4dd7a1d1026d7a/deploit/teams/69d8dd1e5d3e1f8c350e006f/users/68af3d99c99eb7bd2ff47bc8/projects/69f80768ca774c668fbaaed8/jobs/69f8cdddd3d80718c05f0785/results/distribution_raw_respiratory_system_Melms_Nature_2021_cell_type_fine_X_UMAP_c42060.svg
distribution_raw_respiratory_system_Natri_Nat_Genet_2024_manual_annotation_1_X_umap_9a27e4.html,s3://lifebit-user-data-6941eed90a4dd7a1d1026d7a/deploit/teams/69d8dd1e5d3e1f8c350e006f/users/68af3d99c99eb7bd2ff47bc8/projects/69f80768ca774c668fbaaed8/jobs/69f8cdddd3d80718c05f0785/results/distribution_raw_respiratory_system_Natri_Nat_Genet_2024_manual_annotation_1_X_umap_9a27e4.html
distribution_raw_respiratory_system_Natri_Nat_Genet_2024_manual_annotation_1_X_umap_9a27e4.svg,s3://lifebit-user-data-6941eed90a4dd7a1d1026d7a/deploit/teams/69d8dd1e5d3e1f8c350e006f/users/68af3d99c99eb7bd2ff47bc8/projects/69f80768ca774c668fbaaed8/jobs/69f8cdddd3d80718c05f0785/results/distribution_raw_respiratory_system_Natri_Nat_Genet_2024_manual_annotation_1_X_umap_9a27e4.svg
distribution_raw_respiratory_system_Rustam_Am_J_Respir_Crit_Care_Med_2023_author_cell_type_X_umap_56ce23.html,s3://lifebit-user-data-6941eed90a4dd7a1d1026d7a/deploit/teams/69d8dd1e5d3e1f8c350e006f/users/68af3d99c99eb7bd2ff47bc8/projects/69f80768ca774c668fbaaed8/jobs/69f8cdddd3d80718c05f0785/results/distribution_raw_respiratory_system_Rustam_Am_J_Respir_Crit_Care_Med_2023_author_cell_type_X_umap_56ce23.html
distribution_raw_respiratory_system_Rustam_Am_J_Respir_Crit_Care_Med_2023_author_cell_type_X_umap_56ce23.svg,s3://lifebit-user-data-6941eed90a4dd7a1d1026d7a/deploit/teams/69d8dd1e5d3e1f8c350e006f/users/68af3d99c99eb7bd2ff47bc8/projects/69f80768ca774c668fbaaed8/jobs/69f8cdddd3d80718c05f0785/results/distribution_raw_respiratory_system_Rustam_Am_J_Respir_Crit_Care_Med_2023_author_cell_type_X_umap_56ce23.svg
distribution_raw_respiratory_system_Sikkema_Nat_Med_2023_ann_finest_level_X_umap_552c94.html,s3://lifebit-user-data-6941eed90a4dd7a1d1026d7a/deploit/teams/69d8dd1e5d3e1f8c350e006f/users/68af3d99c99eb7bd2ff47bc8/projects/69f80768ca774c668fbaaed8/jobs/69f8cdddd3d80718c05f0785/results/distribution_raw_respiratory_system_Sikkema_Nat_Med_2023_ann_finest_level_X_umap_552c94.html
distribution_raw_respiratory_system_Sikkema_Nat_Med_2023_ann_finest_level_X_umap_552c94.svg,s3://lifebit-user-data-6941eed90a4dd7a1d1026d7a/deploit/teams/69d8dd1e5d3e1f8c350e006f/users/68af3d99c99eb7bd2ff47bc8/projects/69f80768ca774c668fbaaed8/jobs/69f8cdddd3d80718c05f0785/results/distribution_raw_respiratory_system_Sikkema_Nat_Med_2023_ann_finest_level_X_umap_552c94.svg
distribution_raw_respiratory_system_Szabo_Nat_Commun_2019_status_X_umap_bb4707.html,s3://lifebit-user-data-6941eed90a4dd7a1d1026d7a/deploit/teams/69d8dd1e5d3e1f8c350e006f/users/68af3d99c99eb7bd2ff47bc8/projects/69f80768ca774c668fbaaed8/jobs/69f8cdddd3d80718c05f0785/results/distribution_raw_respiratory_system_Szabo_Nat_Commun_2019_status_X_umap_bb4707.html
distribution_raw_respiratory_system_Szabo_Nat_Commun_2019_status_X_umap_bb4707.svg,s3://lifebit-user-data-6941eed90a4dd7a1d1026d7a/deploit/teams/69d8dd1e5d3e1f8c350e006f/users/68af3d99c99eb7bd2ff47bc8/projects/69f80768ca774c668fbaaed8/jobs/69f8cdddd3d80718c05f0785/results/distribution_raw_respiratory_system_Szabo_Nat_Commun_2019_status_X_umap_bb4707.svg
distribution_raw_respiratory_system_Travaglini_Nature_2020_free_annotation_X_tSNE_04a4fd.html,s3://lifebit-user-data-6941eed90a4dd7a1d1026d7a/deploit/teams/69d8dd1e5d3e1f8c350e006f/users/68af3d99c99eb7bd2ff47bc8/projects/69f80768ca774c668fbaaed8/jobs/69f8cdddd3d80718c05f0785/results/distribution_raw_respiratory_system_Travaglini_Nature_2020_free_annotation_X_tSNE_04a4fd.html
distribution_raw_respiratory_system_Travaglini_Nature_2020_free_annotation_X_tSNE_04a4fd.svg,s3://lifebit-user-data-6941eed90a4dd7a1d1026d7a/deploit/teams/69d8dd1e5d3e1f8c350e006f/users/68af3d99c99eb7bd2ff47bc8/projects/69f80768ca774c668fbaaed8/jobs/69f8cdddd3d80718c05f0785/results/distribution_raw_respiratory_system_Travaglini_Nature_2020_free_annotation_X_tSNE_04a4fd.svg
distribution_raw_respiratory_system_Travaglini_Nature_2020_free_annotation_X_tSNE_81a82c.html,s3://lifebit-user-data-6941eed90a4dd7a1d1026d7a/deploit/teams/69d8dd1e5d3e1f8c350e006f/users/68af3d99c99eb7bd2ff47bc8/projects/69f80768ca774c668fbaaed8/jobs/69f8cdddd3d80718c05f0785/results/distribution_raw_respiratory_system_Travaglini_Nature_2020_free_annotation_X_tSNE_81a82c.html
distribution_raw_respiratory_system_Travaglini_Nature_2020_free_annotation_X_tSNE_81a82c.svg,s3://lifebit-user-data-6941eed90a4dd7a1d1026d7a/deploit/teams/69d8dd1e5d3e1f8c350e006f/users/68af3d99c99eb7bd2ff47bc8/projects/69f80768ca774c668fbaaed8/jobs/69f8cdddd3d80718c05f0785/results/distribution_raw_respiratory_system_Travaglini_Nature_2020_free_annotation_X_tSNE_81a82c.svg
distribution_raw_respiratory_system_Wang_eLife_2020_author_cell_type_X_umap_c3bd89.html,s3://lifebit-user-data-6941eed90a4dd7a1d1026d7a/deploit/teams/69d8dd1e5d3e1f8c350e006f/users/68af3d99c99eb7bd2ff47bc8/projects/69f80768ca774c668fbaaed8/jobs/69f8cdddd3d80718c05f0785/results/distribution_raw_respiratory_system_Wang_eLife_2020_author_cell_type_X_umap_c3bd89.html
distribution_raw_respiratory_system_Wang_eLife_2020_author_cell_type_X_umap_c3bd89.svg,s3://lifebit-user-data-6941eed90a4dd7a1d1026d7a/deploit/teams/69d8dd1e5d3e1f8c350e006f/users/68af3d99c99eb7bd2ff47bc8/projects/69f80768ca774c668fbaaed8/jobs/69f8cdddd3d80718c05f0785/results/distribution_raw_respiratory_system_Wang_eLife_2020_author_cell_type_X_umap_c3bd89.svg
distribution_raw_respiratory_system_Watanabe_Am_J_Respir_Cell_Mol_Biol_2022_author_cell_type_X_umap_c7b336.html,s3://lifebit-user-data-6941eed90a4dd7a1d1026d7a/deploit/teams/69d8dd1e5d3e1f8c350e006f/users/68af3d99c99eb7bd2ff47bc8/projects/69f80768ca774c668fbaaed8/jobs/69f8cdddd3d80718c05f0785/results/distribution_raw_respiratory_system_Watanabe_Am_J_Respir_Cell_Mol_Biol_2022_author_cell_type_X_umap_c7b336.html
distribution_raw_respiratory_system_Watanabe_Am_J_Respir_Cell_Mol_Biol_2022_author_cell_type_X_umap_c7b336.svg,s3://lifebit-user-data-6941eed90a4dd7a1d1026d7a/deploit/teams/69d8dd1e5d3e1f8c350e006f/users/68af3d99c99eb7bd2ff47bc8/projects/69f80768ca774c668fbaaed8/jobs/69f8cdddd3d80718c05f0785/results/distribution_raw_respiratory_system_Watanabe_Am_J_Respir_Cell_Mol_Biol_2022_author_cell_type_X_umap_c7b336.svg
distribution_raw_respiratory_system_Wells_Nat_Immunol_2025_author_cell_type_X_umap_74e9e1.html,s3://lifebit-user-data-6941eed90a4dd7a1d1026d7a/deploit/teams/69d8dd1e5d3e1f8c350e006f/users/68af3d99c99eb7bd2ff47bc8/projects/69f80768ca774c668fbaaed8/jobs/69f8cdddd3d80718c05f0785/results/distribution_raw_respiratory_system_Wells_Nat_Immunol_2025_author_cell_type_X_umap_74e9e1.html
distribution_raw_respiratory_system_Wells_Nat_Immunol_2025_author_cell_type_X_umap_74e9e1.svg,s3://lifebit-user-data-6941eed90a4dd7a1d1026d7a/deploit/teams/69d8dd1e5d3e1f8c350e006f/users/68af3d99c99eb7bd2ff47bc8/projects/69f80768ca774c668fbaaed8/jobs/69f8cdddd3d80718c05f0785/results/distribution_raw_respiratory_system_Wells_Nat_Immunol_2025_author_cell_type_X_umap_74e9e1.svg
distribution_raw_respiratory_system_Wong_American_Journal_of_Transplantation_2024_GSVA_anno_labels_lowcluster_X_umap_3db111.html,s3://lifebit-user-data-6941eed90a4dd7a1d1026d7a/deploit/teams/69d8dd1e5d3e1f8c350e006f/users/68af3d99c99eb7bd2ff47bc8/projects/69f80768ca774c668fbaaed8/jobs/69f8cdddd3d80718c05f0785/results/distribution_raw_respiratory_system_Wong_American_Journal_of_Transplantation_2024_GSVA_anno_labels_lowcluster_X_umap_3db111.html
distribution_raw_respiratory_system_Wong_American_Journal_of_Transplantation_2024_GSVA_anno_labels_lowcluster_X_umap_3db111.svg,s3://lifebit-user-data-6941eed90a4dd7a1d1026d7a/deploit/teams/69d8dd1e5d3e1f8c350e006f/users/68af3d99c99eb7bd2ff47bc8/projects/69f80768ca774c668fbaaed8/jobs/69f8cdddd3d80718c05f0785/results/distribution_raw_respiratory_system_Wong_American_Journal_of_Transplantation_2024_GSVA_anno_labels_lowcluster_X_umap_3db111.svg
distribution_raw_respiratory_system_Xu_Cell_2023_Original_annotation_X_umap_78cea8.html,s3://lifebit-user-data-6941eed90a4dd7a1d1026d7a/deploit/teams/69d8dd1e5d3e1f8c350e006f/users/68af3d99c99eb7bd2ff47bc8/projects/69f80768ca774c668fbaaed8/jobs/69f8cdddd3d80718c05f0785/results/distribution_raw_respiratory_system_Xu_Cell_2023_Original_annotation_X_umap_78cea8.html
distribution_raw_respiratory_system_Xu_Cell_2023_Original_annotation_X_umap_78cea8.svg,s3://lifebit-user-data-6941eed90a4dd7a1d1026d7a/deploit/teams/69d8dd1e5d3e1f8c350e006f/users/68af3d99c99eb7bd2ff47bc8/projects/69f80768ca774c668fbaaed8/jobs/69f8cdddd3d80718c05f0785/results/distribution_raw_respiratory_system_Xu_Cell_2023_Original_annotation_X_umap_78cea8.svg
distribution_raw_respiratory_system_Xu_Sci_Rep_2022_author_cell_type_final_X_umap_dc2012.html,s3://lifebit-user-data-6941eed90a4dd7a1d1026d7a/deploit/teams/69d8dd1e5d3e1f8c350e006f/users/68af3d99c99eb7bd2ff47bc8/projects/69f80768ca774c668fbaaed8/jobs/69f8cdddd3d80718c05f0785/results/distribution_raw_respiratory_system_Xu_Sci_Rep_2022_author_cell_type_final_X_umap_dc2012.html
distribution_raw_respiratory_system_Xu_Sci_Rep_2022_author_cell_type_final_X_umap_dc2012.svg,s3://lifebit-user-data-6941eed90a4dd7a1d1026d7a/deploit/teams/69d8dd1e5d3e1f8c350e006f/users/68af3d99c99eb7bd2ff47bc8/projects/69f80768ca774c668fbaaed8/jobs/69f8cdddd3d80718c05f0785/results/distribution_raw_respiratory_system_Xu_Sci_Rep_2022_author_cell_type_final_X_umap_dc2012.svg
distribution_raw_respiratory_system_Xu_Sci_Rep_2022_cell_type_X_umap_81ecd6.html,s3://lifebit-user-data-6941eed90a4dd7a1d1026d7a/deploit/teams/69d8dd1e5d3e1f8c350e006f/users/68af3d99c99eb7bd2ff47bc8/projects/69f80768ca774c668fbaaed8/jobs/69f8cdddd3d80718c05f0785/results/distribution_raw_respiratory_system_Xu_Sci_Rep_2022_cell_type_X_umap_81ecd6.html
distribution_raw_respiratory_system_Xu_Sci_Rep_2022_cell_type_X_umap_81ecd6.svg,s3://lifebit-user-data-6941eed90a4dd7a1d1026d7a/deploit/teams/69d8dd1e5d3e1f8c350e006f/users/68af3d99c99eb7bd2ff47bc8/projects/69f80768ca774c668fbaaed8/jobs/69f8cdddd3d80718c05f0785/results/distribution_raw_respiratory_system_Xu_Sci_Rep_2022_cell_type_X_umap_81ecd6.svg
distribution_raw_respiratory_system_Yoshida_Nature_2022_Cell_type_annotation_level3_X_umap_8dc8be.html,s3://lifebit-user-data-6941eed90a4dd7a1d1026d7a/deploit/teams/69d8dd1e5d3e1f8c350e006f/users/68af3d99c99eb7bd2ff47bc8/projects/69f80768ca774c668fbaaed8/jobs/69f8cdddd3d80718c05f0785/results/distribution_raw_respiratory_system_Yoshida_Nature_2022_Cell_type_annotation_level3_X_umap_8dc8be.html
distribution_raw_respiratory_system_Yoshida_Nature_2022_Cell_type_annotation_level3_X_umap_8dc8be.svg,s3://lifebit-user-data-6941eed90a4dd7a1d1026d7a/deploit/teams/69d8dd1e5d3e1f8c350e006f/users/68af3d99c99eb7bd2ff47bc8/projects/69f80768ca774c668fbaaed8/jobs/69f8cdddd3d80718c05f0785/results/distribution_raw_respiratory_system_Yoshida_Nature_2022_Cell_type_annotation_level3_X_umap_8dc8be.svg
distribution_raw_respiratory_system_Ziegler_Cell_2021_Detailed_Cell_Annotations_X_umap_045011.html,s3://lifebit-user-data-6941eed90a4dd7a1d1026d7a/deploit/teams/69d8dd1e5d3e1f8c350e006f/users/68af3d99c99eb7bd2ff47bc8/projects/69f80768ca774c668fbaaed8/jobs/69f8cdddd3d80718c05f0785/results/distribution_raw_respiratory_system_Ziegler_Cell_2021_Detailed_Cell_Annotations_X_umap_045011.html
distribution_raw_respiratory_system_Ziegler_Cell_2021_Detailed_Cell_Annotations_X_umap_045011.svg,s3://lifebit-user-data-6941eed90a4dd7a1d1026d7a/deploit/teams/69d8dd1e5d3e1f8c350e006f/users/68af3d99c99eb7bd2ff47bc8/projects/69f80768ca774c668fbaaed8/jobs/69f8cdddd3d80718c05f0785/results/distribution_raw_respiratory_system_Ziegler_Cell_2021_Detailed_Cell_Annotations_X_umap_045011.svg
dotplot__scaledrespiratory_system_Berg_Journal_of_Cystic_Fibrosis_2025_Level_5_X_umap_17763a.svg,s3://lifebit-user-data-6941eed90a4dd7a1d1026d7a/deploit/teams/69d8dd1e5d3e1f8c350e006f/users/68af3d99c99eb7bd2ff47bc8/projects/69f80768ca774c668fbaaed8/jobs/69f8cdddd3d80718c05f0785/results/dotplot__scaledrespiratory_system_Berg_Journal_of_Cystic_Fibrosis_2025_Level_5_X_umap_17763a.svg
dotplot__scaledrespiratory_system_Dominguez_Conde_Science_2022_Manually_curated_celltype_X_umap_04d255.svg,s3://lifebit-user-data-6941eed90a4dd7a1d1026d7a/deploit/teams/69d8dd1e5d3e1f8c350e006f/users/68af3d99c99eb7bd2ff47bc8/projects/69f80768ca774c668fbaaed8/jobs/69f8cdddd3d80718c05f0785/results/dotplot__scaledrespiratory_system_Dominguez_Conde_Science_2022_Manually_curated_celltype_X_umap_04d255.svg
dotplot__scaledrespiratory_system_Eraslan_Science_2022_Broad_cell_type_X_umap_f44b0f.svg,s3://lifebit-user-data-6941eed90a4dd7a1d1026d7a/deploit/teams/69d8dd1e5d3e1f8c350e006f/users/68af3d99c99eb7bd2ff47bc8/projects/69f80768ca774c668fbaaed8/jobs/69f8cdddd3d80718c05f0785/results/dotplot__scaledrespiratory_system_Eraslan_Science_2022_Broad_cell_type_X_umap_f44b0f.svg
dotplot__scaledrespiratory_system_Han_Nature_2020_author_cell_type_X_umap_5c7ea7.svg,s3://lifebit-user-data-6941eed90a4dd7a1d1026d7a/deploit/teams/69d8dd1e5d3e1f8c350e006f/users/68af3d99c99eb7bd2ff47bc8/projects/69f80768ca774c668fbaaed8/jobs/69f8cdddd3d80718c05f0785/results/dotplot__scaledrespiratory_system_Han_Nature_2020_author_cell_type_X_umap_5c7ea7.svg
dotplot__scaledrespiratory_system_Madissoon_Genome_Biol_2020_author_cell_type_X_umap_2ee7d6.svg,s3://lifebit-user-data-6941eed90a4dd7a1d1026d7a/deploit/teams/69d8dd1e5d3e1f8c350e006f/users/68af3d99c99eb7bd2ff47bc8/projects/69f80768ca774c668fbaaed8/jobs/69f8cdddd3d80718c05f0785/results/dotplot__scaledrespiratory_system_Madissoon_Genome_Biol_2020_author_cell_type_X_umap_2ee7d6.svg
dotplot__scaledrespiratory_system_Madissoon_Nat_Genet_2023_Celltypes_X_umap_ee858a.svg,s3://lifebit-user-data-6941eed90a4dd7a1d1026d7a/deploit/teams/69d8dd1e5d3e1f8c350e006f/users/68af3d99c99eb7bd2ff47bc8/projects/69f80768ca774c668fbaaed8/jobs/69f8cdddd3d80718c05f0785/results/dotplot__scaledrespiratory_system_Madissoon_Nat_Genet_2023_Celltypes_X_umap_ee858a.svg
dotplot__scaledrespiratory_system_Melms_Nature_2021_cell_type_fine_X_UMAP_c42060.svg,s3://lifebit-user-data-6941eed90a4dd7a1d1026d7a/deploit/teams/69d8dd1e5d3e1f8c350e006f/users/68af3d99c99eb7bd2ff47bc8/projects/69f80768ca774c668fbaaed8/jobs/69f8cdddd3d80718c05f0785/results/dotplot__scaledrespiratory_system_Melms_Nature_2021_cell_type_fine_X_UMAP_c42060.svg
dotplot__scaledrespiratory_system_Natri_Nat_Genet_2024_manual_annotation_1_X_umap_9a27e4.svg,s3://lifebit-user-data-6941eed90a4dd7a1d1026d7a/deploit/teams/69d8dd1e5d3e1f8c350e006f/users/68af3d99c99eb7bd2ff47bc8/projects/69f80768ca774c668fbaaed8/jobs/69f8cdddd3d80718c05f0785/results/dotplot__scaledrespiratory_system_Natri_Nat_Genet_2024_manual_annotation_1_X_umap_9a27e4.svg
dotplot__scaledrespiratory_system_Rustam_Am_J_Respir_Crit_Care_Med_2023_author_cell_type_X_umap_56ce23.svg,s3://lifebit-user-data-6941eed90a4dd7a1d1026d7a/deploit/teams/69d8dd1e5d3e1f8c350e006f/users/68af3d99c99eb7bd2ff47bc8/projects/69f80768ca774c668fbaaed8/jobs/69f8cdddd3d80718c05f0785/results/dotplot__scaledrespiratory_system_Rustam_Am_J_Respir_Crit_Care_Med_2023_author_cell_type_X_umap_56ce23.svg
dotplot__scaledrespiratory_system_Sikkema_Nat_Med_2023_ann_finest_level_X_umap_552c94.svg,s3://lifebit-user-data-6941eed90a4dd7a1d1026d7a/deploit/teams/69d8dd1e5d3e1f8c350e006f/users/68af3d99c99eb7bd2ff47bc8/projects/69f80768ca774c668fbaaed8/jobs/69f8cdddd3d80718c05f0785/results/dotplot__scaledrespiratory_system_Sikkema_Nat_Med_2023_ann_finest_level_X_umap_552c94.svg
dotplot__scaledrespiratory_system_Szabo_Nat_Commun_2019_status_X_umap_bb4707.svg,s3://lifebit-user-data-6941eed90a4dd7a1d1026d7a/deploit/teams/69d8dd1e5d3e1f8c350e006f/users/68af3d99c99eb7bd2ff47bc8/projects/69f80768ca774c668fbaaed8/jobs/69f8cdddd3d80718c05f0785/results/dotplot__scaledrespiratory_system_Szabo_Nat_Commun_2019_status_X_umap_bb4707.svg
dotplot__scaledrespiratory_system_Travaglini_Nature_2020_free_annotation_X_tSNE_04a4fd.svg,s3://lifebit-user-data-6941eed90a4dd7a1d1026d7a/deploit/teams/69d8dd1e5d3e1f8c350e006f/users/68af3d99c99eb7bd2ff47bc8/projects/69f80768ca774c668fbaaed8/jobs/69f8cdddd3d80718c05f0785/results/dotplot__scaledrespiratory_system_Travaglini_Nature_2020_free_annotation_X_tSNE_04a4fd.svg
dotplot__scaledrespiratory_system_Travaglini_Nature_2020_free_annotation_X_tSNE_81a82c.svg,s3://lifebit-user-data-6941eed90a4dd7a1d1026d7a/deploit/teams/69d8dd1e5d3e1f8c350e006f/users/68af3d99c99eb7bd2ff47bc8/projects/69f80768ca774c668fbaaed8/jobs/69f8cdddd3d80718c05f0785/results/dotplot__scaledrespiratory_system_Travaglini_Nature_2020_free_annotation_X_tSNE_81a82c.svg
dotplot__scaledrespiratory_system_Wang_eLife_2020_author_cell_type_X_umap_c3bd89.svg,s3://lifebit-user-data-6941eed90a4dd7a1d1026d7a/deploit/teams/69d8dd1e5d3e1f8c350e006f/users/68af3d99c99eb7bd2ff47bc8/projects/69f80768ca774c668fbaaed8/jobs/69f8cdddd3d80718c05f0785/results/dotplot__scaledrespiratory_system_Wang_eLife_2020_author_cell_type_X_umap_c3bd89.svg
dotplot__scaledrespiratory_system_Watanabe_Am_J_Respir_Cell_Mol_Biol_2022_author_cell_type_X_umap_c7b336.svg,s3://lifebit-user-data-6941eed90a4dd7a1d1026d7a/deploit/teams/69d8dd1e5d3e1f8c350e006f/users/68af3d99c99eb7bd2ff47bc8/projects/69f80768ca774c668fbaaed8/jobs/69f8cdddd3d80718c05f0785/results/dotplot__scaledrespiratory_system_Watanabe_Am_J_Respir_Cell_Mol_Biol_2022_author_cell_type_X_umap_c7b336.svg
dotplot__scaledrespiratory_system_Wells_Nat_Immunol_2025_author_cell_type_X_umap_74e9e1.svg,s3://lifebit-user-data-6941eed90a4dd7a1d1026d7a/deploit/teams/69d8dd1e5d3e1f8c350e006f/users/68af3d99c99eb7bd2ff47bc8/projects/69f80768ca774c668fbaaed8/jobs/69f8cdddd3d80718c05f0785/results/dotplot__scaledrespiratory_system_Wells_Nat_Immunol_2025_author_cell_type_X_umap_74e9e1.svg
dotplot__scaledrespiratory_system_Wong_American_Journal_of_Transplantation_2024_GSVA_anno_labels_lowcluster_X_umap_3db111.svg,s3://lifebit-user-data-6941eed90a4dd7a1d1026d7a/deploit/teams/69d8dd1e5d3e1f8c350e006f/users/68af3d99c99eb7bd2ff47bc8/projects/69f80768ca774c668fbaaed8/jobs/69f8cdddd3d80718c05f0785/results/dotplot__scaledrespiratory_system_Wong_American_Journal_of_Transplantation_2024_GSVA_anno_labels_lowcluster_X_umap_3db111.svg
dotplot__scaledrespiratory_system_Xu_Cell_2023_Original_annotation_X_umap_78cea8.svg,s3://lifebit-user-data-6941eed90a4dd7a1d1026d7a/deploit/teams/69d8dd1e5d3e1f8c350e006f/users/68af3d99c99eb7bd2ff47bc8/projects/69f80768ca774c668fbaaed8/jobs/69f8cdddd3d80718c05f0785/results/dotplot__scaledrespiratory_system_Xu_Cell_2023_Original_annotation_X_umap_78cea8.svg
dotplot__scaledrespiratory_system_Xu_Sci_Rep_2022_author_cell_type_final_X_umap_dc2012.svg,s3://lifebit-user-data-6941eed90a4dd7a1d1026d7a/deploit/teams/69d8dd1e5d3e1f8c350e006f/users/68af3d99c99eb7bd2ff47bc8/projects/69f80768ca774c668fbaaed8/jobs/69f8cdddd3d80718c05f0785/results/dotplot__scaledrespiratory_system_Xu_Sci_Rep_2022_author_cell_type_final_X_umap_dc2012.svg
dotplot__scaledrespiratory_system_Xu_Sci_Rep_2022_cell_type_X_umap_81ecd6.svg,s3://lifebit-user-data-6941eed90a4dd7a1d1026d7a/deploit/teams/69d8dd1e5d3e1f8c350e006f/users/68af3d99c99eb7bd2ff47bc8/projects/69f80768ca774c668fbaaed8/jobs/69f8cdddd3d80718c05f0785/results/dotplot__scaledrespiratory_system_Xu_Sci_Rep_2022_cell_type_X_umap_81ecd6.svg
dotplot__scaledrespiratory_system_Yoshida_Nature_2022_Cell_type_annotation_level3_X_umap_8dc8be.svg,s3://lifebit-user-data-6941eed90a4dd7a1d1026d7a/deploit/teams/69d8dd1e5d3e1f8c350e006f/users/68af3d99c99eb7bd2ff47bc8/projects/69f80768ca774c668fbaaed8/jobs/69f8cdddd3d80718c05f0785/results/dotplot__scaledrespiratory_system_Yoshida_Nature_2022_Cell_type_annotation_level3_X_umap_8dc8be.svg
dotplot__scaledrespiratory_system_Ziegler_Cell_2021_Detailed_Cell_Annotations_X_umap_045011.svg,s3://lifebit-user-data-6941eed90a4dd7a1d1026d7a/deploit/teams/69d8dd1e5d3e1f8c350e006f/users/68af3d99c99eb7bd2ff47bc8/projects/69f80768ca774c668fbaaed8/jobs/69f8cdddd3d80718c05f0785/results/dotplot__scaledrespiratory_system_Ziegler_Cell_2021_Detailed_Cell_Annotations_X_umap_045011.svg
dotplot_respiratory_system_Berg_Journal_of_Cystic_Fibrosis_2025_Level_5_X_umap_17763a.svg,s3://lifebit-user-data-6941eed90a4dd7a1d1026d7a/deploit/teams/69d8dd1e5d3e1f8c350e006f/users/68af3d99c99eb7bd2ff47bc8/projects/69f80768ca774c668fbaaed8/jobs/69f8cdddd3d80718c05f0785/results/dotplot_respiratory_system_Berg_Journal_of_Cystic_Fibrosis_2025_Level_5_X_umap_17763a.svg
dotplot_respiratory_system_Dominguez_Conde_Science_2022_Manually_curated_celltype_X_umap_04d255.svg,s3://lifebit-user-data-6941eed90a4dd7a1d1026d7a/deploit/teams/69d8dd1e5d3e1f8c350e006f/users/68af3d99c99eb7bd2ff47bc8/projects/69f80768ca774c668fbaaed8/jobs/69f8cdddd3d80718c05f0785/results/dotplot_respiratory_system_Dominguez_Conde_Science_2022_Manually_curated_celltype_X_umap_04d255.svg
dotplot_respiratory_system_Eraslan_Science_2022_Broad_cell_type_X_umap_f44b0f.svg,s3://lifebit-user-data-6941eed90a4dd7a1d1026d7a/deploit/teams/69d8dd1e5d3e1f8c350e006f/users/68af3d99c99eb7bd2ff47bc8/projects/69f80768ca774c668fbaaed8/jobs/69f8cdddd3d80718c05f0785/results/dotplot_respiratory_system_Eraslan_Science_2022_Broad_cell_type_X_umap_f44b0f.svg
dotplot_respiratory_system_Han_Nature_2020_author_cell_type_X_umap_5c7ea7.svg,s3://lifebit-user-data-6941eed90a4dd7a1d1026d7a/deploit/teams/69d8dd1e5d3e1f8c350e006f/users/68af3d99c99eb7bd2ff47bc8/projects/69f80768ca774c668fbaaed8/jobs/69f8cdddd3d80718c05f0785/results/dotplot_respiratory_system_Han_Nature_2020_author_cell_type_X_umap_5c7ea7.svg
dotplot_respiratory_system_Madissoon_Genome_Biol_2020_author_cell_type_X_umap_2ee7d6.svg,s3://lifebit-user-data-6941eed90a4dd7a1d1026d7a/deploit/teams/69d8dd1e5d3e1f8c350e006f/users/68af3d99c99eb7bd2ff47bc8/projects/69f80768ca774c668fbaaed8/jobs/69f8cdddd3d80718c05f0785/results/dotplot_respiratory_system_Madissoon_Genome_Biol_2020_author_cell_type_X_umap_2ee7d6.svg
dotplot_respiratory_system_Madissoon_Nat_Genet_2023_Celltypes_X_umap_ee858a.svg,s3://lifebit-user-data-6941eed90a4dd7a1d1026d7a/deploit/teams/69d8dd1e5d3e1f8c350e006f/users/68af3d99c99eb7bd2ff47bc8/projects/69f80768ca774c668fbaaed8/jobs/69f8cdddd3d80718c05f0785/results/dotplot_respiratory_system_Madissoon_Nat_Genet_2023_Celltypes_X_umap_ee858a.svg
dotplot_respiratory_system_Melms_Nature_2021_cell_type_fine_X_UMAP_c42060.svg,s3://lifebit-user-data-6941eed90a4dd7a1d1026d7a/deploit/teams/69d8dd1e5d3e1f8c350e006f/users/68af3d99c99eb7bd2ff47bc8/projects/69f80768ca774c668fbaaed8/jobs/69f8cdddd3d80718c05f0785/results/dotplot_respiratory_system_Melms_Nature_2021_cell_type_fine_X_UMAP_c42060.svg
dotplot_respiratory_system_Natri_Nat_Genet_2024_manual_annotation_1_X_umap_9a27e4.svg,s3://lifebit-user-data-6941eed90a4dd7a1d1026d7a/deploit/teams/69d8dd1e5d3e1f8c350e006f/users/68af3d99c99eb7bd2ff47bc8/projects/69f80768ca774c668fbaaed8/jobs/69f8cdddd3d80718c05f0785/results/dotplot_respiratory_system_Natri_Nat_Genet_2024_manual_annotation_1_X_umap_9a27e4.svg
dotplot_respiratory_system_Rustam_Am_J_Respir_Crit_Care_Med_2023_author_cell_type_X_umap_56ce23.svg,s3://lifebit-user-data-6941eed90a4dd7a1d1026d7a/deploit/teams/69d8dd1e5d3e1f8c350e006f/users/68af3d99c99eb7bd2ff47bc8/projects/69f80768ca774c668fbaaed8/jobs/69f8cdddd3d80718c05f0785/results/dotplot_respiratory_system_Rustam_Am_J_Respir_Crit_Care_Med_2023_author_cell_type_X_umap_56ce23.svg
dotplot_respiratory_system_Sikkema_Nat_Med_2023_ann_finest_level_X_umap_552c94.svg,s3://lifebit-user-data-6941eed90a4dd7a1d1026d7a/deploit/teams/69d8dd1e5d3e1f8c350e006f/users/68af3d99c99eb7bd2ff47bc8/projects/69f80768ca774c668fbaaed8/jobs/69f8cdddd3d80718c05f0785/results/dotplot_respiratory_system_Sikkema_Nat_Med_2023_ann_finest_level_X_umap_552c94.svg
dotplot_respiratory_system_Szabo_Nat_Commun_2019_status_X_umap_bb4707.svg,s3://lifebit-user-data-6941eed90a4dd7a1d1026d7a/deploit/teams/69d8dd1e5d3e1f8c350e006f/users/68af3d99c99eb7bd2ff47bc8/projects/69f80768ca774c668fbaaed8/jobs/69f8cdddd3d80718c05f0785/results/dotplot_respiratory_system_Szabo_Nat_Commun_2019_status_X_umap_bb4707.svg
dotplot_respiratory_system_Travaglini_Nature_2020_free_annotation_X_tSNE_04a4fd.svg,s3://lifebit-user-data-6941eed90a4dd7a1d1026d7a/deploit/teams/69d8dd1e5d3e1f8c350e006f/users/68af3d99c99eb7bd2ff47bc8/projects/69f80768ca774c668fbaaed8/jobs/69f8cdddd3d80718c05f0785/results/dotplot_respiratory_system_Travaglini_Nature_2020_free_annotation_X_tSNE_04a4fd.svg
dotplot_respiratory_system_Travaglini_Nature_2020_free_annotation_X_tSNE_81a82c.svg,s3://lifebit-user-data-6941eed90a4dd7a1d1026d7a/deploit/teams/69d8dd1e5d3e1f8c350e006f/users/68af3d99c99eb7bd2ff47bc8/projects/69f80768ca774c668fbaaed8/jobs/69f8cdddd3d80718c05f0785/results/dotplot_respiratory_system_Travaglini_Nature_2020_free_annotation_X_tSNE_81a82c.svg
dotplot_respiratory_system_Wang_eLife_2020_author_cell_type_X_umap_c3bd89.svg,s3://lifebit-user-data-6941eed90a4dd7a1d1026d7a/deploit/teams/69d8dd1e5d3e1f8c350e006f/users/68af3d99c99eb7bd2ff47bc8/projects/69f80768ca774c668fbaaed8/jobs/69f8cdddd3d80718c05f0785/results/dotplot_respiratory_system_Wang_eLife_2020_author_cell_type_X_umap_c3bd89.svg
dotplot_respiratory_system_Watanabe_Am_J_Respir_Cell_Mol_Biol_2022_author_cell_type_X_umap_c7b336.svg,s3://lifebit-user-data-6941eed90a4dd7a1d1026d7a/deploit/teams/69d8dd1e5d3e1f8c350e006f/users/68af3d99c99eb7bd2ff47bc8/projects/69f80768ca774c668fbaaed8/jobs/69f8cdddd3d80718c05f0785/results/dotplot_respiratory_system_Watanabe_Am_J_Respir_Cell_Mol_Biol_2022_author_cell_type_X_umap_c7b336.svg
dotplot_respiratory_system_Wells_Nat_Immunol_2025_author_cell_type_X_umap_74e9e1.svg,s3://lifebit-user-data-6941eed90a4dd7a1d1026d7a/deploit/teams/69d8dd1e5d3e1f8c350e006f/users/68af3d99c99eb7bd2ff47bc8/projects/69f80768ca774c668fbaaed8/jobs/69f8cdddd3d80718c05f0785/results/dotplot_respiratory_system_Wells_Nat_Immunol_2025_author_cell_type_X_umap_74e9e1.svg
dotplot_respiratory_system_Wong_American_Journal_of_Transplantation_2024_GSVA_anno_labels_lowcluster_X_umap_3db111.svg,s3://lifebit-user-data-6941eed90a4dd7a1d1026d7a/deploit/teams/69d8dd1e5d3e1f8c350e006f/users/68af3d99c99eb7bd2ff47bc8/projects/69f80768ca774c668fbaaed8/jobs/69f8cdddd3d80718c05f0785/results/dotplot_respiratory_system_Wong_American_Journal_of_Transplantation_2024_GSVA_anno_labels_lowcluster_X_umap_3db111.svg
dotplot_respiratory_system_Xu_Cell_2023_Original_annotation_X_umap_78cea8.svg,s3://lifebit-user-data-6941eed90a4dd7a1d1026d7a/deploit/teams/69d8dd1e5d3e1f8c350e006f/users/68af3d99c99eb7bd2ff47bc8/projects/69f80768ca774c668fbaaed8/jobs/69f8cdddd3d80718c05f0785/results/dotplot_respiratory_system_Xu_Cell_2023_Original_annotation_X_umap_78cea8.svg
dotplot_respiratory_system_Xu_Sci_Rep_2022_author_cell_type_final_X_umap_dc2012.svg,s3://lifebit-user-data-6941eed90a4dd7a1d1026d7a/deploit/teams/69d8dd1e5d3e1f8c350e006f/users/68af3d99c99eb7bd2ff47bc8/projects/69f80768ca774c668fbaaed8/jobs/69f8cdddd3d80718c05f0785/results/dotplot_respiratory_system_Xu_Sci_Rep_2022_author_cell_type_final_X_umap_dc2012.svg
dotplot_respiratory_system_Xu_Sci_Rep_2022_cell_type_X_umap_81ecd6.svg,s3://lifebit-user-data-6941eed90a4dd7a1d1026d7a/deploit/teams/69d8dd1e5d3e1f8c350e006f/users/68af3d99c99eb7bd2ff47bc8/projects/69f80768ca774c668fbaaed8/jobs/69f8cdddd3d80718c05f0785/results/dotplot_respiratory_system_Xu_Sci_Rep_2022_cell_type_X_umap_81ecd6.svg
dotplot_respiratory_system_Yoshida_Nature_2022_Cell_type_annotation_level3_X_umap_8dc8be.svg,s3://lifebit-user-data-6941eed90a4dd7a1d1026d7a/deploit/teams/69d8dd1e5d3e1f8c350e006f/users/68af3d99c99eb7bd2ff47bc8/projects/69f80768ca774c668fbaaed8/jobs/69f8cdddd3d80718c05f0785/results/dotplot_respiratory_system_Yoshida_Nature_2022_Cell_type_annotation_level3_X_umap_8dc8be.svg
dotplot_respiratory_system_Ziegler_Cell_2021_Detailed_Cell_Annotations_X_umap_045011.svg,s3://lifebit-user-data-6941eed90a4dd7a1d1026d7a/deploit/teams/69d8dd1e5d3e1f8c350e006f/users/68af3d99c99eb7bd2ff47bc8/projects/69f80768ca774c668fbaaed8/jobs/69f8cdddd3d80718c05f0785/results/dotplot_respiratory_system_Ziegler_Cell_2021_Detailed_Cell_Annotations_X_umap_045011.svg
gene_selection_ensg_respiratory_system_Berg_Journal_of_Cystic_Fibrosis_2025_Level_5_X_umap_17763a.csv,s3://lifebit-user-data-6941eed90a4dd7a1d1026d7a/deploit/teams/69d8dd1e5d3e1f8c350e006f/users/68af3d99c99eb7bd2ff47bc8/projects/69f80768ca774c668fbaaed8/jobs/69f8cdddd3d80718c05f0785/results/gene_selection_ensg_respiratory_system_Berg_Journal_of_Cystic_Fibrosis_2025_Level_5_X_umap_17763a.csv
gene_selection_ensg_respiratory_system_Dominguez_Conde_Science_2022_Manually_curated_celltype_X_umap_04d255.csv,s3://lifebit-user-data-6941eed90a4dd7a1d1026d7a/deploit/teams/69d8dd1e5d3e1f8c350e006f/users/68af3d99c99eb7bd2ff47bc8/projects/69f80768ca774c668fbaaed8/jobs/69f8cdddd3d80718c05f0785/results/gene_selection_ensg_respiratory_system_Dominguez_Conde_Science_2022_Manually_curated_celltype_X_umap_04d255.csv
gene_selection_ensg_respiratory_system_Eraslan_Science_2022_Broad_cell_type_X_umap_f44b0f.csv,s3://lifebit-user-data-6941eed90a4dd7a1d1026d7a/deploit/teams/69d8dd1e5d3e1f8c350e006f/users/68af3d99c99eb7bd2ff47bc8/projects/69f80768ca774c668fbaaed8/jobs/69f8cdddd3d80718c05f0785/results/gene_selection_ensg_respiratory_system_Eraslan_Science_2022_Broad_cell_type_X_umap_f44b0f.csv
gene_selection_ensg_respiratory_system_Han_Nature_2020_author_cell_type_X_umap_5c7ea7.csv,s3://lifebit-user-data-6941eed90a4dd7a1d1026d7a/deploit/teams/69d8dd1e5d3e1f8c350e006f/users/68af3d99c99eb7bd2ff47bc8/projects/69f80768ca774c668fbaaed8/jobs/69f8cdddd3d80718c05f0785/results/gene_selection_ensg_respiratory_system_Han_Nature_2020_author_cell_type_X_umap_5c7ea7.csv
gene_selection_ensg_respiratory_system_Madissoon_Genome_Biol_2020_author_cell_type_X_umap_2ee7d6.csv,s3://lifebit-user-data-6941eed90a4dd7a1d1026d7a/deploit/teams/69d8dd1e5d3e1f8c350e006f/users/68af3d99c99eb7bd2ff47bc8/projects/69f80768ca774c668fbaaed8/jobs/69f8cdddd3d80718c05f0785/results/gene_selection_ensg_respiratory_system_Madissoon_Genome_Biol_2020_author_cell_type_X_umap_2ee7d6.csv
gene_selection_ensg_respiratory_system_Madissoon_Nat_Genet_2023_Celltypes_X_umap_ee858a.csv,s3://lifebit-user-data-6941eed90a4dd7a1d1026d7a/deploit/teams/69d8dd1e5d3e1f8c350e006f/users/68af3d99c99eb7bd2ff47bc8/projects/69f80768ca774c668fbaaed8/jobs/69f8cdddd3d80718c05f0785/results/gene_selection_ensg_respiratory_system_Madissoon_Nat_Genet_2023_Celltypes_X_umap_ee858a.csv
gene_selection_ensg_respiratory_system_Melms_Nature_2021_cell_type_fine_X_UMAP_c42060.csv,s3://lifebit-user-data-6941eed90a4dd7a1d1026d7a/deploit/teams/69d8dd1e5d3e1f8c350e006f/users/68af3d99c99eb7bd2ff47bc8/projects/69f80768ca774c668fbaaed8/jobs/69f8cdddd3d80718c05f0785/results/gene_selection_ensg_respiratory_system_Melms_Nature_2021_cell_type_fine_X_UMAP_c42060.csv
gene_selection_ensg_respiratory_system_Natri_Nat_Genet_2024_manual_annotation_1_X_umap_9a27e4.csv,s3://lifebit-user-data-6941eed90a4dd7a1d1026d7a/deploit/teams/69d8dd1e5d3e1f8c350e006f/users/68af3d99c99eb7bd2ff47bc8/projects/69f80768ca774c668fbaaed8/jobs/69f8cdddd3d80718c05f0785/results/gene_selection_ensg_respiratory_system_Natri_Nat_Genet_2024_manual_annotation_1_X_umap_9a27e4.csv
gene_selection_ensg_respiratory_system_Rustam_Am_J_Respir_Crit_Care_Med_2023_author_cell_type_X_umap_56ce23.csv,s3://lifebit-user-data-6941eed90a4dd7a1d1026d7a/deploit/teams/69d8dd1e5d3e1f8c350e006f/users/68af3d99c99eb7bd2ff47bc8/projects/69f80768ca774c668fbaaed8/jobs/69f8cdddd3d80718c05f0785/results/gene_selection_ensg_respiratory_system_Rustam_Am_J_Respir_Crit_Care_Med_2023_author_cell_type_X_umap_56ce23.csv
gene_selection_ensg_respiratory_system_Sikkema_Nat_Med_2023_ann_finest_level_X_umap_552c94.csv,s3://lifebit-user-data-6941eed90a4dd7a1d1026d7a/deploit/teams/69d8dd1e5d3e1f8c350e006f/users/68af3d99c99eb7bd2ff47bc8/projects/69f80768ca774c668fbaaed8/jobs/69f8cdddd3d80718c05f0785/results/gene_selection_ensg_respiratory_system_Sikkema_Nat_Med_2023_ann_finest_level_X_umap_552c94.csv
gene_selection_ensg_respiratory_system_Szabo_Nat_Commun_2019_status_X_umap_bb4707.csv,s3://lifebit-user-data-6941eed90a4dd7a1d1026d7a/deploit/teams/69d8dd1e5d3e1f8c350e006f/users/68af3d99c99eb7bd2ff47bc8/projects/69f80768ca774c668fbaaed8/jobs/69f8cdddd3d80718c05f0785/results/gene_selection_ensg_respiratory_system_Szabo_Nat_Commun_2019_status_X_umap_bb4707.csv
gene_selection_ensg_respiratory_system_Travaglini_Nature_2020_free_annotation_X_tSNE_04a4fd.csv,s3://lifebit-user-data-6941eed90a4dd7a1d1026d7a/deploit/teams/69d8dd1e5d3e1f8c350e006f/users/68af3d99c99eb7bd2ff47bc8/projects/69f80768ca774c668fbaaed8/jobs/69f8cdddd3d80718c05f0785/results/gene_selection_ensg_respiratory_system_Travaglini_Nature_2020_free_annotation_X_tSNE_04a4fd.csv
gene_selection_ensg_respiratory_system_Travaglini_Nature_2020_free_annotation_X_tSNE_81a82c.csv,s3://lifebit-user-data-6941eed90a4dd7a1d1026d7a/deploit/teams/69d8dd1e5d3e1f8c350e006f/users/68af3d99c99eb7bd2ff47bc8/projects/69f80768ca774c668fbaaed8/jobs/69f8cdddd3d80718c05f0785/results/gene_selection_ensg_respiratory_system_Travaglini_Nature_2020_free_annotation_X_tSNE_81a82c.csv
gene_selection_ensg_respiratory_system_Wang_eLife_2020_author_cell_type_X_umap_c3bd89.csv,s3://lifebit-user-data-6941eed90a4dd7a1d1026d7a/deploit/teams/69d8dd1e5d3e1f8c350e006f/users/68af3d99c99eb7bd2ff47bc8/projects/69f80768ca774c668fbaaed8/jobs/69f8cdddd3d80718c05f0785/results/gene_selection_ensg_respiratory_system_Wang_eLife_2020_author_cell_type_X_umap_c3bd89.csv
gene_selection_ensg_respiratory_system_Watanabe_Am_J_Respir_Cell_Mol_Biol_2022_author_cell_type_X_umap_c7b336.csv,s3://lifebit-user-data-6941eed90a4dd7a1d1026d7a/deploit/teams/69d8dd1e5d3e1f8c350e006f/users/68af3d99c99eb7bd2ff47bc8/projects/69f80768ca774c668fbaaed8/jobs/69f8cdddd3d80718c05f0785/results/gene_selection_ensg_respiratory_system_Watanabe_Am_J_Respir_Cell_Mol_Biol_2022_author_cell_type_X_umap_c7b336.csv
gene_selection_ensg_respiratory_system_Wells_Nat_Immunol_2025_author_cell_type_X_umap_74e9e1.csv,s3://lifebit-user-data-6941eed90a4dd7a1d1026d7a/deploit/teams/69d8dd1e5d3e1f8c350e006f/users/68af3d99c99eb7bd2ff47bc8/projects/69f80768ca774c668fbaaed8/jobs/69f8cdddd3d80718c05f0785/results/gene_selection_ensg_respiratory_system_Wells_Nat_Immunol_2025_author_cell_type_X_umap_74e9e1.csv
gene_selection_ensg_respiratory_system_Wong_American_Journal_of_Transplantation_2024_GSVA_anno_labels_lowcluster_X_umap_3db111.csv,s3://lifebit-user-data-6941eed90a4dd7a1d1026d7a/deploit/teams/69d8dd1e5d3e1f8c350e006f/users/68af3d99c99eb7bd2ff47bc8/projects/69f80768ca774c668fbaaed8/jobs/69f8cdddd3d80718c05f0785/results/gene_selection_ensg_respiratory_system_Wong_American_Journal_of_Transplantation_2024_GSVA_anno_labels_lowcluster_X_umap_3db111.csv
gene_selection_ensg_respiratory_system_Xu_Cell_2023_Original_annotation_X_umap_78cea8.csv,s3://lifebit-user-data-6941eed90a4dd7a1d1026d7a/deploit/teams/69d8dd1e5d3e1f8c350e006f/users/68af3d99c99eb7bd2ff47bc8/projects/69f80768ca774c668fbaaed8/jobs/69f8cdddd3d80718c05f0785/results/gene_selection_ensg_respiratory_system_Xu_Cell_2023_Original_annotation_X_umap_78cea8.csv
gene_selection_ensg_respiratory_system_Xu_Sci_Rep_2022_author_cell_type_final_X_umap_dc2012.csv,s3://lifebit-user-data-6941eed90a4dd7a1d1026d7a/deploit/teams/69d8dd1e5d3e1f8c350e006f/users/68af3d99c99eb7bd2ff47bc8/projects/69f80768ca774c668fbaaed8/jobs/69f8cdddd3d80718c05f0785/results/gene_selection_ensg_respiratory_system_Xu_Sci_Rep_2022_author_cell_type_final_X_umap_dc2012.csv
gene_selection_ensg_respiratory_system_Xu_Sci_Rep_2022_cell_type_X_umap_81ecd6.csv,s3://lifebit-user-data-6941eed90a4dd7a1d1026d7a/deploit/teams/69d8dd1e5d3e1f8c350e006f/users/68af3d99c99eb7bd2ff47bc8/projects/69f80768ca774c668fbaaed8/jobs/69f8cdddd3d80718c05f0785/results/gene_selection_ensg_respiratory_system_Xu_Sci_Rep_2022_cell_type_X_umap_81ecd6.csv
gene_selection_ensg_respiratory_system_Yoshida_Nature_2022_Cell_type_annotation_level3_X_umap_8dc8be.csv,s3://lifebit-user-data-6941eed90a4dd7a1d1026d7a/deploit/teams/69d8dd1e5d3e1f8c350e006f/users/68af3d99c99eb7bd2ff47bc8/projects/69f80768ca774c668fbaaed8/jobs/69f8cdddd3d80718c05f0785/results/gene_selection_ensg_respiratory_system_Yoshida_Nature_2022_Cell_type_annotation_level3_X_umap_8dc8be.csv
gene_selection_ensg_respiratory_system_Ziegler_Cell_2021_Detailed_Cell_Annotations_X_umap_045011.csv,s3://lifebit-user-data-6941eed90a4dd7a1d1026d7a/deploit/teams/69d8dd1e5d3e1f8c350e006f/users/68af3d99c99eb7bd2ff47bc8/projects/69f80768ca774c668fbaaed8/jobs/69f8cdddd3d80718c05f0785/results/gene_selection_ensg_respiratory_system_Ziegler_Cell_2021_Detailed_Cell_Annotations_X_umap_045011.csv
gene_selection_symbols_respiratory_system_Berg_Journal_of_Cystic_Fibrosis_2025_Level_5_X_umap_17763a.csv,s3://lifebit-user-data-6941eed90a4dd7a1d1026d7a/deploit/teams/69d8dd1e5d3e1f8c350e006f/users/68af3d99c99eb7bd2ff47bc8/projects/69f80768ca774c668fbaaed8/jobs/69f8cdddd3d80718c05f0785/results/gene_selection_symbols_respiratory_system_Berg_Journal_of_Cystic_Fibrosis_2025_Level_5_X_umap_17763a.csv
gene_selection_symbols_respiratory_system_Dominguez_Conde_Science_2022_Manually_curated_celltype_X_umap_04d255.csv,s3://lifebit-user-data-6941eed90a4dd7a1d1026d7a/deploit/teams/69d8dd1e5d3e1f8c350e006f/users/68af3d99c99eb7bd2ff47bc8/projects/69f80768ca774c668fbaaed8/jobs/69f8cdddd3d80718c05f0785/results/gene_selection_symbols_respiratory_system_Dominguez_Conde_Science_2022_Manually_curated_celltype_X_umap_04d255.csv
gene_selection_symbols_respiratory_system_Eraslan_Science_2022_Broad_cell_type_X_umap_f44b0f.csv,s3://lifebit-user-data-6941eed90a4dd7a1d1026d7a/deploit/teams/69d8dd1e5d3e1f8c350e006f/users/68af3d99c99eb7bd2ff47bc8/projects/69f80768ca774c668fbaaed8/jobs/69f8cdddd3d80718c05f0785/results/gene_selection_symbols_respiratory_system_Eraslan_Science_2022_Broad_cell_type_X_umap_f44b0f.csv
gene_selection_symbols_respiratory_system_Han_Nature_2020_author_cell_type_X_umap_5c7ea7.csv,s3://lifebit-user-data-6941eed90a4dd7a1d1026d7a/deploit/teams/69d8dd1e5d3e1f8c350e006f/users/68af3d99c99eb7bd2ff47bc8/projects/69f80768ca774c668fbaaed8/jobs/69f8cdddd3d80718c05f0785/results/gene_selection_symbols_respiratory_system_Han_Nature_2020_author_cell_type_X_umap_5c7ea7.csv
gene_selection_symbols_respiratory_system_Madissoon_Genome_Biol_2020_author_cell_type_X_umap_2ee7d6.csv,s3://lifebit-user-data-6941eed90a4dd7a1d1026d7a/deploit/teams/69d8dd1e5d3e1f8c350e006f/users/68af3d99c99eb7bd2ff47bc8/projects/69f80768ca774c668fbaaed8/jobs/69f8cdddd3d80718c05f0785/results/gene_selection_symbols_respiratory_system_Madissoon_Genome_Biol_2020_author_cell_type_X_umap_2ee7d6.csv
gene_selection_symbols_respiratory_system_Madissoon_Nat_Genet_2023_Celltypes_X_umap_ee858a.csv,s3://lifebit-user-data-6941eed90a4dd7a1d1026d7a/deploit/teams/69d8dd1e5d3e1f8c350e006f/users/68af3d99c99eb7bd2ff47bc8/projects/69f80768ca774c668fbaaed8/jobs/69f8cdddd3d80718c05f0785/results/gene_selection_symbols_respiratory_system_Madissoon_Nat_Genet_2023_Celltypes_X_umap_ee858a.csv
gene_selection_symbols_respiratory_system_Melms_Nature_2021_cell_type_fine_X_UMAP_c42060.csv,s3://lifebit-user-data-6941eed90a4dd7a1d1026d7a/deploit/teams/69d8dd1e5d3e1f8c350e006f/users/68af3d99c99eb7bd2ff47bc8/projects/69f80768ca774c668fbaaed8/jobs/69f8cdddd3d80718c05f0785/results/gene_selection_symbols_respiratory_system_Melms_Nature_2021_cell_type_fine_X_UMAP_c42060.csv
gene_selection_symbols_respiratory_system_Natri_Nat_Genet_2024_manual_annotation_1_X_umap_9a27e4.csv,s3://lifebit-user-data-6941eed90a4dd7a1d1026d7a/deploit/teams/69d8dd1e5d3e1f8c350e006f/users/68af3d99c99eb7bd2ff47bc8/projects/69f80768ca774c668fbaaed8/jobs/69f8cdddd3d80718c05f0785/results/gene_selection_symbols_respiratory_system_Natri_Nat_Genet_2024_manual_annotation_1_X_umap_9a27e4.csv
gene_selection_symbols_respiratory_system_Rustam_Am_J_Respir_Crit_Care_Med_2023_author_cell_type_X_umap_56ce23.csv,s3://lifebit-user-data-6941eed90a4dd7a1d1026d7a/deploit/teams/69d8dd1e5d3e1f8c350e006f/users/68af3d99c99eb7bd2ff47bc8/projects/69f80768ca774c668fbaaed8/jobs/69f8cdddd3d80718c05f0785/results/gene_selection_symbols_respiratory_system_Rustam_Am_J_Respir_Crit_Care_Med_2023_author_cell_type_X_umap_56ce23.csv
gene_selection_symbols_respiratory_system_Sikkema_Nat_Med_2023_ann_finest_level_X_umap_552c94.csv,s3://lifebit-user-data-6941eed90a4dd7a1d1026d7a/deploit/teams/69d8dd1e5d3e1f8c350e006f/users/68af3d99c99eb7bd2ff47bc8/projects/69f80768ca774c668fbaaed8/jobs/69f8cdddd3d80718c05f0785/results/gene_selection_symbols_respiratory_system_Sikkema_Nat_Med_2023_ann_finest_level_X_umap_552c94.csv
gene_selection_symbols_respiratory_system_Szabo_Nat_Commun_2019_status_X_umap_bb4707.csv,s3://lifebit-user-data-6941eed90a4dd7a1d1026d7a/deploit/teams/69d8dd1e5d3e1f8c350e006f/users/68af3d99c99eb7bd2ff47bc8/projects/69f80768ca774c668fbaaed8/jobs/69f8cdddd3d80718c05f0785/results/gene_selection_symbols_respiratory_system_Szabo_Nat_Commun_2019_status_X_umap_bb4707.csv
gene_selection_symbols_respiratory_system_Travaglini_Nature_2020_free_annotation_X_tSNE_04a4fd.csv,s3://lifebit-user-data-6941eed90a4dd7a1d1026d7a/deploit/teams/69d8dd1e5d3e1f8c350e006f/users/68af3d99c99eb7bd2ff47bc8/projects/69f80768ca774c668fbaaed8/jobs/69f8cdddd3d80718c05f0785/results/gene_selection_symbols_respiratory_system_Travaglini_Nature_2020_free_annotation_X_tSNE_04a4fd.csv
gene_selection_symbols_respiratory_system_Travaglini_Nature_2020_free_annotation_X_tSNE_81a82c.csv,s3://lifebit-user-data-6941eed90a4dd7a1d1026d7a/deploit/teams/69d8dd1e5d3e1f8c350e006f/users/68af3d99c99eb7bd2ff47bc8/projects/69f80768ca774c668fbaaed8/jobs/69f8cdddd3d80718c05f0785/results/gene_selection_symbols_respiratory_system_Travaglini_Nature_2020_free_annotation_X_tSNE_81a82c.csv
gene_selection_symbols_respiratory_system_Wang_eLife_2020_author_cell_type_X_umap_c3bd89.csv,s3://lifebit-user-data-6941eed90a4dd7a1d1026d7a/deploit/teams/69d8dd1e5d3e1f8c350e006f/users/68af3d99c99eb7bd2ff47bc8/projects/69f80768ca774c668fbaaed8/jobs/69f8cdddd3d80718c05f0785/results/gene_selection_symbols_respiratory_system_Wang_eLife_2020_author_cell_type_X_umap_c3bd89.csv
gene_selection_symbols_respiratory_system_Watanabe_Am_J_Respir_Cell_Mol_Biol_2022_author_cell_type_X_umap_c7b336.csv,s3://lifebit-user-data-6941eed90a4dd7a1d1026d7a/deploit/teams/69d8dd1e5d3e1f8c350e006f/users/68af3d99c99eb7bd2ff47bc8/projects/69f80768ca774c668fbaaed8/jobs/69f8cdddd3d80718c05f0785/results/gene_selection_symbols_respiratory_system_Watanabe_Am_J_Respir_Cell_Mol_Biol_2022_author_cell_type_X_umap_c7b336.csv
gene_selection_symbols_respiratory_system_Wells_Nat_Immunol_2025_author_cell_type_X_umap_74e9e1.csv,s3://lifebit-user-data-6941eed90a4dd7a1d1026d7a/deploit/teams/69d8dd1e5d3e1f8c350e006f/users/68af3d99c99eb7bd2ff47bc8/projects/69f80768ca774c668fbaaed8/jobs/69f8cdddd3d80718c05f0785/results/gene_selection_symbols_respiratory_system_Wells_Nat_Immunol_2025_author_cell_type_X_umap_74e9e1.csv
gene_selection_symbols_respiratory_system_Wong_American_Journal_of_Transplantation_2024_GSVA_anno_labels_lowcluster_X_umap_3db111.csv,s3://lifebit-user-data-6941eed90a4dd7a1d1026d7a/deploit/teams/69d8dd1e5d3e1f8c350e006f/users/68af3d99c99eb7bd2ff47bc8/projects/69f80768ca774c668fbaaed8/jobs/69f8cdddd3d80718c05f0785/results/gene_selection_symbols_respiratory_system_Wong_American_Journal_of_Transplantation_2024_GSVA_anno_labels_lowcluster_X_umap_3db111.csv
gene_selection_symbols_respiratory_system_Xu_Cell_2023_Original_annotation_X_umap_78cea8.csv,s3://lifebit-user-data-6941eed90a4dd7a1d1026d7a/deploit/teams/69d8dd1e5d3e1f8c350e006f/users/68af3d99c99eb7bd2ff47bc8/projects/69f80768ca774c668fbaaed8/jobs/69f8cdddd3d80718c05f0785/results/gene_selection_symbols_respiratory_system_Xu_Cell_2023_Original_annotation_X_umap_78cea8.csv
gene_selection_symbols_respiratory_system_Xu_Sci_Rep_2022_author_cell_type_final_X_umap_dc2012.csv,s3://lifebit-user-data-6941eed90a4dd7a1d1026d7a/deploit/teams/69d8dd1e5d3e1f8c350e006f/users/68af3d99c99eb7bd2ff47bc8/projects/69f80768ca774c668fbaaed8/jobs/69f8cdddd3d80718c05f0785/results/gene_selection_symbols_respiratory_system_Xu_Sci_Rep_2022_author_cell_type_final_X_umap_dc2012.csv
gene_selection_symbols_respiratory_system_Xu_Sci_Rep_2022_cell_type_X_umap_81ecd6.csv,s3://lifebit-user-data-6941eed90a4dd7a1d1026d7a/deploit/teams/69d8dd1e5d3e1f8c350e006f/users/68af3d99c99eb7bd2ff47bc8/projects/69f80768ca774c668fbaaed8/jobs/69f8cdddd3d80718c05f0785/results/gene_selection_symbols_respiratory_system_Xu_Sci_Rep_2022_cell_type_X_umap_81ecd6.csv
gene_selection_symbols_respiratory_system_Yoshida_Nature_2022_Cell_type_annotation_level3_X_umap_8dc8be.csv,s3://lifebit-user-data-6941eed90a4dd7a1d1026d7a/deploit/teams/69d8dd1e5d3e1f8c350e006f/users/68af3d99c99eb7bd2ff47bc8/projects/69f80768ca774c668fbaaed8/jobs/69f8cdddd3d80718c05f0785/results/gene_selection_symbols_respiratory_system_Yoshida_Nature_2022_Cell_type_annotation_level3_X_umap_8dc8be.csv
gene_selection_symbols_respiratory_system_Ziegler_Cell_2021_Detailed_Cell_Annotations_X_umap_045011.csv,s3://lifebit-user-data-6941eed90a4dd7a1d1026d7a/deploit/teams/69d8dd1e5d3e1f8c350e006f/users/68af3d99c99eb7bd2ff47bc8/projects/69f80768ca774c668fbaaed8/jobs/69f8cdddd3d80718c05f0785/results/gene_selection_symbols_respiratory_system_Ziegler_Cell_2021_Detailed_Cell_Annotations_X_umap_045011.csv
hist_nonzero_binary_scores_respiratory_system_Berg_Journal_of_Cystic_Fibrosis_2025_Level_5_X_umap_17763a.svg,s3://lifebit-user-data-6941eed90a4dd7a1d1026d7a/deploit/teams/69d8dd1e5d3e1f8c350e006f/users/68af3d99c99eb7bd2ff47bc8/projects/69f80768ca774c668fbaaed8/jobs/69f8cdddd3d80718c05f0785/results/hist_nonzero_binary_scores_respiratory_system_Berg_Journal_of_Cystic_Fibrosis_2025_Level_5_X_umap_17763a.svg
hist_nonzero_binary_scores_respiratory_system_Dominguez_Conde_Science_2022_Manually_curated_celltype_X_umap_04d255.svg,s3://lifebit-user-data-6941eed90a4dd7a1d1026d7a/deploit/teams/69d8dd1e5d3e1f8c350e006f/users/68af3d99c99eb7bd2ff47bc8/projects/69f80768ca774c668fbaaed8/jobs/69f8cdddd3d80718c05f0785/results/hist_nonzero_binary_scores_respiratory_system_Dominguez_Conde_Science_2022_Manually_curated_celltype_X_umap_04d255.svg
hist_nonzero_binary_scores_respiratory_system_Eraslan_Science_2022_Broad_cell_type_X_umap_f44b0f.svg,s3://lifebit-user-data-6941eed90a4dd7a1d1026d7a/deploit/teams/69d8dd1e5d3e1f8c350e006f/users/68af3d99c99eb7bd2ff47bc8/projects/69f80768ca774c668fbaaed8/jobs/69f8cdddd3d80718c05f0785/results/hist_nonzero_binary_scores_respiratory_system_Eraslan_Science_2022_Broad_cell_type_X_umap_f44b0f.svg
hist_nonzero_binary_scores_respiratory_system_Han_Nature_2020_author_cell_type_X_umap_5c7ea7.svg,s3://lifebit-user-data-6941eed90a4dd7a1d1026d7a/deploit/teams/69d8dd1e5d3e1f8c350e006f/users/68af3d99c99eb7bd2ff47bc8/projects/69f80768ca774c668fbaaed8/jobs/69f8cdddd3d80718c05f0785/results/hist_nonzero_binary_scores_respiratory_system_Han_Nature_2020_author_cell_type_X_umap_5c7ea7.svg
hist_nonzero_binary_scores_respiratory_system_Madissoon_Genome_Biol_2020_author_cell_type_X_umap_2ee7d6.svg,s3://lifebit-user-data-6941eed90a4dd7a1d1026d7a/deploit/teams/69d8dd1e5d3e1f8c350e006f/users/68af3d99c99eb7bd2ff47bc8/projects/69f80768ca774c668fbaaed8/jobs/69f8cdddd3d80718c05f0785/results/hist_nonzero_binary_scores_respiratory_system_Madissoon_Genome_Biol_2020_author_cell_type_X_umap_2ee7d6.svg
hist_nonzero_binary_scores_respiratory_system_Madissoon_Nat_Genet_2023_Celltypes_X_umap_ee858a.svg,s3://lifebit-user-data-6941eed90a4dd7a1d1026d7a/deploit/teams/69d8dd1e5d3e1f8c350e006f/users/68af3d99c99eb7bd2ff47bc8/projects/69f80768ca774c668fbaaed8/jobs/69f8cdddd3d80718c05f0785/results/hist_nonzero_binary_scores_respiratory_system_Madissoon_Nat_Genet_2023_Celltypes_X_umap_ee858a.svg
hist_nonzero_binary_scores_respiratory_system_Melms_Nature_2021_cell_type_fine_X_UMAP_c42060.svg,s3://lifebit-user-data-6941eed90a4dd7a1d1026d7a/deploit/teams/69d8dd1e5d3e1f8c350e006f/users/68af3d99c99eb7bd2ff47bc8/projects/69f80768ca774c668fbaaed8/jobs/69f8cdddd3d80718c05f0785/results/hist_nonzero_binary_scores_respiratory_system_Melms_Nature_2021_cell_type_fine_X_UMAP_c42060.svg
hist_nonzero_binary_scores_respiratory_system_Natri_Nat_Genet_2024_manual_annotation_1_X_umap_9a27e4.svg,s3://lifebit-user-data-6941eed90a4dd7a1d1026d7a/deploit/teams/69d8dd1e5d3e1f8c350e006f/users/68af3d99c99eb7bd2ff47bc8/projects/69f80768ca774c668fbaaed8/jobs/69f8cdddd3d80718c05f0785/results/hist_nonzero_binary_scores_respiratory_system_Natri_Nat_Genet_2024_manual_annotation_1_X_umap_9a27e4.svg
hist_nonzero_binary_scores_respiratory_system_Rustam_Am_J_Respir_Crit_Care_Med_2023_author_cell_type_X_umap_56ce23.svg,s3://lifebit-user-data-6941eed90a4dd7a1d1026d7a/deploit/teams/69d8dd1e5d3e1f8c350e006f/users/68af3d99c99eb7bd2ff47bc8/projects/69f80768ca774c668fbaaed8/jobs/69f8cdddd3d80718c05f0785/results/hist_nonzero_binary_scores_respiratory_system_Rustam_Am_J_Respir_Crit_Care_Med_2023_author_cell_type_X_umap_56ce23.svg
hist_nonzero_binary_scores_respiratory_system_Sikkema_Nat_Med_2023_ann_finest_level_X_umap_552c94.svg,s3://lifebit-user-data-6941eed90a4dd7a1d1026d7a/deploit/teams/69d8dd1e5d3e1f8c350e006f/users/68af3d99c99eb7bd2ff47bc8/projects/69f80768ca774c668fbaaed8/jobs/69f8cdddd3d80718c05f0785/results/hist_nonzero_binary_scores_respiratory_system_Sikkema_Nat_Med_2023_ann_finest_level_X_umap_552c94.svg
hist_nonzero_binary_scores_respiratory_system_Szabo_Nat_Commun_2019_status_X_umap_bb4707.svg,s3://lifebit-user-data-6941eed90a4dd7a1d1026d7a/deploit/teams/69d8dd1e5d3e1f8c350e006f/users/68af3d99c99eb7bd2ff47bc8/projects/69f80768ca774c668fbaaed8/jobs/69f8cdddd3d80718c05f0785/results/hist_nonzero_binary_scores_respiratory_system_Szabo_Nat_Commun_2019_status_X_umap_bb4707.svg
hist_nonzero_binary_scores_respiratory_system_Travaglini_Nature_2020_free_annotation_X_tSNE_04a4fd.svg,s3://lifebit-user-data-6941eed90a4dd7a1d1026d7a/deploit/teams/69d8dd1e5d3e1f8c350e006f/users/68af3d99c99eb7bd2ff47bc8/projects/69f80768ca774c668fbaaed8/jobs/69f8cdddd3d80718c05f0785/results/hist_nonzero_binary_scores_respiratory_system_Travaglini_Nature_2020_free_annotation_X_tSNE_04a4fd.svg
hist_nonzero_binary_scores_respiratory_system_Travaglini_Nature_2020_free_annotation_X_tSNE_81a82c.svg,s3://lifebit-user-data-6941eed90a4dd7a1d1026d7a/deploit/teams/69d8dd1e5d3e1f8c350e006f/users/68af3d99c99eb7bd2ff47bc8/projects/69f80768ca774c668fbaaed8/jobs/69f8cdddd3d80718c05f0785/results/hist_nonzero_binary_scores_respiratory_system_Travaglini_Nature_2020_free_annotation_X_tSNE_81a82c.svg
hist_nonzero_binary_scores_respiratory_system_Wang_eLife_2020_author_cell_type_X_umap_c3bd89.svg,s3://lifebit-user-data-6941eed90a4dd7a1d1026d7a/deploit/teams/69d8dd1e5d3e1f8c350e006f/users/68af3d99c99eb7bd2ff47bc8/projects/69f80768ca774c668fbaaed8/jobs/69f8cdddd3d80718c05f0785/results/hist_nonzero_binary_scores_respiratory_system_Wang_eLife_2020_author_cell_type_X_umap_c3bd89.svg
hist_nonzero_binary_scores_respiratory_system_Watanabe_Am_J_Respir_Cell_Mol_Biol_2022_author_cell_type_X_umap_c7b336.svg,s3://lifebit-user-data-6941eed90a4dd7a1d1026d7a/deploit/teams/69d8dd1e5d3e1f8c350e006f/users/68af3d99c99eb7bd2ff47bc8/projects/69f80768ca774c668fbaaed8/jobs/69f8cdddd3d80718c05f0785/results/hist_nonzero_binary_scores_respiratory_system_Watanabe_Am_J_Respir_Cell_Mol_Biol_2022_author_cell_type_X_umap_c7b336.svg
hist_nonzero_binary_scores_respiratory_system_Wells_Nat_Immunol_2025_author_cell_type_X_umap_74e9e1.svg,s3://lifebit-user-data-6941eed90a4dd7a1d1026d7a/deploit/teams/69d8dd1e5d3e1f8c350e006f/users/68af3d99c99eb7bd2ff47bc8/projects/69f80768ca774c668fbaaed8/jobs/69f8cdddd3d80718c05f0785/results/hist_nonzero_binary_scores_respiratory_system_Wells_Nat_Immunol_2025_author_cell_type_X_umap_74e9e1.svg
hist_nonzero_binary_scores_respiratory_system_Wong_American_Journal_of_Transplantation_2024_GSVA_anno_labels_lowcluster_X_umap_3db111.svg,s3://lifebit-user-data-6941eed90a4dd7a1d1026d7a/deploit/teams/69d8dd1e5d3e1f8c350e006f/users/68af3d99c99eb7bd2ff47bc8/projects/69f80768ca774c668fbaaed8/jobs/69f8cdddd3d80718c05f0785/results/hist_nonzero_binary_scores_respiratory_system_Wong_American_Journal_of_Transplantation_2024_GSVA_anno_labels_lowcluster_X_umap_3db111.svg
hist_nonzero_binary_scores_respiratory_system_Xu_Cell_2023_Original_annotation_X_umap_78cea8.svg,s3://lifebit-user-data-6941eed90a4dd7a1d1026d7a/deploit/teams/69d8dd1e5d3e1f8c350e006f/users/68af3d99c99eb7bd2ff47bc8/projects/69f80768ca774c668fbaaed8/jobs/69f8cdddd3d80718c05f0785/results/hist_nonzero_binary_scores_respiratory_system_Xu_Cell_2023_Original_annotation_X_umap_78cea8.svg
hist_nonzero_binary_scores_respiratory_system_Xu_Sci_Rep_2022_author_cell_type_final_X_umap_dc2012.svg,s3://lifebit-user-data-6941eed90a4dd7a1d1026d7a/deploit/teams/69d8dd1e5d3e1f8c350e006f/users/68af3d99c99eb7bd2ff47bc8/projects/69f80768ca774c668fbaaed8/jobs/69f8cdddd3d80718c05f0785/results/hist_nonzero_binary_scores_respiratory_system_Xu_Sci_Rep_2022_author_cell_type_final_X_umap_dc2012.svg
hist_nonzero_binary_scores_respiratory_system_Xu_Sci_Rep_2022_cell_type_X_umap_81ecd6.svg,s3://lifebit-user-data-6941eed90a4dd7a1d1026d7a/deploit/teams/69d8dd1e5d3e1f8c350e006f/users/68af3d99c99eb7bd2ff47bc8/projects/69f80768ca774c668fbaaed8/jobs/69f8cdddd3d80718c05f0785/results/hist_nonzero_binary_scores_respiratory_system_Xu_Sci_Rep_2022_cell_type_X_umap_81ecd6.svg
hist_nonzero_binary_scores_respiratory_system_Yoshida_Nature_2022_Cell_type_annotation_level3_X_umap_8dc8be.svg,s3://lifebit-user-data-6941eed90a4dd7a1d1026d7a/deploit/teams/69d8dd1e5d3e1f8c350e006f/users/68af3d99c99eb7bd2ff47bc8/projects/69f80768ca774c668fbaaed8/jobs/69f8cdddd3d80718c05f0785/results/hist_nonzero_binary_scores_respiratory_system_Yoshida_Nature_2022_Cell_type_annotation_level3_X_umap_8dc8be.svg
hist_nonzero_binary_scores_respiratory_system_Ziegler_Cell_2021_Detailed_Cell_Annotations_X_umap_045011.svg,s3://lifebit-user-data-6941eed90a4dd7a1d1026d7a/deploit/teams/69d8dd1e5d3e1f8c350e006f/users/68af3d99c99eb7bd2ff47bc8/projects/69f80768ca774c668fbaaed8/jobs/69f8cdddd3d80718c05f0785/results/hist_nonzero_binary_scores_respiratory_system_Ziegler_Cell_2021_Detailed_Cell_Annotations_X_umap_045011.svg
hist_nonzero_medians_respiratory_system_Berg_Journal_of_Cystic_Fibrosis_2025_Level_5_X_umap_17763a.svg,s3://lifebit-user-data-6941eed90a4dd7a1d1026d7a/deploit/teams/69d8dd1e5d3e1f8c350e006f/users/68af3d99c99eb7bd2ff47bc8/projects/69f80768ca774c668fbaaed8/jobs/69f8cdddd3d80718c05f0785/results/hist_nonzero_medians_respiratory_system_Berg_Journal_of_Cystic_Fibrosis_2025_Level_5_X_umap_17763a.svg
hist_nonzero_medians_respiratory_system_Dominguez_Conde_Science_2022_Manually_curated_celltype_X_umap_04d255.svg,s3://lifebit-user-data-6941eed90a4dd7a1d1026d7a/deploit/teams/69d8dd1e5d3e1f8c350e006f/users/68af3d99c99eb7bd2ff47bc8/projects/69f80768ca774c668fbaaed8/jobs/69f8cdddd3d80718c05f0785/results/hist_nonzero_medians_respiratory_system_Dominguez_Conde_Science_2022_Manually_curated_celltype_X_umap_04d255.svg
hist_nonzero_medians_respiratory_system_Eraslan_Science_2022_Broad_cell_type_X_umap_f44b0f.svg,s3://lifebit-user-data-6941eed90a4dd7a1d1026d7a/deploit/teams/69d8dd1e5d3e1f8c350e006f/users/68af3d99c99eb7bd2ff47bc8/projects/69f80768ca774c668fbaaed8/jobs/69f8cdddd3d80718c05f0785/results/hist_nonzero_medians_respiratory_system_Eraslan_Science_2022_Broad_cell_type_X_umap_f44b0f.svg
hist_nonzero_medians_respiratory_system_Han_Nature_2020_author_cell_type_X_umap_5c7ea7.svg,s3://lifebit-user-data-6941eed90a4dd7a1d1026d7a/deploit/teams/69d8dd1e5d3e1f8c350e006f/users/68af3d99c99eb7bd2ff47bc8/projects/69f80768ca774c668fbaaed8/jobs/69f8cdddd3d80718c05f0785/results/hist_nonzero_medians_respiratory_system_Han_Nature_2020_author_cell_type_X_umap_5c7ea7.svg
hist_nonzero_medians_respiratory_system_Madissoon_Genome_Biol_2020_author_cell_type_X_umap_2ee7d6.svg,s3://lifebit-user-data-6941eed90a4dd7a1d1026d7a/deploit/teams/69d8dd1e5d3e1f8c350e006f/users/68af3d99c99eb7bd2ff47bc8/projects/69f80768ca774c668fbaaed8/jobs/69f8cdddd3d80718c05f0785/results/hist_nonzero_medians_respiratory_system_Madissoon_Genome_Biol_2020_author_cell_type_X_umap_2ee7d6.svg
hist_nonzero_medians_respiratory_system_Madissoon_Nat_Genet_2023_Celltypes_X_umap_ee858a.svg,s3://lifebit-user-data-6941eed90a4dd7a1d1026d7a/deploit/teams/69d8dd1e5d3e1f8c350e006f/users/68af3d99c99eb7bd2ff47bc8/projects/69f80768ca774c668fbaaed8/jobs/69f8cdddd3d80718c05f0785/results/hist_nonzero_medians_respiratory_system_Madissoon_Nat_Genet_2023_Celltypes_X_umap_ee858a.svg
hist_nonzero_medians_respiratory_system_Melms_Nature_2021_cell_type_fine_X_UMAP_c42060.svg,s3://lifebit-user-data-6941eed90a4dd7a1d1026d7a/deploit/teams/69d8dd1e5d3e1f8c350e006f/users/68af3d99c99eb7bd2ff47bc8/projects/69f80768ca774c668fbaaed8/jobs/69f8cdddd3d80718c05f0785/results/hist_nonzero_medians_respiratory_system_Melms_Nature_2021_cell_type_fine_X_UMAP_c42060.svg
hist_nonzero_medians_respiratory_system_Natri_Nat_Genet_2024_manual_annotation_1_X_umap_9a27e4.svg,s3://lifebit-user-data-6941eed90a4dd7a1d1026d7a/deploit/teams/69d8dd1e5d3e1f8c350e006f/users/68af3d99c99eb7bd2ff47bc8/projects/69f80768ca774c668fbaaed8/jobs/69f8cdddd3d80718c05f0785/results/hist_nonzero_medians_respiratory_system_Natri_Nat_Genet_2024_manual_annotation_1_X_umap_9a27e4.svg
hist_nonzero_medians_respiratory_system_Rustam_Am_J_Respir_Crit_Care_Med_2023_author_cell_type_X_umap_56ce23.svg,s3://lifebit-user-data-6941eed90a4dd7a1d1026d7a/deploit/teams/69d8dd1e5d3e1f8c350e006f/users/68af3d99c99eb7bd2ff47bc8/projects/69f80768ca774c668fbaaed8/jobs/69f8cdddd3d80718c05f0785/results/hist_nonzero_medians_respiratory_system_Rustam_Am_J_Respir_Crit_Care_Med_2023_author_cell_type_X_umap_56ce23.svg
hist_nonzero_medians_respiratory_system_Sikkema_Nat_Med_2023_ann_finest_level_X_umap_552c94.svg,s3://lifebit-user-data-6941eed90a4dd7a1d1026d7a/deploit/teams/69d8dd1e5d3e1f8c350e006f/users/68af3d99c99eb7bd2ff47bc8/projects/69f80768ca774c668fbaaed8/jobs/69f8cdddd3d80718c05f0785/results/hist_nonzero_medians_respiratory_system_Sikkema_Nat_Med_2023_ann_finest_level_X_umap_552c94.svg
hist_nonzero_medians_respiratory_system_Szabo_Nat_Commun_2019_status_X_umap_bb4707.svg,s3://lifebit-user-data-6941eed90a4dd7a1d1026d7a/deploit/teams/69d8dd1e5d3e1f8c350e006f/users/68af3d99c99eb7bd2ff47bc8/projects/69f80768ca774c668fbaaed8/jobs/69f8cdddd3d80718c05f0785/results/hist_nonzero_medians_respiratory_system_Szabo_Nat_Commun_2019_status_X_umap_bb4707.svg
hist_nonzero_medians_respiratory_system_Travaglini_Nature_2020_free_annotation_X_tSNE_04a4fd.svg,s3://lifebit-user-data-6941eed90a4dd7a1d1026d7a/deploit/teams/69d8dd1e5d3e1f8c350e006f/users/68af3d99c99eb7bd2ff47bc8/projects/69f80768ca774c668fbaaed8/jobs/69f8cdddd3d80718c05f0785/results/hist_nonzero_medians_respiratory_system_Travaglini_Nature_2020_free_annotation_X_tSNE_04a4fd.svg
hist_nonzero_medians_respiratory_system_Travaglini_Nature_2020_free_annotation_X_tSNE_81a82c.svg,s3://lifebit-user-data-6941eed90a4dd7a1d1026d7a/deploit/teams/69d8dd1e5d3e1f8c350e006f/users/68af3d99c99eb7bd2ff47bc8/projects/69f80768ca774c668fbaaed8/jobs/69f8cdddd3d80718c05f0785/results/hist_nonzero_medians_respiratory_system_Travaglini_Nature_2020_free_annotation_X_tSNE_81a82c.svg
hist_nonzero_medians_respiratory_system_Wang_eLife_2020_author_cell_type_X_umap_c3bd89.svg,s3://lifebit-user-data-6941eed90a4dd7a1d1026d7a/deploit/teams/69d8dd1e5d3e1f8c350e006f/users/68af3d99c99eb7bd2ff47bc8/projects/69f80768ca774c668fbaaed8/jobs/69f8cdddd3d80718c05f0785/results/hist_nonzero_medians_respiratory_system_Wang_eLife_2020_author_cell_type_X_umap_c3bd89.svg
hist_nonzero_medians_respiratory_system_Watanabe_Am_J_Respir_Cell_Mol_Biol_2022_author_cell_type_X_umap_c7b336.svg,s3://lifebit-user-data-6941eed90a4dd7a1d1026d7a/deploit/teams/69d8dd1e5d3e1f8c350e006f/users/68af3d99c99eb7bd2ff47bc8/projects/69f80768ca774c668fbaaed8/jobs/69f8cdddd3d80718c05f0785/results/hist_nonzero_medians_respiratory_system_Watanabe_Am_J_Respir_Cell_Mol_Biol_2022_author_cell_type_X_umap_c7b336.svg
hist_nonzero_medians_respiratory_system_Wells_Nat_Immunol_2025_author_cell_type_X_umap_74e9e1.svg,s3://lifebit-user-data-6941eed90a4dd7a1d1026d7a/deploit/teams/69d8dd1e5d3e1f8c350e006f/users/68af3d99c99eb7bd2ff47bc8/projects/69f80768ca774c668fbaaed8/jobs/69f8cdddd3d80718c05f0785/results/hist_nonzero_medians_respiratory_system_Wells_Nat_Immunol_2025_author_cell_type_X_umap_74e9e1.svg
hist_nonzero_medians_respiratory_system_Wong_American_Journal_of_Transplantation_2024_GSVA_anno_labels_lowcluster_X_umap_3db111.svg,s3://lifebit-user-data-6941eed90a4dd7a1d1026d7a/deploit/teams/69d8dd1e5d3e1f8c350e006f/users/68af3d99c99eb7bd2ff47bc8/projects/69f80768ca774c668fbaaed8/jobs/69f8cdddd3d80718c05f0785/results/hist_nonzero_medians_respiratory_system_Wong_American_Journal_of_Transplantation_2024_GSVA_anno_labels_lowcluster_X_umap_3db111.svg
hist_nonzero_medians_respiratory_system_Xu_Cell_2023_Original_annotation_X_umap_78cea8.svg,s3://lifebit-user-data-6941eed90a4dd7a1d1026d7a/deploit/teams/69d8dd1e5d3e1f8c350e006f/users/68af3d99c99eb7bd2ff47bc8/projects/69f80768ca774c668fbaaed8/jobs/69f8cdddd3d80718c05f0785/results/hist_nonzero_medians_respiratory_system_Xu_Cell_2023_Original_annotation_X_umap_78cea8.svg
hist_nonzero_medians_respiratory_system_Xu_Sci_Rep_2022_author_cell_type_final_X_umap_dc2012.svg,s3://lifebit-user-data-6941eed90a4dd7a1d1026d7a/deploit/teams/69d8dd1e5d3e1f8c350e006f/users/68af3d99c99eb7bd2ff47bc8/projects/69f80768ca774c668fbaaed8/jobs/69f8cdddd3d80718c05f0785/results/hist_nonzero_medians_respiratory_system_Xu_Sci_Rep_2022_author_cell_type_final_X_umap_dc2012.svg
hist_nonzero_medians_respiratory_system_Xu_Sci_Rep_2022_cell_type_X_umap_81ecd6.svg,s3://lifebit-user-data-6941eed90a4dd7a1d1026d7a/deploit/teams/69d8dd1e5d3e1f8c350e006f/users/68af3d99c99eb7bd2ff47bc8/projects/69f80768ca774c668fbaaed8/jobs/69f8cdddd3d80718c05f0785/results/hist_nonzero_medians_respiratory_system_Xu_Sci_Rep_2022_cell_type_X_umap_81ecd6.svg
hist_nonzero_medians_respiratory_system_Yoshida_Nature_2022_Cell_type_annotation_level3_X_umap_8dc8be.svg,s3://lifebit-user-data-6941eed90a4dd7a1d1026d7a/deploit/teams/69d8dd1e5d3e1f8c350e006f/users/68af3d99c99eb7bd2ff47bc8/projects/69f80768ca774c668fbaaed8/jobs/69f8cdddd3d80718c05f0785/results/hist_nonzero_medians_respiratory_system_Yoshida_Nature_2022_Cell_type_annotation_level3_X_umap_8dc8be.svg
hist_nonzero_medians_respiratory_system_Ziegler_Cell_2021_Detailed_Cell_Annotations_X_umap_045011.svg,s3://lifebit-user-data-6941eed90a4dd7a1d1026d7a/deploit/teams/69d8dd1e5d3e1f8c350e006f/users/68af3d99c99eb7bd2ff47bc8/projects/69f80768ca774c668fbaaed8/jobs/69f8cdddd3d80718c05f0785/results/hist_nonzero_medians_respiratory_system_Ziegler_Cell_2021_Detailed_Cell_Annotations_X_umap_045011.svg
markers_ensg_respiratory_system_Berg_Journal_of_Cystic_Fibrosis_2025_Level_5_X_umap_17763a.csv,s3://lifebit-user-data-6941eed90a4dd7a1d1026d7a/deploit/teams/69d8dd1e5d3e1f8c350e006f/users/68af3d99c99eb7bd2ff47bc8/projects/69f80768ca774c668fbaaed8/jobs/69f8cdddd3d80718c05f0785/results/markers_ensg_respiratory_system_Berg_Journal_of_Cystic_Fibrosis_2025_Level_5_X_umap_17763a.csv
markers_ensg_respiratory_system_Dominguez_Conde_Science_2022_Manually_curated_celltype_X_umap_04d255.csv,s3://lifebit-user-data-6941eed90a4dd7a1d1026d7a/deploit/teams/69d8dd1e5d3e1f8c350e006f/users/68af3d99c99eb7bd2ff47bc8/projects/69f80768ca774c668fbaaed8/jobs/69f8cdddd3d80718c05f0785/results/markers_ensg_respiratory_system_Dominguez_Conde_Science_2022_Manually_curated_celltype_X_umap_04d255.csv
markers_ensg_respiratory_system_Eraslan_Science_2022_Broad_cell_type_X_umap_f44b0f.csv,s3://lifebit-user-data-6941eed90a4dd7a1d1026d7a/deploit/teams/69d8dd1e5d3e1f8c350e006f/users/68af3d99c99eb7bd2ff47bc8/projects/69f80768ca774c668fbaaed8/jobs/69f8cdddd3d80718c05f0785/results/markers_ensg_respiratory_system_Eraslan_Science_2022_Broad_cell_type_X_umap_f44b0f.csv
markers_ensg_respiratory_system_Han_Nature_2020_author_cell_type_X_umap_5c7ea7.csv,s3://lifebit-user-data-6941eed90a4dd7a1d1026d7a/deploit/teams/69d8dd1e5d3e1f8c350e006f/users/68af3d99c99eb7bd2ff47bc8/projects/69f80768ca774c668fbaaed8/jobs/69f8cdddd3d80718c05f0785/results/markers_ensg_respiratory_system_Han_Nature_2020_author_cell_type_X_umap_5c7ea7.csv
markers_ensg_respiratory_system_Madissoon_Genome_Biol_2020_author_cell_type_X_umap_2ee7d6.csv,s3://lifebit-user-data-6941eed90a4dd7a1d1026d7a/deploit/teams/69d8dd1e5d3e1f8c350e006f/users/68af3d99c99eb7bd2ff47bc8/projects/69f80768ca774c668fbaaed8/jobs/69f8cdddd3d80718c05f0785/results/markers_ensg_respiratory_system_Madissoon_Genome_Biol_2020_author_cell_type_X_umap_2ee7d6.csv
markers_ensg_respiratory_system_Madissoon_Nat_Genet_2023_Celltypes_X_umap_ee858a.csv,s3://lifebit-user-data-6941eed90a4dd7a1d1026d7a/deploit/teams/69d8dd1e5d3e1f8c350e006f/users/68af3d99c99eb7bd2ff47bc8/projects/69f80768ca774c668fbaaed8/jobs/69f8cdddd3d80718c05f0785/results/markers_ensg_respiratory_system_Madissoon_Nat_Genet_2023_Celltypes_X_umap_ee858a.csv
markers_ensg_respiratory_system_Melms_Nature_2021_cell_type_fine_X_UMAP_c42060.csv,s3://lifebit-user-data-6941eed90a4dd7a1d1026d7a/deploit/teams/69d8dd1e5d3e1f8c350e006f/users/68af3d99c99eb7bd2ff47bc8/projects/69f80768ca774c668fbaaed8/jobs/69f8cdddd3d80718c05f0785/results/markers_ensg_respiratory_system_Melms_Nature_2021_cell_type_fine_X_UMAP_c42060.csv
markers_ensg_respiratory_system_Natri_Nat_Genet_2024_manual_annotation_1_X_umap_9a27e4.csv,s3://lifebit-user-data-6941eed90a4dd7a1d1026d7a/deploit/teams/69d8dd1e5d3e1f8c350e006f/users/68af3d99c99eb7bd2ff47bc8/projects/69f80768ca774c668fbaaed8/jobs/69f8cdddd3d80718c05f0785/results/markers_ensg_respiratory_system_Natri_Nat_Genet_2024_manual_annotation_1_X_umap_9a27e4.csv
markers_ensg_respiratory_system_Rustam_Am_J_Respir_Crit_Care_Med_2023_author_cell_type_X_umap_56ce23.csv,s3://lifebit-user-data-6941eed90a4dd7a1d1026d7a/deploit/teams/69d8dd1e5d3e1f8c350e006f/users/68af3d99c99eb7bd2ff47bc8/projects/69f80768ca774c668fbaaed8/jobs/69f8cdddd3d80718c05f0785/results/markers_ensg_respiratory_system_Rustam_Am_J_Respir_Crit_Care_Med_2023_author_cell_type_X_umap_56ce23.csv
markers_ensg_respiratory_system_Sikkema_Nat_Med_2023_ann_finest_level_X_umap_552c94.csv,s3://lifebit-user-data-6941eed90a4dd7a1d1026d7a/deploit/teams/69d8dd1e5d3e1f8c350e006f/users/68af3d99c99eb7bd2ff47bc8/projects/69f80768ca774c668fbaaed8/jobs/69f8cdddd3d80718c05f0785/results/markers_ensg_respiratory_system_Sikkema_Nat_Med_2023_ann_finest_level_X_umap_552c94.csv
markers_ensg_respiratory_system_Szabo_Nat_Commun_2019_status_X_umap_bb4707.csv,s3://lifebit-user-data-6941eed90a4dd7a1d1026d7a/deploit/teams/69d8dd1e5d3e1f8c350e006f/users/68af3d99c99eb7bd2ff47bc8/projects/69f80768ca774c668fbaaed8/jobs/69f8cdddd3d80718c05f0785/results/markers_ensg_respiratory_system_Szabo_Nat_Commun_2019_status_X_umap_bb4707.csv
markers_ensg_respiratory_system_Travaglini_Nature_2020_free_annotation_X_tSNE_04a4fd.csv,s3://lifebit-user-data-6941eed90a4dd7a1d1026d7a/deploit/teams/69d8dd1e5d3e1f8c350e006f/users/68af3d99c99eb7bd2ff47bc8/projects/69f80768ca774c668fbaaed8/jobs/69f8cdddd3d80718c05f0785/results/markers_ensg_respiratory_system_Travaglini_Nature_2020_free_annotation_X_tSNE_04a4fd.csv
markers_ensg_respiratory_system_Travaglini_Nature_2020_free_annotation_X_tSNE_81a82c.csv,s3://lifebit-user-data-6941eed90a4dd7a1d1026d7a/deploit/teams/69d8dd1e5d3e1f8c350e006f/users/68af3d99c99eb7bd2ff47bc8/projects/69f80768ca774c668fbaaed8/jobs/69f8cdddd3d80718c05f0785/results/markers_ensg_respiratory_system_Travaglini_Nature_2020_free_annotation_X_tSNE_81a82c.csv
markers_ensg_respiratory_system_Wang_eLife_2020_author_cell_type_X_umap_c3bd89.csv,s3://lifebit-user-data-6941eed90a4dd7a1d1026d7a/deploit/teams/69d8dd1e5d3e1f8c350e006f/users/68af3d99c99eb7bd2ff47bc8/projects/69f80768ca774c668fbaaed8/jobs/69f8cdddd3d80718c05f0785/results/markers_ensg_respiratory_system_Wang_eLife_2020_author_cell_type_X_umap_c3bd89.csv
markers_ensg_respiratory_system_Watanabe_Am_J_Respir_Cell_Mol_Biol_2022_author_cell_type_X_umap_c7b336.csv,s3://lifebit-user-data-6941eed90a4dd7a1d1026d7a/deploit/teams/69d8dd1e5d3e1f8c350e006f/users/68af3d99c99eb7bd2ff47bc8/projects/69f80768ca774c668fbaaed8/jobs/69f8cdddd3d80718c05f0785/results/markers_ensg_respiratory_system_Watanabe_Am_J_Respir_Cell_Mol_Biol_2022_author_cell_type_X_umap_c7b336.csv
markers_ensg_respiratory_system_Wells_Nat_Immunol_2025_author_cell_type_X_umap_74e9e1.csv,s3://lifebit-user-data-6941eed90a4dd7a1d1026d7a/deploit/teams/69d8dd1e5d3e1f8c350e006f/users/68af3d99c99eb7bd2ff47bc8/projects/69f80768ca774c668fbaaed8/jobs/69f8cdddd3d80718c05f0785/results/markers_ensg_respiratory_system_Wells_Nat_Immunol_2025_author_cell_type_X_umap_74e9e1.csv
markers_ensg_respiratory_system_Wong_American_Journal_of_Transplantation_2024_GSVA_anno_labels_lowcluster_X_umap_3db111.csv,s3://lifebit-user-data-6941eed90a4dd7a1d1026d7a/deploit/teams/69d8dd1e5d3e1f8c350e006f/users/68af3d99c99eb7bd2ff47bc8/projects/69f80768ca774c668fbaaed8/jobs/69f8cdddd3d80718c05f0785/results/markers_ensg_respiratory_system_Wong_American_Journal_of_Transplantation_2024_GSVA_anno_labels_lowcluster_X_umap_3db111.csv
markers_ensg_respiratory_system_Xu_Cell_2023_Original_annotation_X_umap_78cea8.csv,s3://lifebit-user-data-6941eed90a4dd7a1d1026d7a/deploit/teams/69d8dd1e5d3e1f8c350e006f/users/68af3d99c99eb7bd2ff47bc8/projects/69f80768ca774c668fbaaed8/jobs/69f8cdddd3d80718c05f0785/results/markers_ensg_respiratory_system_Xu_Cell_2023_Original_annotation_X_umap_78cea8.csv
markers_ensg_respiratory_system_Xu_Sci_Rep_2022_author_cell_type_final_X_umap_dc2012.csv,s3://lifebit-user-data-6941eed90a4dd7a1d1026d7a/deploit/teams/69d8dd1e5d3e1f8c350e006f/users/68af3d99c99eb7bd2ff47bc8/projects/69f80768ca774c668fbaaed8/jobs/69f8cdddd3d80718c05f0785/results/markers_ensg_respiratory_system_Xu_Sci_Rep_2022_author_cell_type_final_X_umap_dc2012.csv
markers_ensg_respiratory_system_Xu_Sci_Rep_2022_cell_type_X_umap_81ecd6.csv,s3://lifebit-user-data-6941eed90a4dd7a1d1026d7a/deploit/teams/69d8dd1e5d3e1f8c350e006f/users/68af3d99c99eb7bd2ff47bc8/projects/69f80768ca774c668fbaaed8/jobs/69f8cdddd3d80718c05f0785/results/markers_ensg_respiratory_system_Xu_Sci_Rep_2022_cell_type_X_umap_81ecd6.csv
markers_ensg_respiratory_system_Yoshida_Nature_2022_Cell_type_annotation_level3_X_umap_8dc8be.csv,s3://lifebit-user-data-6941eed90a4dd7a1d1026d7a/deploit/teams/69d8dd1e5d3e1f8c350e006f/users/68af3d99c99eb7bd2ff47bc8/projects/69f80768ca774c668fbaaed8/jobs/69f8cdddd3d80718c05f0785/results/markers_ensg_respiratory_system_Yoshida_Nature_2022_Cell_type_annotation_level3_X_umap_8dc8be.csv
markers_ensg_respiratory_system_Ziegler_Cell_2021_Detailed_Cell_Annotations_X_umap_045011.csv,s3://lifebit-user-data-6941eed90a4dd7a1d1026d7a/deploit/teams/69d8dd1e5d3e1f8c350e006f/users/68af3d99c99eb7bd2ff47bc8/projects/69f80768ca774c668fbaaed8/jobs/69f8cdddd3d80718c05f0785/results/markers_ensg_respiratory_system_Ziegler_Cell_2021_Detailed_Cell_Annotations_X_umap_045011.csv
markers_onTarget_ensg_respiratory_system_Berg_Journal_of_Cystic_Fibrosis_2025_Level_5_X_umap_17763a.csv,s3://lifebit-user-data-6941eed90a4dd7a1d1026d7a/deploit/teams/69d8dd1e5d3e1f8c350e006f/users/68af3d99c99eb7bd2ff47bc8/projects/69f80768ca774c668fbaaed8/jobs/69f8cdddd3d80718c05f0785/results/markers_onTarget_ensg_respiratory_system_Berg_Journal_of_Cystic_Fibrosis_2025_Level_5_X_umap_17763a.csv
markers_onTarget_ensg_respiratory_system_Dominguez_Conde_Science_2022_Manually_curated_celltype_X_umap_04d255.csv,s3://lifebit-user-data-6941eed90a4dd7a1d1026d7a/deploit/teams/69d8dd1e5d3e1f8c350e006f/users/68af3d99c99eb7bd2ff47bc8/projects/69f80768ca774c668fbaaed8/jobs/69f8cdddd3d80718c05f0785/results/markers_onTarget_ensg_respiratory_system_Dominguez_Conde_Science_2022_Manually_curated_celltype_X_umap_04d255.csv
markers_onTarget_ensg_respiratory_system_Eraslan_Science_2022_Broad_cell_type_X_umap_f44b0f.csv,s3://lifebit-user-data-6941eed90a4dd7a1d1026d7a/deploit/teams/69d8dd1e5d3e1f8c350e006f/users/68af3d99c99eb7bd2ff47bc8/projects/69f80768ca774c668fbaaed8/jobs/69f8cdddd3d80718c05f0785/results/markers_onTarget_ensg_respiratory_system_Eraslan_Science_2022_Broad_cell_type_X_umap_f44b0f.csv
markers_onTarget_ensg_respiratory_system_Han_Nature_2020_author_cell_type_X_umap_5c7ea7.csv,s3://lifebit-user-data-6941eed90a4dd7a1d1026d7a/deploit/teams/69d8dd1e5d3e1f8c350e006f/users/68af3d99c99eb7bd2ff47bc8/projects/69f80768ca774c668fbaaed8/jobs/69f8cdddd3d80718c05f0785/results/markers_onTarget_ensg_respiratory_system_Han_Nature_2020_author_cell_type_X_umap_5c7ea7.csv
markers_onTarget_ensg_respiratory_system_Madissoon_Genome_Biol_2020_author_cell_type_X_umap_2ee7d6.csv,s3://lifebit-user-data-6941eed90a4dd7a1d1026d7a/deploit/teams/69d8dd1e5d3e1f8c350e006f/users/68af3d99c99eb7bd2ff47bc8/projects/69f80768ca774c668fbaaed8/jobs/69f8cdddd3d80718c05f0785/results/markers_onTarget_ensg_respiratory_system_Madissoon_Genome_Biol_2020_author_cell_type_X_umap_2ee7d6.csv
markers_onTarget_ensg_respiratory_system_Madissoon_Nat_Genet_2023_Celltypes_X_umap_ee858a.csv,s3://lifebit-user-data-6941eed90a4dd7a1d1026d7a/deploit/teams/69d8dd1e5d3e1f8c350e006f/users/68af3d99c99eb7bd2ff47bc8/projects/69f80768ca774c668fbaaed8/jobs/69f8cdddd3d80718c05f0785/results/markers_onTarget_ensg_respiratory_system_Madissoon_Nat_Genet_2023_Celltypes_X_umap_ee858a.csv
markers_onTarget_ensg_respiratory_system_Melms_Nature_2021_cell_type_fine_X_UMAP_c42060.csv,s3://lifebit-user-data-6941eed90a4dd7a1d1026d7a/deploit/teams/69d8dd1e5d3e1f8c350e006f/users/68af3d99c99eb7bd2ff47bc8/projects/69f80768ca774c668fbaaed8/jobs/69f8cdddd3d80718c05f0785/results/markers_onTarget_ensg_respiratory_system_Melms_Nature_2021_cell_type_fine_X_UMAP_c42060.csv
markers_onTarget_ensg_respiratory_system_Natri_Nat_Genet_2024_manual_annotation_1_X_umap_9a27e4.csv,s3://lifebit-user-data-6941eed90a4dd7a1d1026d7a/deploit/teams/69d8dd1e5d3e1f8c350e006f/users/68af3d99c99eb7bd2ff47bc8/projects/69f80768ca774c668fbaaed8/jobs/69f8cdddd3d80718c05f0785/results/markers_onTarget_ensg_respiratory_system_Natri_Nat_Genet_2024_manual_annotation_1_X_umap_9a27e4.csv
markers_onTarget_ensg_respiratory_system_Rustam_Am_J_Respir_Crit_Care_Med_2023_author_cell_type_X_umap_56ce23.csv,s3://lifebit-user-data-6941eed90a4dd7a1d1026d7a/deploit/teams/69d8dd1e5d3e1f8c350e006f/users/68af3d99c99eb7bd2ff47bc8/projects/69f80768ca774c668fbaaed8/jobs/69f8cdddd3d80718c05f0785/results/markers_onTarget_ensg_respiratory_system_Rustam_Am_J_Respir_Crit_Care_Med_2023_author_cell_type_X_umap_56ce23.csv
markers_onTarget_ensg_respiratory_system_Sikkema_Nat_Med_2023_ann_finest_level_X_umap_552c94.csv,s3://lifebit-user-data-6941eed90a4dd7a1d1026d7a/deploit/teams/69d8dd1e5d3e1f8c350e006f/users/68af3d99c99eb7bd2ff47bc8/projects/69f80768ca774c668fbaaed8/jobs/69f8cdddd3d80718c05f0785/results/markers_onTarget_ensg_respiratory_system_Sikkema_Nat_Med_2023_ann_finest_level_X_umap_552c94.csv
markers_onTarget_ensg_respiratory_system_Szabo_Nat_Commun_2019_status_X_umap_bb4707.csv,s3://lifebit-user-data-6941eed90a4dd7a1d1026d7a/deploit/teams/69d8dd1e5d3e1f8c350e006f/users/68af3d99c99eb7bd2ff47bc8/projects/69f80768ca774c668fbaaed8/jobs/69f8cdddd3d80718c05f0785/results/markers_onTarget_ensg_respiratory_system_Szabo_Nat_Commun_2019_status_X_umap_bb4707.csv
markers_onTarget_ensg_respiratory_system_Travaglini_Nature_2020_free_annotation_X_tSNE_04a4fd.csv,s3://lifebit-user-data-6941eed90a4dd7a1d1026d7a/deploit/teams/69d8dd1e5d3e1f8c350e006f/users/68af3d99c99eb7bd2ff47bc8/projects/69f80768ca774c668fbaaed8/jobs/69f8cdddd3d80718c05f0785/results/markers_onTarget_ensg_respiratory_system_Travaglini_Nature_2020_free_annotation_X_tSNE_04a4fd.csv
markers_onTarget_ensg_respiratory_system_Travaglini_Nature_2020_free_annotation_X_tSNE_81a82c.csv,s3://lifebit-user-data-6941eed90a4dd7a1d1026d7a/deploit/teams/69d8dd1e5d3e1f8c350e006f/users/68af3d99c99eb7bd2ff47bc8/projects/69f80768ca774c668fbaaed8/jobs/69f8cdddd3d80718c05f0785/results/markers_onTarget_ensg_respiratory_system_Travaglini_Nature_2020_free_annotation_X_tSNE_81a82c.csv
markers_onTarget_ensg_respiratory_system_Wang_eLife_2020_author_cell_type_X_umap_c3bd89.csv,s3://lifebit-user-data-6941eed90a4dd7a1d1026d7a/deploit/teams/69d8dd1e5d3e1f8c350e006f/users/68af3d99c99eb7bd2ff47bc8/projects/69f80768ca774c668fbaaed8/jobs/69f8cdddd3d80718c05f0785/results/markers_onTarget_ensg_respiratory_system_Wang_eLife_2020_author_cell_type_X_umap_c3bd89.csv
markers_onTarget_ensg_respiratory_system_Watanabe_Am_J_Respir_Cell_Mol_Biol_2022_author_cell_type_X_umap_c7b336.csv,s3://lifebit-user-data-6941eed90a4dd7a1d1026d7a/deploit/teams/69d8dd1e5d3e1f8c350e006f/users/68af3d99c99eb7bd2ff47bc8/projects/69f80768ca774c668fbaaed8/jobs/69f8cdddd3d80718c05f0785/results/markers_onTarget_ensg_respiratory_system_Watanabe_Am_J_Respir_Cell_Mol_Biol_2022_author_cell_type_X_umap_c7b336.csv
markers_onTarget_ensg_respiratory_system_Wells_Nat_Immunol_2025_author_cell_type_X_umap_74e9e1.csv,s3://lifebit-user-data-6941eed90a4dd7a1d1026d7a/deploit/teams/69d8dd1e5d3e1f8c350e006f/users/68af3d99c99eb7bd2ff47bc8/projects/69f80768ca774c668fbaaed8/jobs/69f8cdddd3d80718c05f0785/results/markers_onTarget_ensg_respiratory_system_Wells_Nat_Immunol_2025_author_cell_type_X_umap_74e9e1.csv
markers_onTarget_ensg_respiratory_system_Wong_American_Journal_of_Transplantation_2024_GSVA_anno_labels_lowcluster_X_umap_3db111.csv,s3://lifebit-user-data-6941eed90a4dd7a1d1026d7a/deploit/teams/69d8dd1e5d3e1f8c350e006f/users/68af3d99c99eb7bd2ff47bc8/projects/69f80768ca774c668fbaaed8/jobs/69f8cdddd3d80718c05f0785/results/markers_onTarget_ensg_respiratory_system_Wong_American_Journal_of_Transplantation_2024_GSVA_anno_labels_lowcluster_X_umap_3db111.csv
markers_onTarget_ensg_respiratory_system_Xu_Cell_2023_Original_annotation_X_umap_78cea8.csv,s3://lifebit-user-data-6941eed90a4dd7a1d1026d7a/deploit/teams/69d8dd1e5d3e1f8c350e006f/users/68af3d99c99eb7bd2ff47bc8/projects/69f80768ca774c668fbaaed8/jobs/69f8cdddd3d80718c05f0785/results/markers_onTarget_ensg_respiratory_system_Xu_Cell_2023_Original_annotation_X_umap_78cea8.csv
markers_onTarget_ensg_respiratory_system_Xu_Sci_Rep_2022_author_cell_type_final_X_umap_dc2012.csv,s3://lifebit-user-data-6941eed90a4dd7a1d1026d7a/deploit/teams/69d8dd1e5d3e1f8c350e006f/users/68af3d99c99eb7bd2ff47bc8/projects/69f80768ca774c668fbaaed8/jobs/69f8cdddd3d80718c05f0785/results/markers_onTarget_ensg_respiratory_system_Xu_Sci_Rep_2022_author_cell_type_final_X_umap_dc2012.csv
markers_onTarget_ensg_respiratory_system_Xu_Sci_Rep_2022_cell_type_X_umap_81ecd6.csv,s3://lifebit-user-data-6941eed90a4dd7a1d1026d7a/deploit/teams/69d8dd1e5d3e1f8c350e006f/users/68af3d99c99eb7bd2ff47bc8/projects/69f80768ca774c668fbaaed8/jobs/69f8cdddd3d80718c05f0785/results/markers_onTarget_ensg_respiratory_system_Xu_Sci_Rep_2022_cell_type_X_umap_81ecd6.csv
markers_onTarget_ensg_respiratory_system_Yoshida_Nature_2022_Cell_type_annotation_level3_X_umap_8dc8be.csv,s3://lifebit-user-data-6941eed90a4dd7a1d1026d7a/deploit/teams/69d8dd1e5d3e1f8c350e006f/users/68af3d99c99eb7bd2ff47bc8/projects/69f80768ca774c668fbaaed8/jobs/69f8cdddd3d80718c05f0785/results/markers_onTarget_ensg_respiratory_system_Yoshida_Nature_2022_Cell_type_annotation_level3_X_umap_8dc8be.csv
markers_onTarget_ensg_respiratory_system_Ziegler_Cell_2021_Detailed_Cell_Annotations_X_umap_045011.csv,s3://lifebit-user-data-6941eed90a4dd7a1d1026d7a/deploit/teams/69d8dd1e5d3e1f8c350e006f/users/68af3d99c99eb7bd2ff47bc8/projects/69f80768ca774c668fbaaed8/jobs/69f8cdddd3d80718c05f0785/results/markers_onTarget_ensg_respiratory_system_Ziegler_Cell_2021_Detailed_Cell_Annotations_X_umap_045011.csv
markers_onTarget_supp_ensg_respiratory_system_Berg_Journal_of_Cystic_Fibrosis_2025_Level_5_X_umap_17763a.csv,s3://lifebit-user-data-6941eed90a4dd7a1d1026d7a/deploit/teams/69d8dd1e5d3e1f8c350e006f/users/68af3d99c99eb7bd2ff47bc8/projects/69f80768ca774c668fbaaed8/jobs/69f8cdddd3d80718c05f0785/results/markers_onTarget_supp_ensg_respiratory_system_Berg_Journal_of_Cystic_Fibrosis_2025_Level_5_X_umap_17763a.csv
markers_onTarget_supp_ensg_respiratory_system_Dominguez_Conde_Science_2022_Manually_curated_celltype_X_umap_04d255.csv,s3://lifebit-user-data-6941eed90a4dd7a1d1026d7a/deploit/teams/69d8dd1e5d3e1f8c350e006f/users/68af3d99c99eb7bd2ff47bc8/projects/69f80768ca774c668fbaaed8/jobs/69f8cdddd3d80718c05f0785/results/markers_onTarget_supp_ensg_respiratory_system_Dominguez_Conde_Science_2022_Manually_curated_celltype_X_umap_04d255.csv
markers_onTarget_supp_ensg_respiratory_system_Eraslan_Science_2022_Broad_cell_type_X_umap_f44b0f.csv,s3://lifebit-user-data-6941eed90a4dd7a1d1026d7a/deploit/teams/69d8dd1e5d3e1f8c350e006f/users/68af3d99c99eb7bd2ff47bc8/projects/69f80768ca774c668fbaaed8/jobs/69f8cdddd3d80718c05f0785/results/markers_onTarget_supp_ensg_respiratory_system_Eraslan_Science_2022_Broad_cell_type_X_umap_f44b0f.csv
markers_onTarget_supp_ensg_respiratory_system_Han_Nature_2020_author_cell_type_X_umap_5c7ea7.csv,s3://lifebit-user-data-6941eed90a4dd7a1d1026d7a/deploit/teams/69d8dd1e5d3e1f8c350e006f/users/68af3d99c99eb7bd2ff47bc8/projects/69f80768ca774c668fbaaed8/jobs/69f8cdddd3d80718c05f0785/results/markers_onTarget_supp_ensg_respiratory_system_Han_Nature_2020_author_cell_type_X_umap_5c7ea7.csv
markers_onTarget_supp_ensg_respiratory_system_Madissoon_Genome_Biol_2020_author_cell_type_X_umap_2ee7d6.csv,s3://lifebit-user-data-6941eed90a4dd7a1d1026d7a/deploit/teams/69d8dd1e5d3e1f8c350e006f/users/68af3d99c99eb7bd2ff47bc8/projects/69f80768ca774c668fbaaed8/jobs/69f8cdddd3d80718c05f0785/results/markers_onTarget_supp_ensg_respiratory_system_Madissoon_Genome_Biol_2020_author_cell_type_X_umap_2ee7d6.csv
markers_onTarget_supp_ensg_respiratory_system_Madissoon_Nat_Genet_2023_Celltypes_X_umap_ee858a.csv,s3://lifebit-user-data-6941eed90a4dd7a1d1026d7a/deploit/teams/69d8dd1e5d3e1f8c350e006f/users/68af3d99c99eb7bd2ff47bc8/projects/69f80768ca774c668fbaaed8/jobs/69f8cdddd3d80718c05f0785/results/markers_onTarget_supp_ensg_respiratory_system_Madissoon_Nat_Genet_2023_Celltypes_X_umap_ee858a.csv
markers_onTarget_supp_ensg_respiratory_system_Melms_Nature_2021_cell_type_fine_X_UMAP_c42060.csv,s3://lifebit-user-data-6941eed90a4dd7a1d1026d7a/deploit/teams/69d8dd1e5d3e1f8c350e006f/users/68af3d99c99eb7bd2ff47bc8/projects/69f80768ca774c668fbaaed8/jobs/69f8cdddd3d80718c05f0785/results/markers_onTarget_supp_ensg_respiratory_system_Melms_Nature_2021_cell_type_fine_X_UMAP_c42060.csv
markers_onTarget_supp_ensg_respiratory_system_Natri_Nat_Genet_2024_manual_annotation_1_X_umap_9a27e4.csv,s3://lifebit-user-data-6941eed90a4dd7a1d1026d7a/deploit/teams/69d8dd1e5d3e1f8c350e006f/users/68af3d99c99eb7bd2ff47bc8/projects/69f80768ca774c668fbaaed8/jobs/69f8cdddd3d80718c05f0785/results/markers_onTarget_supp_ensg_respiratory_system_Natri_Nat_Genet_2024_manual_annotation_1_X_umap_9a27e4.csv
markers_onTarget_supp_ensg_respiratory_system_Rustam_Am_J_Respir_Crit_Care_Med_2023_author_cell_type_X_umap_56ce23.csv,s3://lifebit-user-data-6941eed90a4dd7a1d1026d7a/deploit/teams/69d8dd1e5d3e1f8c350e006f/users/68af3d99c99eb7bd2ff47bc8/projects/69f80768ca774c668fbaaed8/jobs/69f8cdddd3d80718c05f0785/results/markers_onTarget_supp_ensg_respiratory_system_Rustam_Am_J_Respir_Crit_Care_Med_2023_author_cell_type_X_umap_56ce23.csv
markers_onTarget_supp_ensg_respiratory_system_Sikkema_Nat_Med_2023_ann_finest_level_X_umap_552c94.csv,s3://lifebit-user-data-6941eed90a4dd7a1d1026d7a/deploit/teams/69d8dd1e5d3e1f8c350e006f/users/68af3d99c99eb7bd2ff47bc8/projects/69f80768ca774c668fbaaed8/jobs/69f8cdddd3d80718c05f0785/results/markers_onTarget_supp_ensg_respiratory_system_Sikkema_Nat_Med_2023_ann_finest_level_X_umap_552c94.csv
markers_onTarget_supp_ensg_respiratory_system_Szabo_Nat_Commun_2019_status_X_umap_bb4707.csv,s3://lifebit-user-data-6941eed90a4dd7a1d1026d7a/deploit/teams/69d8dd1e5d3e1f8c350e006f/users/68af3d99c99eb7bd2ff47bc8/projects/69f80768ca774c668fbaaed8/jobs/69f8cdddd3d80718c05f0785/results/markers_onTarget_supp_ensg_respiratory_system_Szabo_Nat_Commun_2019_status_X_umap_bb4707.csv
markers_onTarget_supp_ensg_respiratory_system_Travaglini_Nature_2020_free_annotation_X_tSNE_04a4fd.csv,s3://lifebit-user-data-6941eed90a4dd7a1d1026d7a/deploit/teams/69d8dd1e5d3e1f8c350e006f/users/68af3d99c99eb7bd2ff47bc8/projects/69f80768ca774c668fbaaed8/jobs/69f8cdddd3d80718c05f0785/results/markers_onTarget_supp_ensg_respiratory_system_Travaglini_Nature_2020_free_annotation_X_tSNE_04a4fd.csv
markers_onTarget_supp_ensg_respiratory_system_Travaglini_Nature_2020_free_annotation_X_tSNE_81a82c.csv,s3://lifebit-user-data-6941eed90a4dd7a1d1026d7a/deploit/teams/69d8dd1e5d3e1f8c350e006f/users/68af3d99c99eb7bd2ff47bc8/projects/69f80768ca774c668fbaaed8/jobs/69f8cdddd3d80718c05f0785/results/markers_onTarget_supp_ensg_respiratory_system_Travaglini_Nature_2020_free_annotation_X_tSNE_81a82c.csv
markers_onTarget_supp_ensg_respiratory_system_Wang_eLife_2020_author_cell_type_X_umap_c3bd89.csv,s3://lifebit-user-data-6941eed90a4dd7a1d1026d7a/deploit/teams/69d8dd1e5d3e1f8c350e006f/users/68af3d99c99eb7bd2ff47bc8/projects/69f80768ca774c668fbaaed8/jobs/69f8cdddd3d80718c05f0785/results/markers_onTarget_supp_ensg_respiratory_system_Wang_eLife_2020_author_cell_type_X_umap_c3bd89.csv
markers_onTarget_supp_ensg_respiratory_system_Watanabe_Am_J_Respir_Cell_Mol_Biol_2022_author_cell_type_X_umap_c7b336.csv,s3://lifebit-user-data-6941eed90a4dd7a1d1026d7a/deploit/teams/69d8dd1e5d3e1f8c350e006f/users/68af3d99c99eb7bd2ff47bc8/projects/69f80768ca774c668fbaaed8/jobs/69f8cdddd3d80718c05f0785/results/markers_onTarget_supp_ensg_respiratory_system_Watanabe_Am_J_Respir_Cell_Mol_Biol_2022_author_cell_type_X_umap_c7b336.csv
markers_onTarget_supp_ensg_respiratory_system_Wells_Nat_Immunol_2025_author_cell_type_X_umap_74e9e1.csv,s3://lifebit-user-data-6941eed90a4dd7a1d1026d7a/deploit/teams/69d8dd1e5d3e1f8c350e006f/users/68af3d99c99eb7bd2ff47bc8/projects/69f80768ca774c668fbaaed8/jobs/69f8cdddd3d80718c05f0785/results/markers_onTarget_supp_ensg_respiratory_system_Wells_Nat_Immunol_2025_author_cell_type_X_umap_74e9e1.csv
markers_onTarget_supp_ensg_respiratory_system_Wong_American_Journal_of_Transplantation_2024_GSVA_anno_labels_lowcluster_X_umap_3db111.csv,s3://lifebit-user-data-6941eed90a4dd7a1d1026d7a/deploit/teams/69d8dd1e5d3e1f8c350e006f/users/68af3d99c99eb7bd2ff47bc8/projects/69f80768ca774c668fbaaed8/jobs/69f8cdddd3d80718c05f0785/results/markers_onTarget_supp_ensg_respiratory_system_Wong_American_Journal_of_Transplantation_2024_GSVA_anno_labels_lowcluster_X_umap_3db111.csv
markers_onTarget_supp_ensg_respiratory_system_Xu_Cell_2023_Original_annotation_X_umap_78cea8.csv,s3://lifebit-user-data-6941eed90a4dd7a1d1026d7a/deploit/teams/69d8dd1e5d3e1f8c350e006f/users/68af3d99c99eb7bd2ff47bc8/projects/69f80768ca774c668fbaaed8/jobs/69f8cdddd3d80718c05f0785/results/markers_onTarget_supp_ensg_respiratory_system_Xu_Cell_2023_Original_annotation_X_umap_78cea8.csv
markers_onTarget_supp_ensg_respiratory_system_Xu_Sci_Rep_2022_author_cell_type_final_X_umap_dc2012.csv,s3://lifebit-user-data-6941eed90a4dd7a1d1026d7a/deploit/teams/69d8dd1e5d3e1f8c350e006f/users/68af3d99c99eb7bd2ff47bc8/projects/69f80768ca774c668fbaaed8/jobs/69f8cdddd3d80718c05f0785/results/markers_onTarget_supp_ensg_respiratory_system_Xu_Sci_Rep_2022_author_cell_type_final_X_umap_dc2012.csv
markers_onTarget_supp_ensg_respiratory_system_Xu_Sci_Rep_2022_cell_type_X_umap_81ecd6.csv,s3://lifebit-user-data-6941eed90a4dd7a1d1026d7a/deploit/teams/69d8dd1e5d3e1f8c350e006f/users/68af3d99c99eb7bd2ff47bc8/projects/69f80768ca774c668fbaaed8/jobs/69f8cdddd3d80718c05f0785/results/markers_onTarget_supp_ensg_respiratory_system_Xu_Sci_Rep_2022_cell_type_X_umap_81ecd6.csv
markers_onTarget_supp_ensg_respiratory_system_Yoshida_Nature_2022_Cell_type_annotation_level3_X_umap_8dc8be.csv,s3://lifebit-user-data-6941eed90a4dd7a1d1026d7a/deploit/teams/69d8dd1e5d3e1f8c350e006f/users/68af3d99c99eb7bd2ff47bc8/projects/69f80768ca774c668fbaaed8/jobs/69f8cdddd3d80718c05f0785/results/markers_onTarget_supp_ensg_respiratory_system_Yoshida_Nature_2022_Cell_type_annotation_level3_X_umap_8dc8be.csv
markers_onTarget_supp_ensg_respiratory_system_Ziegler_Cell_2021_Detailed_Cell_Annotations_X_umap_045011.csv,s3://lifebit-user-data-6941eed90a4dd7a1d1026d7a/deploit/teams/69d8dd1e5d3e1f8c350e006f/users/68af3d99c99eb7bd2ff47bc8/projects/69f80768ca774c668fbaaed8/jobs/69f8cdddd3d80718c05f0785/results/markers_onTarget_supp_ensg_respiratory_system_Ziegler_Cell_2021_Detailed_Cell_Annotations_X_umap_045011.csv
markers_onTarget_supp_symbols_respiratory_system_Berg_Journal_of_Cystic_Fibrosis_2025_Level_5_X_umap_17763a.csv,s3://lifebit-user-data-6941eed90a4dd7a1d1026d7a/deploit/teams/69d8dd1e5d3e1f8c350e006f/users/68af3d99c99eb7bd2ff47bc8/projects/69f80768ca774c668fbaaed8/jobs/69f8cdddd3d80718c05f0785/results/markers_onTarget_supp_symbols_respiratory_system_Berg_Journal_of_Cystic_Fibrosis_2025_Level_5_X_umap_17763a.csv
markers_onTarget_supp_symbols_respiratory_system_Dominguez_Conde_Science_2022_Manually_curated_celltype_X_umap_04d255.csv,s3://lifebit-user-data-6941eed90a4dd7a1d1026d7a/deploit/teams/69d8dd1e5d3e1f8c350e006f/users/68af3d99c99eb7bd2ff47bc8/projects/69f80768ca774c668fbaaed8/jobs/69f8cdddd3d80718c05f0785/results/markers_onTarget_supp_symbols_respiratory_system_Dominguez_Conde_Science_2022_Manually_curated_celltype_X_umap_04d255.csv
markers_onTarget_supp_symbols_respiratory_system_Eraslan_Science_2022_Broad_cell_type_X_umap_f44b0f.csv,s3://lifebit-user-data-6941eed90a4dd7a1d1026d7a/deploit/teams/69d8dd1e5d3e1f8c350e006f/users/68af3d99c99eb7bd2ff47bc8/projects/69f80768ca774c668fbaaed8/jobs/69f8cdddd3d80718c05f0785/results/markers_onTarget_supp_symbols_respiratory_system_Eraslan_Science_2022_Broad_cell_type_X_umap_f44b0f.csv
markers_onTarget_supp_symbols_respiratory_system_Han_Nature_2020_author_cell_type_X_umap_5c7ea7.csv,s3://lifebit-user-data-6941eed90a4dd7a1d1026d7a/deploit/teams/69d8dd1e5d3e1f8c350e006f/users/68af3d99c99eb7bd2ff47bc8/projects/69f80768ca774c668fbaaed8/jobs/69f8cdddd3d80718c05f0785/results/markers_onTarget_supp_symbols_respiratory_system_Han_Nature_2020_author_cell_type_X_umap_5c7ea7.csv
markers_onTarget_supp_symbols_respiratory_system_Madissoon_Genome_Biol_2020_author_cell_type_X_umap_2ee7d6.csv,s3://lifebit-user-data-6941eed90a4dd7a1d1026d7a/deploit/teams/69d8dd1e5d3e1f8c350e006f/users/68af3d99c99eb7bd2ff47bc8/projects/69f80768ca774c668fbaaed8/jobs/69f8cdddd3d80718c05f0785/results/markers_onTarget_supp_symbols_respiratory_system_Madissoon_Genome_Biol_2020_author_cell_type_X_umap_2ee7d6.csv
markers_onTarget_supp_symbols_respiratory_system_Madissoon_Nat_Genet_2023_Celltypes_X_umap_ee858a.csv,s3://lifebit-user-data-6941eed90a4dd7a1d1026d7a/deploit/teams/69d8dd1e5d3e1f8c350e006f/users/68af3d99c99eb7bd2ff47bc8/projects/69f80768ca774c668fbaaed8/jobs/69f8cdddd3d80718c05f0785/results/markers_onTarget_supp_symbols_respiratory_system_Madissoon_Nat_Genet_2023_Celltypes_X_umap_ee858a.csv
markers_onTarget_supp_symbols_respiratory_system_Melms_Nature_2021_cell_type_fine_X_UMAP_c42060.csv,s3://lifebit-user-data-6941eed90a4dd7a1d1026d7a/deploit/teams/69d8dd1e5d3e1f8c350e006f/users/68af3d99c99eb7bd2ff47bc8/projects/69f80768ca774c668fbaaed8/jobs/69f8cdddd3d80718c05f0785/results/markers_onTarget_supp_symbols_respiratory_system_Melms_Nature_2021_cell_type_fine_X_UMAP_c42060.csv
markers_onTarget_supp_symbols_respiratory_system_Natri_Nat_Genet_2024_manual_annotation_1_X_umap_9a27e4.csv,s3://lifebit-user-data-6941eed90a4dd7a1d1026d7a/deploit/teams/69d8dd1e5d3e1f8c350e006f/users/68af3d99c99eb7bd2ff47bc8/projects/69f80768ca774c668fbaaed8/jobs/69f8cdddd3d80718c05f0785/results/markers_onTarget_supp_symbols_respiratory_system_Natri_Nat_Genet_2024_manual_annotation_1_X_umap_9a27e4.csv
markers_onTarget_supp_symbols_respiratory_system_Rustam_Am_J_Respir_Crit_Care_Med_2023_author_cell_type_X_umap_56ce23.csv,s3://lifebit-user-data-6941eed90a4dd7a1d1026d7a/deploit/teams/69d8dd1e5d3e1f8c350e006f/users/68af3d99c99eb7bd2ff47bc8/projects/69f80768ca774c668fbaaed8/jobs/69f8cdddd3d80718c05f0785/results/markers_onTarget_supp_symbols_respiratory_system_Rustam_Am_J_Respir_Crit_Care_Med_2023_author_cell_type_X_umap_56ce23.csv
markers_onTarget_supp_symbols_respiratory_system_Sikkema_Nat_Med_2023_ann_finest_level_X_umap_552c94.csv,s3://lifebit-user-data-6941eed90a4dd7a1d1026d7a/deploit/teams/69d8dd1e5d3e1f8c350e006f/users/68af3d99c99eb7bd2ff47bc8/projects/69f80768ca774c668fbaaed8/jobs/69f8cdddd3d80718c05f0785/results/markers_onTarget_supp_symbols_respiratory_system_Sikkema_Nat_Med_2023_ann_finest_level_X_umap_552c94.csv
markers_onTarget_supp_symbols_respiratory_system_Szabo_Nat_Commun_2019_status_X_umap_bb4707.csv,s3://lifebit-user-data-6941eed90a4dd7a1d1026d7a/deploit/teams/69d8dd1e5d3e1f8c350e006f/users/68af3d99c99eb7bd2ff47bc8/projects/69f80768ca774c668fbaaed8/jobs/69f8cdddd3d80718c05f0785/results/markers_onTarget_supp_symbols_respiratory_system_Szabo_Nat_Commun_2019_status_X_umap_bb4707.csv
markers_onTarget_supp_symbols_respiratory_system_Travaglini_Nature_2020_free_annotation_X_tSNE_04a4fd.csv,s3://lifebit-user-data-6941eed90a4dd7a1d1026d7a/deploit/teams/69d8dd1e5d3e1f8c350e006f/users/68af3d99c99eb7bd2ff47bc8/projects/69f80768ca774c668fbaaed8/jobs/69f8cdddd3d80718c05f0785/results/markers_onTarget_supp_symbols_respiratory_system_Travaglini_Nature_2020_free_annotation_X_tSNE_04a4fd.csv
markers_onTarget_supp_symbols_respiratory_system_Travaglini_Nature_2020_free_annotation_X_tSNE_81a82c.csv,s3://lifebit-user-data-6941eed90a4dd7a1d1026d7a/deploit/teams/69d8dd1e5d3e1f8c350e006f/users/68af3d99c99eb7bd2ff47bc8/projects/69f80768ca774c668fbaaed8/jobs/69f8cdddd3d80718c05f0785/results/markers_onTarget_supp_symbols_respiratory_system_Travaglini_Nature_2020_free_annotation_X_tSNE_81a82c.csv
markers_onTarget_supp_symbols_respiratory_system_Wang_eLife_2020_author_cell_type_X_umap_c3bd89.csv,s3://lifebit-user-data-6941eed90a4dd7a1d1026d7a/deploit/teams/69d8dd1e5d3e1f8c350e006f/users/68af3d99c99eb7bd2ff47bc8/projects/69f80768ca774c668fbaaed8/jobs/69f8cdddd3d80718c05f0785/results/markers_onTarget_supp_symbols_respiratory_system_Wang_eLife_2020_author_cell_type_X_umap_c3bd89.csv
markers_onTarget_supp_symbols_respiratory_system_Watanabe_Am_J_Respir_Cell_Mol_Biol_2022_author_cell_type_X_umap_c7b336.csv,s3://lifebit-user-data-6941eed90a4dd7a1d1026d7a/deploit/teams/69d8dd1e5d3e1f8c350e006f/users/68af3d99c99eb7bd2ff47bc8/projects/69f80768ca774c668fbaaed8/jobs/69f8cdddd3d80718c05f0785/results/markers_onTarget_supp_symbols_respiratory_system_Watanabe_Am_J_Respir_Cell_Mol_Biol_2022_author_cell_type_X_umap_c7b336.csv
markers_onTarget_supp_symbols_respiratory_system_Wells_Nat_Immunol_2025_author_cell_type_X_umap_74e9e1.csv,s3://lifebit-user-data-6941eed90a4dd7a1d1026d7a/deploit/teams/69d8dd1e5d3e1f8c350e006f/users/68af3d99c99eb7bd2ff47bc8/projects/69f80768ca774c668fbaaed8/jobs/69f8cdddd3d80718c05f0785/results/markers_onTarget_supp_symbols_respiratory_system_Wells_Nat_Immunol_2025_author_cell_type_X_umap_74e9e1.csv
markers_onTarget_supp_symbols_respiratory_system_Wong_American_Journal_of_Transplantation_2024_GSVA_anno_labels_lowcluster_X_umap_3db111.csv,s3://lifebit-user-data-6941eed90a4dd7a1d1026d7a/deploit/teams/69d8dd1e5d3e1f8c350e006f/users/68af3d99c99eb7bd2ff47bc8/projects/69f80768ca774c668fbaaed8/jobs/69f8cdddd3d80718c05f0785/results/markers_onTarget_supp_symbols_respiratory_system_Wong_American_Journal_of_Transplantation_2024_GSVA_anno_labels_lowcluster_X_umap_3db111.csv
markers_onTarget_supp_symbols_respiratory_system_Xu_Cell_2023_Original_annotation_X_umap_78cea8.csv,s3://lifebit-user-data-6941eed90a4dd7a1d1026d7a/deploit/teams/69d8dd1e5d3e1f8c350e006f/users/68af3d99c99eb7bd2ff47bc8/projects/69f80768ca774c668fbaaed8/jobs/69f8cdddd3d80718c05f0785/results/markers_onTarget_supp_symbols_respiratory_system_Xu_Cell_2023_Original_annotation_X_umap_78cea8.csv
markers_onTarget_supp_symbols_respiratory_system_Xu_Sci_Rep_2022_author_cell_type_final_X_umap_dc2012.csv,s3://lifebit-user-data-6941eed90a4dd7a1d1026d7a/deploit/teams/69d8dd1e5d3e1f8c350e006f/users/68af3d99c99eb7bd2ff47bc8/projects/69f80768ca774c668fbaaed8/jobs/69f8cdddd3d80718c05f0785/results/markers_onTarget_supp_symbols_respiratory_system_Xu_Sci_Rep_2022_author_cell_type_final_X_umap_dc2012.csv
markers_onTarget_supp_symbols_respiratory_system_Xu_Sci_Rep_2022_cell_type_X_umap_81ecd6.csv,s3://lifebit-user-data-6941eed90a4dd7a1d1026d7a/deploit/teams/69d8dd1e5d3e1f8c350e006f/users/68af3d99c99eb7bd2ff47bc8/projects/69f80768ca774c668fbaaed8/jobs/69f8cdddd3d80718c05f0785/results/markers_onTarget_supp_symbols_respiratory_system_Xu_Sci_Rep_2022_cell_type_X_umap_81ecd6.csv
markers_onTarget_supp_symbols_respiratory_system_Yoshida_Nature_2022_Cell_type_annotation_level3_X_umap_8dc8be.csv,s3://lifebit-user-data-6941eed90a4dd7a1d1026d7a/deploit/teams/69d8dd1e5d3e1f8c350e006f/users/68af3d99c99eb7bd2ff47bc8/projects/69f80768ca774c668fbaaed8/jobs/69f8cdddd3d80718c05f0785/results/markers_onTarget_supp_symbols_respiratory_system_Yoshida_Nature_2022_Cell_type_annotation_level3_X_umap_8dc8be.csv
markers_onTarget_supp_symbols_respiratory_system_Ziegler_Cell_2021_Detailed_Cell_Annotations_X_umap_045011.csv,s3://lifebit-user-data-6941eed90a4dd7a1d1026d7a/deploit/teams/69d8dd1e5d3e1f8c350e006f/users/68af3d99c99eb7bd2ff47bc8/projects/69f80768ca774c668fbaaed8/jobs/69f8cdddd3d80718c05f0785/results/markers_onTarget_supp_symbols_respiratory_system_Ziegler_Cell_2021_Detailed_Cell_Annotations_X_umap_045011.csv
markers_onTarget_symbols_respiratory_system_Berg_Journal_of_Cystic_Fibrosis_2025_Level_5_X_umap_17763a.csv,s3://lifebit-user-data-6941eed90a4dd7a1d1026d7a/deploit/teams/69d8dd1e5d3e1f8c350e006f/users/68af3d99c99eb7bd2ff47bc8/projects/69f80768ca774c668fbaaed8/jobs/69f8cdddd3d80718c05f0785/results/markers_onTarget_symbols_respiratory_system_Berg_Journal_of_Cystic_Fibrosis_2025_Level_5_X_umap_17763a.csv
markers_onTarget_symbols_respiratory_system_Dominguez_Conde_Science_2022_Manually_curated_celltype_X_umap_04d255.csv,s3://lifebit-user-data-6941eed90a4dd7a1d1026d7a/deploit/teams/69d8dd1e5d3e1f8c350e006f/users/68af3d99c99eb7bd2ff47bc8/projects/69f80768ca774c668fbaaed8/jobs/69f8cdddd3d80718c05f0785/results/markers_onTarget_symbols_respiratory_system_Dominguez_Conde_Science_2022_Manually_curated_celltype_X_umap_04d255.csv
markers_onTarget_symbols_respiratory_system_Eraslan_Science_2022_Broad_cell_type_X_umap_f44b0f.csv,s3://lifebit-user-data-6941eed90a4dd7a1d1026d7a/deploit/teams/69d8dd1e5d3e1f8c350e006f/users/68af3d99c99eb7bd2ff47bc8/projects/69f80768ca774c668fbaaed8/jobs/69f8cdddd3d80718c05f0785/results/markers_onTarget_symbols_respiratory_system_Eraslan_Science_2022_Broad_cell_type_X_umap_f44b0f.csv
markers_onTarget_symbols_respiratory_system_Han_Nature_2020_author_cell_type_X_umap_5c7ea7.csv,s3://lifebit-user-data-6941eed90a4dd7a1d1026d7a/deploit/teams/69d8dd1e5d3e1f8c350e006f/users/68af3d99c99eb7bd2ff47bc8/projects/69f80768ca774c668fbaaed8/jobs/69f8cdddd3d80718c05f0785/results/markers_onTarget_symbols_respiratory_system_Han_Nature_2020_author_cell_type_X_umap_5c7ea7.csv
markers_onTarget_symbols_respiratory_system_Madissoon_Genome_Biol_2020_author_cell_type_X_umap_2ee7d6.csv,s3://lifebit-user-data-6941eed90a4dd7a1d1026d7a/deploit/teams/69d8dd1e5d3e1f8c350e006f/users/68af3d99c99eb7bd2ff47bc8/projects/69f80768ca774c668fbaaed8/jobs/69f8cdddd3d80718c05f0785/results/markers_onTarget_symbols_respiratory_system_Madissoon_Genome_Biol_2020_author_cell_type_X_umap_2ee7d6.csv
markers_onTarget_symbols_respiratory_system_Madissoon_Nat_Genet_2023_Celltypes_X_umap_ee858a.csv,s3://lifebit-user-data-6941eed90a4dd7a1d1026d7a/deploit/teams/69d8dd1e5d3e1f8c350e006f/users/68af3d99c99eb7bd2ff47bc8/projects/69f80768ca774c668fbaaed8/jobs/69f8cdddd3d80718c05f0785/results/markers_onTarget_symbols_respiratory_system_Madissoon_Nat_Genet_2023_Celltypes_X_umap_ee858a.csv
markers_onTarget_symbols_respiratory_system_Melms_Nature_2021_cell_type_fine_X_UMAP_c42060.csv,s3://lifebit-user-data-6941eed90a4dd7a1d1026d7a/deploit/teams/69d8dd1e5d3e1f8c350e006f/users/68af3d99c99eb7bd2ff47bc8/projects/69f80768ca774c668fbaaed8/jobs/69f8cdddd3d80718c05f0785/results/markers_onTarget_symbols_respiratory_system_Melms_Nature_2021_cell_type_fine_X_UMAP_c42060.csv
markers_onTarget_symbols_respiratory_system_Natri_Nat_Genet_2024_manual_annotation_1_X_umap_9a27e4.csv,s3://lifebit-user-data-6941eed90a4dd7a1d1026d7a/deploit/teams/69d8dd1e5d3e1f8c350e006f/users/68af3d99c99eb7bd2ff47bc8/projects/69f80768ca774c668fbaaed8/jobs/69f8cdddd3d80718c05f0785/results/markers_onTarget_symbols_respiratory_system_Natri_Nat_Genet_2024_manual_annotation_1_X_umap_9a27e4.csv
markers_onTarget_symbols_respiratory_system_Rustam_Am_J_Respir_Crit_Care_Med_2023_author_cell_type_X_umap_56ce23.csv,s3://lifebit-user-data-6941eed90a4dd7a1d1026d7a/deploit/teams/69d8dd1e5d3e1f8c350e006f/users/68af3d99c99eb7bd2ff47bc8/projects/69f80768ca774c668fbaaed8/jobs/69f8cdddd3d80718c05f0785/results/markers_onTarget_symbols_respiratory_system_Rustam_Am_J_Respir_Crit_Care_Med_2023_author_cell_type_X_umap_56ce23.csv
markers_onTarget_symbols_respiratory_system_Sikkema_Nat_Med_2023_ann_finest_level_X_umap_552c94.csv,s3://lifebit-user-data-6941eed90a4dd7a1d1026d7a/deploit/teams/69d8dd1e5d3e1f8c350e006f/users/68af3d99c99eb7bd2ff47bc8/projects/69f80768ca774c668fbaaed8/jobs/69f8cdddd3d80718c05f0785/results/markers_onTarget_symbols_respiratory_system_Sikkema_Nat_Med_2023_ann_finest_level_X_umap_552c94.csv
markers_onTarget_symbols_respiratory_system_Szabo_Nat_Commun_2019_status_X_umap_bb4707.csv,s3://lifebit-user-data-6941eed90a4dd7a1d1026d7a/deploit/teams/69d8dd1e5d3e1f8c350e006f/users/68af3d99c99eb7bd2ff47bc8/projects/69f80768ca774c668fbaaed8/jobs/69f8cdddd3d80718c05f0785/results/markers_onTarget_symbols_respiratory_system_Szabo_Nat_Commun_2019_status_X_umap_bb4707.csv
markers_onTarget_symbols_respiratory_system_Travaglini_Nature_2020_free_annotation_X_tSNE_04a4fd.csv,s3://lifebit-user-data-6941eed90a4dd7a1d1026d7a/deploit/teams/69d8dd1e5d3e1f8c350e006f/users/68af3d99c99eb7bd2ff47bc8/projects/69f80768ca774c668fbaaed8/jobs/69f8cdddd3d80718c05f0785/results/markers_onTarget_symbols_respiratory_system_Travaglini_Nature_2020_free_annotation_X_tSNE_04a4fd.csv
markers_onTarget_symbols_respiratory_system_Travaglini_Nature_2020_free_annotation_X_tSNE_81a82c.csv,s3://lifebit-user-data-6941eed90a4dd7a1d1026d7a/deploit/teams/69d8dd1e5d3e1f8c350e006f/users/68af3d99c99eb7bd2ff47bc8/projects/69f80768ca774c668fbaaed8/jobs/69f8cdddd3d80718c05f0785/results/markers_onTarget_symbols_respiratory_system_Travaglini_Nature_2020_free_annotation_X_tSNE_81a82c.csv
markers_onTarget_symbols_respiratory_system_Wang_eLife_2020_author_cell_type_X_umap_c3bd89.csv,s3://lifebit-user-data-6941eed90a4dd7a1d1026d7a/deploit/teams/69d8dd1e5d3e1f8c350e006f/users/68af3d99c99eb7bd2ff47bc8/projects/69f80768ca774c668fbaaed8/jobs/69f8cdddd3d80718c05f0785/results/markers_onTarget_symbols_respiratory_system_Wang_eLife_2020_author_cell_type_X_umap_c3bd89.csv
markers_onTarget_symbols_respiratory_system_Watanabe_Am_J_Respir_Cell_Mol_Biol_2022_author_cell_type_X_umap_c7b336.csv,s3://lifebit-user-data-6941eed90a4dd7a1d1026d7a/deploit/teams/69d8dd1e5d3e1f8c350e006f/users/68af3d99c99eb7bd2ff47bc8/projects/69f80768ca774c668fbaaed8/jobs/69f8cdddd3d80718c05f0785/results/markers_onTarget_symbols_respiratory_system_Watanabe_Am_J_Respir_Cell_Mol_Biol_2022_author_cell_type_X_umap_c7b336.csv
markers_onTarget_symbols_respiratory_system_Wells_Nat_Immunol_2025_author_cell_type_X_umap_74e9e1.csv,s3://lifebit-user-data-6941eed90a4dd7a1d1026d7a/deploit/teams/69d8dd1e5d3e1f8c350e006f/users/68af3d99c99eb7bd2ff47bc8/projects/69f80768ca774c668fbaaed8/jobs/69f8cdddd3d80718c05f0785/results/markers_onTarget_symbols_respiratory_system_Wells_Nat_Immunol_2025_author_cell_type_X_umap_74e9e1.csv
markers_onTarget_symbols_respiratory_system_Wong_American_Journal_of_Transplantation_2024_GSVA_anno_labels_lowcluster_X_umap_3db111.csv,s3://lifebit-user-data-6941eed90a4dd7a1d1026d7a/deploit/teams/69d8dd1e5d3e1f8c350e006f/users/68af3d99c99eb7bd2ff47bc8/projects/69f80768ca774c668fbaaed8/jobs/69f8cdddd3d80718c05f0785/results/markers_onTarget_symbols_respiratory_system_Wong_American_Journal_of_Transplantation_2024_GSVA_anno_labels_lowcluster_X_umap_3db111.csv
markers_onTarget_symbols_respiratory_system_Xu_Cell_2023_Original_annotation_X_umap_78cea8.csv,s3://lifebit-user-data-6941eed90a4dd7a1d1026d7a/deploit/teams/69d8dd1e5d3e1f8c350e006f/users/68af3d99c99eb7bd2ff47bc8/projects/69f80768ca774c668fbaaed8/jobs/69f8cdddd3d80718c05f0785/results/markers_onTarget_symbols_respiratory_system_Xu_Cell_2023_Original_annotation_X_umap_78cea8.csv
markers_onTarget_symbols_respiratory_system_Xu_Sci_Rep_2022_author_cell_type_final_X_umap_dc2012.csv,s3://lifebit-user-data-6941eed90a4dd7a1d1026d7a/deploit/teams/69d8dd1e5d3e1f8c350e006f/users/68af3d99c99eb7bd2ff47bc8/projects/69f80768ca774c668fbaaed8/jobs/69f8cdddd3d80718c05f0785/results/markers_onTarget_symbols_respiratory_system_Xu_Sci_Rep_2022_author_cell_type_final_X_umap_dc2012.csv
markers_onTarget_symbols_respiratory_system_Xu_Sci_Rep_2022_cell_type_X_umap_81ecd6.csv,s3://lifebit-user-data-6941eed90a4dd7a1d1026d7a/deploit/teams/69d8dd1e5d3e1f8c350e006f/users/68af3d99c99eb7bd2ff47bc8/projects/69f80768ca774c668fbaaed8/jobs/69f8cdddd3d80718c05f0785/results/markers_onTarget_symbols_respiratory_system_Xu_Sci_Rep_2022_cell_type_X_umap_81ecd6.csv
markers_onTarget_symbols_respiratory_system_Yoshida_Nature_2022_Cell_type_annotation_level3_X_umap_8dc8be.csv,s3://lifebit-user-data-6941eed90a4dd7a1d1026d7a/deploit/teams/69d8dd1e5d3e1f8c350e006f/users/68af3d99c99eb7bd2ff47bc8/projects/69f80768ca774c668fbaaed8/jobs/69f8cdddd3d80718c05f0785/results/markers_onTarget_symbols_respiratory_system_Yoshida_Nature_2022_Cell_type_annotation_level3_X_umap_8dc8be.csv
markers_onTarget_symbols_respiratory_system_Ziegler_Cell_2021_Detailed_Cell_Annotations_X_umap_045011.csv,s3://lifebit-user-data-6941eed90a4dd7a1d1026d7a/deploit/teams/69d8dd1e5d3e1f8c350e006f/users/68af3d99c99eb7bd2ff47bc8/projects/69f80768ca774c668fbaaed8/jobs/69f8cdddd3d80718c05f0785/results/markers_onTarget_symbols_respiratory_system_Ziegler_Cell_2021_Detailed_Cell_Annotations_X_umap_045011.csv
markers_symbols_respiratory_system_Berg_Journal_of_Cystic_Fibrosis_2025_Level_5_X_umap_17763a.csv,s3://lifebit-user-data-6941eed90a4dd7a1d1026d7a/deploit/teams/69d8dd1e5d3e1f8c350e006f/users/68af3d99c99eb7bd2ff47bc8/projects/69f80768ca774c668fbaaed8/jobs/69f8cdddd3d80718c05f0785/results/markers_symbols_respiratory_system_Berg_Journal_of_Cystic_Fibrosis_2025_Level_5_X_umap_17763a.csv
markers_symbols_respiratory_system_Dominguez_Conde_Science_2022_Manually_curated_celltype_X_umap_04d255.csv,s3://lifebit-user-data-6941eed90a4dd7a1d1026d7a/deploit/teams/69d8dd1e5d3e1f8c350e006f/users/68af3d99c99eb7bd2ff47bc8/projects/69f80768ca774c668fbaaed8/jobs/69f8cdddd3d80718c05f0785/results/markers_symbols_respiratory_system_Dominguez_Conde_Science_2022_Manually_curated_celltype_X_umap_04d255.csv
markers_symbols_respiratory_system_Eraslan_Science_2022_Broad_cell_type_X_umap_f44b0f.csv,s3://lifebit-user-data-6941eed90a4dd7a1d1026d7a/deploit/teams/69d8dd1e5d3e1f8c350e006f/users/68af3d99c99eb7bd2ff47bc8/projects/69f80768ca774c668fbaaed8/jobs/69f8cdddd3d80718c05f0785/results/markers_symbols_respiratory_system_Eraslan_Science_2022_Broad_cell_type_X_umap_f44b0f.csv
markers_symbols_respiratory_system_Han_Nature_2020_author_cell_type_X_umap_5c7ea7.csv,s3://lifebit-user-data-6941eed90a4dd7a1d1026d7a/deploit/teams/69d8dd1e5d3e1f8c350e006f/users/68af3d99c99eb7bd2ff47bc8/projects/69f80768ca774c668fbaaed8/jobs/69f8cdddd3d80718c05f0785/results/markers_symbols_respiratory_system_Han_Nature_2020_author_cell_type_X_umap_5c7ea7.csv
markers_symbols_respiratory_system_Madissoon_Genome_Biol_2020_author_cell_type_X_umap_2ee7d6.csv,s3://lifebit-user-data-6941eed90a4dd7a1d1026d7a/deploit/teams/69d8dd1e5d3e1f8c350e006f/users/68af3d99c99eb7bd2ff47bc8/projects/69f80768ca774c668fbaaed8/jobs/69f8cdddd3d80718c05f0785/results/markers_symbols_respiratory_system_Madissoon_Genome_Biol_2020_author_cell_type_X_umap_2ee7d6.csv
markers_symbols_respiratory_system_Madissoon_Nat_Genet_2023_Celltypes_X_umap_ee858a.csv,s3://lifebit-user-data-6941eed90a4dd7a1d1026d7a/deploit/teams/69d8dd1e5d3e1f8c350e006f/users/68af3d99c99eb7bd2ff47bc8/projects/69f80768ca774c668fbaaed8/jobs/69f8cdddd3d80718c05f0785/results/markers_symbols_respiratory_system_Madissoon_Nat_Genet_2023_Celltypes_X_umap_ee858a.csv
markers_symbols_respiratory_system_Melms_Nature_2021_cell_type_fine_X_UMAP_c42060.csv,s3://lifebit-user-data-6941eed90a4dd7a1d1026d7a/deploit/teams/69d8dd1e5d3e1f8c350e006f/users/68af3d99c99eb7bd2ff47bc8/projects/69f80768ca774c668fbaaed8/jobs/69f8cdddd3d80718c05f0785/results/markers_symbols_respiratory_system_Melms_Nature_2021_cell_type_fine_X_UMAP_c42060.csv
markers_symbols_respiratory_system_Natri_Nat_Genet_2024_manual_annotation_1_X_umap_9a27e4.csv,s3://lifebit-user-data-6941eed90a4dd7a1d1026d7a/deploit/teams/69d8dd1e5d3e1f8c350e006f/users/68af3d99c99eb7bd2ff47bc8/projects/69f80768ca774c668fbaaed8/jobs/69f8cdddd3d80718c05f0785/results/markers_symbols_respiratory_system_Natri_Nat_Genet_2024_manual_annotation_1_X_umap_9a27e4.csv
markers_symbols_respiratory_system_Rustam_Am_J_Respir_Crit_Care_Med_2023_author_cell_type_X_umap_56ce23.csv,s3://lifebit-user-data-6941eed90a4dd7a1d1026d7a/deploit/teams/69d8dd1e5d3e1f8c350e006f/users/68af3d99c99eb7bd2ff47bc8/projects/69f80768ca774c668fbaaed8/jobs/69f8cdddd3d80718c05f0785/results/markers_symbols_respiratory_system_Rustam_Am_J_Respir_Crit_Care_Med_2023_author_cell_type_X_umap_56ce23.csv
markers_symbols_respiratory_system_Sikkema_Nat_Med_2023_ann_finest_level_X_umap_552c94.csv,s3://lifebit-user-data-6941eed90a4dd7a1d1026d7a/deploit/teams/69d8dd1e5d3e1f8c350e006f/users/68af3d99c99eb7bd2ff47bc8/projects/69f80768ca774c668fbaaed8/jobs/69f8cdddd3d80718c05f0785/results/markers_symbols_respiratory_system_Sikkema_Nat_Med_2023_ann_finest_level_X_umap_552c94.csv
markers_symbols_respiratory_system_Szabo_Nat_Commun_2019_status_X_umap_bb4707.csv,s3://lifebit-user-data-6941eed90a4dd7a1d1026d7a/deploit/teams/69d8dd1e5d3e1f8c350e006f/users/68af3d99c99eb7bd2ff47bc8/projects/69f80768ca774c668fbaaed8/jobs/69f8cdddd3d80718c05f0785/results/markers_symbols_respiratory_system_Szabo_Nat_Commun_2019_status_X_umap_bb4707.csv
markers_symbols_respiratory_system_Travaglini_Nature_2020_free_annotation_X_tSNE_04a4fd.csv,s3://lifebit-user-data-6941eed90a4dd7a1d1026d7a/deploit/teams/69d8dd1e5d3e1f8c350e006f/users/68af3d99c99eb7bd2ff47bc8/projects/69f80768ca774c668fbaaed8/jobs/69f8cdddd3d80718c05f0785/results/markers_symbols_respiratory_system_Travaglini_Nature_2020_free_annotation_X_tSNE_04a4fd.csv
markers_symbols_respiratory_system_Travaglini_Nature_2020_free_annotation_X_tSNE_81a82c.csv,s3://lifebit-user-data-6941eed90a4dd7a1d1026d7a/deploit/teams/69d8dd1e5d3e1f8c350e006f/users/68af3d99c99eb7bd2ff47bc8/projects/69f80768ca774c668fbaaed8/jobs/69f8cdddd3d80718c05f0785/results/markers_symbols_respiratory_system_Travaglini_Nature_2020_free_annotation_X_tSNE_81a82c.csv
markers_symbols_respiratory_system_Wang_eLife_2020_author_cell_type_X_umap_c3bd89.csv,s3://lifebit-user-data-6941eed90a4dd7a1d1026d7a/deploit/teams/69d8dd1e5d3e1f8c350e006f/users/68af3d99c99eb7bd2ff47bc8/projects/69f80768ca774c668fbaaed8/jobs/69f8cdddd3d80718c05f0785/results/markers_symbols_respiratory_system_Wang_eLife_2020_author_cell_type_X_umap_c3bd89.csv
markers_symbols_respiratory_system_Watanabe_Am_J_Respir_Cell_Mol_Biol_2022_author_cell_type_X_umap_c7b336.csv,s3://lifebit-user-data-6941eed90a4dd7a1d1026d7a/deploit/teams/69d8dd1e5d3e1f8c350e006f/users/68af3d99c99eb7bd2ff47bc8/projects/69f80768ca774c668fbaaed8/jobs/69f8cdddd3d80718c05f0785/results/markers_symbols_respiratory_system_Watanabe_Am_J_Respir_Cell_Mol_Biol_2022_author_cell_type_X_umap_c7b336.csv
markers_symbols_respiratory_system_Wells_Nat_Immunol_2025_author_cell_type_X_umap_74e9e1.csv,s3://lifebit-user-data-6941eed90a4dd7a1d1026d7a/deploit/teams/69d8dd1e5d3e1f8c350e006f/users/68af3d99c99eb7bd2ff47bc8/projects/69f80768ca774c668fbaaed8/jobs/69f8cdddd3d80718c05f0785/results/markers_symbols_respiratory_system_Wells_Nat_Immunol_2025_author_cell_type_X_umap_74e9e1.csv
markers_symbols_respiratory_system_Wong_American_Journal_of_Transplantation_2024_GSVA_anno_labels_lowcluster_X_umap_3db111.csv,s3://lifebit-user-data-6941eed90a4dd7a1d1026d7a/deploit/teams/69d8dd1e5d3e1f8c350e006f/users/68af3d99c99eb7bd2ff47bc8/projects/69f80768ca774c668fbaaed8/jobs/69f8cdddd3d80718c05f0785/results/markers_symbols_respiratory_system_Wong_American_Journal_of_Transplantation_2024_GSVA_anno_labels_lowcluster_X_umap_3db111.csv
markers_symbols_respiratory_system_Xu_Cell_2023_Original_annotation_X_umap_78cea8.csv,s3://lifebit-user-data-6941eed90a4dd7a1d1026d7a/deploit/teams/69d8dd1e5d3e1f8c350e006f/users/68af3d99c99eb7bd2ff47bc8/projects/69f80768ca774c668fbaaed8/jobs/69f8cdddd3d80718c05f0785/results/markers_symbols_respiratory_system_Xu_Cell_2023_Original_annotation_X_umap_78cea8.csv
markers_symbols_respiratory_system_Xu_Sci_Rep_2022_author_cell_type_final_X_umap_dc2012.csv,s3://lifebit-user-data-6941eed90a4dd7a1d1026d7a/deploit/teams/69d8dd1e5d3e1f8c350e006f/users/68af3d99c99eb7bd2ff47bc8/projects/69f80768ca774c668fbaaed8/jobs/69f8cdddd3d80718c05f0785/results/markers_symbols_respiratory_system_Xu_Sci_Rep_2022_author_cell_type_final_X_umap_dc2012.csv
markers_symbols_respiratory_system_Xu_Sci_Rep_2022_cell_type_X_umap_81ecd6.csv,s3://lifebit-user-data-6941eed90a4dd7a1d1026d7a/deploit/teams/69d8dd1e5d3e1f8c350e006f/users/68af3d99c99eb7bd2ff47bc8/projects/69f80768ca774c668fbaaed8/jobs/69f8cdddd3d80718c05f0785/results/markers_symbols_respiratory_system_Xu_Sci_Rep_2022_cell_type_X_umap_81ecd6.csv
markers_symbols_respiratory_system_Yoshida_Nature_2022_Cell_type_annotation_level3_X_umap_8dc8be.csv,s3://lifebit-user-data-6941eed90a4dd7a1d1026d7a/deploit/teams/69d8dd1e5d3e1f8c350e006f/users/68af3d99c99eb7bd2ff47bc8/projects/69f80768ca774c668fbaaed8/jobs/69f8cdddd3d80718c05f0785/results/markers_symbols_respiratory_system_Yoshida_Nature_2022_Cell_type_annotation_level3_X_umap_8dc8be.csv
markers_symbols_respiratory_system_Ziegler_Cell_2021_Detailed_Cell_Annotations_X_umap_045011.csv,s3://lifebit-user-data-6941eed90a4dd7a1d1026d7a/deploit/teams/69d8dd1e5d3e1f8c350e006f/users/68af3d99c99eb7bd2ff47bc8/projects/69f80768ca774c668fbaaed8/jobs/69f8cdddd3d80718c05f0785/results/markers_symbols_respiratory_system_Ziegler_Cell_2021_Detailed_Cell_Annotations_X_umap_045011.csv
master_dataset_summary_respiratory_system_Berg_Journal_of_Cystic_Fibrosis_2025_Level_5_X_umap_17763a.csv,s3://lifebit-user-data-6941eed90a4dd7a1d1026d7a/deploit/teams/69d8dd1e5d3e1f8c350e006f/users/68af3d99c99eb7bd2ff47bc8/projects/69f80768ca774c668fbaaed8/jobs/69f8cdddd3d80718c05f0785/results/master_dataset_summary_respiratory_system_Berg_Journal_of_Cystic_Fibrosis_2025_Level_5_X_umap_17763a.csv
master_dataset_summary_respiratory_system_Dominguez_Conde_Science_2022_Manually_curated_celltype_X_umap_04d255.csv,s3://lifebit-user-data-6941eed90a4dd7a1d1026d7a/deploit/teams/69d8dd1e5d3e1f8c350e006f/users/68af3d99c99eb7bd2ff47bc8/projects/69f80768ca774c668fbaaed8/jobs/69f8cdddd3d80718c05f0785/results/master_dataset_summary_respiratory_system_Dominguez_Conde_Science_2022_Manually_curated_celltype_X_umap_04d255.csv
master_dataset_summary_respiratory_system_Eraslan_Science_2022_Broad_cell_type_X_umap_f44b0f.csv,s3://lifebit-user-data-6941eed90a4dd7a1d1026d7a/deploit/teams/69d8dd1e5d3e1f8c350e006f/users/68af3d99c99eb7bd2ff47bc8/projects/69f80768ca774c668fbaaed8/jobs/69f8cdddd3d80718c05f0785/results/master_dataset_summary_respiratory_system_Eraslan_Science_2022_Broad_cell_type_X_umap_f44b0f.csv
master_dataset_summary_respiratory_system_Han_Nature_2020_author_cell_type_X_umap_5c7ea7.csv,s3://lifebit-user-data-6941eed90a4dd7a1d1026d7a/deploit/teams/69d8dd1e5d3e1f8c350e006f/users/68af3d99c99eb7bd2ff47bc8/projects/69f80768ca774c668fbaaed8/jobs/69f8cdddd3d80718c05f0785/results/master_dataset_summary_respiratory_system_Han_Nature_2020_author_cell_type_X_umap_5c7ea7.csv
master_dataset_summary_respiratory_system_Madissoon_Genome_Biol_2020_author_cell_type_X_umap_2ee7d6.csv,s3://lifebit-user-data-6941eed90a4dd7a1d1026d7a/deploit/teams/69d8dd1e5d3e1f8c350e006f/users/68af3d99c99eb7bd2ff47bc8/projects/69f80768ca774c668fbaaed8/jobs/69f8cdddd3d80718c05f0785/results/master_dataset_summary_respiratory_system_Madissoon_Genome_Biol_2020_author_cell_type_X_umap_2ee7d6.csv
master_dataset_summary_respiratory_system_Madissoon_Nat_Genet_2023_Celltypes_X_umap_ee858a.csv,s3://lifebit-user-data-6941eed90a4dd7a1d1026d7a/deploit/teams/69d8dd1e5d3e1f8c350e006f/users/68af3d99c99eb7bd2ff47bc8/projects/69f80768ca774c668fbaaed8/jobs/69f8cdddd3d80718c05f0785/results/master_dataset_summary_respiratory_system_Madissoon_Nat_Genet_2023_Celltypes_X_umap_ee858a.csv
master_dataset_summary_respiratory_system_Melms_Nature_2021_cell_type_fine_X_UMAP_c42060.csv,s3://lifebit-user-data-6941eed90a4dd7a1d1026d7a/deploit/teams/69d8dd1e5d3e1f8c350e006f/users/68af3d99c99eb7bd2ff47bc8/projects/69f80768ca774c668fbaaed8/jobs/69f8cdddd3d80718c05f0785/results/master_dataset_summary_respiratory_system_Melms_Nature_2021_cell_type_fine_X_UMAP_c42060.csv
master_dataset_summary_respiratory_system_Natri_Nat_Genet_2024_manual_annotation_1_X_umap_9a27e4.csv,s3://lifebit-user-data-6941eed90a4dd7a1d1026d7a/deploit/teams/69d8dd1e5d3e1f8c350e006f/users/68af3d99c99eb7bd2ff47bc8/projects/69f80768ca774c668fbaaed8/jobs/69f8cdddd3d80718c05f0785/results/master_dataset_summary_respiratory_system_Natri_Nat_Genet_2024_manual_annotation_1_X_umap_9a27e4.csv
master_dataset_summary_respiratory_system_Rustam_Am_J_Respir_Crit_Care_Med_2023_author_cell_type_X_umap_56ce23.csv,s3://lifebit-user-data-6941eed90a4dd7a1d1026d7a/deploit/teams/69d8dd1e5d3e1f8c350e006f/users/68af3d99c99eb7bd2ff47bc8/projects/69f80768ca774c668fbaaed8/jobs/69f8cdddd3d80718c05f0785/results/master_dataset_summary_respiratory_system_Rustam_Am_J_Respir_Crit_Care_Med_2023_author_cell_type_X_umap_56ce23.csv
master_dataset_summary_respiratory_system_Sikkema_Nat_Med_2023_ann_finest_level_X_umap_552c94.csv,s3://lifebit-user-data-6941eed90a4dd7a1d1026d7a/deploit/teams/69d8dd1e5d3e1f8c350e006f/users/68af3d99c99eb7bd2ff47bc8/projects/69f80768ca774c668fbaaed8/jobs/69f8cdddd3d80718c05f0785/results/master_dataset_summary_respiratory_system_Sikkema_Nat_Med_2023_ann_finest_level_X_umap_552c94.csv
master_dataset_summary_respiratory_system_Szabo_Nat_Commun_2019_status_X_umap_bb4707.csv,s3://lifebit-user-data-6941eed90a4dd7a1d1026d7a/deploit/teams/69d8dd1e5d3e1f8c350e006f/users/68af3d99c99eb7bd2ff47bc8/projects/69f80768ca774c668fbaaed8/jobs/69f8cdddd3d80718c05f0785/results/master_dataset_summary_respiratory_system_Szabo_Nat_Commun_2019_status_X_umap_bb4707.csv
master_dataset_summary_respiratory_system_Travaglini_Nature_2020_free_annotation_X_tSNE_04a4fd.csv,s3://lifebit-user-data-6941eed90a4dd7a1d1026d7a/deploit/teams/69d8dd1e5d3e1f8c350e006f/users/68af3d99c99eb7bd2ff47bc8/projects/69f80768ca774c668fbaaed8/jobs/69f8cdddd3d80718c05f0785/results/master_dataset_summary_respiratory_system_Travaglini_Nature_2020_free_annotation_X_tSNE_04a4fd.csv
master_dataset_summary_respiratory_system_Travaglini_Nature_2020_free_annotation_X_tSNE_81a82c.csv,s3://lifebit-user-data-6941eed90a4dd7a1d1026d7a/deploit/teams/69d8dd1e5d3e1f8c350e006f/users/68af3d99c99eb7bd2ff47bc8/projects/69f80768ca774c668fbaaed8/jobs/69f8cdddd3d80718c05f0785/results/master_dataset_summary_respiratory_system_Travaglini_Nature_2020_free_annotation_X_tSNE_81a82c.csv
master_dataset_summary_respiratory_system_Wang_eLife_2020_author_cell_type_X_umap_c3bd89.csv,s3://lifebit-user-data-6941eed90a4dd7a1d1026d7a/deploit/teams/69d8dd1e5d3e1f8c350e006f/users/68af3d99c99eb7bd2ff47bc8/projects/69f80768ca774c668fbaaed8/jobs/69f8cdddd3d80718c05f0785/results/master_dataset_summary_respiratory_system_Wang_eLife_2020_author_cell_type_X_umap_c3bd89.csv
master_dataset_summary_respiratory_system_Watanabe_Am_J_Respir_Cell_Mol_Biol_2022_author_cell_type_X_umap_c7b336.csv,s3://lifebit-user-data-6941eed90a4dd7a1d1026d7a/deploit/teams/69d8dd1e5d3e1f8c350e006f/users/68af3d99c99eb7bd2ff47bc8/projects/69f80768ca774c668fbaaed8/jobs/69f8cdddd3d80718c05f0785/results/master_dataset_summary_respiratory_system_Watanabe_Am_J_Respir_Cell_Mol_Biol_2022_author_cell_type_X_umap_c7b336.csv
master_dataset_summary_respiratory_system_Wells_Nat_Immunol_2025_author_cell_type_X_umap_74e9e1.csv,s3://lifebit-user-data-6941eed90a4dd7a1d1026d7a/deploit/teams/69d8dd1e5d3e1f8c350e006f/users/68af3d99c99eb7bd2ff47bc8/projects/69f80768ca774c668fbaaed8/jobs/69f8cdddd3d80718c05f0785/results/master_dataset_summary_respiratory_system_Wells_Nat_Immunol_2025_author_cell_type_X_umap_74e9e1.csv
master_dataset_summary_respiratory_system_Wong_American_Journal_of_Transplantation_2024_GSVA_anno_labels_lowcluster_X_umap_3db111.csv,s3://lifebit-user-data-6941eed90a4dd7a1d1026d7a/deploit/teams/69d8dd1e5d3e1f8c350e006f/users/68af3d99c99eb7bd2ff47bc8/projects/69f80768ca774c668fbaaed8/jobs/69f8cdddd3d80718c05f0785/results/master_dataset_summary_respiratory_system_Wong_American_Journal_of_Transplantation_2024_GSVA_anno_labels_lowcluster_X_umap_3db111.csv
master_dataset_summary_respiratory_system_Xu_Cell_2023_Original_annotation_X_umap_78cea8.csv,s3://lifebit-user-data-6941eed90a4dd7a1d1026d7a/deploit/teams/69d8dd1e5d3e1f8c350e006f/users/68af3d99c99eb7bd2ff47bc8/projects/69f80768ca774c668fbaaed8/jobs/69f8cdddd3d80718c05f0785/results/master_dataset_summary_respiratory_system_Xu_Cell_2023_Original_annotation_X_umap_78cea8.csv
master_dataset_summary_respiratory_system_Xu_Sci_Rep_2022_author_cell_type_final_X_umap_dc2012.csv,s3://lifebit-user-data-6941eed90a4dd7a1d1026d7a/deploit/teams/69d8dd1e5d3e1f8c350e006f/users/68af3d99c99eb7bd2ff47bc8/projects/69f80768ca774c668fbaaed8/jobs/69f8cdddd3d80718c05f0785/results/master_dataset_summary_respiratory_system_Xu_Sci_Rep_2022_author_cell_type_final_X_umap_dc2012.csv
master_dataset_summary_respiratory_system_Xu_Sci_Rep_2022_cell_type_X_umap_81ecd6.csv,s3://lifebit-user-data-6941eed90a4dd7a1d1026d7a/deploit/teams/69d8dd1e5d3e1f8c350e006f/users/68af3d99c99eb7bd2ff47bc8/projects/69f80768ca774c668fbaaed8/jobs/69f8cdddd3d80718c05f0785/results/master_dataset_summary_respiratory_system_Xu_Sci_Rep_2022_cell_type_X_umap_81ecd6.csv
master_dataset_summary_respiratory_system_Yoshida_Nature_2022_Cell_type_annotation_level3_X_umap_8dc8be.csv,s3://lifebit-user-data-6941eed90a4dd7a1d1026d7a/deploit/teams/69d8dd1e5d3e1f8c350e006f/users/68af3d99c99eb7bd2ff47bc8/projects/69f80768ca774c668fbaaed8/jobs/69f8cdddd3d80718c05f0785/results/master_dataset_summary_respiratory_system_Yoshida_Nature_2022_Cell_type_annotation_level3_X_umap_8dc8be.csv
master_dataset_summary_respiratory_system_Ziegler_Cell_2021_Detailed_Cell_Annotations_X_umap_045011.csv,s3://lifebit-user-data-6941eed90a4dd7a1d1026d7a/deploit/teams/69d8dd1e5d3e1f8c350e006f/users/68af3d99c99eb7bd2ff47bc8/projects/69f80768ca774c668fbaaed8/jobs/69f8cdddd3d80718c05f0785/results/master_dataset_summary_respiratory_system_Ziegler_Cell_2021_Detailed_Cell_Annotations_X_umap_045011.csv
matrixplot__scaledrespiratory_system_Berg_Journal_of_Cystic_Fibrosis_2025_Level_5_X_umap_17763a.svg,s3://lifebit-user-data-6941eed90a4dd7a1d1026d7a/deploit/teams/69d8dd1e5d3e1f8c350e006f/users/68af3d99c99eb7bd2ff47bc8/projects/69f80768ca774c668fbaaed8/jobs/69f8cdddd3d80718c05f0785/results/matrixplot__scaledrespiratory_system_Berg_Journal_of_Cystic_Fibrosis_2025_Level_5_X_umap_17763a.svg
matrixplot__scaledrespiratory_system_Dominguez_Conde_Science_2022_Manually_curated_celltype_X_umap_04d255.svg,s3://lifebit-user-data-6941eed90a4dd7a1d1026d7a/deploit/teams/69d8dd1e5d3e1f8c350e006f/users/68af3d99c99eb7bd2ff47bc8/projects/69f80768ca774c668fbaaed8/jobs/69f8cdddd3d80718c05f0785/results/matrixplot__scaledrespiratory_system_Dominguez_Conde_Science_2022_Manually_curated_celltype_X_umap_04d255.svg
matrixplot__scaledrespiratory_system_Eraslan_Science_2022_Broad_cell_type_X_umap_f44b0f.svg,s3://lifebit-user-data-6941eed90a4dd7a1d1026d7a/deploit/teams/69d8dd1e5d3e1f8c350e006f/users/68af3d99c99eb7bd2ff47bc8/projects/69f80768ca774c668fbaaed8/jobs/69f8cdddd3d80718c05f0785/results/matrixplot__scaledrespiratory_system_Eraslan_Science_2022_Broad_cell_type_X_umap_f44b0f.svg
matrixplot__scaledrespiratory_system_Han_Nature_2020_author_cell_type_X_umap_5c7ea7.svg,s3://lifebit-user-data-6941eed90a4dd7a1d1026d7a/deploit/teams/69d8dd1e5d3e1f8c350e006f/users/68af3d99c99eb7bd2ff47bc8/projects/69f80768ca774c668fbaaed8/jobs/69f8cdddd3d80718c05f0785/results/matrixplot__scaledrespiratory_system_Han_Nature_2020_author_cell_type_X_umap_5c7ea7.svg
matrixplot__scaledrespiratory_system_Madissoon_Genome_Biol_2020_author_cell_type_X_umap_2ee7d6.svg,s3://lifebit-user-data-6941eed90a4dd7a1d1026d7a/deploit/teams/69d8dd1e5d3e1f8c350e006f/users/68af3d99c99eb7bd2ff47bc8/projects/69f80768ca774c668fbaaed8/jobs/69f8cdddd3d80718c05f0785/results/matrixplot__scaledrespiratory_system_Madissoon_Genome_Biol_2020_author_cell_type_X_umap_2ee7d6.svg
matrixplot__scaledrespiratory_system_Madissoon_Nat_Genet_2023_Celltypes_X_umap_ee858a.svg,s3://lifebit-user-data-6941eed90a4dd7a1d1026d7a/deploit/teams/69d8dd1e5d3e1f8c350e006f/users/68af3d99c99eb7bd2ff47bc8/projects/69f80768ca774c668fbaaed8/jobs/69f8cdddd3d80718c05f0785/results/matrixplot__scaledrespiratory_system_Madissoon_Nat_Genet_2023_Celltypes_X_umap_ee858a.svg
matrixplot__scaledrespiratory_system_Melms_Nature_2021_cell_type_fine_X_UMAP_c42060.svg,s3://lifebit-user-data-6941eed90a4dd7a1d1026d7a/deploit/teams/69d8dd1e5d3e1f8c350e006f/users/68af3d99c99eb7bd2ff47bc8/projects/69f80768ca774c668fbaaed8/jobs/69f8cdddd3d80718c05f0785/results/matrixplot__scaledrespiratory_system_Melms_Nature_2021_cell_type_fine_X_UMAP_c42060.svg
matrixplot__scaledrespiratory_system_Natri_Nat_Genet_2024_manual_annotation_1_X_umap_9a27e4.svg,s3://lifebit-user-data-6941eed90a4dd7a1d1026d7a/deploit/teams/69d8dd1e5d3e1f8c350e006f/users/68af3d99c99eb7bd2ff47bc8/projects/69f80768ca774c668fbaaed8/jobs/69f8cdddd3d80718c05f0785/results/matrixplot__scaledrespiratory_system_Natri_Nat_Genet_2024_manual_annotation_1_X_umap_9a27e4.svg
matrixplot__scaledrespiratory_system_Rustam_Am_J_Respir_Crit_Care_Med_2023_author_cell_type_X_umap_56ce23.svg,s3://lifebit-user-data-6941eed90a4dd7a1d1026d7a/deploit/teams/69d8dd1e5d3e1f8c350e006f/users/68af3d99c99eb7bd2ff47bc8/projects/69f80768ca774c668fbaaed8/jobs/69f8cdddd3d80718c05f0785/results/matrixplot__scaledrespiratory_system_Rustam_Am_J_Respir_Crit_Care_Med_2023_author_cell_type_X_umap_56ce23.svg
matrixplot__scaledrespiratory_system_Sikkema_Nat_Med_2023_ann_finest_level_X_umap_552c94.svg,s3://lifebit-user-data-6941eed90a4dd7a1d1026d7a/deploit/teams/69d8dd1e5d3e1f8c350e006f/users/68af3d99c99eb7bd2ff47bc8/projects/69f80768ca774c668fbaaed8/jobs/69f8cdddd3d80718c05f0785/results/matrixplot__scaledrespiratory_system_Sikkema_Nat_Med_2023_ann_finest_level_X_umap_552c94.svg
matrixplot__scaledrespiratory_system_Szabo_Nat_Commun_2019_status_X_umap_bb4707.svg,s3://lifebit-user-data-6941eed90a4dd7a1d1026d7a/deploit/teams/69d8dd1e5d3e1f8c350e006f/users/68af3d99c99eb7bd2ff47bc8/projects/69f80768ca774c668fbaaed8/jobs/69f8cdddd3d80718c05f0785/results/matrixplot__scaledrespiratory_system_Szabo_Nat_Commun_2019_status_X_umap_bb4707.svg
matrixplot__scaledrespiratory_system_Travaglini_Nature_2020_free_annotation_X_tSNE_04a4fd.svg,s3://lifebit-user-data-6941eed90a4dd7a1d1026d7a/deploit/teams/69d8dd1e5d3e1f8c350e006f/users/68af3d99c99eb7bd2ff47bc8/projects/69f80768ca774c668fbaaed8/jobs/69f8cdddd3d80718c05f0785/results/matrixplot__scaledrespiratory_system_Travaglini_Nature_2020_free_annotation_X_tSNE_04a4fd.svg
matrixplot__scaledrespiratory_system_Travaglini_Nature_2020_free_annotation_X_tSNE_81a82c.svg,s3://lifebit-user-data-6941eed90a4dd7a1d1026d7a/deploit/teams/69d8dd1e5d3e1f8c350e006f/users/68af3d99c99eb7bd2ff47bc8/projects/69f80768ca774c668fbaaed8/jobs/69f8cdddd3d80718c05f0785/results/matrixplot__scaledrespiratory_system_Travaglini_Nature_2020_free_annotation_X_tSNE_81a82c.svg
matrixplot__scaledrespiratory_system_Wang_eLife_2020_author_cell_type_X_umap_c3bd89.svg,s3://lifebit-user-data-6941eed90a4dd7a1d1026d7a/deploit/teams/69d8dd1e5d3e1f8c350e006f/users/68af3d99c99eb7bd2ff47bc8/projects/69f80768ca774c668fbaaed8/jobs/69f8cdddd3d80718c05f0785/results/matrixplot__scaledrespiratory_system_Wang_eLife_2020_author_cell_type_X_umap_c3bd89.svg
matrixplot__scaledrespiratory_system_Watanabe_Am_J_Respir_Cell_Mol_Biol_2022_author_cell_type_X_umap_c7b336.svg,s3://lifebit-user-data-6941eed90a4dd7a1d1026d7a/deploit/teams/69d8dd1e5d3e1f8c350e006f/users/68af3d99c99eb7bd2ff47bc8/projects/69f80768ca774c668fbaaed8/jobs/69f8cdddd3d80718c05f0785/results/matrixplot__scaledrespiratory_system_Watanabe_Am_J_Respir_Cell_Mol_Biol_2022_author_cell_type_X_umap_c7b336.svg
matrixplot__scaledrespiratory_system_Wells_Nat_Immunol_2025_author_cell_type_X_umap_74e9e1.svg,s3://lifebit-user-data-6941eed90a4dd7a1d1026d7a/deploit/teams/69d8dd1e5d3e1f8c350e006f/users/68af3d99c99eb7bd2ff47bc8/projects/69f80768ca774c668fbaaed8/jobs/69f8cdddd3d80718c05f0785/results/matrixplot__scaledrespiratory_system_Wells_Nat_Immunol_2025_author_cell_type_X_umap_74e9e1.svg
matrixplot__scaledrespiratory_system_Wong_American_Journal_of_Transplantation_2024_GSVA_anno_labels_lowcluster_X_umap_3db111.svg,s3://lifebit-user-data-6941eed90a4dd7a1d1026d7a/deploit/teams/69d8dd1e5d3e1f8c350e006f/users/68af3d99c99eb7bd2ff47bc8/projects/69f80768ca774c668fbaaed8/jobs/69f8cdddd3d80718c05f0785/results/matrixplot__scaledrespiratory_system_Wong_American_Journal_of_Transplantation_2024_GSVA_anno_labels_lowcluster_X_umap_3db111.svg
matrixplot__scaledrespiratory_system_Xu_Cell_2023_Original_annotation_X_umap_78cea8.svg,s3://lifebit-user-data-6941eed90a4dd7a1d1026d7a/deploit/teams/69d8dd1e5d3e1f8c350e006f/users/68af3d99c99eb7bd2ff47bc8/projects/69f80768ca774c668fbaaed8/jobs/69f8cdddd3d80718c05f0785/results/matrixplot__scaledrespiratory_system_Xu_Cell_2023_Original_annotation_X_umap_78cea8.svg
matrixplot__scaledrespiratory_system_Xu_Sci_Rep_2022_author_cell_type_final_X_umap_dc2012.svg,s3://lifebit-user-data-6941eed90a4dd7a1d1026d7a/deploit/teams/69d8dd1e5d3e1f8c350e006f/users/68af3d99c99eb7bd2ff47bc8/projects/69f80768ca774c668fbaaed8/jobs/69f8cdddd3d80718c05f0785/results/matrixplot__scaledrespiratory_system_Xu_Sci_Rep_2022_author_cell_type_final_X_umap_dc2012.svg
matrixplot__scaledrespiratory_system_Xu_Sci_Rep_2022_cell_type_X_umap_81ecd6.svg,s3://lifebit-user-data-6941eed90a4dd7a1d1026d7a/deploit/teams/69d8dd1e5d3e1f8c350e006f/users/68af3d99c99eb7bd2ff47bc8/projects/69f80768ca774c668fbaaed8/jobs/69f8cdddd3d80718c05f0785/results/matrixplot__scaledrespiratory_system_Xu_Sci_Rep_2022_cell_type_X_umap_81ecd6.svg
matrixplot__scaledrespiratory_system_Yoshida_Nature_2022_Cell_type_annotation_level3_X_umap_8dc8be.svg,s3://lifebit-user-data-6941eed90a4dd7a1d1026d7a/deploit/teams/69d8dd1e5d3e1f8c350e006f/users/68af3d99c99eb7bd2ff47bc8/projects/69f80768ca774c668fbaaed8/jobs/69f8cdddd3d80718c05f0785/results/matrixplot__scaledrespiratory_system_Yoshida_Nature_2022_Cell_type_annotation_level3_X_umap_8dc8be.svg
matrixplot__scaledrespiratory_system_Ziegler_Cell_2021_Detailed_Cell_Annotations_X_umap_045011.svg,s3://lifebit-user-data-6941eed90a4dd7a1d1026d7a/deploit/teams/69d8dd1e5d3e1f8c350e006f/users/68af3d99c99eb7bd2ff47bc8/projects/69f80768ca774c668fbaaed8/jobs/69f8cdddd3d80718c05f0785/results/matrixplot__scaledrespiratory_system_Ziegler_Cell_2021_Detailed_Cell_Annotations_X_umap_045011.svg
matrixplot_respiratory_system_Berg_Journal_of_Cystic_Fibrosis_2025_Level_5_X_umap_17763a.svg,s3://lifebit-user-data-6941eed90a4dd7a1d1026d7a/deploit/teams/69d8dd1e5d3e1f8c350e006f/users/68af3d99c99eb7bd2ff47bc8/projects/69f80768ca774c668fbaaed8/jobs/69f8cdddd3d80718c05f0785/results/matrixplot_respiratory_system_Berg_Journal_of_Cystic_Fibrosis_2025_Level_5_X_umap_17763a.svg
matrixplot_respiratory_system_Dominguez_Conde_Science_2022_Manually_curated_celltype_X_umap_04d255.svg,s3://lifebit-user-data-6941eed90a4dd7a1d1026d7a/deploit/teams/69d8dd1e5d3e1f8c350e006f/users/68af3d99c99eb7bd2ff47bc8/projects/69f80768ca774c668fbaaed8/jobs/69f8cdddd3d80718c05f0785/results/matrixplot_respiratory_system_Dominguez_Conde_Science_2022_Manually_curated_celltype_X_umap_04d255.svg
matrixplot_respiratory_system_Eraslan_Science_2022_Broad_cell_type_X_umap_f44b0f.svg,s3://lifebit-user-data-6941eed90a4dd7a1d1026d7a/deploit/teams/69d8dd1e5d3e1f8c350e006f/users/68af3d99c99eb7bd2ff47bc8/projects/69f80768ca774c668fbaaed8/jobs/69f8cdddd3d80718c05f0785/results/matrixplot_respiratory_system_Eraslan_Science_2022_Broad_cell_type_X_umap_f44b0f.svg
matrixplot_respiratory_system_Han_Nature_2020_author_cell_type_X_umap_5c7ea7.svg,s3://lifebit-user-data-6941eed90a4dd7a1d1026d7a/deploit/teams/69d8dd1e5d3e1f8c350e006f/users/68af3d99c99eb7bd2ff47bc8/projects/69f80768ca774c668fbaaed8/jobs/69f8cdddd3d80718c05f0785/results/matrixplot_respiratory_system_Han_Nature_2020_author_cell_type_X_umap_5c7ea7.svg
matrixplot_respiratory_system_Madissoon_Genome_Biol_2020_author_cell_type_X_umap_2ee7d6.svg,s3://lifebit-user-data-6941eed90a4dd7a1d1026d7a/deploit/teams/69d8dd1e5d3e1f8c350e006f/users/68af3d99c99eb7bd2ff47bc8/projects/69f80768ca774c668fbaaed8/jobs/69f8cdddd3d80718c05f0785/results/matrixplot_respiratory_system_Madissoon_Genome_Biol_2020_author_cell_type_X_umap_2ee7d6.svg
matrixplot_respiratory_system_Madissoon_Nat_Genet_2023_Celltypes_X_umap_ee858a.svg,s3://lifebit-user-data-6941eed90a4dd7a1d1026d7a/deploit/teams/69d8dd1e5d3e1f8c350e006f/users/68af3d99c99eb7bd2ff47bc8/projects/69f80768ca774c668fbaaed8/jobs/69f8cdddd3d80718c05f0785/results/matrixplot_respiratory_system_Madissoon_Nat_Genet_2023_Celltypes_X_umap_ee858a.svg
matrixplot_respiratory_system_Melms_Nature_2021_cell_type_fine_X_UMAP_c42060.svg,s3://lifebit-user-data-6941eed90a4dd7a1d1026d7a/deploit/teams/69d8dd1e5d3e1f8c350e006f/users/68af3d99c99eb7bd2ff47bc8/projects/69f80768ca774c668fbaaed8/jobs/69f8cdddd3d80718c05f0785/results/matrixplot_respiratory_system_Melms_Nature_2021_cell_type_fine_X_UMAP_c42060.svg
matrixplot_respiratory_system_Natri_Nat_Genet_2024_manual_annotation_1_X_umap_9a27e4.svg,s3://lifebit-user-data-6941eed90a4dd7a1d1026d7a/deploit/teams/69d8dd1e5d3e1f8c350e006f/users/68af3d99c99eb7bd2ff47bc8/projects/69f80768ca774c668fbaaed8/jobs/69f8cdddd3d80718c05f0785/results/matrixplot_respiratory_system_Natri_Nat_Genet_2024_manual_annotation_1_X_umap_9a27e4.svg
matrixplot_respiratory_system_Rustam_Am_J_Respir_Crit_Care_Med_2023_author_cell_type_X_umap_56ce23.svg,s3://lifebit-user-data-6941eed90a4dd7a1d1026d7a/deploit/teams/69d8dd1e5d3e1f8c350e006f/users/68af3d99c99eb7bd2ff47bc8/projects/69f80768ca774c668fbaaed8/jobs/69f8cdddd3d80718c05f0785/results/matrixplot_respiratory_system_Rustam_Am_J_Respir_Crit_Care_Med_2023_author_cell_type_X_umap_56ce23.svg
matrixplot_respiratory_system_Sikkema_Nat_Med_2023_ann_finest_level_X_umap_552c94.svg,s3://lifebit-user-data-6941eed90a4dd7a1d1026d7a/deploit/teams/69d8dd1e5d3e1f8c350e006f/users/68af3d99c99eb7bd2ff47bc8/projects/69f80768ca774c668fbaaed8/jobs/69f8cdddd3d80718c05f0785/results/matrixplot_respiratory_system_Sikkema_Nat_Med_2023_ann_finest_level_X_umap_552c94.svg
matrixplot_respiratory_system_Szabo_Nat_Commun_2019_status_X_umap_bb4707.svg,s3://lifebit-user-data-6941eed90a4dd7a1d1026d7a/deploit/teams/69d8dd1e5d3e1f8c350e006f/users/68af3d99c99eb7bd2ff47bc8/projects/69f80768ca774c668fbaaed8/jobs/69f8cdddd3d80718c05f0785/results/matrixplot_respiratory_system_Szabo_Nat_Commun_2019_status_X_umap_bb4707.svg
matrixplot_respiratory_system_Travaglini_Nature_2020_free_annotation_X_tSNE_04a4fd.svg,s3://lifebit-user-data-6941eed90a4dd7a1d1026d7a/deploit/teams/69d8dd1e5d3e1f8c350e006f/users/68af3d99c99eb7bd2ff47bc8/projects/69f80768ca774c668fbaaed8/jobs/69f8cdddd3d80718c05f0785/results/matrixplot_respiratory_system_Travaglini_Nature_2020_free_annotation_X_tSNE_04a4fd.svg
matrixplot_respiratory_system_Travaglini_Nature_2020_free_annotation_X_tSNE_81a82c.svg,s3://lifebit-user-data-6941eed90a4dd7a1d1026d7a/deploit/teams/69d8dd1e5d3e1f8c350e006f/users/68af3d99c99eb7bd2ff47bc8/projects/69f80768ca774c668fbaaed8/jobs/69f8cdddd3d80718c05f0785/results/matrixplot_respiratory_system_Travaglini_Nature_2020_free_annotation_X_tSNE_81a82c.svg
matrixplot_respiratory_system_Wang_eLife_2020_author_cell_type_X_umap_c3bd89.svg,s3://lifebit-user-data-6941eed90a4dd7a1d1026d7a/deploit/teams/69d8dd1e5d3e1f8c350e006f/users/68af3d99c99eb7bd2ff47bc8/projects/69f80768ca774c668fbaaed8/jobs/69f8cdddd3d80718c05f0785/results/matrixplot_respiratory_system_Wang_eLife_2020_author_cell_type_X_umap_c3bd89.svg
matrixplot_respiratory_system_Watanabe_Am_J_Respir_Cell_Mol_Biol_2022_author_cell_type_X_umap_c7b336.svg,s3://lifebit-user-data-6941eed90a4dd7a1d1026d7a/deploit/teams/69d8dd1e5d3e1f8c350e006f/users/68af3d99c99eb7bd2ff47bc8/projects/69f80768ca774c668fbaaed8/jobs/69f8cdddd3d80718c05f0785/results/matrixplot_respiratory_system_Watanabe_Am_J_Respir_Cell_Mol_Biol_2022_author_cell_type_X_umap_c7b336.svg
matrixplot_respiratory_system_Wells_Nat_Immunol_2025_author_cell_type_X_umap_74e9e1.svg,s3://lifebit-user-data-6941eed90a4dd7a1d1026d7a/deploit/teams/69d8dd1e5d3e1f8c350e006f/users/68af3d99c99eb7bd2ff47bc8/projects/69f80768ca774c668fbaaed8/jobs/69f8cdddd3d80718c05f0785/results/matrixplot_respiratory_system_Wells_Nat_Immunol_2025_author_cell_type_X_umap_74e9e1.svg
matrixplot_respiratory_system_Wong_American_Journal_of_Transplantation_2024_GSVA_anno_labels_lowcluster_X_umap_3db111.svg,s3://lifebit-user-data-6941eed90a4dd7a1d1026d7a/deploit/teams/69d8dd1e5d3e1f8c350e006f/users/68af3d99c99eb7bd2ff47bc8/projects/69f80768ca774c668fbaaed8/jobs/69f8cdddd3d80718c05f0785/results/matrixplot_respiratory_system_Wong_American_Journal_of_Transplantation_2024_GSVA_anno_labels_lowcluster_X_umap_3db111.svg
matrixplot_respiratory_system_Xu_Cell_2023_Original_annotation_X_umap_78cea8.svg,s3://lifebit-user-data-6941eed90a4dd7a1d1026d7a/deploit/teams/69d8dd1e5d3e1f8c350e006f/users/68af3d99c99eb7bd2ff47bc8/projects/69f80768ca774c668fbaaed8/jobs/69f8cdddd3d80718c05f0785/results/matrixplot_respiratory_system_Xu_Cell_2023_Original_annotation_X_umap_78cea8.svg
matrixplot_respiratory_system_Xu_Sci_Rep_2022_author_cell_type_final_X_umap_dc2012.svg,s3://lifebit-user-data-6941eed90a4dd7a1d1026d7a/deploit/teams/69d8dd1e5d3e1f8c350e006f/users/68af3d99c99eb7bd2ff47bc8/projects/69f80768ca774c668fbaaed8/jobs/69f8cdddd3d80718c05f0785/results/matrixplot_respiratory_system_Xu_Sci_Rep_2022_author_cell_type_final_X_umap_dc2012.svg
matrixplot_respiratory_system_Xu_Sci_Rep_2022_cell_type_X_umap_81ecd6.svg,s3://lifebit-user-data-6941eed90a4dd7a1d1026d7a/deploit/teams/69d8dd1e5d3e1f8c350e006f/users/68af3d99c99eb7bd2ff47bc8/projects/69f80768ca774c668fbaaed8/jobs/69f8cdddd3d80718c05f0785/results/matrixplot_respiratory_system_Xu_Sci_Rep_2022_cell_type_X_umap_81ecd6.svg
matrixplot_respiratory_system_Yoshida_Nature_2022_Cell_type_annotation_level3_X_umap_8dc8be.svg,s3://lifebit-user-data-6941eed90a4dd7a1d1026d7a/deploit/teams/69d8dd1e5d3e1f8c350e006f/users/68af3d99c99eb7bd2ff47bc8/projects/69f80768ca774c668fbaaed8/jobs/69f8cdddd3d80718c05f0785/results/matrixplot_respiratory_system_Yoshida_Nature_2022_Cell_type_annotation_level3_X_umap_8dc8be.svg
matrixplot_respiratory_system_Ziegler_Cell_2021_Detailed_Cell_Annotations_X_umap_045011.svg,s3://lifebit-user-data-6941eed90a4dd7a1d1026d7a/deploit/teams/69d8dd1e5d3e1f8c350e006f/users/68af3d99c99eb7bd2ff47bc8/projects/69f80768ca774c668fbaaed8/jobs/69f8cdddd3d80718c05f0785/results/matrixplot_respiratory_system_Ziegler_Cell_2021_Detailed_Cell_Annotations_X_umap_045011.svg
medians_ensg_respiratory_system_Berg_Journal_of_Cystic_Fibrosis_2025_Level_5_X_umap_17763a.csv,s3://lifebit-user-data-6941eed90a4dd7a1d1026d7a/deploit/teams/69d8dd1e5d3e1f8c350e006f/users/68af3d99c99eb7bd2ff47bc8/projects/69f80768ca774c668fbaaed8/jobs/69f8cdddd3d80718c05f0785/results/medians_ensg_respiratory_system_Berg_Journal_of_Cystic_Fibrosis_2025_Level_5_X_umap_17763a.csv
medians_ensg_respiratory_system_Berg_Journal_of_Cystic_Fibrosis_2025_Level_5_X_umap_17763a.pkl,s3://lifebit-user-data-6941eed90a4dd7a1d1026d7a/deploit/teams/69d8dd1e5d3e1f8c350e006f/users/68af3d99c99eb7bd2ff47bc8/projects/69f80768ca774c668fbaaed8/jobs/69f8cdddd3d80718c05f0785/results/medians_ensg_respiratory_system_Berg_Journal_of_Cystic_Fibrosis_2025_Level_5_X_umap_17763a.pkl
medians_ensg_respiratory_system_Dominguez_Conde_Science_2022_Manually_curated_celltype_X_umap_04d255.csv,s3://lifebit-user-data-6941eed90a4dd7a1d1026d7a/deploit/teams/69d8dd1e5d3e1f8c350e006f/users/68af3d99c99eb7bd2ff47bc8/projects/69f80768ca774c668fbaaed8/jobs/69f8cdddd3d80718c05f0785/results/medians_ensg_respiratory_system_Dominguez_Conde_Science_2022_Manually_curated_celltype_X_umap_04d255.csv
medians_ensg_respiratory_system_Dominguez_Conde_Science_2022_Manually_curated_celltype_X_umap_04d255.pkl,s3://lifebit-user-data-6941eed90a4dd7a1d1026d7a/deploit/teams/69d8dd1e5d3e1f8c350e006f/users/68af3d99c99eb7bd2ff47bc8/projects/69f80768ca774c668fbaaed8/jobs/69f8cdddd3d80718c05f0785/results/medians_ensg_respiratory_system_Dominguez_Conde_Science_2022_Manually_curated_celltype_X_umap_04d255.pkl
medians_ensg_respiratory_system_Eraslan_Science_2022_Broad_cell_type_X_umap_f44b0f.csv,s3://lifebit-user-data-6941eed90a4dd7a1d1026d7a/deploit/teams/69d8dd1e5d3e1f8c350e006f/users/68af3d99c99eb7bd2ff47bc8/projects/69f80768ca774c668fbaaed8/jobs/69f8cdddd3d80718c05f0785/results/medians_ensg_respiratory_system_Eraslan_Science_2022_Broad_cell_type_X_umap_f44b0f.csv
medians_ensg_respiratory_system_Eraslan_Science_2022_Broad_cell_type_X_umap_f44b0f.pkl,s3://lifebit-user-data-6941eed90a4dd7a1d1026d7a/deploit/teams/69d8dd1e5d3e1f8c350e006f/users/68af3d99c99eb7bd2ff47bc8/projects/69f80768ca774c668fbaaed8/jobs/69f8cdddd3d80718c05f0785/results/medians_ensg_respiratory_system_Eraslan_Science_2022_Broad_cell_type_X_umap_f44b0f.pkl
medians_ensg_respiratory_system_Han_Nature_2020_author_cell_type_X_umap_5c7ea7.csv,s3://lifebit-user-data-6941eed90a4dd7a1d1026d7a/deploit/teams/69d8dd1e5d3e1f8c350e006f/users/68af3d99c99eb7bd2ff47bc8/projects/69f80768ca774c668fbaaed8/jobs/69f8cdddd3d80718c05f0785/results/medians_ensg_respiratory_system_Han_Nature_2020_author_cell_type_X_umap_5c7ea7.csv
medians_ensg_respiratory_system_Han_Nature_2020_author_cell_type_X_umap_5c7ea7.pkl,s3://lifebit-user-data-6941eed90a4dd7a1d1026d7a/deploit/teams/69d8dd1e5d3e1f8c350e006f/users/68af3d99c99eb7bd2ff47bc8/projects/69f80768ca774c668fbaaed8/jobs/69f8cdddd3d80718c05f0785/results/medians_ensg_respiratory_system_Han_Nature_2020_author_cell_type_X_umap_5c7ea7.pkl
medians_ensg_respiratory_system_Madissoon_Genome_Biol_2020_author_cell_type_X_umap_2ee7d6.csv,s3://lifebit-user-data-6941eed90a4dd7a1d1026d7a/deploit/teams/69d8dd1e5d3e1f8c350e006f/users/68af3d99c99eb7bd2ff47bc8/projects/69f80768ca774c668fbaaed8/jobs/69f8cdddd3d80718c05f0785/results/medians_ensg_respiratory_system_Madissoon_Genome_Biol_2020_author_cell_type_X_umap_2ee7d6.csv
medians_ensg_respiratory_system_Madissoon_Genome_Biol_2020_author_cell_type_X_umap_2ee7d6.pkl,s3://lifebit-user-data-6941eed90a4dd7a1d1026d7a/deploit/teams/69d8dd1e5d3e1f8c350e006f/users/68af3d99c99eb7bd2ff47bc8/projects/69f80768ca774c668fbaaed8/jobs/69f8cdddd3d80718c05f0785/results/medians_ensg_respiratory_system_Madissoon_Genome_Biol_2020_author_cell_type_X_umap_2ee7d6.pkl
medians_ensg_respiratory_system_Madissoon_Nat_Genet_2023_Celltypes_X_umap_ee858a.csv,s3://lifebit-user-data-6941eed90a4dd7a1d1026d7a/deploit/teams/69d8dd1e5d3e1f8c350e006f/users/68af3d99c99eb7bd2ff47bc8/projects/69f80768ca774c668fbaaed8/jobs/69f8cdddd3d80718c05f0785/results/medians_ensg_respiratory_system_Madissoon_Nat_Genet_2023_Celltypes_X_umap_ee858a.csv
medians_ensg_respiratory_system_Madissoon_Nat_Genet_2023_Celltypes_X_umap_ee858a.pkl,s3://lifebit-user-data-6941eed90a4dd7a1d1026d7a/deploit/teams/69d8dd1e5d3e1f8c350e006f/users/68af3d99c99eb7bd2ff47bc8/projects/69f80768ca774c668fbaaed8/jobs/69f8cdddd3d80718c05f0785/results/medians_ensg_respiratory_system_Madissoon_Nat_Genet_2023_Celltypes_X_umap_ee858a.pkl
medians_ensg_respiratory_system_Melms_Nature_2021_cell_type_fine_X_UMAP_c42060.csv,s3://lifebit-user-data-6941eed90a4dd7a1d1026d7a/deploit/teams/69d8dd1e5d3e1f8c350e006f/users/68af3d99c99eb7bd2ff47bc8/projects/69f80768ca774c668fbaaed8/jobs/69f8cdddd3d80718c05f0785/results/medians_ensg_respiratory_system_Melms_Nature_2021_cell_type_fine_X_UMAP_c42060.csv
medians_ensg_respiratory_system_Melms_Nature_2021_cell_type_fine_X_UMAP_c42060.pkl,s3://lifebit-user-data-6941eed90a4dd7a1d1026d7a/deploit/teams/69d8dd1e5d3e1f8c350e006f/users/68af3d99c99eb7bd2ff47bc8/projects/69f80768ca774c668fbaaed8/jobs/69f8cdddd3d80718c05f0785/results/medians_ensg_respiratory_system_Melms_Nature_2021_cell_type_fine_X_UMAP_c42060.pkl
medians_ensg_respiratory_system_Natri_Nat_Genet_2024_manual_annotation_1_X_umap_9a27e4.csv,s3://lifebit-user-data-6941eed90a4dd7a1d1026d7a/deploit/teams/69d8dd1e5d3e1f8c350e006f/users/68af3d99c99eb7bd2ff47bc8/projects/69f80768ca774c668fbaaed8/jobs/69f8cdddd3d80718c05f0785/results/medians_ensg_respiratory_system_Natri_Nat_Genet_2024_manual_annotation_1_X_umap_9a27e4.csv
medians_ensg_respiratory_system_Natri_Nat_Genet_2024_manual_annotation_1_X_umap_9a27e4.pkl,s3://lifebit-user-data-6941eed90a4dd7a1d1026d7a/deploit/teams/69d8dd1e5d3e1f8c350e006f/users/68af3d99c99eb7bd2ff47bc8/projects/69f80768ca774c668fbaaed8/jobs/69f8cdddd3d80718c05f0785/results/medians_ensg_respiratory_system_Natri_Nat_Genet_2024_manual_annotation_1_X_umap_9a27e4.pkl
medians_ensg_respiratory_system_Rustam_Am_J_Respir_Crit_Care_Med_2023_author_cell_type_X_umap_56ce23.csv,s3://lifebit-user-data-6941eed90a4dd7a1d1026d7a/deploit/teams/69d8dd1e5d3e1f8c350e006f/users/68af3d99c99eb7bd2ff47bc8/projects/69f80768ca774c668fbaaed8/jobs/69f8cdddd3d80718c05f0785/results/medians_ensg_respiratory_system_Rustam_Am_J_Respir_Crit_Care_Med_2023_author_cell_type_X_umap_56ce23.csv
medians_ensg_respiratory_system_Rustam_Am_J_Respir_Crit_Care_Med_2023_author_cell_type_X_umap_56ce23.pkl,s3://lifebit-user-data-6941eed90a4dd7a1d1026d7a/deploit/teams/69d8dd1e5d3e1f8c350e006f/users/68af3d99c99eb7bd2ff47bc8/projects/69f80768ca774c668fbaaed8/jobs/69f8cdddd3d80718c05f0785/results/medians_ensg_respiratory_system_Rustam_Am_J_Respir_Crit_Care_Med_2023_author_cell_type_X_umap_56ce23.pkl
medians_ensg_respiratory_system_Sikkema_Nat_Med_2023_ann_finest_level_X_umap_552c94.csv,s3://lifebit-user-data-6941eed90a4dd7a1d1026d7a/deploit/teams/69d8dd1e5d3e1f8c350e006f/users/68af3d99c99eb7bd2ff47bc8/projects/69f80768ca774c668fbaaed8/jobs/69f8cdddd3d80718c05f0785/results/medians_ensg_respiratory_system_Sikkema_Nat_Med_2023_ann_finest_level_X_umap_552c94.csv
medians_ensg_respiratory_system_Sikkema_Nat_Med_2023_ann_finest_level_X_umap_552c94.pkl,s3://lifebit-user-data-6941eed90a4dd7a1d1026d7a/deploit/teams/69d8dd1e5d3e1f8c350e006f/users/68af3d99c99eb7bd2ff47bc8/projects/69f80768ca774c668fbaaed8/jobs/69f8cdddd3d80718c05f0785/results/medians_ensg_respiratory_system_Sikkema_Nat_Med_2023_ann_finest_level_X_umap_552c94.pkl
medians_ensg_respiratory_system_Szabo_Nat_Commun_2019_status_X_umap_bb4707.csv,s3://lifebit-user-data-6941eed90a4dd7a1d1026d7a/deploit/teams/69d8dd1e5d3e1f8c350e006f/users/68af3d99c99eb7bd2ff47bc8/projects/69f80768ca774c668fbaaed8/jobs/69f8cdddd3d80718c05f0785/results/medians_ensg_respiratory_system_Szabo_Nat_Commun_2019_status_X_umap_bb4707.csv
medians_ensg_respiratory_system_Szabo_Nat_Commun_2019_status_X_umap_bb4707.pkl,s3://lifebit-user-data-6941eed90a4dd7a1d1026d7a/deploit/teams/69d8dd1e5d3e1f8c350e006f/users/68af3d99c99eb7bd2ff47bc8/projects/69f80768ca774c668fbaaed8/jobs/69f8cdddd3d80718c05f0785/results/medians_ensg_respiratory_system_Szabo_Nat_Commun_2019_status_X_umap_bb4707.pkl
medians_ensg_respiratory_system_Travaglini_Nature_2020_free_annotation_X_tSNE_04a4fd.csv,s3://lifebit-user-data-6941eed90a4dd7a1d1026d7a/deploit/teams/69d8dd1e5d3e1f8c350e006f/users/68af3d99c99eb7bd2ff47bc8/projects/69f80768ca774c668fbaaed8/jobs/69f8cdddd3d80718c05f0785/results/medians_ensg_respiratory_system_Travaglini_Nature_2020_free_annotation_X_tSNE_04a4fd.csv
medians_ensg_respiratory_system_Travaglini_Nature_2020_free_annotation_X_tSNE_04a4fd.pkl,s3://lifebit-user-data-6941eed90a4dd7a1d1026d7a/deploit/teams/69d8dd1e5d3e1f8c350e006f/users/68af3d99c99eb7bd2ff47bc8/projects/69f80768ca774c668fbaaed8/jobs/69f8cdddd3d80718c05f0785/results/medians_ensg_respiratory_system_Travaglini_Nature_2020_free_annotation_X_tSNE_04a4fd.pkl
medians_ensg_respiratory_system_Travaglini_Nature_2020_free_annotation_X_tSNE_81a82c.csv,s3://lifebit-user-data-6941eed90a4dd7a1d1026d7a/deploit/teams/69d8dd1e5d3e1f8c350e006f/users/68af3d99c99eb7bd2ff47bc8/projects/69f80768ca774c668fbaaed8/jobs/69f8cdddd3d80718c05f0785/results/medians_ensg_respiratory_system_Travaglini_Nature_2020_free_annotation_X_tSNE_81a82c.csv
medians_ensg_respiratory_system_Travaglini_Nature_2020_free_annotation_X_tSNE_81a82c.pkl,s3://lifebit-user-data-6941eed90a4dd7a1d1026d7a/deploit/teams/69d8dd1e5d3e1f8c350e006f/users/68af3d99c99eb7bd2ff47bc8/projects/69f80768ca774c668fbaaed8/jobs/69f8cdddd3d80718c05f0785/results/medians_ensg_respiratory_system_Travaglini_Nature_2020_free_annotation_X_tSNE_81a82c.pkl
medians_ensg_respiratory_system_Wang_eLife_2020_author_cell_type_X_umap_c3bd89.csv,s3://lifebit-user-data-6941eed90a4dd7a1d1026d7a/deploit/teams/69d8dd1e5d3e1f8c350e006f/users/68af3d99c99eb7bd2ff47bc8/projects/69f80768ca774c668fbaaed8/jobs/69f8cdddd3d80718c05f0785/results/medians_ensg_respiratory_system_Wang_eLife_2020_author_cell_type_X_umap_c3bd89.csv
medians_ensg_respiratory_system_Wang_eLife_2020_author_cell_type_X_umap_c3bd89.pkl,s3://lifebit-user-data-6941eed90a4dd7a1d1026d7a/deploit/teams/69d8dd1e5d3e1f8c350e006f/users/68af3d99c99eb7bd2ff47bc8/projects/69f80768ca774c668fbaaed8/jobs/69f8cdddd3d80718c05f0785/results/medians_ensg_respiratory_system_Wang_eLife_2020_author_cell_type_X_umap_c3bd89.pkl
medians_ensg_respiratory_system_Watanabe_Am_J_Respir_Cell_Mol_Biol_2022_author_cell_type_X_umap_c7b336.csv,s3://lifebit-user-data-6941eed90a4dd7a1d1026d7a/deploit/teams/69d8dd1e5d3e1f8c350e006f/users/68af3d99c99eb7bd2ff47bc8/projects/69f80768ca774c668fbaaed8/jobs/69f8cdddd3d80718c05f0785/results/medians_ensg_respiratory_system_Watanabe_Am_J_Respir_Cell_Mol_Biol_2022_author_cell_type_X_umap_c7b336.csv
medians_ensg_respiratory_system_Watanabe_Am_J_Respir_Cell_Mol_Biol_2022_author_cell_type_X_umap_c7b336.pkl,s3://lifebit-user-data-6941eed90a4dd7a1d1026d7a/deploit/teams/69d8dd1e5d3e1f8c350e006f/users/68af3d99c99eb7bd2ff47bc8/projects/69f80768ca774c668fbaaed8/jobs/69f8cdddd3d80718c05f0785/results/medians_ensg_respiratory_system_Watanabe_Am_J_Respir_Cell_Mol_Biol_2022_author_cell_type_X_umap_c7b336.pkl
medians_ensg_respiratory_system_Wells_Nat_Immunol_2025_author_cell_type_X_umap_74e9e1.csv,s3://lifebit-user-data-6941eed90a4dd7a1d1026d7a/deploit/teams/69d8dd1e5d3e1f8c350e006f/users/68af3d99c99eb7bd2ff47bc8/projects/69f80768ca774c668fbaaed8/jobs/69f8cdddd3d80718c05f0785/results/medians_ensg_respiratory_system_Wells_Nat_Immunol_2025_author_cell_type_X_umap_74e9e1.csv
medians_ensg_respiratory_system_Wells_Nat_Immunol_2025_author_cell_type_X_umap_74e9e1.pkl,s3://lifebit-user-data-6941eed90a4dd7a1d1026d7a/deploit/teams/69d8dd1e5d3e1f8c350e006f/users/68af3d99c99eb7bd2ff47bc8/projects/69f80768ca774c668fbaaed8/jobs/69f8cdddd3d80718c05f0785/results/medians_ensg_respiratory_system_Wells_Nat_Immunol_2025_author_cell_type_X_umap_74e9e1.pkl
medians_ensg_respiratory_system_Wong_American_Journal_of_Transplantation_2024_GSVA_anno_labels_lowcluster_X_umap_3db111.csv,s3://lifebit-user-data-6941eed90a4dd7a1d1026d7a/deploit/teams/69d8dd1e5d3e1f8c350e006f/users/68af3d99c99eb7bd2ff47bc8/projects/69f80768ca774c668fbaaed8/jobs/69f8cdddd3d80718c05f0785/results/medians_ensg_respiratory_system_Wong_American_Journal_of_Transplantation_2024_GSVA_anno_labels_lowcluster_X_umap_3db111.csv
medians_ensg_respiratory_system_Wong_American_Journal_of_Transplantation_2024_GSVA_anno_labels_lowcluster_X_umap_3db111.pkl,s3://lifebit-user-data-6941eed90a4dd7a1d1026d7a/deploit/teams/69d8dd1e5d3e1f8c350e006f/users/68af3d99c99eb7bd2ff47bc8/projects/69f80768ca774c668fbaaed8/jobs/69f8cdddd3d80718c05f0785/results/medians_ensg_respiratory_system_Wong_American_Journal_of_Transplantation_2024_GSVA_anno_labels_lowcluster_X_umap_3db111.pkl
medians_ensg_respiratory_system_Xu_Cell_2023_Original_annotation_X_umap_78cea8.csv,s3://lifebit-user-data-6941eed90a4dd7a1d1026d7a/deploit/teams/69d8dd1e5d3e1f8c350e006f/users/68af3d99c99eb7bd2ff47bc8/projects/69f80768ca774c668fbaaed8/jobs/69f8cdddd3d80718c05f0785/results/medians_ensg_respiratory_system_Xu_Cell_2023_Original_annotation_X_umap_78cea8.csv
medians_ensg_respiratory_system_Xu_Cell_2023_Original_annotation_X_umap_78cea8.pkl,s3://lifebit-user-data-6941eed90a4dd7a1d1026d7a/deploit/teams/69d8dd1e5d3e1f8c350e006f/users/68af3d99c99eb7bd2ff47bc8/projects/69f80768ca774c668fbaaed8/jobs/69f8cdddd3d80718c05f0785/results/medians_ensg_respiratory_system_Xu_Cell_2023_Original_annotation_X_umap_78cea8.pkl
medians_ensg_respiratory_system_Xu_Sci_Rep_2022_author_cell_type_final_X_umap_dc2012.csv,s3://lifebit-user-data-6941eed90a4dd7a1d1026d7a/deploit/teams/69d8dd1e5d3e1f8c350e006f/users/68af3d99c99eb7bd2ff47bc8/projects/69f80768ca774c668fbaaed8/jobs/69f8cdddd3d80718c05f0785/results/medians_ensg_respiratory_system_Xu_Sci_Rep_2022_author_cell_type_final_X_umap_dc2012.csv
medians_ensg_respiratory_system_Xu_Sci_Rep_2022_author_cell_type_final_X_umap_dc2012.pkl,s3://lifebit-user-data-6941eed90a4dd7a1d1026d7a/deploit/teams/69d8dd1e5d3e1f8c350e006f/users/68af3d99c99eb7bd2ff47bc8/projects/69f80768ca774c668fbaaed8/jobs/69f8cdddd3d80718c05f0785/results/medians_ensg_respiratory_system_Xu_Sci_Rep_2022_author_cell_type_final_X_umap_dc2012.pkl
medians_ensg_respiratory_system_Xu_Sci_Rep_2022_cell_type_X_umap_81ecd6.csv,s3://lifebit-user-data-6941eed90a4dd7a1d1026d7a/deploit/teams/69d8dd1e5d3e1f8c350e006f/users/68af3d99c99eb7bd2ff47bc8/projects/69f80768ca774c668fbaaed8/jobs/69f8cdddd3d80718c05f0785/results/medians_ensg_respiratory_system_Xu_Sci_Rep_2022_cell_type_X_umap_81ecd6.csv
medians_ensg_respiratory_system_Xu_Sci_Rep_2022_cell_type_X_umap_81ecd6.pkl,s3://lifebit-user-data-6941eed90a4dd7a1d1026d7a/deploit/teams/69d8dd1e5d3e1f8c350e006f/users/68af3d99c99eb7bd2ff47bc8/projects/69f80768ca774c668fbaaed8/jobs/69f8cdddd3d80718c05f0785/results/medians_ensg_respiratory_system_Xu_Sci_Rep_2022_cell_type_X_umap_81ecd6.pkl
medians_ensg_respiratory_system_Yoshida_Nature_2022_Cell_type_annotation_level3_X_umap_8dc8be.csv,s3://lifebit-user-data-6941eed90a4dd7a1d1026d7a/deploit/teams/69d8dd1e5d3e1f8c350e006f/users/68af3d99c99eb7bd2ff47bc8/projects/69f80768ca774c668fbaaed8/jobs/69f8cdddd3d80718c05f0785/results/medians_ensg_respiratory_system_Yoshida_Nature_2022_Cell_type_annotation_level3_X_umap_8dc8be.csv
medians_ensg_respiratory_system_Yoshida_Nature_2022_Cell_type_annotation_level3_X_umap_8dc8be.pkl,s3://lifebit-user-data-6941eed90a4dd7a1d1026d7a/deploit/teams/69d8dd1e5d3e1f8c350e006f/users/68af3d99c99eb7bd2ff47bc8/projects/69f80768ca774c668fbaaed8/jobs/69f8cdddd3d80718c05f0785/results/medians_ensg_respiratory_system_Yoshida_Nature_2022_Cell_type_annotation_level3_X_umap_8dc8be.pkl
medians_ensg_respiratory_system_Ziegler_Cell_2021_Detailed_Cell_Annotations_X_umap_045011.csv,s3://lifebit-user-data-6941eed90a4dd7a1d1026d7a/deploit/teams/69d8dd1e5d3e1f8c350e006f/users/68af3d99c99eb7bd2ff47bc8/projects/69f80768ca774c668fbaaed8/jobs/69f8cdddd3d80718c05f0785/results/medians_ensg_respiratory_system_Ziegler_Cell_2021_Detailed_Cell_Annotations_X_umap_045011.csv
medians_ensg_respiratory_system_Ziegler_Cell_2021_Detailed_Cell_Annotations_X_umap_045011.pkl,s3://lifebit-user-data-6941eed90a4dd7a1d1026d7a/deploit/teams/69d8dd1e5d3e1f8c350e006f/users/68af3d99c99eb7bd2ff47bc8/projects/69f80768ca774c668fbaaed8/jobs/69f8cdddd3d80718c05f0785/results/medians_ensg_respiratory_system_Ziegler_Cell_2021_Detailed_Cell_Annotations_X_umap_045011.pkl
medians_symbols_respiratory_system_Berg_Journal_of_Cystic_Fibrosis_2025_Level_5_X_umap_17763a.csv,s3://lifebit-user-data-6941eed90a4dd7a1d1026d7a/deploit/teams/69d8dd1e5d3e1f8c350e006f/users/68af3d99c99eb7bd2ff47bc8/projects/69f80768ca774c668fbaaed8/jobs/69f8cdddd3d80718c05f0785/results/medians_symbols_respiratory_system_Berg_Journal_of_Cystic_Fibrosis_2025_Level_5_X_umap_17763a.csv
medians_symbols_respiratory_system_Berg_Journal_of_Cystic_Fibrosis_2025_Level_5_X_umap_17763a.pkl,s3://lifebit-user-data-6941eed90a4dd7a1d1026d7a/deploit/teams/69d8dd1e5d3e1f8c350e006f/users/68af3d99c99eb7bd2ff47bc8/projects/69f80768ca774c668fbaaed8/jobs/69f8cdddd3d80718c05f0785/results/medians_symbols_respiratory_system_Berg_Journal_of_Cystic_Fibrosis_2025_Level_5_X_umap_17763a.pkl
medians_symbols_respiratory_system_Dominguez_Conde_Science_2022_Manually_curated_celltype_X_umap_04d255.csv,s3://lifebit-user-data-6941eed90a4dd7a1d1026d7a/deploit/teams/69d8dd1e5d3e1f8c350e006f/users/68af3d99c99eb7bd2ff47bc8/projects/69f80768ca774c668fbaaed8/jobs/69f8cdddd3d80718c05f0785/results/medians_symbols_respiratory_system_Dominguez_Conde_Science_2022_Manually_curated_celltype_X_umap_04d255.csv
medians_symbols_respiratory_system_Dominguez_Conde_Science_2022_Manually_curated_celltype_X_umap_04d255.pkl,s3://lifebit-user-data-6941eed90a4dd7a1d1026d7a/deploit/teams/69d8dd1e5d3e1f8c350e006f/users/68af3d99c99eb7bd2ff47bc8/projects/69f80768ca774c668fbaaed8/jobs/69f8cdddd3d80718c05f0785/results/medians_symbols_respiratory_system_Dominguez_Conde_Science_2022_Manually_curated_celltype_X_umap_04d255.pkl
medians_symbols_respiratory_system_Eraslan_Science_2022_Broad_cell_type_X_umap_f44b0f.csv,s3://lifebit-user-data-6941eed90a4dd7a1d1026d7a/deploit/teams/69d8dd1e5d3e1f8c350e006f/users/68af3d99c99eb7bd2ff47bc8/projects/69f80768ca774c668fbaaed8/jobs/69f8cdddd3d80718c05f0785/results/medians_symbols_respiratory_system_Eraslan_Science_2022_Broad_cell_type_X_umap_f44b0f.csv
medians_symbols_respiratory_system_Eraslan_Science_2022_Broad_cell_type_X_umap_f44b0f.pkl,s3://lifebit-user-data-6941eed90a4dd7a1d1026d7a/deploit/teams/69d8dd1e5d3e1f8c350e006f/users/68af3d99c99eb7bd2ff47bc8/projects/69f80768ca774c668fbaaed8/jobs/69f8cdddd3d80718c05f0785/results/medians_symbols_respiratory_system_Eraslan_Science_2022_Broad_cell_type_X_umap_f44b0f.pkl
medians_symbols_respiratory_system_Han_Nature_2020_author_cell_type_X_umap_5c7ea7.csv,s3://lifebit-user-data-6941eed90a4dd7a1d1026d7a/deploit/teams/69d8dd1e5d3e1f8c350e006f/users/68af3d99c99eb7bd2ff47bc8/projects/69f80768ca774c668fbaaed8/jobs/69f8cdddd3d80718c05f0785/results/medians_symbols_respiratory_system_Han_Nature_2020_author_cell_type_X_umap_5c7ea7.csv
medians_symbols_respiratory_system_Han_Nature_2020_author_cell_type_X_umap_5c7ea7.pkl,s3://lifebit-user-data-6941eed90a4dd7a1d1026d7a/deploit/teams/69d8dd1e5d3e1f8c350e006f/users/68af3d99c99eb7bd2ff47bc8/projects/69f80768ca774c668fbaaed8/jobs/69f8cdddd3d80718c05f0785/results/medians_symbols_respiratory_system_Han_Nature_2020_author_cell_type_X_umap_5c7ea7.pkl
medians_symbols_respiratory_system_Madissoon_Genome_Biol_2020_author_cell_type_X_umap_2ee7d6.csv,s3://lifebit-user-data-6941eed90a4dd7a1d1026d7a/deploit/teams/69d8dd1e5d3e1f8c350e006f/users/68af3d99c99eb7bd2ff47bc8/projects/69f80768ca774c668fbaaed8/jobs/69f8cdddd3d80718c05f0785/results/medians_symbols_respiratory_system_Madissoon_Genome_Biol_2020_author_cell_type_X_umap_2ee7d6.csv
medians_symbols_respiratory_system_Madissoon_Genome_Biol_2020_author_cell_type_X_umap_2ee7d6.pkl,s3://lifebit-user-data-6941eed90a4dd7a1d1026d7a/deploit/teams/69d8dd1e5d3e1f8c350e006f/users/68af3d99c99eb7bd2ff47bc8/projects/69f80768ca774c668fbaaed8/jobs/69f8cdddd3d80718c05f0785/results/medians_symbols_respiratory_system_Madissoon_Genome_Biol_2020_author_cell_type_X_umap_2ee7d6.pkl
medians_symbols_respiratory_system_Madissoon_Nat_Genet_2023_Celltypes_X_umap_ee858a.csv,s3://lifebit-user-data-6941eed90a4dd7a1d1026d7a/deploit/teams/69d8dd1e5d3e1f8c350e006f/users/68af3d99c99eb7bd2ff47bc8/projects/69f80768ca774c668fbaaed8/jobs/69f8cdddd3d80718c05f0785/results/medians_symbols_respiratory_system_Madissoon_Nat_Genet_2023_Celltypes_X_umap_ee858a.csv
medians_symbols_respiratory_system_Madissoon_Nat_Genet_2023_Celltypes_X_umap_ee858a.pkl,s3://lifebit-user-data-6941eed90a4dd7a1d1026d7a/deploit/teams/69d8dd1e5d3e1f8c350e006f/users/68af3d99c99eb7bd2ff47bc8/projects/69f80768ca774c668fbaaed8/jobs/69f8cdddd3d80718c05f0785/results/medians_symbols_respiratory_system_Madissoon_Nat_Genet_2023_Celltypes_X_umap_ee858a.pkl
medians_symbols_respiratory_system_Melms_Nature_2021_cell_type_fine_X_UMAP_c42060.csv,s3://lifebit-user-data-6941eed90a4dd7a1d1026d7a/deploit/teams/69d8dd1e5d3e1f8c350e006f/users/68af3d99c99eb7bd2ff47bc8/projects/69f80768ca774c668fbaaed8/jobs/69f8cdddd3d80718c05f0785/results/medians_symbols_respiratory_system_Melms_Nature_2021_cell_type_fine_X_UMAP_c42060.csv
medians_symbols_respiratory_system_Melms_Nature_2021_cell_type_fine_X_UMAP_c42060.pkl,s3://lifebit-user-data-6941eed90a4dd7a1d1026d7a/deploit/teams/69d8dd1e5d3e1f8c350e006f/users/68af3d99c99eb7bd2ff47bc8/projects/69f80768ca774c668fbaaed8/jobs/69f8cdddd3d80718c05f0785/results/medians_symbols_respiratory_system_Melms_Nature_2021_cell_type_fine_X_UMAP_c42060.pkl
medians_symbols_respiratory_system_Natri_Nat_Genet_2024_manual_annotation_1_X_umap_9a27e4.csv,s3://lifebit-user-data-6941eed90a4dd7a1d1026d7a/deploit/teams/69d8dd1e5d3e1f8c350e006f/users/68af3d99c99eb7bd2ff47bc8/projects/69f80768ca774c668fbaaed8/jobs/69f8cdddd3d80718c05f0785/results/medians_symbols_respiratory_system_Natri_Nat_Genet_2024_manual_annotation_1_X_umap_9a27e4.csv
medians_symbols_respiratory_system_Natri_Nat_Genet_2024_manual_annotation_1_X_umap_9a27e4.pkl,s3://lifebit-user-data-6941eed90a4dd7a1d1026d7a/deploit/teams/69d8dd1e5d3e1f8c350e006f/users/68af3d99c99eb7bd2ff47bc8/projects/69f80768ca774c668fbaaed8/jobs/69f8cdddd3d80718c05f0785/results/medians_symbols_respiratory_system_Natri_Nat_Genet_2024_manual_annotation_1_X_umap_9a27e4.pkl
medians_symbols_respiratory_system_Rustam_Am_J_Respir_Crit_Care_Med_2023_author_cell_type_X_umap_56ce23.csv,s3://lifebit-user-data-6941eed90a4dd7a1d1026d7a/deploit/teams/69d8dd1e5d3e1f8c350e006f/users/68af3d99c99eb7bd2ff47bc8/projects/69f80768ca774c668fbaaed8/jobs/69f8cdddd3d80718c05f0785/results/medians_symbols_respiratory_system_Rustam_Am_J_Respir_Crit_Care_Med_2023_author_cell_type_X_umap_56ce23.csv
medians_symbols_respiratory_system_Rustam_Am_J_Respir_Crit_Care_Med_2023_author_cell_type_X_umap_56ce23.pkl,s3://lifebit-user-data-6941eed90a4dd7a1d1026d7a/deploit/teams/69d8dd1e5d3e1f8c350e006f/users/68af3d99c99eb7bd2ff47bc8/projects/69f80768ca774c668fbaaed8/jobs/69f8cdddd3d80718c05f0785/results/medians_symbols_respiratory_system_Rustam_Am_J_Respir_Crit_Care_Med_2023_author_cell_type_X_umap_56ce23.pkl
medians_symbols_respiratory_system_Sikkema_Nat_Med_2023_ann_finest_level_X_umap_552c94.csv,s3://lifebit-user-data-6941eed90a4dd7a1d1026d7a/deploit/teams/69d8dd1e5d3e1f8c350e006f/users/68af3d99c99eb7bd2ff47bc8/projects/69f80768ca774c668fbaaed8/jobs/69f8cdddd3d80718c05f0785/results/medians_symbols_respiratory_system_Sikkema_Nat_Med_2023_ann_finest_level_X_umap_552c94.csv
medians_symbols_respiratory_system_Sikkema_Nat_Med_2023_ann_finest_level_X_umap_552c94.pkl,s3://lifebit-user-data-6941eed90a4dd7a1d1026d7a/deploit/teams/69d8dd1e5d3e1f8c350e006f/users/68af3d99c99eb7bd2ff47bc8/projects/69f80768ca774c668fbaaed8/jobs/69f8cdddd3d80718c05f0785/results/medians_symbols_respiratory_system_Sikkema_Nat_Med_2023_ann_finest_level_X_umap_552c94.pkl
medians_symbols_respiratory_system_Szabo_Nat_Commun_2019_status_X_umap_bb4707.csv,s3://lifebit-user-data-6941eed90a4dd7a1d1026d7a/deploit/teams/69d8dd1e5d3e1f8c350e006f/users/68af3d99c99eb7bd2ff47bc8/projects/69f80768ca774c668fbaaed8/jobs/69f8cdddd3d80718c05f0785/results/medians_symbols_respiratory_system_Szabo_Nat_Commun_2019_status_X_umap_bb4707.csv
medians_symbols_respiratory_system_Szabo_Nat_Commun_2019_status_X_umap_bb4707.pkl,s3://lifebit-user-data-6941eed90a4dd7a1d1026d7a/deploit/teams/69d8dd1e5d3e1f8c350e006f/users/68af3d99c99eb7bd2ff47bc8/projects/69f80768ca774c668fbaaed8/jobs/69f8cdddd3d80718c05f0785/results/medians_symbols_respiratory_system_Szabo_Nat_Commun_2019_status_X_umap_bb4707.pkl
medians_symbols_respiratory_system_Travaglini_Nature_2020_free_annotation_X_tSNE_04a4fd.csv,s3://lifebit-user-data-6941eed90a4dd7a1d1026d7a/deploit/teams/69d8dd1e5d3e1f8c350e006f/users/68af3d99c99eb7bd2ff47bc8/projects/69f80768ca774c668fbaaed8/jobs/69f8cdddd3d80718c05f0785/results/medians_symbols_respiratory_system_Travaglini_Nature_2020_free_annotation_X_tSNE_04a4fd.csv
medians_symbols_respiratory_system_Travaglini_Nature_2020_free_annotation_X_tSNE_04a4fd.pkl,s3://lifebit-user-data-6941eed90a4dd7a1d1026d7a/deploit/teams/69d8dd1e5d3e1f8c350e006f/users/68af3d99c99eb7bd2ff47bc8/projects/69f80768ca774c668fbaaed8/jobs/69f8cdddd3d80718c05f0785/results/medians_symbols_respiratory_system_Travaglini_Nature_2020_free_annotation_X_tSNE_04a4fd.pkl
medians_symbols_respiratory_system_Travaglini_Nature_2020_free_annotation_X_tSNE_81a82c.csv,s3://lifebit-user-data-6941eed90a4dd7a1d1026d7a/deploit/teams/69d8dd1e5d3e1f8c350e006f/users/68af3d99c99eb7bd2ff47bc8/projects/69f80768ca774c668fbaaed8/jobs/69f8cdddd3d80718c05f0785/results/medians_symbols_respiratory_system_Travaglini_Nature_2020_free_annotation_X_tSNE_81a82c.csv
medians_symbols_respiratory_system_Travaglini_Nature_2020_free_annotation_X_tSNE_81a82c.pkl,s3://lifebit-user-data-6941eed90a4dd7a1d1026d7a/deploit/teams/69d8dd1e5d3e1f8c350e006f/users/68af3d99c99eb7bd2ff47bc8/projects/69f80768ca774c668fbaaed8/jobs/69f8cdddd3d80718c05f0785/results/medians_symbols_respiratory_system_Travaglini_Nature_2020_free_annotation_X_tSNE_81a82c.pkl
medians_symbols_respiratory_system_Wang_eLife_2020_author_cell_type_X_umap_c3bd89.csv,s3://lifebit-user-data-6941eed90a4dd7a1d1026d7a/deploit/teams/69d8dd1e5d3e1f8c350e006f/users/68af3d99c99eb7bd2ff47bc8/projects/69f80768ca774c668fbaaed8/jobs/69f8cdddd3d80718c05f0785/results/medians_symbols_respiratory_system_Wang_eLife_2020_author_cell_type_X_umap_c3bd89.csv
medians_symbols_respiratory_system_Wang_eLife_2020_author_cell_type_X_umap_c3bd89.pkl,s3://lifebit-user-data-6941eed90a4dd7a1d1026d7a/deploit/teams/69d8dd1e5d3e1f8c350e006f/users/68af3d99c99eb7bd2ff47bc8/projects/69f80768ca774c668fbaaed8/jobs/69f8cdddd3d80718c05f0785/results/medians_symbols_respiratory_system_Wang_eLife_2020_author_cell_type_X_umap_c3bd89.pkl
medians_symbols_respiratory_system_Watanabe_Am_J_Respir_Cell_Mol_Biol_2022_author_cell_type_X_umap_c7b336.csv,s3://lifebit-user-data-6941eed90a4dd7a1d1026d7a/deploit/teams/69d8dd1e5d3e1f8c350e006f/users/68af3d99c99eb7bd2ff47bc8/projects/69f80768ca774c668fbaaed8/jobs/69f8cdddd3d80718c05f0785/results/medians_symbols_respiratory_system_Watanabe_Am_J_Respir_Cell_Mol_Biol_2022_author_cell_type_X_umap_c7b336.csv
medians_symbols_respiratory_system_Watanabe_Am_J_Respir_Cell_Mol_Biol_2022_author_cell_type_X_umap_c7b336.pkl,s3://lifebit-user-data-6941eed90a4dd7a1d1026d7a/deploit/teams/69d8dd1e5d3e1f8c350e006f/users/68af3d99c99eb7bd2ff47bc8/projects/69f80768ca774c668fbaaed8/jobs/69f8cdddd3d80718c05f0785/results/medians_symbols_respiratory_system_Watanabe_Am_J_Respir_Cell_Mol_Biol_2022_author_cell_type_X_umap_c7b336.pkl
medians_symbols_respiratory_system_Wells_Nat_Immunol_2025_author_cell_type_X_umap_74e9e1.csv,s3://lifebit-user-data-6941eed90a4dd7a1d1026d7a/deploit/teams/69d8dd1e5d3e1f8c350e006f/users/68af3d99c99eb7bd2ff47bc8/projects/69f80768ca774c668fbaaed8/jobs/69f8cdddd3d80718c05f0785/results/medians_symbols_respiratory_system_Wells_Nat_Immunol_2025_author_cell_type_X_umap_74e9e1.csv
medians_symbols_respiratory_system_Wells_Nat_Immunol_2025_author_cell_type_X_umap_74e9e1.pkl,s3://lifebit-user-data-6941eed90a4dd7a1d1026d7a/deploit/teams/69d8dd1e5d3e1f8c350e006f/users/68af3d99c99eb7bd2ff47bc8/projects/69f80768ca774c668fbaaed8/jobs/69f8cdddd3d80718c05f0785/results/medians_symbols_respiratory_system_Wells_Nat_Immunol_2025_author_cell_type_X_umap_74e9e1.pkl
medians_symbols_respiratory_system_Wong_American_Journal_of_Transplantation_2024_GSVA_anno_labels_lowcluster_X_umap_3db111.csv,s3://lifebit-user-data-6941eed90a4dd7a1d1026d7a/deploit/teams/69d8dd1e5d3e1f8c350e006f/users/68af3d99c99eb7bd2ff47bc8/projects/69f80768ca774c668fbaaed8/jobs/69f8cdddd3d80718c05f0785/results/medians_symbols_respiratory_system_Wong_American_Journal_of_Transplantation_2024_GSVA_anno_labels_lowcluster_X_umap_3db111.csv
medians_symbols_respiratory_system_Wong_American_Journal_of_Transplantation_2024_GSVA_anno_labels_lowcluster_X_umap_3db111.pkl,s3://lifebit-user-data-6941eed90a4dd7a1d1026d7a/deploit/teams/69d8dd1e5d3e1f8c350e006f/users/68af3d99c99eb7bd2ff47bc8/projects/69f80768ca774c668fbaaed8/jobs/69f8cdddd3d80718c05f0785/results/medians_symbols_respiratory_system_Wong_American_Journal_of_Transplantation_2024_GSVA_anno_labels_lowcluster_X_umap_3db111.pkl
medians_symbols_respiratory_system_Xu_Cell_2023_Original_annotation_X_umap_78cea8.csv,s3://lifebit-user-data-6941eed90a4dd7a1d1026d7a/deploit/teams/69d8dd1e5d3e1f8c350e006f/users/68af3d99c99eb7bd2ff47bc8/projects/69f80768ca774c668fbaaed8/jobs/69f8cdddd3d80718c05f0785/results/medians_symbols_respiratory_system_Xu_Cell_2023_Original_annotation_X_umap_78cea8.csv
medians_symbols_respiratory_system_Xu_Cell_2023_Original_annotation_X_umap_78cea8.pkl,s3://lifebit-user-data-6941eed90a4dd7a1d1026d7a/deploit/teams/69d8dd1e5d3e1f8c350e006f/users/68af3d99c99eb7bd2ff47bc8/projects/69f80768ca774c668fbaaed8/jobs/69f8cdddd3d80718c05f0785/results/medians_symbols_respiratory_system_Xu_Cell_2023_Original_annotation_X_umap_78cea8.pkl
medians_symbols_respiratory_system_Xu_Sci_Rep_2022_author_cell_type_final_X_umap_dc2012.csv,s3://lifebit-user-data-6941eed90a4dd7a1d1026d7a/deploit/teams/69d8dd1e5d3e1f8c350e006f/users/68af3d99c99eb7bd2ff47bc8/projects/69f80768ca774c668fbaaed8/jobs/69f8cdddd3d80718c05f0785/results/medians_symbols_respiratory_system_Xu_Sci_Rep_2022_author_cell_type_final_X_umap_dc2012.csv
medians_symbols_respiratory_system_Xu_Sci_Rep_2022_author_cell_type_final_X_umap_dc2012.pkl,s3://lifebit-user-data-6941eed90a4dd7a1d1026d7a/deploit/teams/69d8dd1e5d3e1f8c350e006f/users/68af3d99c99eb7bd2ff47bc8/projects/69f80768ca774c668fbaaed8/jobs/69f8cdddd3d80718c05f0785/results/medians_symbols_respiratory_system_Xu_Sci_Rep_2022_author_cell_type_final_X_umap_dc2012.pkl
medians_symbols_respiratory_system_Xu_Sci_Rep_2022_cell_type_X_umap_81ecd6.csv,s3://lifebit-user-data-6941eed90a4dd7a1d1026d7a/deploit/teams/69d8dd1e5d3e1f8c350e006f/users/68af3d99c99eb7bd2ff47bc8/projects/69f80768ca774c668fbaaed8/jobs/69f8cdddd3d80718c05f0785/results/medians_symbols_respiratory_system_Xu_Sci_Rep_2022_cell_type_X_umap_81ecd6.csv
medians_symbols_respiratory_system_Xu_Sci_Rep_2022_cell_type_X_umap_81ecd6.pkl,s3://lifebit-user-data-6941eed90a4dd7a1d1026d7a/deploit/teams/69d8dd1e5d3e1f8c350e006f/users/68af3d99c99eb7bd2ff47bc8/projects/69f80768ca774c668fbaaed8/jobs/69f8cdddd3d80718c05f0785/results/medians_symbols_respiratory_system_Xu_Sci_Rep_2022_cell_type_X_umap_81ecd6.pkl
medians_symbols_respiratory_system_Yoshida_Nature_2022_Cell_type_annotation_level3_X_umap_8dc8be.csv,s3://lifebit-user-data-6941eed90a4dd7a1d1026d7a/deploit/teams/69d8dd1e5d3e1f8c350e006f/users/68af3d99c99eb7bd2ff47bc8/projects/69f80768ca774c668fbaaed8/jobs/69f8cdddd3d80718c05f0785/results/medians_symbols_respiratory_system_Yoshida_Nature_2022_Cell_type_annotation_level3_X_umap_8dc8be.csv
medians_symbols_respiratory_system_Yoshida_Nature_2022_Cell_type_annotation_level3_X_umap_8dc8be.pkl,s3://lifebit-user-data-6941eed90a4dd7a1d1026d7a/deploit/teams/69d8dd1e5d3e1f8c350e006f/users/68af3d99c99eb7bd2ff47bc8/projects/69f80768ca774c668fbaaed8/jobs/69f8cdddd3d80718c05f0785/results/medians_symbols_respiratory_system_Yoshida_Nature_2022_Cell_type_annotation_level3_X_umap_8dc8be.pkl
medians_symbols_respiratory_system_Ziegler_Cell_2021_Detailed_Cell_Annotations_X_umap_045011.csv,s3://lifebit-user-data-6941eed90a4dd7a1d1026d7a/deploit/teams/69d8dd1e5d3e1f8c350e006f/users/68af3d99c99eb7bd2ff47bc8/projects/69f80768ca774c668fbaaed8/jobs/69f8cdddd3d80718c05f0785/results/medians_symbols_respiratory_system_Ziegler_Cell_2021_Detailed_Cell_Annotations_X_umap_045011.csv
medians_symbols_respiratory_system_Ziegler_Cell_2021_Detailed_Cell_Annotations_X_umap_045011.pkl,s3://lifebit-user-data-6941eed90a4dd7a1d1026d7a/deploit/teams/69d8dd1e5d3e1f8c350e006f/users/68af3d99c99eb7bd2ff47bc8/projects/69f80768ca774c668fbaaed8/jobs/69f8cdddd3d80718c05f0785/results/medians_symbols_respiratory_system_Ziegler_Cell_2021_Detailed_Cell_Annotations_X_umap_045011.pkl
results_ensg_respiratory_system_Berg_Journal_of_Cystic_Fibrosis_2025_Level_5_X_umap_17763a.csv,s3://lifebit-user-data-6941eed90a4dd7a1d1026d7a/deploit/teams/69d8dd1e5d3e1f8c350e006f/users/68af3d99c99eb7bd2ff47bc8/projects/69f80768ca774c668fbaaed8/jobs/69f8cdddd3d80718c05f0785/results/results_ensg_respiratory_system_Berg_Journal_of_Cystic_Fibrosis_2025_Level_5_X_umap_17763a.csv
results_ensg_respiratory_system_Berg_Journal_of_Cystic_Fibrosis_2025_Level_5_X_umap_17763a.pkl,s3://lifebit-user-data-6941eed90a4dd7a1d1026d7a/deploit/teams/69d8dd1e5d3e1f8c350e006f/users/68af3d99c99eb7bd2ff47bc8/projects/69f80768ca774c668fbaaed8/jobs/69f8cdddd3d80718c05f0785/results/results_ensg_respiratory_system_Berg_Journal_of_Cystic_Fibrosis_2025_Level_5_X_umap_17763a.pkl
results_ensg_respiratory_system_Dominguez_Conde_Science_2022_Manually_curated_celltype_X_umap_04d255.csv,s3://lifebit-user-data-6941eed90a4dd7a1d1026d7a/deploit/teams/69d8dd1e5d3e1f8c350e006f/users/68af3d99c99eb7bd2ff47bc8/projects/69f80768ca774c668fbaaed8/jobs/69f8cdddd3d80718c05f0785/results/results_ensg_respiratory_system_Dominguez_Conde_Science_2022_Manually_curated_celltype_X_umap_04d255.csv
results_ensg_respiratory_system_Dominguez_Conde_Science_2022_Manually_curated_celltype_X_umap_04d255.pkl,s3://lifebit-user-data-6941eed90a4dd7a1d1026d7a/deploit/teams/69d8dd1e5d3e1f8c350e006f/users/68af3d99c99eb7bd2ff47bc8/projects/69f80768ca774c668fbaaed8/jobs/69f8cdddd3d80718c05f0785/results/results_ensg_respiratory_system_Dominguez_Conde_Science_2022_Manually_curated_celltype_X_umap_04d255.pkl
results_ensg_respiratory_system_Eraslan_Science_2022_Broad_cell_type_X_umap_f44b0f.csv,s3://lifebit-user-data-6941eed90a4dd7a1d1026d7a/deploit/teams/69d8dd1e5d3e1f8c350e006f/users/68af3d99c99eb7bd2ff47bc8/projects/69f80768ca774c668fbaaed8/jobs/69f8cdddd3d80718c05f0785/results/results_ensg_respiratory_system_Eraslan_Science_2022_Broad_cell_type_X_umap_f44b0f.csv
results_ensg_respiratory_system_Eraslan_Science_2022_Broad_cell_type_X_umap_f44b0f.pkl,s3://lifebit-user-data-6941eed90a4dd7a1d1026d7a/deploit/teams/69d8dd1e5d3e1f8c350e006f/users/68af3d99c99eb7bd2ff47bc8/projects/69f80768ca774c668fbaaed8/jobs/69f8cdddd3d80718c05f0785/results/results_ensg_respiratory_system_Eraslan_Science_2022_Broad_cell_type_X_umap_f44b0f.pkl
results_ensg_respiratory_system_Han_Nature_2020_author_cell_type_X_umap_5c7ea7.csv,s3://lifebit-user-data-6941eed90a4dd7a1d1026d7a/deploit/teams/69d8dd1e5d3e1f8c350e006f/users/68af3d99c99eb7bd2ff47bc8/projects/69f80768ca774c668fbaaed8/jobs/69f8cdddd3d80718c05f0785/results/results_ensg_respiratory_system_Han_Nature_2020_author_cell_type_X_umap_5c7ea7.csv
results_ensg_respiratory_system_Han_Nature_2020_author_cell_type_X_umap_5c7ea7.pkl,s3://lifebit-user-data-6941eed90a4dd7a1d1026d7a/deploit/teams/69d8dd1e5d3e1f8c350e006f/users/68af3d99c99eb7bd2ff47bc8/projects/69f80768ca774c668fbaaed8/jobs/69f8cdddd3d80718c05f0785/results/results_ensg_respiratory_system_Han_Nature_2020_author_cell_type_X_umap_5c7ea7.pkl
results_ensg_respiratory_system_Madissoon_Genome_Biol_2020_author_cell_type_X_umap_2ee7d6.csv,s3://lifebit-user-data-6941eed90a4dd7a1d1026d7a/deploit/teams/69d8dd1e5d3e1f8c350e006f/users/68af3d99c99eb7bd2ff47bc8/projects/69f80768ca774c668fbaaed8/jobs/69f8cdddd3d80718c05f0785/results/results_ensg_respiratory_system_Madissoon_Genome_Biol_2020_author_cell_type_X_umap_2ee7d6.csv
results_ensg_respiratory_system_Madissoon_Genome_Biol_2020_author_cell_type_X_umap_2ee7d6.pkl,s3://lifebit-user-data-6941eed90a4dd7a1d1026d7a/deploit/teams/69d8dd1e5d3e1f8c350e006f/users/68af3d99c99eb7bd2ff47bc8/projects/69f80768ca774c668fbaaed8/jobs/69f8cdddd3d80718c05f0785/results/results_ensg_respiratory_system_Madissoon_Genome_Biol_2020_author_cell_type_X_umap_2ee7d6.pkl
results_ensg_respiratory_system_Madissoon_Nat_Genet_2023_Celltypes_X_umap_ee858a.csv,s3://lifebit-user-data-6941eed90a4dd7a1d1026d7a/deploit/teams/69d8dd1e5d3e1f8c350e006f/users/68af3d99c99eb7bd2ff47bc8/projects/69f80768ca774c668fbaaed8/jobs/69f8cdddd3d80718c05f0785/results/results_ensg_respiratory_system_Madissoon_Nat_Genet_2023_Celltypes_X_umap_ee858a.csv
results_ensg_respiratory_system_Madissoon_Nat_Genet_2023_Celltypes_X_umap_ee858a.pkl,s3://lifebit-user-data-6941eed90a4dd7a1d1026d7a/deploit/teams/69d8dd1e5d3e1f8c350e006f/users/68af3d99c99eb7bd2ff47bc8/projects/69f80768ca774c668fbaaed8/jobs/69f8cdddd3d80718c05f0785/results/results_ensg_respiratory_system_Madissoon_Nat_Genet_2023_Celltypes_X_umap_ee858a.pkl
results_ensg_respiratory_system_Melms_Nature_2021_cell_type_fine_X_UMAP_c42060.csv,s3://lifebit-user-data-6941eed90a4dd7a1d1026d7a/deploit/teams/69d8dd1e5d3e1f8c350e006f/users/68af3d99c99eb7bd2ff47bc8/projects/69f80768ca774c668fbaaed8/jobs/69f8cdddd3d80718c05f0785/results/results_ensg_respiratory_system_Melms_Nature_2021_cell_type_fine_X_UMAP_c42060.csv
results_ensg_respiratory_system_Melms_Nature_2021_cell_type_fine_X_UMAP_c42060.pkl,s3://lifebit-user-data-6941eed90a4dd7a1d1026d7a/deploit/teams/69d8dd1e5d3e1f8c350e006f/users/68af3d99c99eb7bd2ff47bc8/projects/69f80768ca774c668fbaaed8/jobs/69f8cdddd3d80718c05f0785/results/results_ensg_respiratory_system_Melms_Nature_2021_cell_type_fine_X_UMAP_c42060.pkl
results_ensg_respiratory_system_Natri_Nat_Genet_2024_manual_annotation_1_X_umap_9a27e4.csv,s3://lifebit-user-data-6941eed90a4dd7a1d1026d7a/deploit/teams/69d8dd1e5d3e1f8c350e006f/users/68af3d99c99eb7bd2ff47bc8/projects/69f80768ca774c668fbaaed8/jobs/69f8cdddd3d80718c05f0785/results/results_ensg_respiratory_system_Natri_Nat_Genet_2024_manual_annotation_1_X_umap_9a27e4.csv
results_ensg_respiratory_system_Natri_Nat_Genet_2024_manual_annotation_1_X_umap_9a27e4.pkl,s3://lifebit-user-data-6941eed90a4dd7a1d1026d7a/deploit/teams/69d8dd1e5d3e1f8c350e006f/users/68af3d99c99eb7bd2ff47bc8/projects/69f80768ca774c668fbaaed8/jobs/69f8cdddd3d80718c05f0785/results/results_ensg_respiratory_system_Natri_Nat_Genet_2024_manual_annotation_1_X_umap_9a27e4.pkl
results_ensg_respiratory_system_Rustam_Am_J_Respir_Crit_Care_Med_2023_author_cell_type_X_umap_56ce23.csv,s3://lifebit-user-data-6941eed90a4dd7a1d1026d7a/deploit/teams/69d8dd1e5d3e1f8c350e006f/users/68af3d99c99eb7bd2ff47bc8/projects/69f80768ca774c668fbaaed8/jobs/69f8cdddd3d80718c05f0785/results/results_ensg_respiratory_system_Rustam_Am_J_Respir_Crit_Care_Med_2023_author_cell_type_X_umap_56ce23.csv
results_ensg_respiratory_system_Rustam_Am_J_Respir_Crit_Care_Med_2023_author_cell_type_X_umap_56ce23.pkl,s3://lifebit-user-data-6941eed90a4dd7a1d1026d7a/deploit/teams/69d8dd1e5d3e1f8c350e006f/users/68af3d99c99eb7bd2ff47bc8/projects/69f80768ca774c668fbaaed8/jobs/69f8cdddd3d80718c05f0785/results/results_ensg_respiratory_system_Rustam_Am_J_Respir_Crit_Care_Med_2023_author_cell_type_X_umap_56ce23.pkl
results_ensg_respiratory_system_Sikkema_Nat_Med_2023_ann_finest_level_X_umap_552c94.csv,s3://lifebit-user-data-6941eed90a4dd7a1d1026d7a/deploit/teams/69d8dd1e5d3e1f8c350e006f/users/68af3d99c99eb7bd2ff47bc8/projects/69f80768ca774c668fbaaed8/jobs/69f8cdddd3d80718c05f0785/results/results_ensg_respiratory_system_Sikkema_Nat_Med_2023_ann_finest_level_X_umap_552c94.csv
results_ensg_respiratory_system_Sikkema_Nat_Med_2023_ann_finest_level_X_umap_552c94.pkl,s3://lifebit-user-data-6941eed90a4dd7a1d1026d7a/deploit/teams/69d8dd1e5d3e1f8c350e006f/users/68af3d99c99eb7bd2ff47bc8/projects/69f80768ca774c668fbaaed8/jobs/69f8cdddd3d80718c05f0785/results/results_ensg_respiratory_system_Sikkema_Nat_Med_2023_ann_finest_level_X_umap_552c94.pkl
results_ensg_respiratory_system_Szabo_Nat_Commun_2019_status_X_umap_bb4707.csv,s3://lifebit-user-data-6941eed90a4dd7a1d1026d7a/deploit/teams/69d8dd1e5d3e1f8c350e006f/users/68af3d99c99eb7bd2ff47bc8/projects/69f80768ca774c668fbaaed8/jobs/69f8cdddd3d80718c05f0785/results/results_ensg_respiratory_system_Szabo_Nat_Commun_2019_status_X_umap_bb4707.csv
results_ensg_respiratory_system_Szabo_Nat_Commun_2019_status_X_umap_bb4707.pkl,s3://lifebit-user-data-6941eed90a4dd7a1d1026d7a/deploit/teams/69d8dd1e5d3e1f8c350e006f/users/68af3d99c99eb7bd2ff47bc8/projects/69f80768ca774c668fbaaed8/jobs/69f8cdddd3d80718c05f0785/results/results_ensg_respiratory_system_Szabo_Nat_Commun_2019_status_X_umap_bb4707.pkl
results_ensg_respiratory_system_Travaglini_Nature_2020_free_annotation_X_tSNE_04a4fd.csv,s3://lifebit-user-data-6941eed90a4dd7a1d1026d7a/deploit/teams/69d8dd1e5d3e1f8c350e006f/users/68af3d99c99eb7bd2ff47bc8/projects/69f80768ca774c668fbaaed8/jobs/69f8cdddd3d80718c05f0785/results/results_ensg_respiratory_system_Travaglini_Nature_2020_free_annotation_X_tSNE_04a4fd.csv
results_ensg_respiratory_system_Travaglini_Nature_2020_free_annotation_X_tSNE_04a4fd.pkl,s3://lifebit-user-data-6941eed90a4dd7a1d1026d7a/deploit/teams/69d8dd1e5d3e1f8c350e006f/users/68af3d99c99eb7bd2ff47bc8/projects/69f80768ca774c668fbaaed8/jobs/69f8cdddd3d80718c05f0785/results/results_ensg_respiratory_system_Travaglini_Nature_2020_free_annotation_X_tSNE_04a4fd.pkl
results_ensg_respiratory_system_Travaglini_Nature_2020_free_annotation_X_tSNE_81a82c.csv,s3://lifebit-user-data-6941eed90a4dd7a1d1026d7a/deploit/teams/69d8dd1e5d3e1f8c350e006f/users/68af3d99c99eb7bd2ff47bc8/projects/69f80768ca774c668fbaaed8/jobs/69f8cdddd3d80718c05f0785/results/results_ensg_respiratory_system_Travaglini_Nature_2020_free_annotation_X_tSNE_81a82c.csv
results_ensg_respiratory_system_Travaglini_Nature_2020_free_annotation_X_tSNE_81a82c.pkl,s3://lifebit-user-data-6941eed90a4dd7a1d1026d7a/deploit/teams/69d8dd1e5d3e1f8c350e006f/users/68af3d99c99eb7bd2ff47bc8/projects/69f80768ca774c668fbaaed8/jobs/69f8cdddd3d80718c05f0785/results/results_ensg_respiratory_system_Travaglini_Nature_2020_free_annotation_X_tSNE_81a82c.pkl
results_ensg_respiratory_system_Wang_eLife_2020_author_cell_type_X_umap_c3bd89.csv,s3://lifebit-user-data-6941eed90a4dd7a1d1026d7a/deploit/teams/69d8dd1e5d3e1f8c350e006f/users/68af3d99c99eb7bd2ff47bc8/projects/69f80768ca774c668fbaaed8/jobs/69f8cdddd3d80718c05f0785/results/results_ensg_respiratory_system_Wang_eLife_2020_author_cell_type_X_umap_c3bd89.csv
results_ensg_respiratory_system_Wang_eLife_2020_author_cell_type_X_umap_c3bd89.pkl,s3://lifebit-user-data-6941eed90a4dd7a1d1026d7a/deploit/teams/69d8dd1e5d3e1f8c350e006f/users/68af3d99c99eb7bd2ff47bc8/projects/69f80768ca774c668fbaaed8/jobs/69f8cdddd3d80718c05f0785/results/results_ensg_respiratory_system_Wang_eLife_2020_author_cell_type_X_umap_c3bd89.pkl
results_ensg_respiratory_system_Watanabe_Am_J_Respir_Cell_Mol_Biol_2022_author_cell_type_X_umap_c7b336.csv,s3://lifebit-user-data-6941eed90a4dd7a1d1026d7a/deploit/teams/69d8dd1e5d3e1f8c350e006f/users/68af3d99c99eb7bd2ff47bc8/projects/69f80768ca774c668fbaaed8/jobs/69f8cdddd3d80718c05f0785/results/results_ensg_respiratory_system_Watanabe_Am_J_Respir_Cell_Mol_Biol_2022_author_cell_type_X_umap_c7b336.csv
results_ensg_respiratory_system_Watanabe_Am_J_Respir_Cell_Mol_Biol_2022_author_cell_type_X_umap_c7b336.pkl,s3://lifebit-user-data-6941eed90a4dd7a1d1026d7a/deploit/teams/69d8dd1e5d3e1f8c350e006f/users/68af3d99c99eb7bd2ff47bc8/projects/69f80768ca774c668fbaaed8/jobs/69f8cdddd3d80718c05f0785/results/results_ensg_respiratory_system_Watanabe_Am_J_Respir_Cell_Mol_Biol_2022_author_cell_type_X_umap_c7b336.pkl
results_ensg_respiratory_system_Wells_Nat_Immunol_2025_author_cell_type_X_umap_74e9e1.csv,s3://lifebit-user-data-6941eed90a4dd7a1d1026d7a/deploit/teams/69d8dd1e5d3e1f8c350e006f/users/68af3d99c99eb7bd2ff47bc8/projects/69f80768ca774c668fbaaed8/jobs/69f8cdddd3d80718c05f0785/results/results_ensg_respiratory_system_Wells_Nat_Immunol_2025_author_cell_type_X_umap_74e9e1.csv
results_ensg_respiratory_system_Wells_Nat_Immunol_2025_author_cell_type_X_umap_74e9e1.pkl,s3://lifebit-user-data-6941eed90a4dd7a1d1026d7a/deploit/teams/69d8dd1e5d3e1f8c350e006f/users/68af3d99c99eb7bd2ff47bc8/projects/69f80768ca774c668fbaaed8/jobs/69f8cdddd3d80718c05f0785/results/results_ensg_respiratory_system_Wells_Nat_Immunol_2025_author_cell_type_X_umap_74e9e1.pkl
results_ensg_respiratory_system_Wong_American_Journal_of_Transplantation_2024_GSVA_anno_labels_lowcluster_X_umap_3db111.csv,s3://lifebit-user-data-6941eed90a4dd7a1d1026d7a/deploit/teams/69d8dd1e5d3e1f8c350e006f/users/68af3d99c99eb7bd2ff47bc8/projects/69f80768ca774c668fbaaed8/jobs/69f8cdddd3d80718c05f0785/results/results_ensg_respiratory_system_Wong_American_Journal_of_Transplantation_2024_GSVA_anno_labels_lowcluster_X_umap_3db111.csv
results_ensg_respiratory_system_Wong_American_Journal_of_Transplantation_2024_GSVA_anno_labels_lowcluster_X_umap_3db111.pkl,s3://lifebit-user-data-6941eed90a4dd7a1d1026d7a/deploit/teams/69d8dd1e5d3e1f8c350e006f/users/68af3d99c99eb7bd2ff47bc8/projects/69f80768ca774c668fbaaed8/jobs/69f8cdddd3d80718c05f0785/results/results_ensg_respiratory_system_Wong_American_Journal_of_Transplantation_2024_GSVA_anno_labels_lowcluster_X_umap_3db111.pkl
results_ensg_respiratory_system_Xu_Cell_2023_Original_annotation_X_umap_78cea8.csv,s3://lifebit-user-data-6941eed90a4dd7a1d1026d7a/deploit/teams/69d8dd1e5d3e1f8c350e006f/users/68af3d99c99eb7bd2ff47bc8/projects/69f80768ca774c668fbaaed8/jobs/69f8cdddd3d80718c05f0785/results/results_ensg_respiratory_system_Xu_Cell_2023_Original_annotation_X_umap_78cea8.csv
results_ensg_respiratory_system_Xu_Cell_2023_Original_annotation_X_umap_78cea8.pkl,s3://lifebit-user-data-6941eed90a4dd7a1d1026d7a/deploit/teams/69d8dd1e5d3e1f8c350e006f/users/68af3d99c99eb7bd2ff47bc8/projects/69f80768ca774c668fbaaed8/jobs/69f8cdddd3d80718c05f0785/results/results_ensg_respiratory_system_Xu_Cell_2023_Original_annotation_X_umap_78cea8.pkl
results_ensg_respiratory_system_Xu_Sci_Rep_2022_author_cell_type_final_X_umap_dc2012.csv,s3://lifebit-user-data-6941eed90a4dd7a1d1026d7a/deploit/teams/69d8dd1e5d3e1f8c350e006f/users/68af3d99c99eb7bd2ff47bc8/projects/69f80768ca774c668fbaaed8/jobs/69f8cdddd3d80718c05f0785/results/results_ensg_respiratory_system_Xu_Sci_Rep_2022_author_cell_type_final_X_umap_dc2012.csv
results_ensg_respiratory_system_Xu_Sci_Rep_2022_author_cell_type_final_X_umap_dc2012.pkl,s3://lifebit-user-data-6941eed90a4dd7a1d1026d7a/deploit/teams/69d8dd1e5d3e1f8c350e006f/users/68af3d99c99eb7bd2ff47bc8/projects/69f80768ca774c668fbaaed8/jobs/69f8cdddd3d80718c05f0785/results/results_ensg_respiratory_system_Xu_Sci_Rep_2022_author_cell_type_final_X_umap_dc2012.pkl
results_ensg_respiratory_system_Xu_Sci_Rep_2022_cell_type_X_umap_81ecd6.csv,s3://lifebit-user-data-6941eed90a4dd7a1d1026d7a/deploit/teams/69d8dd1e5d3e1f8c350e006f/users/68af3d99c99eb7bd2ff47bc8/projects/69f80768ca774c668fbaaed8/jobs/69f8cdddd3d80718c05f0785/results/results_ensg_respiratory_system_Xu_Sci_Rep_2022_cell_type_X_umap_81ecd6.csv
results_ensg_respiratory_system_Xu_Sci_Rep_2022_cell_type_X_umap_81ecd6.pkl,s3://lifebit-user-data-6941eed90a4dd7a1d1026d7a/deploit/teams/69d8dd1e5d3e1f8c350e006f/users/68af3d99c99eb7bd2ff47bc8/projects/69f80768ca774c668fbaaed8/jobs/69f8cdddd3d80718c05f0785/results/results_ensg_respiratory_system_Xu_Sci_Rep_2022_cell_type_X_umap_81ecd6.pkl
results_ensg_respiratory_system_Yoshida_Nature_2022_Cell_type_annotation_level3_X_umap_8dc8be.csv,s3://lifebit-user-data-6941eed90a4dd7a1d1026d7a/deploit/teams/69d8dd1e5d3e1f8c350e006f/users/68af3d99c99eb7bd2ff47bc8/projects/69f80768ca774c668fbaaed8/jobs/69f8cdddd3d80718c05f0785/results/results_ensg_respiratory_system_Yoshida_Nature_2022_Cell_type_annotation_level3_X_umap_8dc8be.csv
results_ensg_respiratory_system_Yoshida_Nature_2022_Cell_type_annotation_level3_X_umap_8dc8be.pkl,s3://lifebit-user-data-6941eed90a4dd7a1d1026d7a/deploit/teams/69d8dd1e5d3e1f8c350e006f/users/68af3d99c99eb7bd2ff47bc8/projects/69f80768ca774c668fbaaed8/jobs/69f8cdddd3d80718c05f0785/results/results_ensg_respiratory_system_Yoshida_Nature_2022_Cell_type_annotation_level3_X_umap_8dc8be.pkl
results_ensg_respiratory_system_Ziegler_Cell_2021_Detailed_Cell_Annotations_X_umap_045011.csv,s3://lifebit-user-data-6941eed90a4dd7a1d1026d7a/deploit/teams/69d8dd1e5d3e1f8c350e006f/users/68af3d99c99eb7bd2ff47bc8/projects/69f80768ca774c668fbaaed8/jobs/69f8cdddd3d80718c05f0785/results/results_ensg_respiratory_system_Ziegler_Cell_2021_Detailed_Cell_Annotations_X_umap_045011.csv
results_ensg_respiratory_system_Ziegler_Cell_2021_Detailed_Cell_Annotations_X_umap_045011.pkl,s3://lifebit-user-data-6941eed90a4dd7a1d1026d7a/deploit/teams/69d8dd1e5d3e1f8c350e006f/users/68af3d99c99eb7bd2ff47bc8/projects/69f80768ca774c668fbaaed8/jobs/69f8cdddd3d80718c05f0785/results/results_ensg_respiratory_system_Ziegler_Cell_2021_Detailed_Cell_Annotations_X_umap_045011.pkl
results_symbols_respiratory_system_Berg_Journal_of_Cystic_Fibrosis_2025_Level_5_X_umap_17763a.csv,s3://lifebit-user-data-6941eed90a4dd7a1d1026d7a/deploit/teams/69d8dd1e5d3e1f8c350e006f/users/68af3d99c99eb7bd2ff47bc8/projects/69f80768ca774c668fbaaed8/jobs/69f8cdddd3d80718c05f0785/results/results_symbols_respiratory_system_Berg_Journal_of_Cystic_Fibrosis_2025_Level_5_X_umap_17763a.csv
results_symbols_respiratory_system_Berg_Journal_of_Cystic_Fibrosis_2025_Level_5_X_umap_17763a.pkl,s3://lifebit-user-data-6941eed90a4dd7a1d1026d7a/deploit/teams/69d8dd1e5d3e1f8c350e006f/users/68af3d99c99eb7bd2ff47bc8/projects/69f80768ca774c668fbaaed8/jobs/69f8cdddd3d80718c05f0785/results/results_symbols_respiratory_system_Berg_Journal_of_Cystic_Fibrosis_2025_Level_5_X_umap_17763a.pkl
results_symbols_respiratory_system_Dominguez_Conde_Science_2022_Manually_curated_celltype_X_umap_04d255.csv,s3://lifebit-user-data-6941eed90a4dd7a1d1026d7a/deploit/teams/69d8dd1e5d3e1f8c350e006f/users/68af3d99c99eb7bd2ff47bc8/projects/69f80768ca774c668fbaaed8/jobs/69f8cdddd3d80718c05f0785/results/results_symbols_respiratory_system_Dominguez_Conde_Science_2022_Manually_curated_celltype_X_umap_04d255.csv
results_symbols_respiratory_system_Dominguez_Conde_Science_2022_Manually_curated_celltype_X_umap_04d255.pkl,s3://lifebit-user-data-6941eed90a4dd7a1d1026d7a/deploit/teams/69d8dd1e5d3e1f8c350e006f/users/68af3d99c99eb7bd2ff47bc8/projects/69f80768ca774c668fbaaed8/jobs/69f8cdddd3d80718c05f0785/results/results_symbols_respiratory_system_Dominguez_Conde_Science_2022_Manually_curated_celltype_X_umap_04d255.pkl
results_symbols_respiratory_system_Eraslan_Science_2022_Broad_cell_type_X_umap_f44b0f.csv,s3://lifebit-user-data-6941eed90a4dd7a1d1026d7a/deploit/teams/69d8dd1e5d3e1f8c350e006f/users/68af3d99c99eb7bd2ff47bc8/projects/69f80768ca774c668fbaaed8/jobs/69f8cdddd3d80718c05f0785/results/results_symbols_respiratory_system_Eraslan_Science_2022_Broad_cell_type_X_umap_f44b0f.csv
results_symbols_respiratory_system_Eraslan_Science_2022_Broad_cell_type_X_umap_f44b0f.pkl,s3://lifebit-user-data-6941eed90a4dd7a1d1026d7a/deploit/teams/69d8dd1e5d3e1f8c350e006f/users/68af3d99c99eb7bd2ff47bc8/projects/69f80768ca774c668fbaaed8/jobs/69f8cdddd3d80718c05f0785/results/results_symbols_respiratory_system_Eraslan_Science_2022_Broad_cell_type_X_umap_f44b0f.pkl
results_symbols_respiratory_system_Han_Nature_2020_author_cell_type_X_umap_5c7ea7.csv,s3://lifebit-user-data-6941eed90a4dd7a1d1026d7a/deploit/teams/69d8dd1e5d3e1f8c350e006f/users/68af3d99c99eb7bd2ff47bc8/projects/69f80768ca774c668fbaaed8/jobs/69f8cdddd3d80718c05f0785/results/results_symbols_respiratory_system_Han_Nature_2020_author_cell_type_X_umap_5c7ea7.csv
results_symbols_respiratory_system_Han_Nature_2020_author_cell_type_X_umap_5c7ea7.pkl,s3://lifebit-user-data-6941eed90a4dd7a1d1026d7a/deploit/teams/69d8dd1e5d3e1f8c350e006f/users/68af3d99c99eb7bd2ff47bc8/projects/69f80768ca774c668fbaaed8/jobs/69f8cdddd3d80718c05f0785/results/results_symbols_respiratory_system_Han_Nature_2020_author_cell_type_X_umap_5c7ea7.pkl
results_symbols_respiratory_system_Madissoon_Genome_Biol_2020_author_cell_type_X_umap_2ee7d6.csv,s3://lifebit-user-data-6941eed90a4dd7a1d1026d7a/deploit/teams/69d8dd1e5d3e1f8c350e006f/users/68af3d99c99eb7bd2ff47bc8/projects/69f80768ca774c668fbaaed8/jobs/69f8cdddd3d80718c05f0785/results/results_symbols_respiratory_system_Madissoon_Genome_Biol_2020_author_cell_type_X_umap_2ee7d6.csv
results_symbols_respiratory_system_Madissoon_Genome_Biol_2020_author_cell_type_X_umap_2ee7d6.pkl,s3://lifebit-user-data-6941eed90a4dd7a1d1026d7a/deploit/teams/69d8dd1e5d3e1f8c350e006f/users/68af3d99c99eb7bd2ff47bc8/projects/69f80768ca774c668fbaaed8/jobs/69f8cdddd3d80718c05f0785/results/results_symbols_respiratory_system_Madissoon_Genome_Biol_2020_author_cell_type_X_umap_2ee7d6.pkl
results_symbols_respiratory_system_Madissoon_Nat_Genet_2023_Celltypes_X_umap_ee858a.csv,s3://lifebit-user-data-6941eed90a4dd7a1d1026d7a/deploit/teams/69d8dd1e5d3e1f8c350e006f/users/68af3d99c99eb7bd2ff47bc8/projects/69f80768ca774c668fbaaed8/jobs/69f8cdddd3d80718c05f0785/results/results_symbols_respiratory_system_Madissoon_Nat_Genet_2023_Celltypes_X_umap_ee858a.csv
results_symbols_respiratory_system_Madissoon_Nat_Genet_2023_Celltypes_X_umap_ee858a.pkl,s3://lifebit-user-data-6941eed90a4dd7a1d1026d7a/deploit/teams/69d8dd1e5d3e1f8c350e006f/users/68af3d99c99eb7bd2ff47bc8/projects/69f80768ca774c668fbaaed8/jobs/69f8cdddd3d80718c05f0785/results/results_symbols_respiratory_system_Madissoon_Nat_Genet_2023_Celltypes_X_umap_ee858a.pkl
results_symbols_respiratory_system_Melms_Nature_2021_cell_type_fine_X_UMAP_c42060.csv,s3://lifebit-user-data-6941eed90a4dd7a1d1026d7a/deploit/teams/69d8dd1e5d3e1f8c350e006f/users/68af3d99c99eb7bd2ff47bc8/projects/69f80768ca774c668fbaaed8/jobs/69f8cdddd3d80718c05f0785/results/results_symbols_respiratory_system_Melms_Nature_2021_cell_type_fine_X_UMAP_c42060.csv
results_symbols_respiratory_system_Melms_Nature_2021_cell_type_fine_X_UMAP_c42060.pkl,s3://lifebit-user-data-6941eed90a4dd7a1d1026d7a/deploit/teams/69d8dd1e5d3e1f8c350e006f/users/68af3d99c99eb7bd2ff47bc8/projects/69f80768ca774c668fbaaed8/jobs/69f8cdddd3d80718c05f0785/results/results_symbols_respiratory_system_Melms_Nature_2021_cell_type_fine_X_UMAP_c42060.pkl
results_symbols_respiratory_system_Natri_Nat_Genet_2024_manual_annotation_1_X_umap_9a27e4.csv,s3://lifebit-user-data-6941eed90a4dd7a1d1026d7a/deploit/teams/69d8dd1e5d3e1f8c350e006f/users/68af3d99c99eb7bd2ff47bc8/projects/69f80768ca774c668fbaaed8/jobs/69f8cdddd3d80718c05f0785/results/results_symbols_respiratory_system_Natri_Nat_Genet_2024_manual_annotation_1_X_umap_9a27e4.csv
results_symbols_respiratory_system_Natri_Nat_Genet_2024_manual_annotation_1_X_umap_9a27e4.pkl,s3://lifebit-user-data-6941eed90a4dd7a1d1026d7a/deploit/teams/69d8dd1e5d3e1f8c350e006f/users/68af3d99c99eb7bd2ff47bc8/projects/69f80768ca774c668fbaaed8/jobs/69f8cdddd3d80718c05f0785/results/results_symbols_respiratory_system_Natri_Nat_Genet_2024_manual_annotation_1_X_umap_9a27e4.pkl
results_symbols_respiratory_system_Rustam_Am_J_Respir_Crit_Care_Med_2023_author_cell_type_X_umap_56ce23.csv,s3://lifebit-user-data-6941eed90a4dd7a1d1026d7a/deploit/teams/69d8dd1e5d3e1f8c350e006f/users/68af3d99c99eb7bd2ff47bc8/projects/69f80768ca774c668fbaaed8/jobs/69f8cdddd3d80718c05f0785/results/results_symbols_respiratory_system_Rustam_Am_J_Respir_Crit_Care_Med_2023_author_cell_type_X_umap_56ce23.csv
results_symbols_respiratory_system_Rustam_Am_J_Respir_Crit_Care_Med_2023_author_cell_type_X_umap_56ce23.pkl,s3://lifebit-user-data-6941eed90a4dd7a1d1026d7a/deploit/teams/69d8dd1e5d3e1f8c350e006f/users/68af3d99c99eb7bd2ff47bc8/projects/69f80768ca774c668fbaaed8/jobs/69f8cdddd3d80718c05f0785/results/results_symbols_respiratory_system_Rustam_Am_J_Respir_Crit_Care_Med_2023_author_cell_type_X_umap_56ce23.pkl
results_symbols_respiratory_system_Sikkema_Nat_Med_2023_ann_finest_level_X_umap_552c94.csv,s3://lifebit-user-data-6941eed90a4dd7a1d1026d7a/deploit/teams/69d8dd1e5d3e1f8c350e006f/users/68af3d99c99eb7bd2ff47bc8/projects/69f80768ca774c668fbaaed8/jobs/69f8cdddd3d80718c05f0785/results/results_symbols_respiratory_system_Sikkema_Nat_Med_2023_ann_finest_level_X_umap_552c94.csv
results_symbols_respiratory_system_Sikkema_Nat_Med_2023_ann_finest_level_X_umap_552c94.pkl,s3://lifebit-user-data-6941eed90a4dd7a1d1026d7a/deploit/teams/69d8dd1e5d3e1f8c350e006f/users/68af3d99c99eb7bd2ff47bc8/projects/69f80768ca774c668fbaaed8/jobs/69f8cdddd3d80718c05f0785/results/results_symbols_respiratory_system_Sikkema_Nat_Med_2023_ann_finest_level_X_umap_552c94.pkl
results_symbols_respiratory_system_Szabo_Nat_Commun_2019_status_X_umap_bb4707.csv,s3://lifebit-user-data-6941eed90a4dd7a1d1026d7a/deploit/teams/69d8dd1e5d3e1f8c350e006f/users/68af3d99c99eb7bd2ff47bc8/projects/69f80768ca774c668fbaaed8/jobs/69f8cdddd3d80718c05f0785/results/results_symbols_respiratory_system_Szabo_Nat_Commun_2019_status_X_umap_bb4707.csv
results_symbols_respiratory_system_Szabo_Nat_Commun_2019_status_X_umap_bb4707.pkl,s3://lifebit-user-data-6941eed90a4dd7a1d1026d7a/deploit/teams/69d8dd1e5d3e1f8c350e006f/users/68af3d99c99eb7bd2ff47bc8/projects/69f80768ca774c668fbaaed8/jobs/69f8cdddd3d80718c05f0785/results/results_symbols_respiratory_system_Szabo_Nat_Commun_2019_status_X_umap_bb4707.pkl
results_symbols_respiratory_system_Travaglini_Nature_2020_free_annotation_X_tSNE_04a4fd.csv,s3://lifebit-user-data-6941eed90a4dd7a1d1026d7a/deploit/teams/69d8dd1e5d3e1f8c350e006f/users/68af3d99c99eb7bd2ff47bc8/projects/69f80768ca774c668fbaaed8/jobs/69f8cdddd3d80718c05f0785/results/results_symbols_respiratory_system_Travaglini_Nature_2020_free_annotation_X_tSNE_04a4fd.csv
results_symbols_respiratory_system_Travaglini_Nature_2020_free_annotation_X_tSNE_04a4fd.pkl,s3://lifebit-user-data-6941eed90a4dd7a1d1026d7a/deploit/teams/69d8dd1e5d3e1f8c350e006f/users/68af3d99c99eb7bd2ff47bc8/projects/69f80768ca774c668fbaaed8/jobs/69f8cdddd3d80718c05f0785/results/results_symbols_respiratory_system_Travaglini_Nature_2020_free_annotation_X_tSNE_04a4fd.pkl
results_symbols_respiratory_system_Travaglini_Nature_2020_free_annotation_X_tSNE_81a82c.csv,s3://lifebit-user-data-6941eed90a4dd7a1d1026d7a/deploit/teams/69d8dd1e5d3e1f8c350e006f/users/68af3d99c99eb7bd2ff47bc8/projects/69f80768ca774c668fbaaed8/jobs/69f8cdddd3d80718c05f0785/results/results_symbols_respiratory_system_Travaglini_Nature_2020_free_annotation_X_tSNE_81a82c.csv
results_symbols_respiratory_system_Travaglini_Nature_2020_free_annotation_X_tSNE_81a82c.pkl,s3://lifebit-user-data-6941eed90a4dd7a1d1026d7a/deploit/teams/69d8dd1e5d3e1f8c350e006f/users/68af3d99c99eb7bd2ff47bc8/projects/69f80768ca774c668fbaaed8/jobs/69f8cdddd3d80718c05f0785/results/results_symbols_respiratory_system_Travaglini_Nature_2020_free_annotation_X_tSNE_81a82c.pkl
results_symbols_respiratory_system_Wang_eLife_2020_author_cell_type_X_umap_c3bd89.csv,s3://lifebit-user-data-6941eed90a4dd7a1d1026d7a/deploit/teams/69d8dd1e5d3e1f8c350e006f/users/68af3d99c99eb7bd2ff47bc8/projects/69f80768ca774c668fbaaed8/jobs/69f8cdddd3d80718c05f0785/results/results_symbols_respiratory_system_Wang_eLife_2020_author_cell_type_X_umap_c3bd89.csv
results_symbols_respiratory_system_Wang_eLife_2020_author_cell_type_X_umap_c3bd89.pkl,s3://lifebit-user-data-6941eed90a4dd7a1d1026d7a/deploit/teams/69d8dd1e5d3e1f8c350e006f/users/68af3d99c99eb7bd2ff47bc8/projects/69f80768ca774c668fbaaed8/jobs/69f8cdddd3d80718c05f0785/results/results_symbols_respiratory_system_Wang_eLife_2020_author_cell_type_X_umap_c3bd89.pkl
results_symbols_respiratory_system_Watanabe_Am_J_Respir_Cell_Mol_Biol_2022_author_cell_type_X_umap_c7b336.csv,s3://lifebit-user-data-6941eed90a4dd7a1d1026d7a/deploit/teams/69d8dd1e5d3e1f8c350e006f/users/68af3d99c99eb7bd2ff47bc8/projects/69f80768ca774c668fbaaed8/jobs/69f8cdddd3d80718c05f0785/results/results_symbols_respiratory_system_Watanabe_Am_J_Respir_Cell_Mol_Biol_2022_author_cell_type_X_umap_c7b336.csv
results_symbols_respiratory_system_Watanabe_Am_J_Respir_Cell_Mol_Biol_2022_author_cell_type_X_umap_c7b336.pkl,s3://lifebit-user-data-6941eed90a4dd7a1d1026d7a/deploit/teams/69d8dd1e5d3e1f8c350e006f/users/68af3d99c99eb7bd2ff47bc8/projects/69f80768ca774c668fbaaed8/jobs/69f8cdddd3d80718c05f0785/results/results_symbols_respiratory_system_Watanabe_Am_J_Respir_Cell_Mol_Biol_2022_author_cell_type_X_umap_c7b336.pkl
results_symbols_respiratory_system_Wells_Nat_Immunol_2025_author_cell_type_X_umap_74e9e1.csv,s3://lifebit-user-data-6941eed90a4dd7a1d1026d7a/deploit/teams/69d8dd1e5d3e1f8c350e006f/users/68af3d99c99eb7bd2ff47bc8/projects/69f80768ca774c668fbaaed8/jobs/69f8cdddd3d80718c05f0785/results/results_symbols_respiratory_system_Wells_Nat_Immunol_2025_author_cell_type_X_umap_74e9e1.csv
results_symbols_respiratory_system_Wells_Nat_Immunol_2025_author_cell_type_X_umap_74e9e1.pkl,s3://lifebit-user-data-6941eed90a4dd7a1d1026d7a/deploit/teams/69d8dd1e5d3e1f8c350e006f/users/68af3d99c99eb7bd2ff47bc8/projects/69f80768ca774c668fbaaed8/jobs/69f8cdddd3d80718c05f0785/results/results_symbols_respiratory_system_Wells_Nat_Immunol_2025_author_cell_type_X_umap_74e9e1.pkl
results_symbols_respiratory_system_Wong_American_Journal_of_Transplantation_2024_GSVA_anno_labels_lowcluster_X_umap_3db111.csv,s3://lifebit-user-data-6941eed90a4dd7a1d1026d7a/deploit/teams/69d8dd1e5d3e1f8c350e006f/users/68af3d99c99eb7bd2ff47bc8/projects/69f80768ca774c668fbaaed8/jobs/69f8cdddd3d80718c05f0785/results/results_symbols_respiratory_system_Wong_American_Journal_of_Transplantation_2024_GSVA_anno_labels_lowcluster_X_umap_3db111.csv
results_symbols_respiratory_system_Wong_American_Journal_of_Transplantation_2024_GSVA_anno_labels_lowcluster_X_umap_3db111.pkl,s3://lifebit-user-data-6941eed90a4dd7a1d1026d7a/deploit/teams/69d8dd1e5d3e1f8c350e006f/users/68af3d99c99eb7bd2ff47bc8/projects/69f80768ca774c668fbaaed8/jobs/69f8cdddd3d80718c05f0785/results/results_symbols_respiratory_system_Wong_American_Journal_of_Transplantation_2024_GSVA_anno_labels_lowcluster_X_umap_3db111.pkl
results_symbols_respiratory_system_Xu_Cell_2023_Original_annotation_X_umap_78cea8.csv,s3://lifebit-user-data-6941eed90a4dd7a1d1026d7a/deploit/teams/69d8dd1e5d3e1f8c350e006f/users/68af3d99c99eb7bd2ff47bc8/projects/69f80768ca774c668fbaaed8/jobs/69f8cdddd3d80718c05f0785/results/results_symbols_respiratory_system_Xu_Cell_2023_Original_annotation_X_umap_78cea8.csv
results_symbols_respiratory_system_Xu_Cell_2023_Original_annotation_X_umap_78cea8.pkl,s3://lifebit-user-data-6941eed90a4dd7a1d1026d7a/deploit/teams/69d8dd1e5d3e1f8c350e006f/users/68af3d99c99eb7bd2ff47bc8/projects/69f80768ca774c668fbaaed8/jobs/69f8cdddd3d80718c05f0785/results/results_symbols_respiratory_system_Xu_Cell_2023_Original_annotation_X_umap_78cea8.pkl
results_symbols_respiratory_system_Xu_Sci_Rep_2022_author_cell_type_final_X_umap_dc2012.csv,s3://lifebit-user-data-6941eed90a4dd7a1d1026d7a/deploit/teams/69d8dd1e5d3e1f8c350e006f/users/68af3d99c99eb7bd2ff47bc8/projects/69f80768ca774c668fbaaed8/jobs/69f8cdddd3d80718c05f0785/results/results_symbols_respiratory_system_Xu_Sci_Rep_2022_author_cell_type_final_X_umap_dc2012.csv
results_symbols_respiratory_system_Xu_Sci_Rep_2022_author_cell_type_final_X_umap_dc2012.pkl,s3://lifebit-user-data-6941eed90a4dd7a1d1026d7a/deploit/teams/69d8dd1e5d3e1f8c350e006f/users/68af3d99c99eb7bd2ff47bc8/projects/69f80768ca774c668fbaaed8/jobs/69f8cdddd3d80718c05f0785/results/results_symbols_respiratory_system_Xu_Sci_Rep_2022_author_cell_type_final_X_umap_dc2012.pkl
results_symbols_respiratory_system_Xu_Sci_Rep_2022_cell_type_X_umap_81ecd6.csv,s3://lifebit-user-data-6941eed90a4dd7a1d1026d7a/deploit/teams/69d8dd1e5d3e1f8c350e006f/users/68af3d99c99eb7bd2ff47bc8/projects/69f80768ca774c668fbaaed8/jobs/69f8cdddd3d80718c05f0785/results/results_symbols_respiratory_system_Xu_Sci_Rep_2022_cell_type_X_umap_81ecd6.csv
results_symbols_respiratory_system_Xu_Sci_Rep_2022_cell_type_X_umap_81ecd6.pkl,s3://lifebit-user-data-6941eed90a4dd7a1d1026d7a/deploit/teams/69d8dd1e5d3e1f8c350e006f/users/68af3d99c99eb7bd2ff47bc8/projects/69f80768ca774c668fbaaed8/jobs/69f8cdddd3d80718c05f0785/results/results_symbols_respiratory_system_Xu_Sci_Rep_2022_cell_type_X_umap_81ecd6.pkl
results_symbols_respiratory_system_Yoshida_Nature_2022_Cell_type_annotation_level3_X_umap_8dc8be.csv,s3://lifebit-user-data-6941eed90a4dd7a1d1026d7a/deploit/teams/69d8dd1e5d3e1f8c350e006f/users/68af3d99c99eb7bd2ff47bc8/projects/69f80768ca774c668fbaaed8/jobs/69f8cdddd3d80718c05f0785/results/results_symbols_respiratory_system_Yoshida_Nature_2022_Cell_type_annotation_level3_X_umap_8dc8be.csv
results_symbols_respiratory_system_Yoshida_Nature_2022_Cell_type_annotation_level3_X_umap_8dc8be.pkl,s3://lifebit-user-data-6941eed90a4dd7a1d1026d7a/deploit/teams/69d8dd1e5d3e1f8c350e006f/users/68af3d99c99eb7bd2ff47bc8/projects/69f80768ca774c668fbaaed8/jobs/69f8cdddd3d80718c05f0785/results/results_symbols_respiratory_system_Yoshida_Nature_2022_Cell_type_annotation_level3_X_umap_8dc8be.pkl
results_symbols_respiratory_system_Ziegler_Cell_2021_Detailed_Cell_Annotations_X_umap_045011.csv,s3://lifebit-user-data-6941eed90a4dd7a1d1026d7a/deploit/teams/69d8dd1e5d3e1f8c350e006f/users/68af3d99c99eb7bd2ff47bc8/projects/69f80768ca774c668fbaaed8/jobs/69f8cdddd3d80718c05f0785/results/results_symbols_respiratory_system_Ziegler_Cell_2021_Detailed_Cell_Annotations_X_umap_045011.csv
results_symbols_respiratory_system_Ziegler_Cell_2021_Detailed_Cell_Annotations_X_umap_045011.pkl,s3://lifebit-user-data-6941eed90a4dd7a1d1026d7a/deploit/teams/69d8dd1e5d3e1f8c350e006f/users/68af3d99c99eb7bd2ff47bc8/projects/69f80768ca774c668fbaaed8/jobs/69f8cdddd3d80718c05f0785/results/results_symbols_respiratory_system_Ziegler_Cell_2021_Detailed_Cell_Annotations_X_umap_045011.pkl
scatter_respiratory_system_Berg_Journal_of_Cystic_Fibrosis_2025_Level_5_X_umap_17763a_f_score.html,s3://lifebit-user-data-6941eed90a4dd7a1d1026d7a/deploit/teams/69d8dd1e5d3e1f8c350e006f/users/68af3d99c99eb7bd2ff47bc8/projects/69f80768ca774c668fbaaed8/jobs/69f8cdddd3d80718c05f0785/results/scatter_respiratory_system_Berg_Journal_of_Cystic_Fibrosis_2025_Level_5_X_umap_17763a_f_score.html
scatter_respiratory_system_Berg_Journal_of_Cystic_Fibrosis_2025_Level_5_X_umap_17763a_f_score.svg,s3://lifebit-user-data-6941eed90a4dd7a1d1026d7a/deploit/teams/69d8dd1e5d3e1f8c350e006f/users/68af3d99c99eb7bd2ff47bc8/projects/69f80768ca774c668fbaaed8/jobs/69f8cdddd3d80718c05f0785/results/scatter_respiratory_system_Berg_Journal_of_Cystic_Fibrosis_2025_Level_5_X_umap_17763a_f_score.svg
scatter_respiratory_system_Berg_Journal_of_Cystic_Fibrosis_2025_Level_5_X_umap_17763a_onTarget.html,s3://lifebit-user-data-6941eed90a4dd7a1d1026d7a/deploit/teams/69d8dd1e5d3e1f8c350e006f/users/68af3d99c99eb7bd2ff47bc8/projects/69f80768ca774c668fbaaed8/jobs/69f8cdddd3d80718c05f0785/results/scatter_respiratory_system_Berg_Journal_of_Cystic_Fibrosis_2025_Level_5_X_umap_17763a_onTarget.html
scatter_respiratory_system_Berg_Journal_of_Cystic_Fibrosis_2025_Level_5_X_umap_17763a_onTarget.svg,s3://lifebit-user-data-6941eed90a4dd7a1d1026d7a/deploit/teams/69d8dd1e5d3e1f8c350e006f/users/68af3d99c99eb7bd2ff47bc8/projects/69f80768ca774c668fbaaed8/jobs/69f8cdddd3d80718c05f0785/results/scatter_respiratory_system_Berg_Journal_of_Cystic_Fibrosis_2025_Level_5_X_umap_17763a_onTarget.svg
scatter_respiratory_system_Berg_Journal_of_Cystic_Fibrosis_2025_Level_5_X_umap_17763a_precision.html,s3://lifebit-user-data-6941eed90a4dd7a1d1026d7a/deploit/teams/69d8dd1e5d3e1f8c350e006f/users/68af3d99c99eb7bd2ff47bc8/projects/69f80768ca774c668fbaaed8/jobs/69f8cdddd3d80718c05f0785/results/scatter_respiratory_system_Berg_Journal_of_Cystic_Fibrosis_2025_Level_5_X_umap_17763a_precision.html
scatter_respiratory_system_Berg_Journal_of_Cystic_Fibrosis_2025_Level_5_X_umap_17763a_precision.svg,s3://lifebit-user-data-6941eed90a4dd7a1d1026d7a/deploit/teams/69d8dd1e5d3e1f8c350e006f/users/68af3d99c99eb7bd2ff47bc8/projects/69f80768ca774c668fbaaed8/jobs/69f8cdddd3d80718c05f0785/results/scatter_respiratory_system_Berg_Journal_of_Cystic_Fibrosis_2025_Level_5_X_umap_17763a_precision.svg
scatter_respiratory_system_Berg_Journal_of_Cystic_Fibrosis_2025_Level_5_X_umap_17763a_recall.html,s3://lifebit-user-data-6941eed90a4dd7a1d1026d7a/deploit/teams/69d8dd1e5d3e1f8c350e006f/users/68af3d99c99eb7bd2ff47bc8/projects/69f80768ca774c668fbaaed8/jobs/69f8cdddd3d80718c05f0785/results/scatter_respiratory_system_Berg_Journal_of_Cystic_Fibrosis_2025_Level_5_X_umap_17763a_recall.html
scatter_respiratory_system_Berg_Journal_of_Cystic_Fibrosis_2025_Level_5_X_umap_17763a_recall.svg,s3://lifebit-user-data-6941eed90a4dd7a1d1026d7a/deploit/teams/69d8dd1e5d3e1f8c350e006f/users/68af3d99c99eb7bd2ff47bc8/projects/69f80768ca774c668fbaaed8/jobs/69f8cdddd3d80718c05f0785/results/scatter_respiratory_system_Berg_Journal_of_Cystic_Fibrosis_2025_Level_5_X_umap_17763a_recall.svg
scatter_respiratory_system_Dominguez_Conde_Science_2022_Manually_curated_celltype_X_umap_04d255_f_score.html,s3://lifebit-user-data-6941eed90a4dd7a1d1026d7a/deploit/teams/69d8dd1e5d3e1f8c350e006f/users/68af3d99c99eb7bd2ff47bc8/projects/69f80768ca774c668fbaaed8/jobs/69f8cdddd3d80718c05f0785/results/scatter_respiratory_system_Dominguez_Conde_Science_2022_Manually_curated_celltype_X_umap_04d255_f_score.html
scatter_respiratory_system_Dominguez_Conde_Science_2022_Manually_curated_celltype_X_umap_04d255_f_score.svg,s3://lifebit-user-data-6941eed90a4dd7a1d1026d7a/deploit/teams/69d8dd1e5d3e1f8c350e006f/users/68af3d99c99eb7bd2ff47bc8/projects/69f80768ca774c668fbaaed8/jobs/69f8cdddd3d80718c05f0785/results/scatter_respiratory_system_Dominguez_Conde_Science_2022_Manually_curated_celltype_X_umap_04d255_f_score.svg
scatter_respiratory_system_Dominguez_Conde_Science_2022_Manually_curated_celltype_X_umap_04d255_onTarget.html,s3://lifebit-user-data-6941eed90a4dd7a1d1026d7a/deploit/teams/69d8dd1e5d3e1f8c350e006f/users/68af3d99c99eb7bd2ff47bc8/projects/69f80768ca774c668fbaaed8/jobs/69f8cdddd3d80718c05f0785/results/scatter_respiratory_system_Dominguez_Conde_Science_2022_Manually_curated_celltype_X_umap_04d255_onTarget.html
scatter_respiratory_system_Dominguez_Conde_Science_2022_Manually_curated_celltype_X_umap_04d255_onTarget.svg,s3://lifebit-user-data-6941eed90a4dd7a1d1026d7a/deploit/teams/69d8dd1e5d3e1f8c350e006f/users/68af3d99c99eb7bd2ff47bc8/projects/69f80768ca774c668fbaaed8/jobs/69f8cdddd3d80718c05f0785/results/scatter_respiratory_system_Dominguez_Conde_Science_2022_Manually_curated_celltype_X_umap_04d255_onTarget.svg
scatter_respiratory_system_Dominguez_Conde_Science_2022_Manually_curated_celltype_X_umap_04d255_precision.html,s3://lifebit-user-data-6941eed90a4dd7a1d1026d7a/deploit/teams/69d8dd1e5d3e1f8c350e006f/users/68af3d99c99eb7bd2ff47bc8/projects/69f80768ca774c668fbaaed8/jobs/69f8cdddd3d80718c05f0785/results/scatter_respiratory_system_Dominguez_Conde_Science_2022_Manually_curated_celltype_X_umap_04d255_precision.html
scatter_respiratory_system_Dominguez_Conde_Science_2022_Manually_curated_celltype_X_umap_04d255_precision.svg,s3://lifebit-user-data-6941eed90a4dd7a1d1026d7a/deploit/teams/69d8dd1e5d3e1f8c350e006f/users/68af3d99c99eb7bd2ff47bc8/projects/69f80768ca774c668fbaaed8/jobs/69f8cdddd3d80718c05f0785/results/scatter_respiratory_system_Dominguez_Conde_Science_2022_Manually_curated_celltype_X_umap_04d255_precision.svg
scatter_respiratory_system_Dominguez_Conde_Science_2022_Manually_curated_celltype_X_umap_04d255_recall.html,s3://lifebit-user-data-6941eed90a4dd7a1d1026d7a/deploit/teams/69d8dd1e5d3e1f8c350e006f/users/68af3d99c99eb7bd2ff47bc8/projects/69f80768ca774c668fbaaed8/jobs/69f8cdddd3d80718c05f0785/results/scatter_respiratory_system_Dominguez_Conde_Science_2022_Manually_curated_celltype_X_umap_04d255_recall.html
scatter_respiratory_system_Dominguez_Conde_Science_2022_Manually_curated_celltype_X_umap_04d255_recall.svg,s3://lifebit-user-data-6941eed90a4dd7a1d1026d7a/deploit/teams/69d8dd1e5d3e1f8c350e006f/users/68af3d99c99eb7bd2ff47bc8/projects/69f80768ca774c668fbaaed8/jobs/69f8cdddd3d80718c05f0785/results/scatter_respiratory_system_Dominguez_Conde_Science_2022_Manually_curated_celltype_X_umap_04d255_recall.svg
scatter_respiratory_system_Eraslan_Science_2022_Broad_cell_type_X_umap_f44b0f_f_score.html,s3://lifebit-user-data-6941eed90a4dd7a1d1026d7a/deploit/teams/69d8dd1e5d3e1f8c350e006f/users/68af3d99c99eb7bd2ff47bc8/projects/69f80768ca774c668fbaaed8/jobs/69f8cdddd3d80718c05f0785/results/scatter_respiratory_system_Eraslan_Science_2022_Broad_cell_type_X_umap_f44b0f_f_score.html
scatter_respiratory_system_Eraslan_Science_2022_Broad_cell_type_X_umap_f44b0f_f_score.svg,s3://lifebit-user-data-6941eed90a4dd7a1d1026d7a/deploit/teams/69d8dd1e5d3e1f8c350e006f/users/68af3d99c99eb7bd2ff47bc8/projects/69f80768ca774c668fbaaed8/jobs/69f8cdddd3d80718c05f0785/results/scatter_respiratory_system_Eraslan_Science_2022_Broad_cell_type_X_umap_f44b0f_f_score.svg
scatter_respiratory_system_Eraslan_Science_2022_Broad_cell_type_X_umap_f44b0f_onTarget.html,s3://lifebit-user-data-6941eed90a4dd7a1d1026d7a/deploit/teams/69d8dd1e5d3e1f8c350e006f/users/68af3d99c99eb7bd2ff47bc8/projects/69f80768ca774c668fbaaed8/jobs/69f8cdddd3d80718c05f0785/results/scatter_respiratory_system_Eraslan_Science_2022_Broad_cell_type_X_umap_f44b0f_onTarget.html
scatter_respiratory_system_Eraslan_Science_2022_Broad_cell_type_X_umap_f44b0f_onTarget.svg,s3://lifebit-user-data-6941eed90a4dd7a1d1026d7a/deploit/teams/69d8dd1e5d3e1f8c350e006f/users/68af3d99c99eb7bd2ff47bc8/projects/69f80768ca774c668fbaaed8/jobs/69f8cdddd3d80718c05f0785/results/scatter_respiratory_system_Eraslan_Science_2022_Broad_cell_type_X_umap_f44b0f_onTarget.svg
scatter_respiratory_system_Eraslan_Science_2022_Broad_cell_type_X_umap_f44b0f_precision.html,s3://lifebit-user-data-6941eed90a4dd7a1d1026d7a/deploit/teams/69d8dd1e5d3e1f8c350e006f/users/68af3d99c99eb7bd2ff47bc8/projects/69f80768ca774c668fbaaed8/jobs/69f8cdddd3d80718c05f0785/results/scatter_respiratory_system_Eraslan_Science_2022_Broad_cell_type_X_umap_f44b0f_precision.html
scatter_respiratory_system_Eraslan_Science_2022_Broad_cell_type_X_umap_f44b0f_precision.svg,s3://lifebit-user-data-6941eed90a4dd7a1d1026d7a/deploit/teams/69d8dd1e5d3e1f8c350e006f/users/68af3d99c99eb7bd2ff47bc8/projects/69f80768ca774c668fbaaed8/jobs/69f8cdddd3d80718c05f0785/results/scatter_respiratory_system_Eraslan_Science_2022_Broad_cell_type_X_umap_f44b0f_precision.svg
scatter_respiratory_system_Eraslan_Science_2022_Broad_cell_type_X_umap_f44b0f_recall.html,s3://lifebit-user-data-6941eed90a4dd7a1d1026d7a/deploit/teams/69d8dd1e5d3e1f8c350e006f/users/68af3d99c99eb7bd2ff47bc8/projects/69f80768ca774c668fbaaed8/jobs/69f8cdddd3d80718c05f0785/results/scatter_respiratory_system_Eraslan_Science_2022_Broad_cell_type_X_umap_f44b0f_recall.html
scatter_respiratory_system_Eraslan_Science_2022_Broad_cell_type_X_umap_f44b0f_recall.svg,s3://lifebit-user-data-6941eed90a4dd7a1d1026d7a/deploit/teams/69d8dd1e5d3e1f8c350e006f/users/68af3d99c99eb7bd2ff47bc8/projects/69f80768ca774c668fbaaed8/jobs/69f8cdddd3d80718c05f0785/results/scatter_respiratory_system_Eraslan_Science_2022_Broad_cell_type_X_umap_f44b0f_recall.svg
scatter_respiratory_system_Han_Nature_2020_author_cell_type_X_umap_5c7ea7_f_score.html,s3://lifebit-user-data-6941eed90a4dd7a1d1026d7a/deploit/teams/69d8dd1e5d3e1f8c350e006f/users/68af3d99c99eb7bd2ff47bc8/projects/69f80768ca774c668fbaaed8/jobs/69f8cdddd3d80718c05f0785/results/scatter_respiratory_system_Han_Nature_2020_author_cell_type_X_umap_5c7ea7_f_score.html
scatter_respiratory_system_Han_Nature_2020_author_cell_type_X_umap_5c7ea7_f_score.svg,s3://lifebit-user-data-6941eed90a4dd7a1d1026d7a/deploit/teams/69d8dd1e5d3e1f8c350e006f/users/68af3d99c99eb7bd2ff47bc8/projects/69f80768ca774c668fbaaed8/jobs/69f8cdddd3d80718c05f0785/results/scatter_respiratory_system_Han_Nature_2020_author_cell_type_X_umap_5c7ea7_f_score.svg
scatter_respiratory_system_Han_Nature_2020_author_cell_type_X_umap_5c7ea7_onTarget.html,s3://lifebit-user-data-6941eed90a4dd7a1d1026d7a/deploit/teams/69d8dd1e5d3e1f8c350e006f/users/68af3d99c99eb7bd2ff47bc8/projects/69f80768ca774c668fbaaed8/jobs/69f8cdddd3d80718c05f0785/results/scatter_respiratory_system_Han_Nature_2020_author_cell_type_X_umap_5c7ea7_onTarget.html
scatter_respiratory_system_Han_Nature_2020_author_cell_type_X_umap_5c7ea7_onTarget.svg,s3://lifebit-user-data-6941eed90a4dd7a1d1026d7a/deploit/teams/69d8dd1e5d3e1f8c350e006f/users/68af3d99c99eb7bd2ff47bc8/projects/69f80768ca774c668fbaaed8/jobs/69f8cdddd3d80718c05f0785/results/scatter_respiratory_system_Han_Nature_2020_author_cell_type_X_umap_5c7ea7_onTarget.svg
scatter_respiratory_system_Han_Nature_2020_author_cell_type_X_umap_5c7ea7_precision.html,s3://lifebit-user-data-6941eed90a4dd7a1d1026d7a/deploit/teams/69d8dd1e5d3e1f8c350e006f/users/68af3d99c99eb7bd2ff47bc8/projects/69f80768ca774c668fbaaed8/jobs/69f8cdddd3d80718c05f0785/results/scatter_respiratory_system_Han_Nature_2020_author_cell_type_X_umap_5c7ea7_precision.html
scatter_respiratory_system_Han_Nature_2020_author_cell_type_X_umap_5c7ea7_precision.svg,s3://lifebit-user-data-6941eed90a4dd7a1d1026d7a/deploit/teams/69d8dd1e5d3e1f8c350e006f/users/68af3d99c99eb7bd2ff47bc8/projects/69f80768ca774c668fbaaed8/jobs/69f8cdddd3d80718c05f0785/results/scatter_respiratory_system_Han_Nature_2020_author_cell_type_X_umap_5c7ea7_precision.svg
scatter_respiratory_system_Han_Nature_2020_author_cell_type_X_umap_5c7ea7_recall.html,s3://lifebit-user-data-6941eed90a4dd7a1d1026d7a/deploit/teams/69d8dd1e5d3e1f8c350e006f/users/68af3d99c99eb7bd2ff47bc8/projects/69f80768ca774c668fbaaed8/jobs/69f8cdddd3d80718c05f0785/results/scatter_respiratory_system_Han_Nature_2020_author_cell_type_X_umap_5c7ea7_recall.html
scatter_respiratory_system_Han_Nature_2020_author_cell_type_X_umap_5c7ea7_recall.svg,s3://lifebit-user-data-6941eed90a4dd7a1d1026d7a/deploit/teams/69d8dd1e5d3e1f8c350e006f/users/68af3d99c99eb7bd2ff47bc8/projects/69f80768ca774c668fbaaed8/jobs/69f8cdddd3d80718c05f0785/results/scatter_respiratory_system_Han_Nature_2020_author_cell_type_X_umap_5c7ea7_recall.svg
scatter_respiratory_system_Madissoon_Genome_Biol_2020_author_cell_type_X_umap_2ee7d6_f_score.html,s3://lifebit-user-data-6941eed90a4dd7a1d1026d7a/deploit/teams/69d8dd1e5d3e1f8c350e006f/users/68af3d99c99eb7bd2ff47bc8/projects/69f80768ca774c668fbaaed8/jobs/69f8cdddd3d80718c05f0785/results/scatter_respiratory_system_Madissoon_Genome_Biol_2020_author_cell_type_X_umap_2ee7d6_f_score.html
scatter_respiratory_system_Madissoon_Genome_Biol_2020_author_cell_type_X_umap_2ee7d6_f_score.svg,s3://lifebit-user-data-6941eed90a4dd7a1d1026d7a/deploit/teams/69d8dd1e5d3e1f8c350e006f/users/68af3d99c99eb7bd2ff47bc8/projects/69f80768ca774c668fbaaed8/jobs/69f8cdddd3d80718c05f0785/results/scatter_respiratory_system_Madissoon_Genome_Biol_2020_author_cell_type_X_umap_2ee7d6_f_score.svg
scatter_respiratory_system_Madissoon_Genome_Biol_2020_author_cell_type_X_umap_2ee7d6_onTarget.html,s3://lifebit-user-data-6941eed90a4dd7a1d1026d7a/deploit/teams/69d8dd1e5d3e1f8c350e006f/users/68af3d99c99eb7bd2ff47bc8/projects/69f80768ca774c668fbaaed8/jobs/69f8cdddd3d80718c05f0785/results/scatter_respiratory_system_Madissoon_Genome_Biol_2020_author_cell_type_X_umap_2ee7d6_onTarget.html
scatter_respiratory_system_Madissoon_Genome_Biol_2020_author_cell_type_X_umap_2ee7d6_onTarget.svg,s3://lifebit-user-data-6941eed90a4dd7a1d1026d7a/deploit/teams/69d8dd1e5d3e1f8c350e006f/users/68af3d99c99eb7bd2ff47bc8/projects/69f80768ca774c668fbaaed8/jobs/69f8cdddd3d80718c05f0785/results/scatter_respiratory_system_Madissoon_Genome_Biol_2020_author_cell_type_X_umap_2ee7d6_onTarget.svg
scatter_respiratory_system_Madissoon_Genome_Biol_2020_author_cell_type_X_umap_2ee7d6_precision.html,s3://lifebit-user-data-6941eed90a4dd7a1d1026d7a/deploit/teams/69d8dd1e5d3e1f8c350e006f/users/68af3d99c99eb7bd2ff47bc8/projects/69f80768ca774c668fbaaed8/jobs/69f8cdddd3d80718c05f0785/results/scatter_respiratory_system_Madissoon_Genome_Biol_2020_author_cell_type_X_umap_2ee7d6_precision.html
scatter_respiratory_system_Madissoon_Genome_Biol_2020_author_cell_type_X_umap_2ee7d6_precision.svg,s3://lifebit-user-data-6941eed90a4dd7a1d1026d7a/deploit/teams/69d8dd1e5d3e1f8c350e006f/users/68af3d99c99eb7bd2ff47bc8/projects/69f80768ca774c668fbaaed8/jobs/69f8cdddd3d80718c05f0785/results/scatter_respiratory_system_Madissoon_Genome_Biol_2020_author_cell_type_X_umap_2ee7d6_precision.svg
scatter_respiratory_system_Madissoon_Genome_Biol_2020_author_cell_type_X_umap_2ee7d6_recall.html,s3://lifebit-user-data-6941eed90a4dd7a1d1026d7a/deploit/teams/69d8dd1e5d3e1f8c350e006f/users/68af3d99c99eb7bd2ff47bc8/projects/69f80768ca774c668fbaaed8/jobs/69f8cdddd3d80718c05f0785/results/scatter_respiratory_system_Madissoon_Genome_Biol_2020_author_cell_type_X_umap_2ee7d6_recall.html
scatter_respiratory_system_Madissoon_Genome_Biol_2020_author_cell_type_X_umap_2ee7d6_recall.svg,s3://lifebit-user-data-6941eed90a4dd7a1d1026d7a/deploit/teams/69d8dd1e5d3e1f8c350e006f/users/68af3d99c99eb7bd2ff47bc8/projects/69f80768ca774c668fbaaed8/jobs/69f8cdddd3d80718c05f0785/results/scatter_respiratory_system_Madissoon_Genome_Biol_2020_author_cell_type_X_umap_2ee7d6_recall.svg
scatter_respiratory_system_Madissoon_Nat_Genet_2023_Celltypes_X_umap_ee858a_f_score.html,s3://lifebit-user-data-6941eed90a4dd7a1d1026d7a/deploit/teams/69d8dd1e5d3e1f8c350e006f/users/68af3d99c99eb7bd2ff47bc8/projects/69f80768ca774c668fbaaed8/jobs/69f8cdddd3d80718c05f0785/results/scatter_respiratory_system_Madissoon_Nat_Genet_2023_Celltypes_X_umap_ee858a_f_score.html
scatter_respiratory_system_Madissoon_Nat_Genet_2023_Celltypes_X_umap_ee858a_f_score.svg,s3://lifebit-user-data-6941eed90a4dd7a1d1026d7a/deploit/teams/69d8dd1e5d3e1f8c350e006f/users/68af3d99c99eb7bd2ff47bc8/projects/69f80768ca774c668fbaaed8/jobs/69f8cdddd3d80718c05f0785/results/scatter_respiratory_system_Madissoon_Nat_Genet_2023_Celltypes_X_umap_ee858a_f_score.svg
scatter_respiratory_system_Madissoon_Nat_Genet_2023_Celltypes_X_umap_ee858a_onTarget.html,s3://lifebit-user-data-6941eed90a4dd7a1d1026d7a/deploit/teams/69d8dd1e5d3e1f8c350e006f/users/68af3d99c99eb7bd2ff47bc8/projects/69f80768ca774c668fbaaed8/jobs/69f8cdddd3d80718c05f0785/results/scatter_respiratory_system_Madissoon_Nat_Genet_2023_Celltypes_X_umap_ee858a_onTarget.html
scatter_respiratory_system_Madissoon_Nat_Genet_2023_Celltypes_X_umap_ee858a_onTarget.svg,s3://lifebit-user-data-6941eed90a4dd7a1d1026d7a/deploit/teams/69d8dd1e5d3e1f8c350e006f/users/68af3d99c99eb7bd2ff47bc8/projects/69f80768ca774c668fbaaed8/jobs/69f8cdddd3d80718c05f0785/results/scatter_respiratory_system_Madissoon_Nat_Genet_2023_Celltypes_X_umap_ee858a_onTarget.svg
scatter_respiratory_system_Madissoon_Nat_Genet_2023_Celltypes_X_umap_ee858a_precision.html,s3://lifebit-user-data-6941eed90a4dd7a1d1026d7a/deploit/teams/69d8dd1e5d3e1f8c350e006f/users/68af3d99c99eb7bd2ff47bc8/projects/69f80768ca774c668fbaaed8/jobs/69f8cdddd3d80718c05f0785/results/scatter_respiratory_system_Madissoon_Nat_Genet_2023_Celltypes_X_umap_ee858a_precision.html
scatter_respiratory_system_Madissoon_Nat_Genet_2023_Celltypes_X_umap_ee858a_precision.svg,s3://lifebit-user-data-6941eed90a4dd7a1d1026d7a/deploit/teams/69d8dd1e5d3e1f8c350e006f/users/68af3d99c99eb7bd2ff47bc8/projects/69f80768ca774c668fbaaed8/jobs/69f8cdddd3d80718c05f0785/results/scatter_respiratory_system_Madissoon_Nat_Genet_2023_Celltypes_X_umap_ee858a_precision.svg
scatter_respiratory_system_Madissoon_Nat_Genet_2023_Celltypes_X_umap_ee858a_recall.html,s3://lifebit-user-data-6941eed90a4dd7a1d1026d7a/deploit/teams/69d8dd1e5d3e1f8c350e006f/users/68af3d99c99eb7bd2ff47bc8/projects/69f80768ca774c668fbaaed8/jobs/69f8cdddd3d80718c05f0785/results/scatter_respiratory_system_Madissoon_Nat_Genet_2023_Celltypes_X_umap_ee858a_recall.html
scatter_respiratory_system_Madissoon_Nat_Genet_2023_Celltypes_X_umap_ee858a_recall.svg,s3://lifebit-user-data-6941eed90a4dd7a1d1026d7a/deploit/teams/69d8dd1e5d3e1f8c350e006f/users/68af3d99c99eb7bd2ff47bc8/projects/69f80768ca774c668fbaaed8/jobs/69f8cdddd3d80718c05f0785/results/scatter_respiratory_system_Madissoon_Nat_Genet_2023_Celltypes_X_umap_ee858a_recall.svg
scatter_respiratory_system_Melms_Nature_2021_cell_type_fine_X_UMAP_c42060_f_score.html,s3://lifebit-user-data-6941eed90a4dd7a1d1026d7a/deploit/teams/69d8dd1e5d3e1f8c350e006f/users/68af3d99c99eb7bd2ff47bc8/projects/69f80768ca774c668fbaaed8/jobs/69f8cdddd3d80718c05f0785/results/scatter_respiratory_system_Melms_Nature_2021_cell_type_fine_X_UMAP_c42060_f_score.html
scatter_respiratory_system_Melms_Nature_2021_cell_type_fine_X_UMAP_c42060_f_score.svg,s3://lifebit-user-data-6941eed90a4dd7a1d1026d7a/deploit/teams/69d8dd1e5d3e1f8c350e006f/users/68af3d99c99eb7bd2ff47bc8/projects/69f80768ca774c668fbaaed8/jobs/69f8cdddd3d80718c05f0785/results/scatter_respiratory_system_Melms_Nature_2021_cell_type_fine_X_UMAP_c42060_f_score.svg
scatter_respiratory_system_Melms_Nature_2021_cell_type_fine_X_UMAP_c42060_onTarget.html,s3://lifebit-user-data-6941eed90a4dd7a1d1026d7a/deploit/teams/69d8dd1e5d3e1f8c350e006f/users/68af3d99c99eb7bd2ff47bc8/projects/69f80768ca774c668fbaaed8/jobs/69f8cdddd3d80718c05f0785/results/scatter_respiratory_system_Melms_Nature_2021_cell_type_fine_X_UMAP_c42060_onTarget.html
scatter_respiratory_system_Melms_Nature_2021_cell_type_fine_X_UMAP_c42060_onTarget.svg,s3://lifebit-user-data-6941eed90a4dd7a1d1026d7a/deploit/teams/69d8dd1e5d3e1f8c350e006f/users/68af3d99c99eb7bd2ff47bc8/projects/69f80768ca774c668fbaaed8/jobs/69f8cdddd3d80718c05f0785/results/scatter_respiratory_system_Melms_Nature_2021_cell_type_fine_X_UMAP_c42060_onTarget.svg
scatter_respiratory_system_Melms_Nature_2021_cell_type_fine_X_UMAP_c42060_precision.html,s3://lifebit-user-data-6941eed90a4dd7a1d1026d7a/deploit/teams/69d8dd1e5d3e1f8c350e006f/users/68af3d99c99eb7bd2ff47bc8/projects/69f80768ca774c668fbaaed8/jobs/69f8cdddd3d80718c05f0785/results/scatter_respiratory_system_Melms_Nature_2021_cell_type_fine_X_UMAP_c42060_precision.html
scatter_respiratory_system_Melms_Nature_2021_cell_type_fine_X_UMAP_c42060_precision.svg,s3://lifebit-user-data-6941eed90a4dd7a1d1026d7a/deploit/teams/69d8dd1e5d3e1f8c350e006f/users/68af3d99c99eb7bd2ff47bc8/projects/69f80768ca774c668fbaaed8/jobs/69f8cdddd3d80718c05f0785/results/scatter_respiratory_system_Melms_Nature_2021_cell_type_fine_X_UMAP_c42060_precision.svg
scatter_respiratory_system_Melms_Nature_2021_cell_type_fine_X_UMAP_c42060_recall.html,s3://lifebit-user-data-6941eed90a4dd7a1d1026d7a/deploit/teams/69d8dd1e5d3e1f8c350e006f/users/68af3d99c99eb7bd2ff47bc8/projects/69f80768ca774c668fbaaed8/jobs/69f8cdddd3d80718c05f0785/results/scatter_respiratory_system_Melms_Nature_2021_cell_type_fine_X_UMAP_c42060_recall.html
scatter_respiratory_system_Melms_Nature_2021_cell_type_fine_X_UMAP_c42060_recall.svg,s3://lifebit-user-data-6941eed90a4dd7a1d1026d7a/deploit/teams/69d8dd1e5d3e1f8c350e006f/users/68af3d99c99eb7bd2ff47bc8/projects/69f80768ca774c668fbaaed8/jobs/69f8cdddd3d80718c05f0785/results/scatter_respiratory_system_Melms_Nature_2021_cell_type_fine_X_UMAP_c42060_recall.svg
scatter_respiratory_system_Natri_Nat_Genet_2024_manual_annotation_1_X_umap_9a27e4_f_score.html,s3://lifebit-user-data-6941eed90a4dd7a1d1026d7a/deploit/teams/69d8dd1e5d3e1f8c350e006f/users/68af3d99c99eb7bd2ff47bc8/projects/69f80768ca774c668fbaaed8/jobs/69f8cdddd3d80718c05f0785/results/scatter_respiratory_system_Natri_Nat_Genet_2024_manual_annotation_1_X_umap_9a27e4_f_score.html
scatter_respiratory_system_Natri_Nat_Genet_2024_manual_annotation_1_X_umap_9a27e4_f_score.svg,s3://lifebit-user-data-6941eed90a4dd7a1d1026d7a/deploit/teams/69d8dd1e5d3e1f8c350e006f/users/68af3d99c99eb7bd2ff47bc8/projects/69f80768ca774c668fbaaed8/jobs/69f8cdddd3d80718c05f0785/results/scatter_respiratory_system_Natri_Nat_Genet_2024_manual_annotation_1_X_umap_9a27e4_f_score.svg
scatter_respiratory_system_Natri_Nat_Genet_2024_manual_annotation_1_X_umap_9a27e4_onTarget.html,s3://lifebit-user-data-6941eed90a4dd7a1d1026d7a/deploit/teams/69d8dd1e5d3e1f8c350e006f/users/68af3d99c99eb7bd2ff47bc8/projects/69f80768ca774c668fbaaed8/jobs/69f8cdddd3d80718c05f0785/results/scatter_respiratory_system_Natri_Nat_Genet_2024_manual_annotation_1_X_umap_9a27e4_onTarget.html
scatter_respiratory_system_Natri_Nat_Genet_2024_manual_annotation_1_X_umap_9a27e4_onTarget.svg,s3://lifebit-user-data-6941eed90a4dd7a1d1026d7a/deploit/teams/69d8dd1e5d3e1f8c350e006f/users/68af3d99c99eb7bd2ff47bc8/projects/69f80768ca774c668fbaaed8/jobs/69f8cdddd3d80718c05f0785/results/scatter_respiratory_system_Natri_Nat_Genet_2024_manual_annotation_1_X_umap_9a27e4_onTarget.svg
scatter_respiratory_system_Natri_Nat_Genet_2024_manual_annotation_1_X_umap_9a27e4_precision.html,s3://lifebit-user-data-6941eed90a4dd7a1d1026d7a/deploit/teams/69d8dd1e5d3e1f8c350e006f/users/68af3d99c99eb7bd2ff47bc8/projects/69f80768ca774c668fbaaed8/jobs/69f8cdddd3d80718c05f0785/results/scatter_respiratory_system_Natri_Nat_Genet_2024_manual_annotation_1_X_umap_9a27e4_precision.html
scatter_respiratory_system_Natri_Nat_Genet_2024_manual_annotation_1_X_umap_9a27e4_precision.svg,s3://lifebit-user-data-6941eed90a4dd7a1d1026d7a/deploit/teams/69d8dd1e5d3e1f8c350e006f/users/68af3d99c99eb7bd2ff47bc8/projects/69f80768ca774c668fbaaed8/jobs/69f8cdddd3d80718c05f0785/results/scatter_respiratory_system_Natri_Nat_Genet_2024_manual_annotation_1_X_umap_9a27e4_precision.svg
scatter_respiratory_system_Natri_Nat_Genet_2024_manual_annotation_1_X_umap_9a27e4_recall.html,s3://lifebit-user-data-6941eed90a4dd7a1d1026d7a/deploit/teams/69d8dd1e5d3e1f8c350e006f/users/68af3d99c99eb7bd2ff47bc8/projects/69f80768ca774c668fbaaed8/jobs/69f8cdddd3d80718c05f0785/results/scatter_respiratory_system_Natri_Nat_Genet_2024_manual_annotation_1_X_umap_9a27e4_recall.html
scatter_respiratory_system_Natri_Nat_Genet_2024_manual_annotation_1_X_umap_9a27e4_recall.svg,s3://lifebit-user-data-6941eed90a4dd7a1d1026d7a/deploit/teams/69d8dd1e5d3e1f8c350e006f/users/68af3d99c99eb7bd2ff47bc8/projects/69f80768ca774c668fbaaed8/jobs/69f8cdddd3d80718c05f0785/results/scatter_respiratory_system_Natri_Nat_Genet_2024_manual_annotation_1_X_umap_9a27e4_recall.svg
scatter_respiratory_system_Rustam_Am_J_Respir_Crit_Care_Med_2023_author_cell_type_X_umap_56ce23_f_score.html,s3://lifebit-user-data-6941eed90a4dd7a1d1026d7a/deploit/teams/69d8dd1e5d3e1f8c350e006f/users/68af3d99c99eb7bd2ff47bc8/projects/69f80768ca774c668fbaaed8/jobs/69f8cdddd3d80718c05f0785/results/scatter_respiratory_system_Rustam_Am_J_Respir_Crit_Care_Med_2023_author_cell_type_X_umap_56ce23_f_score.html
scatter_respiratory_system_Rustam_Am_J_Respir_Crit_Care_Med_2023_author_cell_type_X_umap_56ce23_f_score.svg,s3://lifebit-user-data-6941eed90a4dd7a1d1026d7a/deploit/teams/69d8dd1e5d3e1f8c350e006f/users/68af3d99c99eb7bd2ff47bc8/projects/69f80768ca774c668fbaaed8/jobs/69f8cdddd3d80718c05f0785/results/scatter_respiratory_system_Rustam_Am_J_Respir_Crit_Care_Med_2023_author_cell_type_X_umap_56ce23_f_score.svg
scatter_respiratory_system_Rustam_Am_J_Respir_Crit_Care_Med_2023_author_cell_type_X_umap_56ce23_onTarget.html,s3://lifebit-user-data-6941eed90a4dd7a1d1026d7a/deploit/teams/69d8dd1e5d3e1f8c350e006f/users/68af3d99c99eb7bd2ff47bc8/projects/69f80768ca774c668fbaaed8/jobs/69f8cdddd3d80718c05f0785/results/scatter_respiratory_system_Rustam_Am_J_Respir_Crit_Care_Med_2023_author_cell_type_X_umap_56ce23_onTarget.html
scatter_respiratory_system_Rustam_Am_J_Respir_Crit_Care_Med_2023_author_cell_type_X_umap_56ce23_onTarget.svg,s3://lifebit-user-data-6941eed90a4dd7a1d1026d7a/deploit/teams/69d8dd1e5d3e1f8c350e006f/users/68af3d99c99eb7bd2ff47bc8/projects/69f80768ca774c668fbaaed8/jobs/69f8cdddd3d80718c05f0785/results/scatter_respiratory_system_Rustam_Am_J_Respir_Crit_Care_Med_2023_author_cell_type_X_umap_56ce23_onTarget.svg
scatter_respiratory_system_Rustam_Am_J_Respir_Crit_Care_Med_2023_author_cell_type_X_umap_56ce23_precision.html,s3://lifebit-user-data-6941eed90a4dd7a1d1026d7a/deploit/teams/69d8dd1e5d3e1f8c350e006f/users/68af3d99c99eb7bd2ff47bc8/projects/69f80768ca774c668fbaaed8/jobs/69f8cdddd3d80718c05f0785/results/scatter_respiratory_system_Rustam_Am_J_Respir_Crit_Care_Med_2023_author_cell_type_X_umap_56ce23_precision.html
scatter_respiratory_system_Rustam_Am_J_Respir_Crit_Care_Med_2023_author_cell_type_X_umap_56ce23_precision.svg,s3://lifebit-user-data-6941eed90a4dd7a1d1026d7a/deploit/teams/69d8dd1e5d3e1f8c350e006f/users/68af3d99c99eb7bd2ff47bc8/projects/69f80768ca774c668fbaaed8/jobs/69f8cdddd3d80718c05f0785/results/scatter_respiratory_system_Rustam_Am_J_Respir_Crit_Care_Med_2023_author_cell_type_X_umap_56ce23_precision.svg
scatter_respiratory_system_Rustam_Am_J_Respir_Crit_Care_Med_2023_author_cell_type_X_umap_56ce23_recall.html,s3://lifebit-user-data-6941eed90a4dd7a1d1026d7a/deploit/teams/69d8dd1e5d3e1f8c350e006f/users/68af3d99c99eb7bd2ff47bc8/projects/69f80768ca774c668fbaaed8/jobs/69f8cdddd3d80718c05f0785/results/scatter_respiratory_system_Rustam_Am_J_Respir_Crit_Care_Med_2023_author_cell_type_X_umap_56ce23_recall.html
scatter_respiratory_system_Rustam_Am_J_Respir_Crit_Care_Med_2023_author_cell_type_X_umap_56ce23_recall.svg,s3://lifebit-user-data-6941eed90a4dd7a1d1026d7a/deploit/teams/69d8dd1e5d3e1f8c350e006f/users/68af3d99c99eb7bd2ff47bc8/projects/69f80768ca774c668fbaaed8/jobs/69f8cdddd3d80718c05f0785/results/scatter_respiratory_system_Rustam_Am_J_Respir_Crit_Care_Med_2023_author_cell_type_X_umap_56ce23_recall.svg
scatter_respiratory_system_Sikkema_Nat_Med_2023_ann_finest_level_X_umap_552c94_f_score.html,s3://lifebit-user-data-6941eed90a4dd7a1d1026d7a/deploit/teams/69d8dd1e5d3e1f8c350e006f/users/68af3d99c99eb7bd2ff47bc8/projects/69f80768ca774c668fbaaed8/jobs/69f8cdddd3d80718c05f0785/results/scatter_respiratory_system_Sikkema_Nat_Med_2023_ann_finest_level_X_umap_552c94_f_score.html
scatter_respiratory_system_Sikkema_Nat_Med_2023_ann_finest_level_X_umap_552c94_f_score.svg,s3://lifebit-user-data-6941eed90a4dd7a1d1026d7a/deploit/teams/69d8dd1e5d3e1f8c350e006f/users/68af3d99c99eb7bd2ff47bc8/projects/69f80768ca774c668fbaaed8/jobs/69f8cdddd3d80718c05f0785/results/scatter_respiratory_system_Sikkema_Nat_Med_2023_ann_finest_level_X_umap_552c94_f_score.svg
scatter_respiratory_system_Sikkema_Nat_Med_2023_ann_finest_level_X_umap_552c94_onTarget.html,s3://lifebit-user-data-6941eed90a4dd7a1d1026d7a/deploit/teams/69d8dd1e5d3e1f8c350e006f/users/68af3d99c99eb7bd2ff47bc8/projects/69f80768ca774c668fbaaed8/jobs/69f8cdddd3d80718c05f0785/results/scatter_respiratory_system_Sikkema_Nat_Med_2023_ann_finest_level_X_umap_552c94_onTarget.html
scatter_respiratory_system_Sikkema_Nat_Med_2023_ann_finest_level_X_umap_552c94_onTarget.svg,s3://lifebit-user-data-6941eed90a4dd7a1d1026d7a/deploit/teams/69d8dd1e5d3e1f8c350e006f/users/68af3d99c99eb7bd2ff47bc8/projects/69f80768ca774c668fbaaed8/jobs/69f8cdddd3d80718c05f0785/results/scatter_respiratory_system_Sikkema_Nat_Med_2023_ann_finest_level_X_umap_552c94_onTarget.svg
scatter_respiratory_system_Sikkema_Nat_Med_2023_ann_finest_level_X_umap_552c94_precision.html,s3://lifebit-user-data-6941eed90a4dd7a1d1026d7a/deploit/teams/69d8dd1e5d3e1f8c350e006f/users/68af3d99c99eb7bd2ff47bc8/projects/69f80768ca774c668fbaaed8/jobs/69f8cdddd3d80718c05f0785/results/scatter_respiratory_system_Sikkema_Nat_Med_2023_ann_finest_level_X_umap_552c94_precision.html
scatter_respiratory_system_Sikkema_Nat_Med_2023_ann_finest_level_X_umap_552c94_precision.svg,s3://lifebit-user-data-6941eed90a4dd7a1d1026d7a/deploit/teams/69d8dd1e5d3e1f8c350e006f/users/68af3d99c99eb7bd2ff47bc8/projects/69f80768ca774c668fbaaed8/jobs/69f8cdddd3d80718c05f0785/results/scatter_respiratory_system_Sikkema_Nat_Med_2023_ann_finest_level_X_umap_552c94_precision.svg
scatter_respiratory_system_Sikkema_Nat_Med_2023_ann_finest_level_X_umap_552c94_recall.html,s3://lifebit-user-data-6941eed90a4dd7a1d1026d7a/deploit/teams/69d8dd1e5d3e1f8c350e006f/users/68af3d99c99eb7bd2ff47bc8/projects/69f80768ca774c668fbaaed8/jobs/69f8cdddd3d80718c05f0785/results/scatter_respiratory_system_Sikkema_Nat_Med_2023_ann_finest_level_X_umap_552c94_recall.html
scatter_respiratory_system_Sikkema_Nat_Med_2023_ann_finest_level_X_umap_552c94_recall.svg,s3://lifebit-user-data-6941eed90a4dd7a1d1026d7a/deploit/teams/69d8dd1e5d3e1f8c350e006f/users/68af3d99c99eb7bd2ff47bc8/projects/69f80768ca774c668fbaaed8/jobs/69f8cdddd3d80718c05f0785/results/scatter_respiratory_system_Sikkema_Nat_Med_2023_ann_finest_level_X_umap_552c94_recall.svg
scatter_respiratory_system_Szabo_Nat_Commun_2019_status_X_umap_bb4707_f_score.html,s3://lifebit-user-data-6941eed90a4dd7a1d1026d7a/deploit/teams/69d8dd1e5d3e1f8c350e006f/users/68af3d99c99eb7bd2ff47bc8/projects/69f80768ca774c668fbaaed8/jobs/69f8cdddd3d80718c05f0785/results/scatter_respiratory_system_Szabo_Nat_Commun_2019_status_X_umap_bb4707_f_score.html
scatter_respiratory_system_Szabo_Nat_Commun_2019_status_X_umap_bb4707_f_score.svg,s3://lifebit-user-data-6941eed90a4dd7a1d1026d7a/deploit/teams/69d8dd1e5d3e1f8c350e006f/users/68af3d99c99eb7bd2ff47bc8/projects/69f80768ca774c668fbaaed8/jobs/69f8cdddd3d80718c05f0785/results/scatter_respiratory_system_Szabo_Nat_Commun_2019_status_X_umap_bb4707_f_score.svg
scatter_respiratory_system_Szabo_Nat_Commun_2019_status_X_umap_bb4707_onTarget.html,s3://lifebit-user-data-6941eed90a4dd7a1d1026d7a/deploit/teams/69d8dd1e5d3e1f8c350e006f/users/68af3d99c99eb7bd2ff47bc8/projects/69f80768ca774c668fbaaed8/jobs/69f8cdddd3d80718c05f0785/results/scatter_respiratory_system_Szabo_Nat_Commun_2019_status_X_umap_bb4707_onTarget.html
scatter_respiratory_system_Szabo_Nat_Commun_2019_status_X_umap_bb4707_onTarget.svg,s3://lifebit-user-data-6941eed90a4dd7a1d1026d7a/deploit/teams/69d8dd1e5d3e1f8c350e006f/users/68af3d99c99eb7bd2ff47bc8/projects/69f80768ca774c668fbaaed8/jobs/69f8cdddd3d80718c05f0785/results/scatter_respiratory_system_Szabo_Nat_Commun_2019_status_X_umap_bb4707_onTarget.svg
scatter_respiratory_system_Szabo_Nat_Commun_2019_status_X_umap_bb4707_precision.html,s3://lifebit-user-data-6941eed90a4dd7a1d1026d7a/deploit/teams/69d8dd1e5d3e1f8c350e006f/users/68af3d99c99eb7bd2ff47bc8/projects/69f80768ca774c668fbaaed8/jobs/69f8cdddd3d80718c05f0785/results/scatter_respiratory_system_Szabo_Nat_Commun_2019_status_X_umap_bb4707_precision.html
scatter_respiratory_system_Szabo_Nat_Commun_2019_status_X_umap_bb4707_precision.svg,s3://lifebit-user-data-6941eed90a4dd7a1d1026d7a/deploit/teams/69d8dd1e5d3e1f8c350e006f/users/68af3d99c99eb7bd2ff47bc8/projects/69f80768ca774c668fbaaed8/jobs/69f8cdddd3d80718c05f0785/results/scatter_respiratory_system_Szabo_Nat_Commun_2019_status_X_umap_bb4707_precision.svg
scatter_respiratory_system_Szabo_Nat_Commun_2019_status_X_umap_bb4707_recall.html,s3://lifebit-user-data-6941eed90a4dd7a1d1026d7a/deploit/teams/69d8dd1e5d3e1f8c350e006f/users/68af3d99c99eb7bd2ff47bc8/projects/69f80768ca774c668fbaaed8/jobs/69f8cdddd3d80718c05f0785/results/scatter_respiratory_system_Szabo_Nat_Commun_2019_status_X_umap_bb4707_recall.html
scatter_respiratory_system_Szabo_Nat_Commun_2019_status_X_umap_bb4707_recall.svg,s3://lifebit-user-data-6941eed90a4dd7a1d1026d7a/deploit/teams/69d8dd1e5d3e1f8c350e006f/users/68af3d99c99eb7bd2ff47bc8/projects/69f80768ca774c668fbaaed8/jobs/69f8cdddd3d80718c05f0785/results/scatter_respiratory_system_Szabo_Nat_Commun_2019_status_X_umap_bb4707_recall.svg
scatter_respiratory_system_Travaglini_Nature_2020_free_annotation_X_tSNE_04a4fd_f_score.html,s3://lifebit-user-data-6941eed90a4dd7a1d1026d7a/deploit/teams/69d8dd1e5d3e1f8c350e006f/users/68af3d99c99eb7bd2ff47bc8/projects/69f80768ca774c668fbaaed8/jobs/69f8cdddd3d80718c05f0785/results/scatter_respiratory_system_Travaglini_Nature_2020_free_annotation_X_tSNE_04a4fd_f_score.html
scatter_respiratory_system_Travaglini_Nature_2020_free_annotation_X_tSNE_04a4fd_f_score.svg,s3://lifebit-user-data-6941eed90a4dd7a1d1026d7a/deploit/teams/69d8dd1e5d3e1f8c350e006f/users/68af3d99c99eb7bd2ff47bc8/projects/69f80768ca774c668fbaaed8/jobs/69f8cdddd3d80718c05f0785/results/scatter_respiratory_system_Travaglini_Nature_2020_free_annotation_X_tSNE_04a4fd_f_score.svg
scatter_respiratory_system_Travaglini_Nature_2020_free_annotation_X_tSNE_04a4fd_onTarget.html,s3://lifebit-user-data-6941eed90a4dd7a1d1026d7a/deploit/teams/69d8dd1e5d3e1f8c350e006f/users/68af3d99c99eb7bd2ff47bc8/projects/69f80768ca774c668fbaaed8/jobs/69f8cdddd3d80718c05f0785/results/scatter_respiratory_system_Travaglini_Nature_2020_free_annotation_X_tSNE_04a4fd_onTarget.html
scatter_respiratory_system_Travaglini_Nature_2020_free_annotation_X_tSNE_04a4fd_onTarget.svg,s3://lifebit-user-data-6941eed90a4dd7a1d1026d7a/deploit/teams/69d8dd1e5d3e1f8c350e006f/users/68af3d99c99eb7bd2ff47bc8/projects/69f80768ca774c668fbaaed8/jobs/69f8cdddd3d80718c05f0785/results/scatter_respiratory_system_Travaglini_Nature_2020_free_annotation_X_tSNE_04a4fd_onTarget.svg
scatter_respiratory_system_Travaglini_Nature_2020_free_annotation_X_tSNE_04a4fd_precision.html,s3://lifebit-user-data-6941eed90a4dd7a1d1026d7a/deploit/teams/69d8dd1e5d3e1f8c350e006f/users/68af3d99c99eb7bd2ff47bc8/projects/69f80768ca774c668fbaaed8/jobs/69f8cdddd3d80718c05f0785/results/scatter_respiratory_system_Travaglini_Nature_2020_free_annotation_X_tSNE_04a4fd_precision.html
scatter_respiratory_system_Travaglini_Nature_2020_free_annotation_X_tSNE_04a4fd_precision.svg,s3://lifebit-user-data-6941eed90a4dd7a1d1026d7a/deploit/teams/69d8dd1e5d3e1f8c350e006f/users/68af3d99c99eb7bd2ff47bc8/projects/69f80768ca774c668fbaaed8/jobs/69f8cdddd3d80718c05f0785/results/scatter_respiratory_system_Travaglini_Nature_2020_free_annotation_X_tSNE_04a4fd_precision.svg
scatter_respiratory_system_Travaglini_Nature_2020_free_annotation_X_tSNE_04a4fd_recall.html,s3://lifebit-user-data-6941eed90a4dd7a1d1026d7a/deploit/teams/69d8dd1e5d3e1f8c350e006f/users/68af3d99c99eb7bd2ff47bc8/projects/69f80768ca774c668fbaaed8/jobs/69f8cdddd3d80718c05f0785/results/scatter_respiratory_system_Travaglini_Nature_2020_free_annotation_X_tSNE_04a4fd_recall.html
scatter_respiratory_system_Travaglini_Nature_2020_free_annotation_X_tSNE_04a4fd_recall.svg,s3://lifebit-user-data-6941eed90a4dd7a1d1026d7a/deploit/teams/69d8dd1e5d3e1f8c350e006f/users/68af3d99c99eb7bd2ff47bc8/projects/69f80768ca774c668fbaaed8/jobs/69f8cdddd3d80718c05f0785/results/scatter_respiratory_system_Travaglini_Nature_2020_free_annotation_X_tSNE_04a4fd_recall.svg
scatter_respiratory_system_Travaglini_Nature_2020_free_annotation_X_tSNE_81a82c_f_score.html,s3://lifebit-user-data-6941eed90a4dd7a1d1026d7a/deploit/teams/69d8dd1e5d3e1f8c350e006f/users/68af3d99c99eb7bd2ff47bc8/projects/69f80768ca774c668fbaaed8/jobs/69f8cdddd3d80718c05f0785/results/scatter_respiratory_system_Travaglini_Nature_2020_free_annotation_X_tSNE_81a82c_f_score.html
scatter_respiratory_system_Travaglini_Nature_2020_free_annotation_X_tSNE_81a82c_f_score.svg,s3://lifebit-user-data-6941eed90a4dd7a1d1026d7a/deploit/teams/69d8dd1e5d3e1f8c350e006f/users/68af3d99c99eb7bd2ff47bc8/projects/69f80768ca774c668fbaaed8/jobs/69f8cdddd3d80718c05f0785/results/scatter_respiratory_system_Travaglini_Nature_2020_free_annotation_X_tSNE_81a82c_f_score.svg
scatter_respiratory_system_Travaglini_Nature_2020_free_annotation_X_tSNE_81a82c_onTarget.html,s3://lifebit-user-data-6941eed90a4dd7a1d1026d7a/deploit/teams/69d8dd1e5d3e1f8c350e006f/users/68af3d99c99eb7bd2ff47bc8/projects/69f80768ca774c668fbaaed8/jobs/69f8cdddd3d80718c05f0785/results/scatter_respiratory_system_Travaglini_Nature_2020_free_annotation_X_tSNE_81a82c_onTarget.html
scatter_respiratory_system_Travaglini_Nature_2020_free_annotation_X_tSNE_81a82c_onTarget.svg,s3://lifebit-user-data-6941eed90a4dd7a1d1026d7a/deploit/teams/69d8dd1e5d3e1f8c350e006f/users/68af3d99c99eb7bd2ff47bc8/projects/69f80768ca774c668fbaaed8/jobs/69f8cdddd3d80718c05f0785/results/scatter_respiratory_system_Travaglini_Nature_2020_free_annotation_X_tSNE_81a82c_onTarget.svg
scatter_respiratory_system_Travaglini_Nature_2020_free_annotation_X_tSNE_81a82c_precision.html,s3://lifebit-user-data-6941eed90a4dd7a1d1026d7a/deploit/teams/69d8dd1e5d3e1f8c350e006f/users/68af3d99c99eb7bd2ff47bc8/projects/69f80768ca774c668fbaaed8/jobs/69f8cdddd3d80718c05f0785/results/scatter_respiratory_system_Travaglini_Nature_2020_free_annotation_X_tSNE_81a82c_precision.html
scatter_respiratory_system_Travaglini_Nature_2020_free_annotation_X_tSNE_81a82c_precision.svg,s3://lifebit-user-data-6941eed90a4dd7a1d1026d7a/deploit/teams/69d8dd1e5d3e1f8c350e006f/users/68af3d99c99eb7bd2ff47bc8/projects/69f80768ca774c668fbaaed8/jobs/69f8cdddd3d80718c05f0785/results/scatter_respiratory_system_Travaglini_Nature_2020_free_annotation_X_tSNE_81a82c_precision.svg
scatter_respiratory_system_Travaglini_Nature_2020_free_annotation_X_tSNE_81a82c_recall.html,s3://lifebit-user-data-6941eed90a4dd7a1d1026d7a/deploit/teams/69d8dd1e5d3e1f8c350e006f/users/68af3d99c99eb7bd2ff47bc8/projects/69f80768ca774c668fbaaed8/jobs/69f8cdddd3d80718c05f0785/results/scatter_respiratory_system_Travaglini_Nature_2020_free_annotation_X_tSNE_81a82c_recall.html
scatter_respiratory_system_Travaglini_Nature_2020_free_annotation_X_tSNE_81a82c_recall.svg,s3://lifebit-user-data-6941eed90a4dd7a1d1026d7a/deploit/teams/69d8dd1e5d3e1f8c350e006f/users/68af3d99c99eb7bd2ff47bc8/projects/69f80768ca774c668fbaaed8/jobs/69f8cdddd3d80718c05f0785/results/scatter_respiratory_system_Travaglini_Nature_2020_free_annotation_X_tSNE_81a82c_recall.svg
scatter_respiratory_system_Wang_eLife_2020_author_cell_type_X_umap_c3bd89_f_score.html,s3://lifebit-user-data-6941eed90a4dd7a1d1026d7a/deploit/teams/69d8dd1e5d3e1f8c350e006f/users/68af3d99c99eb7bd2ff47bc8/projects/69f80768ca774c668fbaaed8/jobs/69f8cdddd3d80718c05f0785/results/scatter_respiratory_system_Wang_eLife_2020_author_cell_type_X_umap_c3bd89_f_score.html
scatter_respiratory_system_Wang_eLife_2020_author_cell_type_X_umap_c3bd89_f_score.svg,s3://lifebit-user-data-6941eed90a4dd7a1d1026d7a/deploit/teams/69d8dd1e5d3e1f8c350e006f/users/68af3d99c99eb7bd2ff47bc8/projects/69f80768ca774c668fbaaed8/jobs/69f8cdddd3d80718c05f0785/results/scatter_respiratory_system_Wang_eLife_2020_author_cell_type_X_umap_c3bd89_f_score.svg
scatter_respiratory_system_Wang_eLife_2020_author_cell_type_X_umap_c3bd89_onTarget.html,s3://lifebit-user-data-6941eed90a4dd7a1d1026d7a/deploit/teams/69d8dd1e5d3e1f8c350e006f/users/68af3d99c99eb7bd2ff47bc8/projects/69f80768ca774c668fbaaed8/jobs/69f8cdddd3d80718c05f0785/results/scatter_respiratory_system_Wang_eLife_2020_author_cell_type_X_umap_c3bd89_onTarget.html
scatter_respiratory_system_Wang_eLife_2020_author_cell_type_X_umap_c3bd89_onTarget.svg,s3://lifebit-user-data-6941eed90a4dd7a1d1026d7a/deploit/teams/69d8dd1e5d3e1f8c350e006f/users/68af3d99c99eb7bd2ff47bc8/projects/69f80768ca774c668fbaaed8/jobs/69f8cdddd3d80718c05f0785/results/scatter_respiratory_system_Wang_eLife_2020_author_cell_type_X_umap_c3bd89_onTarget.svg
scatter_respiratory_system_Wang_eLife_2020_author_cell_type_X_umap_c3bd89_precision.html,s3://lifebit-user-data-6941eed90a4dd7a1d1026d7a/deploit/teams/69d8dd1e5d3e1f8c350e006f/users/68af3d99c99eb7bd2ff47bc8/projects/69f80768ca774c668fbaaed8/jobs/69f8cdddd3d80718c05f0785/results/scatter_respiratory_system_Wang_eLife_2020_author_cell_type_X_umap_c3bd89_precision.html
scatter_respiratory_system_Wang_eLife_2020_author_cell_type_X_umap_c3bd89_precision.svg,s3://lifebit-user-data-6941eed90a4dd7a1d1026d7a/deploit/teams/69d8dd1e5d3e1f8c350e006f/users/68af3d99c99eb7bd2ff47bc8/projects/69f80768ca774c668fbaaed8/jobs/69f8cdddd3d80718c05f0785/results/scatter_respiratory_system_Wang_eLife_2020_author_cell_type_X_umap_c3bd89_precision.svg
scatter_respiratory_system_Wang_eLife_2020_author_cell_type_X_umap_c3bd89_recall.html,s3://lifebit-user-data-6941eed90a4dd7a1d1026d7a/deploit/teams/69d8dd1e5d3e1f8c350e006f/users/68af3d99c99eb7bd2ff47bc8/projects/69f80768ca774c668fbaaed8/jobs/69f8cdddd3d80718c05f0785/results/scatter_respiratory_system_Wang_eLife_2020_author_cell_type_X_umap_c3bd89_recall.html
scatter_respiratory_system_Wang_eLife_2020_author_cell_type_X_umap_c3bd89_recall.svg,s3://lifebit-user-data-6941eed90a4dd7a1d1026d7a/deploit/teams/69d8dd1e5d3e1f8c350e006f/users/68af3d99c99eb7bd2ff47bc8/projects/69f80768ca774c668fbaaed8/jobs/69f8cdddd3d80718c05f0785/results/scatter_respiratory_system_Wang_eLife_2020_author_cell_type_X_umap_c3bd89_recall.svg
scatter_respiratory_system_Watanabe_Am_J_Respir_Cell_Mol_Biol_2022_author_cell_type_X_umap_c7b336_f_score.html,s3://lifebit-user-data-6941eed90a4dd7a1d1026d7a/deploit/teams/69d8dd1e5d3e1f8c350e006f/users/68af3d99c99eb7bd2ff47bc8/projects/69f80768ca774c668fbaaed8/jobs/69f8cdddd3d80718c05f0785/results/scatter_respiratory_system_Watanabe_Am_J_Respir_Cell_Mol_Biol_2022_author_cell_type_X_umap_c7b336_f_score.html
scatter_respiratory_system_Watanabe_Am_J_Respir_Cell_Mol_Biol_2022_author_cell_type_X_umap_c7b336_f_score.svg,s3://lifebit-user-data-6941eed90a4dd7a1d1026d7a/deploit/teams/69d8dd1e5d3e1f8c350e006f/users/68af3d99c99eb7bd2ff47bc8/projects/69f80768ca774c668fbaaed8/jobs/69f8cdddd3d80718c05f0785/results/scatter_respiratory_system_Watanabe_Am_J_Respir_Cell_Mol_Biol_2022_author_cell_type_X_umap_c7b336_f_score.svg
scatter_respiratory_system_Watanabe_Am_J_Respir_Cell_Mol_Biol_2022_author_cell_type_X_umap_c7b336_onTarget.html,s3://lifebit-user-data-6941eed90a4dd7a1d1026d7a/deploit/teams/69d8dd1e5d3e1f8c350e006f/users/68af3d99c99eb7bd2ff47bc8/projects/69f80768ca774c668fbaaed8/jobs/69f8cdddd3d80718c05f0785/results/scatter_respiratory_system_Watanabe_Am_J_Respir_Cell_Mol_Biol_2022_author_cell_type_X_umap_c7b336_onTarget.html
scatter_respiratory_system_Watanabe_Am_J_Respir_Cell_Mol_Biol_2022_author_cell_type_X_umap_c7b336_onTarget.svg,s3://lifebit-user-data-6941eed90a4dd7a1d1026d7a/deploit/teams/69d8dd1e5d3e1f8c350e006f/users/68af3d99c99eb7bd2ff47bc8/projects/69f80768ca774c668fbaaed8/jobs/69f8cdddd3d80718c05f0785/results/scatter_respiratory_system_Watanabe_Am_J_Respir_Cell_Mol_Biol_2022_author_cell_type_X_umap_c7b336_onTarget.svg
scatter_respiratory_system_Watanabe_Am_J_Respir_Cell_Mol_Biol_2022_author_cell_type_X_umap_c7b336_precision.html,s3://lifebit-user-data-6941eed90a4dd7a1d1026d7a/deploit/teams/69d8dd1e5d3e1f8c350e006f/users/68af3d99c99eb7bd2ff47bc8/projects/69f80768ca774c668fbaaed8/jobs/69f8cdddd3d80718c05f0785/results/scatter_respiratory_system_Watanabe_Am_J_Respir_Cell_Mol_Biol_2022_author_cell_type_X_umap_c7b336_precision.html
scatter_respiratory_system_Watanabe_Am_J_Respir_Cell_Mol_Biol_2022_author_cell_type_X_umap_c7b336_precision.svg,s3://lifebit-user-data-6941eed90a4dd7a1d1026d7a/deploit/teams/69d8dd1e5d3e1f8c350e006f/users/68af3d99c99eb7bd2ff47bc8/projects/69f80768ca774c668fbaaed8/jobs/69f8cdddd3d80718c05f0785/results/scatter_respiratory_system_Watanabe_Am_J_Respir_Cell_Mol_Biol_2022_author_cell_type_X_umap_c7b336_precision.svg
scatter_respiratory_system_Watanabe_Am_J_Respir_Cell_Mol_Biol_2022_author_cell_type_X_umap_c7b336_recall.html,s3://lifebit-user-data-6941eed90a4dd7a1d1026d7a/deploit/teams/69d8dd1e5d3e1f8c350e006f/users/68af3d99c99eb7bd2ff47bc8/projects/69f80768ca774c668fbaaed8/jobs/69f8cdddd3d80718c05f0785/results/scatter_respiratory_system_Watanabe_Am_J_Respir_Cell_Mol_Biol_2022_author_cell_type_X_umap_c7b336_recall.html
scatter_respiratory_system_Watanabe_Am_J_Respir_Cell_Mol_Biol_2022_author_cell_type_X_umap_c7b336_recall.svg,s3://lifebit-user-data-6941eed90a4dd7a1d1026d7a/deploit/teams/69d8dd1e5d3e1f8c350e006f/users/68af3d99c99eb7bd2ff47bc8/projects/69f80768ca774c668fbaaed8/jobs/69f8cdddd3d80718c05f0785/results/scatter_respiratory_system_Watanabe_Am_J_Respir_Cell_Mol_Biol_2022_author_cell_type_X_umap_c7b336_recall.svg
scatter_respiratory_system_Wells_Nat_Immunol_2025_author_cell_type_X_umap_74e9e1_f_score.html,s3://lifebit-user-data-6941eed90a4dd7a1d1026d7a/deploit/teams/69d8dd1e5d3e1f8c350e006f/users/68af3d99c99eb7bd2ff47bc8/projects/69f80768ca774c668fbaaed8/jobs/69f8cdddd3d80718c05f0785/results/scatter_respiratory_system_Wells_Nat_Immunol_2025_author_cell_type_X_umap_74e9e1_f_score.html
scatter_respiratory_system_Wells_Nat_Immunol_2025_author_cell_type_X_umap_74e9e1_f_score.svg,s3://lifebit-user-data-6941eed90a4dd7a1d1026d7a/deploit/teams/69d8dd1e5d3e1f8c350e006f/users/68af3d99c99eb7bd2ff47bc8/projects/69f80768ca774c668fbaaed8/jobs/69f8cdddd3d80718c05f0785/results/scatter_respiratory_system_Wells_Nat_Immunol_2025_author_cell_type_X_umap_74e9e1_f_score.svg
scatter_respiratory_system_Wells_Nat_Immunol_2025_author_cell_type_X_umap_74e9e1_onTarget.html,s3://lifebit-user-data-6941eed90a4dd7a1d1026d7a/deploit/teams/69d8dd1e5d3e1f8c350e006f/users/68af3d99c99eb7bd2ff47bc8/projects/69f80768ca774c668fbaaed8/jobs/69f8cdddd3d80718c05f0785/results/scatter_respiratory_system_Wells_Nat_Immunol_2025_author_cell_type_X_umap_74e9e1_onTarget.html
scatter_respiratory_system_Wells_Nat_Immunol_2025_author_cell_type_X_umap_74e9e1_onTarget.svg,s3://lifebit-user-data-6941eed90a4dd7a1d1026d7a/deploit/teams/69d8dd1e5d3e1f8c350e006f/users/68af3d99c99eb7bd2ff47bc8/projects/69f80768ca774c668fbaaed8/jobs/69f8cdddd3d80718c05f0785/results/scatter_respiratory_system_Wells_Nat_Immunol_2025_author_cell_type_X_umap_74e9e1_onTarget.svg
scatter_respiratory_system_Wells_Nat_Immunol_2025_author_cell_type_X_umap_74e9e1_precision.html,s3://lifebit-user-data-6941eed90a4dd7a1d1026d7a/deploit/teams/69d8dd1e5d3e1f8c350e006f/users/68af3d99c99eb7bd2ff47bc8/projects/69f80768ca774c668fbaaed8/jobs/69f8cdddd3d80718c05f0785/results/scatter_respiratory_system_Wells_Nat_Immunol_2025_author_cell_type_X_umap_74e9e1_precision.html
scatter_respiratory_system_Wells_Nat_Immunol_2025_author_cell_type_X_umap_74e9e1_precision.svg,s3://lifebit-user-data-6941eed90a4dd7a1d1026d7a/deploit/teams/69d8dd1e5d3e1f8c350e006f/users/68af3d99c99eb7bd2ff47bc8/projects/69f80768ca774c668fbaaed8/jobs/69f8cdddd3d80718c05f0785/results/scatter_respiratory_system_Wells_Nat_Immunol_2025_author_cell_type_X_umap_74e9e1_precision.svg
scatter_respiratory_system_Wells_Nat_Immunol_2025_author_cell_type_X_umap_74e9e1_recall.html,s3://lifebit-user-data-6941eed90a4dd7a1d1026d7a/deploit/teams/69d8dd1e5d3e1f8c350e006f/users/68af3d99c99eb7bd2ff47bc8/projects/69f80768ca774c668fbaaed8/jobs/69f8cdddd3d80718c05f0785/results/scatter_respiratory_system_Wells_Nat_Immunol_2025_author_cell_type_X_umap_74e9e1_recall.html
scatter_respiratory_system_Wells_Nat_Immunol_2025_author_cell_type_X_umap_74e9e1_recall.svg,s3://lifebit-user-data-6941eed90a4dd7a1d1026d7a/deploit/teams/69d8dd1e5d3e1f8c350e006f/users/68af3d99c99eb7bd2ff47bc8/projects/69f80768ca774c668fbaaed8/jobs/69f8cdddd3d80718c05f0785/results/scatter_respiratory_system_Wells_Nat_Immunol_2025_author_cell_type_X_umap_74e9e1_recall.svg
scatter_respiratory_system_Wong_American_Journal_of_Transplantation_2024_GSVA_anno_labels_lowcluster_X_umap_3db111_f_score.html,s3://lifebit-user-data-6941eed90a4dd7a1d1026d7a/deploit/teams/69d8dd1e5d3e1f8c350e006f/users/68af3d99c99eb7bd2ff47bc8/projects/69f80768ca774c668fbaaed8/jobs/69f8cdddd3d80718c05f0785/results/scatter_respiratory_system_Wong_American_Journal_of_Transplantation_2024_GSVA_anno_labels_lowcluster_X_umap_3db111_f_score.html
scatter_respiratory_system_Wong_American_Journal_of_Transplantation_2024_GSVA_anno_labels_lowcluster_X_umap_3db111_f_score.svg,s3://lifebit-user-data-6941eed90a4dd7a1d1026d7a/deploit/teams/69d8dd1e5d3e1f8c350e006f/users/68af3d99c99eb7bd2ff47bc8/projects/69f80768ca774c668fbaaed8/jobs/69f8cdddd3d80718c05f0785/results/scatter_respiratory_system_Wong_American_Journal_of_Transplantation_2024_GSVA_anno_labels_lowcluster_X_umap_3db111_f_score.svg
scatter_respiratory_system_Wong_American_Journal_of_Transplantation_2024_GSVA_anno_labels_lowcluster_X_umap_3db111_onTarget.html,s3://lifebit-user-data-6941eed90a4dd7a1d1026d7a/deploit/teams/69d8dd1e5d3e1f8c350e006f/users/68af3d99c99eb7bd2ff47bc8/projects/69f80768ca774c668fbaaed8/jobs/69f8cdddd3d80718c05f0785/results/scatter_respiratory_system_Wong_American_Journal_of_Transplantation_2024_GSVA_anno_labels_lowcluster_X_umap_3db111_onTarget.html
scatter_respiratory_system_Wong_American_Journal_of_Transplantation_2024_GSVA_anno_labels_lowcluster_X_umap_3db111_onTarget.svg,s3://lifebit-user-data-6941eed90a4dd7a1d1026d7a/deploit/teams/69d8dd1e5d3e1f8c350e006f/users/68af3d99c99eb7bd2ff47bc8/projects/69f80768ca774c668fbaaed8/jobs/69f8cdddd3d80718c05f0785/results/scatter_respiratory_system_Wong_American_Journal_of_Transplantation_2024_GSVA_anno_labels_lowcluster_X_umap_3db111_onTarget.svg
scatter_respiratory_system_Wong_American_Journal_of_Transplantation_2024_GSVA_anno_labels_lowcluster_X_umap_3db111_precision.html,s3://lifebit-user-data-6941eed90a4dd7a1d1026d7a/deploit/teams/69d8dd1e5d3e1f8c350e006f/users/68af3d99c99eb7bd2ff47bc8/projects/69f80768ca774c668fbaaed8/jobs/69f8cdddd3d80718c05f0785/results/scatter_respiratory_system_Wong_American_Journal_of_Transplantation_2024_GSVA_anno_labels_lowcluster_X_umap_3db111_precision.html
scatter_respiratory_system_Wong_American_Journal_of_Transplantation_2024_GSVA_anno_labels_lowcluster_X_umap_3db111_precision.svg,s3://lifebit-user-data-6941eed90a4dd7a1d1026d7a/deploit/teams/69d8dd1e5d3e1f8c350e006f/users/68af3d99c99eb7bd2ff47bc8/projects/69f80768ca774c668fbaaed8/jobs/69f8cdddd3d80718c05f0785/results/scatter_respiratory_system_Wong_American_Journal_of_Transplantation_2024_GSVA_anno_labels_lowcluster_X_umap_3db111_precision.svg
scatter_respiratory_system_Wong_American_Journal_of_Transplantation_2024_GSVA_anno_labels_lowcluster_X_umap_3db111_recall.html,s3://lifebit-user-data-6941eed90a4dd7a1d1026d7a/deploit/teams/69d8dd1e5d3e1f8c350e006f/users/68af3d99c99eb7bd2ff47bc8/projects/69f80768ca774c668fbaaed8/jobs/69f8cdddd3d80718c05f0785/results/scatter_respiratory_system_Wong_American_Journal_of_Transplantation_2024_GSVA_anno_labels_lowcluster_X_umap_3db111_recall.html
scatter_respiratory_system_Wong_American_Journal_of_Transplantation_2024_GSVA_anno_labels_lowcluster_X_umap_3db111_recall.svg,s3://lifebit-user-data-6941eed90a4dd7a1d1026d7a/deploit/teams/69d8dd1e5d3e1f8c350e006f/users/68af3d99c99eb7bd2ff47bc8/projects/69f80768ca774c668fbaaed8/jobs/69f8cdddd3d80718c05f0785/results/scatter_respiratory_system_Wong_American_Journal_of_Transplantation_2024_GSVA_anno_labels_lowcluster_X_umap_3db111_recall.svg
scatter_respiratory_system_Xu_Cell_2023_Original_annotation_X_umap_78cea8_f_score.html,s3://lifebit-user-data-6941eed90a4dd7a1d1026d7a/deploit/teams/69d8dd1e5d3e1f8c350e006f/users/68af3d99c99eb7bd2ff47bc8/projects/69f80768ca774c668fbaaed8/jobs/69f8cdddd3d80718c05f0785/results/scatter_respiratory_system_Xu_Cell_2023_Original_annotation_X_umap_78cea8_f_score.html
scatter_respiratory_system_Xu_Cell_2023_Original_annotation_X_umap_78cea8_f_score.svg,s3://lifebit-user-data-6941eed90a4dd7a1d1026d7a/deploit/teams/69d8dd1e5d3e1f8c350e006f/users/68af3d99c99eb7bd2ff47bc8/projects/69f80768ca774c668fbaaed8/jobs/69f8cdddd3d80718c05f0785/results/scatter_respiratory_system_Xu_Cell_2023_Original_annotation_X_umap_78cea8_f_score.svg
scatter_respiratory_system_Xu_Cell_2023_Original_annotation_X_umap_78cea8_onTarget.html,s3://lifebit-user-data-6941eed90a4dd7a1d1026d7a/deploit/teams/69d8dd1e5d3e1f8c350e006f/users/68af3d99c99eb7bd2ff47bc8/projects/69f80768ca774c668fbaaed8/jobs/69f8cdddd3d80718c05f0785/results/scatter_respiratory_system_Xu_Cell_2023_Original_annotation_X_umap_78cea8_onTarget.html
scatter_respiratory_system_Xu_Cell_2023_Original_annotation_X_umap_78cea8_onTarget.svg,s3://lifebit-user-data-6941eed90a4dd7a1d1026d7a/deploit/teams/69d8dd1e5d3e1f8c350e006f/users/68af3d99c99eb7bd2ff47bc8/projects/69f80768ca774c668fbaaed8/jobs/69f8cdddd3d80718c05f0785/results/scatter_respiratory_system_Xu_Cell_2023_Original_annotation_X_umap_78cea8_onTarget.svg
scatter_respiratory_system_Xu_Cell_2023_Original_annotation_X_umap_78cea8_precision.html,s3://lifebit-user-data-6941eed90a4dd7a1d1026d7a/deploit/teams/69d8dd1e5d3e1f8c350e006f/users/68af3d99c99eb7bd2ff47bc8/projects/69f80768ca774c668fbaaed8/jobs/69f8cdddd3d80718c05f0785/results/scatter_respiratory_system_Xu_Cell_2023_Original_annotation_X_umap_78cea8_precision.html
scatter_respiratory_system_Xu_Cell_2023_Original_annotation_X_umap_78cea8_precision.svg,s3://lifebit-user-data-6941eed90a4dd7a1d1026d7a/deploit/teams/69d8dd1e5d3e1f8c350e006f/users/68af3d99c99eb7bd2ff47bc8/projects/69f80768ca774c668fbaaed8/jobs/69f8cdddd3d80718c05f0785/results/scatter_respiratory_system_Xu_Cell_2023_Original_annotation_X_umap_78cea8_precision.svg
scatter_respiratory_system_Xu_Cell_2023_Original_annotation_X_umap_78cea8_recall.html,s3://lifebit-user-data-6941eed90a4dd7a1d1026d7a/deploit/teams/69d8dd1e5d3e1f8c350e006f/users/68af3d99c99eb7bd2ff47bc8/projects/69f80768ca774c668fbaaed8/jobs/69f8cdddd3d80718c05f0785/results/scatter_respiratory_system_Xu_Cell_2023_Original_annotation_X_umap_78cea8_recall.html
scatter_respiratory_system_Xu_Cell_2023_Original_annotation_X_umap_78cea8_recall.svg,s3://lifebit-user-data-6941eed90a4dd7a1d1026d7a/deploit/teams/69d8dd1e5d3e1f8c350e006f/users/68af3d99c99eb7bd2ff47bc8/projects/69f80768ca774c668fbaaed8/jobs/69f8cdddd3d80718c05f0785/results/scatter_respiratory_system_Xu_Cell_2023_Original_annotation_X_umap_78cea8_recall.svg
scatter_respiratory_system_Xu_Sci_Rep_2022_author_cell_type_final_X_umap_dc2012_f_score.html,s3://lifebit-user-data-6941eed90a4dd7a1d1026d7a/deploit/teams/69d8dd1e5d3e1f8c350e006f/users/68af3d99c99eb7bd2ff47bc8/projects/69f80768ca774c668fbaaed8/jobs/69f8cdddd3d80718c05f0785/results/scatter_respiratory_system_Xu_Sci_Rep_2022_author_cell_type_final_X_umap_dc2012_f_score.html
scatter_respiratory_system_Xu_Sci_Rep_2022_author_cell_type_final_X_umap_dc2012_f_score.svg,s3://lifebit-user-data-6941eed90a4dd7a1d1026d7a/deploit/teams/69d8dd1e5d3e1f8c350e006f/users/68af3d99c99eb7bd2ff47bc8/projects/69f80768ca774c668fbaaed8/jobs/69f8cdddd3d80718c05f0785/results/scatter_respiratory_system_Xu_Sci_Rep_2022_author_cell_type_final_X_umap_dc2012_f_score.svg
scatter_respiratory_system_Xu_Sci_Rep_2022_author_cell_type_final_X_umap_dc2012_onTarget.html,s3://lifebit-user-data-6941eed90a4dd7a1d1026d7a/deploit/teams/69d8dd1e5d3e1f8c350e006f/users/68af3d99c99eb7bd2ff47bc8/projects/69f80768ca774c668fbaaed8/jobs/69f8cdddd3d80718c05f0785/results/scatter_respiratory_system_Xu_Sci_Rep_2022_author_cell_type_final_X_umap_dc2012_onTarget.html
scatter_respiratory_system_Xu_Sci_Rep_2022_author_cell_type_final_X_umap_dc2012_onTarget.svg,s3://lifebit-user-data-6941eed90a4dd7a1d1026d7a/deploit/teams/69d8dd1e5d3e1f8c350e006f/users/68af3d99c99eb7bd2ff47bc8/projects/69f80768ca774c668fbaaed8/jobs/69f8cdddd3d80718c05f0785/results/scatter_respiratory_system_Xu_Sci_Rep_2022_author_cell_type_final_X_umap_dc2012_onTarget.svg
scatter_respiratory_system_Xu_Sci_Rep_2022_author_cell_type_final_X_umap_dc2012_precision.html,s3://lifebit-user-data-6941eed90a4dd7a1d1026d7a/deploit/teams/69d8dd1e5d3e1f8c350e006f/users/68af3d99c99eb7bd2ff47bc8/projects/69f80768ca774c668fbaaed8/jobs/69f8cdddd3d80718c05f0785/results/scatter_respiratory_system_Xu_Sci_Rep_2022_author_cell_type_final_X_umap_dc2012_precision.html
scatter_respiratory_system_Xu_Sci_Rep_2022_author_cell_type_final_X_umap_dc2012_precision.svg,s3://lifebit-user-data-6941eed90a4dd7a1d1026d7a/deploit/teams/69d8dd1e5d3e1f8c350e006f/users/68af3d99c99eb7bd2ff47bc8/projects/69f80768ca774c668fbaaed8/jobs/69f8cdddd3d80718c05f0785/results/scatter_respiratory_system_Xu_Sci_Rep_2022_author_cell_type_final_X_umap_dc2012_precision.svg
scatter_respiratory_system_Xu_Sci_Rep_2022_author_cell_type_final_X_umap_dc2012_recall.html,s3://lifebit-user-data-6941eed90a4dd7a1d1026d7a/deploit/teams/69d8dd1e5d3e1f8c350e006f/users/68af3d99c99eb7bd2ff47bc8/projects/69f80768ca774c668fbaaed8/jobs/69f8cdddd3d80718c05f0785/results/scatter_respiratory_system_Xu_Sci_Rep_2022_author_cell_type_final_X_umap_dc2012_recall.html
scatter_respiratory_system_Xu_Sci_Rep_2022_author_cell_type_final_X_umap_dc2012_recall.svg,s3://lifebit-user-data-6941eed90a4dd7a1d1026d7a/deploit/teams/69d8dd1e5d3e1f8c350e006f/users/68af3d99c99eb7bd2ff47bc8/projects/69f80768ca774c668fbaaed8/jobs/69f8cdddd3d80718c05f0785/results/scatter_respiratory_system_Xu_Sci_Rep_2022_author_cell_type_final_X_umap_dc2012_recall.svg
scatter_respiratory_system_Xu_Sci_Rep_2022_cell_type_X_umap_81ecd6_f_score.html,s3://lifebit-user-data-6941eed90a4dd7a1d1026d7a/deploit/teams/69d8dd1e5d3e1f8c350e006f/users/68af3d99c99eb7bd2ff47bc8/projects/69f80768ca774c668fbaaed8/jobs/69f8cdddd3d80718c05f0785/results/scatter_respiratory_system_Xu_Sci_Rep_2022_cell_type_X_umap_81ecd6_f_score.html
scatter_respiratory_system_Xu_Sci_Rep_2022_cell_type_X_umap_81ecd6_f_score.svg,s3://lifebit-user-data-6941eed90a4dd7a1d1026d7a/deploit/teams/69d8dd1e5d3e1f8c350e006f/users/68af3d99c99eb7bd2ff47bc8/projects/69f80768ca774c668fbaaed8/jobs/69f8cdddd3d80718c05f0785/results/scatter_respiratory_system_Xu_Sci_Rep_2022_cell_type_X_umap_81ecd6_f_score.svg
scatter_respiratory_system_Xu_Sci_Rep_2022_cell_type_X_umap_81ecd6_onTarget.html,s3://lifebit-user-data-6941eed90a4dd7a1d1026d7a/deploit/teams/69d8dd1e5d3e1f8c350e006f/users/68af3d99c99eb7bd2ff47bc8/projects/69f80768ca774c668fbaaed8/jobs/69f8cdddd3d80718c05f0785/results/scatter_respiratory_system_Xu_Sci_Rep_2022_cell_type_X_umap_81ecd6_onTarget.html
scatter_respiratory_system_Xu_Sci_Rep_2022_cell_type_X_umap_81ecd6_onTarget.svg,s3://lifebit-user-data-6941eed90a4dd7a1d1026d7a/deploit/teams/69d8dd1e5d3e1f8c350e006f/users/68af3d99c99eb7bd2ff47bc8/projects/69f80768ca774c668fbaaed8/jobs/69f8cdddd3d80718c05f0785/results/scatter_respiratory_system_Xu_Sci_Rep_2022_cell_type_X_umap_81ecd6_onTarget.svg
scatter_respiratory_system_Xu_Sci_Rep_2022_cell_type_X_umap_81ecd6_precision.html,s3://lifebit-user-data-6941eed90a4dd7a1d1026d7a/deploit/teams/69d8dd1e5d3e1f8c350e006f/users/68af3d99c99eb7bd2ff47bc8/projects/69f80768ca774c668fbaaed8/jobs/69f8cdddd3d80718c05f0785/results/scatter_respiratory_system_Xu_Sci_Rep_2022_cell_type_X_umap_81ecd6_precision.html
scatter_respiratory_system_Xu_Sci_Rep_2022_cell_type_X_umap_81ecd6_precision.svg,s3://lifebit-user-data-6941eed90a4dd7a1d1026d7a/deploit/teams/69d8dd1e5d3e1f8c350e006f/users/68af3d99c99eb7bd2ff47bc8/projects/69f80768ca774c668fbaaed8/jobs/69f8cdddd3d80718c05f0785/results/scatter_respiratory_system_Xu_Sci_Rep_2022_cell_type_X_umap_81ecd6_precision.svg
scatter_respiratory_system_Xu_Sci_Rep_2022_cell_type_X_umap_81ecd6_recall.html,s3://lifebit-user-data-6941eed90a4dd7a1d1026d7a/deploit/teams/69d8dd1e5d3e1f8c350e006f/users/68af3d99c99eb7bd2ff47bc8/projects/69f80768ca774c668fbaaed8/jobs/69f8cdddd3d80718c05f0785/results/scatter_respiratory_system_Xu_Sci_Rep_2022_cell_type_X_umap_81ecd6_recall.html
scatter_respiratory_system_Xu_Sci_Rep_2022_cell_type_X_umap_81ecd6_recall.svg,s3://lifebit-user-data-6941eed90a4dd7a1d1026d7a/deploit/teams/69d8dd1e5d3e1f8c350e006f/users/68af3d99c99eb7bd2ff47bc8/projects/69f80768ca774c668fbaaed8/jobs/69f8cdddd3d80718c05f0785/results/scatter_respiratory_system_Xu_Sci_Rep_2022_cell_type_X_umap_81ecd6_recall.svg
scatter_respiratory_system_Yoshida_Nature_2022_Cell_type_annotation_level3_X_umap_8dc8be_f_score.html,s3://lifebit-user-data-6941eed90a4dd7a1d1026d7a/deploit/teams/69d8dd1e5d3e1f8c350e006f/users/68af3d99c99eb7bd2ff47bc8/projects/69f80768ca774c668fbaaed8/jobs/69f8cdddd3d80718c05f0785/results/scatter_respiratory_system_Yoshida_Nature_2022_Cell_type_annotation_level3_X_umap_8dc8be_f_score.html
scatter_respiratory_system_Yoshida_Nature_2022_Cell_type_annotation_level3_X_umap_8dc8be_f_score.svg,s3://lifebit-user-data-6941eed90a4dd7a1d1026d7a/deploit/teams/69d8dd1e5d3e1f8c350e006f/users/68af3d99c99eb7bd2ff47bc8/projects/69f80768ca774c668fbaaed8/jobs/69f8cdddd3d80718c05f0785/results/scatter_respiratory_system_Yoshida_Nature_2022_Cell_type_annotation_level3_X_umap_8dc8be_f_score.svg
scatter_respiratory_system_Yoshida_Nature_2022_Cell_type_annotation_level3_X_umap_8dc8be_onTarget.html,s3://lifebit-user-data-6941eed90a4dd7a1d1026d7a/deploit/teams/69d8dd1e5d3e1f8c350e006f/users/68af3d99c99eb7bd2ff47bc8/projects/69f80768ca774c668fbaaed8/jobs/69f8cdddd3d80718c05f0785/results/scatter_respiratory_system_Yoshida_Nature_2022_Cell_type_annotation_level3_X_umap_8dc8be_onTarget.html
scatter_respiratory_system_Yoshida_Nature_2022_Cell_type_annotation_level3_X_umap_8dc8be_onTarget.svg,s3://lifebit-user-data-6941eed90a4dd7a1d1026d7a/deploit/teams/69d8dd1e5d3e1f8c350e006f/users/68af3d99c99eb7bd2ff47bc8/projects/69f80768ca774c668fbaaed8/jobs/69f8cdddd3d80718c05f0785/results/scatter_respiratory_system_Yoshida_Nature_2022_Cell_type_annotation_level3_X_umap_8dc8be_onTarget.svg
scatter_respiratory_system_Yoshida_Nature_2022_Cell_type_annotation_level3_X_umap_8dc8be_precision.html,s3://lifebit-user-data-6941eed90a4dd7a1d1026d7a/deploit/teams/69d8dd1e5d3e1f8c350e006f/users/68af3d99c99eb7bd2ff47bc8/projects/69f80768ca774c668fbaaed8/jobs/69f8cdddd3d80718c05f0785/results/scatter_respiratory_system_Yoshida_Nature_2022_Cell_type_annotation_level3_X_umap_8dc8be_precision.html
scatter_respiratory_system_Yoshida_Nature_2022_Cell_type_annotation_level3_X_umap_8dc8be_precision.svg,s3://lifebit-user-data-6941eed90a4dd7a1d1026d7a/deploit/teams/69d8dd1e5d3e1f8c350e006f/users/68af3d99c99eb7bd2ff47bc8/projects/69f80768ca774c668fbaaed8/jobs/69f8cdddd3d80718c05f0785/results/scatter_respiratory_system_Yoshida_Nature_2022_Cell_type_annotation_level3_X_umap_8dc8be_precision.svg
scatter_respiratory_system_Yoshida_Nature_2022_Cell_type_annotation_level3_X_umap_8dc8be_recall.html,s3://lifebit-user-data-6941eed90a4dd7a1d1026d7a/deploit/teams/69d8dd1e5d3e1f8c350e006f/users/68af3d99c99eb7bd2ff47bc8/projects/69f80768ca774c668fbaaed8/jobs/69f8cdddd3d80718c05f0785/results/scatter_respiratory_system_Yoshida_Nature_2022_Cell_type_annotation_level3_X_umap_8dc8be_recall.html
scatter_respiratory_system_Yoshida_Nature_2022_Cell_type_annotation_level3_X_umap_8dc8be_recall.svg,s3://lifebit-user-data-6941eed90a4dd7a1d1026d7a/deploit/teams/69d8dd1e5d3e1f8c350e006f/users/68af3d99c99eb7bd2ff47bc8/projects/69f80768ca774c668fbaaed8/jobs/69f8cdddd3d80718c05f0785/results/scatter_respiratory_system_Yoshida_Nature_2022_Cell_type_annotation_level3_X_umap_8dc8be_recall.svg
scatter_respiratory_system_Ziegler_Cell_2021_Detailed_Cell_Annotations_X_umap_045011_f_score.html,s3://lifebit-user-data-6941eed90a4dd7a1d1026d7a/deploit/teams/69d8dd1e5d3e1f8c350e006f/users/68af3d99c99eb7bd2ff47bc8/projects/69f80768ca774c668fbaaed8/jobs/69f8cdddd3d80718c05f0785/results/scatter_respiratory_system_Ziegler_Cell_2021_Detailed_Cell_Annotations_X_umap_045011_f_score.html
scatter_respiratory_system_Ziegler_Cell_2021_Detailed_Cell_Annotations_X_umap_045011_f_score.svg,s3://lifebit-user-data-6941eed90a4dd7a1d1026d7a/deploit/teams/69d8dd1e5d3e1f8c350e006f/users/68af3d99c99eb7bd2ff47bc8/projects/69f80768ca774c668fbaaed8/jobs/69f8cdddd3d80718c05f0785/results/scatter_respiratory_system_Ziegler_Cell_2021_Detailed_Cell_Annotations_X_umap_045011_f_score.svg
scatter_respiratory_system_Ziegler_Cell_2021_Detailed_Cell_Annotations_X_umap_045011_onTarget.html,s3://lifebit-user-data-6941eed90a4dd7a1d1026d7a/deploit/teams/69d8dd1e5d3e1f8c350e006f/users/68af3d99c99eb7bd2ff47bc8/projects/69f80768ca774c668fbaaed8/jobs/69f8cdddd3d80718c05f0785/results/scatter_respiratory_system_Ziegler_Cell_2021_Detailed_Cell_Annotations_X_umap_045011_onTarget.html
scatter_respiratory_system_Ziegler_Cell_2021_Detailed_Cell_Annotations_X_umap_045011_onTarget.svg,s3://lifebit-user-data-6941eed90a4dd7a1d1026d7a/deploit/teams/69d8dd1e5d3e1f8c350e006f/users/68af3d99c99eb7bd2ff47bc8/projects/69f80768ca774c668fbaaed8/jobs/69f8cdddd3d80718c05f0785/results/scatter_respiratory_system_Ziegler_Cell_2021_Detailed_Cell_Annotations_X_umap_045011_onTarget.svg
scatter_respiratory_system_Ziegler_Cell_2021_Detailed_Cell_Annotations_X_umap_045011_precision.html,s3://lifebit-user-data-6941eed90a4dd7a1d1026d7a/deploit/teams/69d8dd1e5d3e1f8c350e006f/users/68af3d99c99eb7bd2ff47bc8/projects/69f80768ca774c668fbaaed8/jobs/69f8cdddd3d80718c05f0785/results/scatter_respiratory_system_Ziegler_Cell_2021_Detailed_Cell_Annotations_X_umap_045011_precision.html
scatter_respiratory_system_Ziegler_Cell_2021_Detailed_Cell_Annotations_X_umap_045011_precision.svg,s3://lifebit-user-data-6941eed90a4dd7a1d1026d7a/deploit/teams/69d8dd1e5d3e1f8c350e006f/users/68af3d99c99eb7bd2ff47bc8/projects/69f80768ca774c668fbaaed8/jobs/69f8cdddd3d80718c05f0785/results/scatter_respiratory_system_Ziegler_Cell_2021_Detailed_Cell_Annotations_X_umap_045011_precision.svg
scatter_respiratory_system_Ziegler_Cell_2021_Detailed_Cell_Annotations_X_umap_045011_recall.html,s3://lifebit-user-data-6941eed90a4dd7a1d1026d7a/deploit/teams/69d8dd1e5d3e1f8c350e006f/users/68af3d99c99eb7bd2ff47bc8/projects/69f80768ca774c668fbaaed8/jobs/69f8cdddd3d80718c05f0785/results/scatter_respiratory_system_Ziegler_Cell_2021_Detailed_Cell_Annotations_X_umap_045011_recall.html
scatter_respiratory_system_Ziegler_Cell_2021_Detailed_Cell_Annotations_X_umap_045011_recall.svg,s3://lifebit-user-data-6941eed90a4dd7a1d1026d7a/deploit/teams/69d8dd1e5d3e1f8c350e006f/users/68af3d99c99eb7bd2ff47bc8/projects/69f80768ca774c668fbaaed8/jobs/69f8cdddd3d80718c05f0785/results/scatter_respiratory_system_Ziegler_Cell_2021_Detailed_Cell_Annotations_X_umap_045011_recall.svg
scsilhouette_cluster_summary_respiratory_system_Berg_Journal_of_Cystic_Fibrosis_2025_Level_5_X_umap_17763a.csv,s3://lifebit-user-data-6941eed90a4dd7a1d1026d7a/deploit/teams/69d8dd1e5d3e1f8c350e006f/users/68af3d99c99eb7bd2ff47bc8/projects/69f80768ca774c668fbaaed8/jobs/69f8cdddd3d80718c05f0785/results/scsilhouette_cluster_summary_respiratory_system_Berg_Journal_of_Cystic_Fibrosis_2025_Level_5_X_umap_17763a.csv
scsilhouette_cluster_summary_respiratory_system_Dominguez_Conde_Science_2022_Manually_curated_celltype_X_umap_04d255.csv,s3://lifebit-user-data-6941eed90a4dd7a1d1026d7a/deploit/teams/69d8dd1e5d3e1f8c350e006f/users/68af3d99c99eb7bd2ff47bc8/projects/69f80768ca774c668fbaaed8/jobs/69f8cdddd3d80718c05f0785/results/scsilhouette_cluster_summary_respiratory_system_Dominguez_Conde_Science_2022_Manually_curated_celltype_X_umap_04d255.csv
scsilhouette_cluster_summary_respiratory_system_Eraslan_Science_2022_Broad_cell_type_X_umap_f44b0f.csv,s3://lifebit-user-data-6941eed90a4dd7a1d1026d7a/deploit/teams/69d8dd1e5d3e1f8c350e006f/users/68af3d99c99eb7bd2ff47bc8/projects/69f80768ca774c668fbaaed8/jobs/69f8cdddd3d80718c05f0785/results/scsilhouette_cluster_summary_respiratory_system_Eraslan_Science_2022_Broad_cell_type_X_umap_f44b0f.csv
scsilhouette_cluster_summary_respiratory_system_Han_Nature_2020_author_cell_type_X_umap_5c7ea7.csv,s3://lifebit-user-data-6941eed90a4dd7a1d1026d7a/deploit/teams/69d8dd1e5d3e1f8c350e006f/users/68af3d99c99eb7bd2ff47bc8/projects/69f80768ca774c668fbaaed8/jobs/69f8cdddd3d80718c05f0785/results/scsilhouette_cluster_summary_respiratory_system_Han_Nature_2020_author_cell_type_X_umap_5c7ea7.csv
scsilhouette_cluster_summary_respiratory_system_Madissoon_Genome_Biol_2020_author_cell_type_X_umap_2ee7d6.csv,s3://lifebit-user-data-6941eed90a4dd7a1d1026d7a/deploit/teams/69d8dd1e5d3e1f8c350e006f/users/68af3d99c99eb7bd2ff47bc8/projects/69f80768ca774c668fbaaed8/jobs/69f8cdddd3d80718c05f0785/results/scsilhouette_cluster_summary_respiratory_system_Madissoon_Genome_Biol_2020_author_cell_type_X_umap_2ee7d6.csv
scsilhouette_cluster_summary_respiratory_system_Madissoon_Nat_Genet_2023_Celltypes_X_umap_ee858a.csv,s3://lifebit-user-data-6941eed90a4dd7a1d1026d7a/deploit/teams/69d8dd1e5d3e1f8c350e006f/users/68af3d99c99eb7bd2ff47bc8/projects/69f80768ca774c668fbaaed8/jobs/69f8cdddd3d80718c05f0785/results/scsilhouette_cluster_summary_respiratory_system_Madissoon_Nat_Genet_2023_Celltypes_X_umap_ee858a.csv
scsilhouette_cluster_summary_respiratory_system_Melms_Nature_2021_cell_type_fine_X_UMAP_c42060.csv,s3://lifebit-user-data-6941eed90a4dd7a1d1026d7a/deploit/teams/69d8dd1e5d3e1f8c350e006f/users/68af3d99c99eb7bd2ff47bc8/projects/69f80768ca774c668fbaaed8/jobs/69f8cdddd3d80718c05f0785/results/scsilhouette_cluster_summary_respiratory_system_Melms_Nature_2021_cell_type_fine_X_UMAP_c42060.csv
scsilhouette_cluster_summary_respiratory_system_Natri_Nat_Genet_2024_manual_annotation_1_X_umap_9a27e4.csv,s3://lifebit-user-data-6941eed90a4dd7a1d1026d7a/deploit/teams/69d8dd1e5d3e1f8c350e006f/users/68af3d99c99eb7bd2ff47bc8/projects/69f80768ca774c668fbaaed8/jobs/69f8cdddd3d80718c05f0785/results/scsilhouette_cluster_summary_respiratory_system_Natri_Nat_Genet_2024_manual_annotation_1_X_umap_9a27e4.csv
scsilhouette_cluster_summary_respiratory_system_Rustam_Am_J_Respir_Crit_Care_Med_2023_author_cell_type_X_umap_56ce23.csv,s3://lifebit-user-data-6941eed90a4dd7a1d1026d7a/deploit/teams/69d8dd1e5d3e1f8c350e006f/users/68af3d99c99eb7bd2ff47bc8/projects/69f80768ca774c668fbaaed8/jobs/69f8cdddd3d80718c05f0785/results/scsilhouette_cluster_summary_respiratory_system_Rustam_Am_J_Respir_Crit_Care_Med_2023_author_cell_type_X_umap_56ce23.csv
scsilhouette_cluster_summary_respiratory_system_Sikkema_Nat_Med_2023_ann_finest_level_X_umap_552c94.csv,s3://lifebit-user-data-6941eed90a4dd7a1d1026d7a/deploit/teams/69d8dd1e5d3e1f8c350e006f/users/68af3d99c99eb7bd2ff47bc8/projects/69f80768ca774c668fbaaed8/jobs/69f8cdddd3d80718c05f0785/results/scsilhouette_cluster_summary_respiratory_system_Sikkema_Nat_Med_2023_ann_finest_level_X_umap_552c94.csv
scsilhouette_cluster_summary_respiratory_system_Szabo_Nat_Commun_2019_status_X_umap_bb4707.csv,s3://lifebit-user-data-6941eed90a4dd7a1d1026d7a/deploit/teams/69d8dd1e5d3e1f8c350e006f/users/68af3d99c99eb7bd2ff47bc8/projects/69f80768ca774c668fbaaed8/jobs/69f8cdddd3d80718c05f0785/results/scsilhouette_cluster_summary_respiratory_system_Szabo_Nat_Commun_2019_status_X_umap_bb4707.csv
scsilhouette_cluster_summary_respiratory_system_Travaglini_Nature_2020_free_annotation_X_tSNE_04a4fd.csv,s3://lifebit-user-data-6941eed90a4dd7a1d1026d7a/deploit/teams/69d8dd1e5d3e1f8c350e006f/users/68af3d99c99eb7bd2ff47bc8/projects/69f80768ca774c668fbaaed8/jobs/69f8cdddd3d80718c05f0785/results/scsilhouette_cluster_summary_respiratory_system_Travaglini_Nature_2020_free_annotation_X_tSNE_04a4fd.csv
scsilhouette_cluster_summary_respiratory_system_Travaglini_Nature_2020_free_annotation_X_tSNE_81a82c.csv,s3://lifebit-user-data-6941eed90a4dd7a1d1026d7a/deploit/teams/69d8dd1e5d3e1f8c350e006f/users/68af3d99c99eb7bd2ff47bc8/projects/69f80768ca774c668fbaaed8/jobs/69f8cdddd3d80718c05f0785/results/scsilhouette_cluster_summary_respiratory_system_Travaglini_Nature_2020_free_annotation_X_tSNE_81a82c.csv
scsilhouette_cluster_summary_respiratory_system_Wang_eLife_2020_author_cell_type_X_umap_c3bd89.csv,s3://lifebit-user-data-6941eed90a4dd7a1d1026d7a/deploit/teams/69d8dd1e5d3e1f8c350e006f/users/68af3d99c99eb7bd2ff47bc8/projects/69f80768ca774c668fbaaed8/jobs/69f8cdddd3d80718c05f0785/results/scsilhouette_cluster_summary_respiratory_system_Wang_eLife_2020_author_cell_type_X_umap_c3bd89.csv
scsilhouette_cluster_summary_respiratory_system_Watanabe_Am_J_Respir_Cell_Mol_Biol_2022_author_cell_type_X_umap_c7b336.csv,s3://lifebit-user-data-6941eed90a4dd7a1d1026d7a/deploit/teams/69d8dd1e5d3e1f8c350e006f/users/68af3d99c99eb7bd2ff47bc8/projects/69f80768ca774c668fbaaed8/jobs/69f8cdddd3d80718c05f0785/results/scsilhouette_cluster_summary_respiratory_system_Watanabe_Am_J_Respir_Cell_Mol_Biol_2022_author_cell_type_X_umap_c7b336.csv
scsilhouette_cluster_summary_respiratory_system_Wells_Nat_Immunol_2025_author_cell_type_X_umap_74e9e1.csv,s3://lifebit-user-data-6941eed90a4dd7a1d1026d7a/deploit/teams/69d8dd1e5d3e1f8c350e006f/users/68af3d99c99eb7bd2ff47bc8/projects/69f80768ca774c668fbaaed8/jobs/69f8cdddd3d80718c05f0785/results/scsilhouette_cluster_summary_respiratory_system_Wells_Nat_Immunol_2025_author_cell_type_X_umap_74e9e1.csv
scsilhouette_cluster_summary_respiratory_system_Wong_American_Journal_of_Transplantation_2024_GSVA_anno_labels_lowcluster_X_umap_3db111.csv,s3://lifebit-user-data-6941eed90a4dd7a1d1026d7a/deploit/teams/69d8dd1e5d3e1f8c350e006f/users/68af3d99c99eb7bd2ff47bc8/projects/69f80768ca774c668fbaaed8/jobs/69f8cdddd3d80718c05f0785/results/scsilhouette_cluster_summary_respiratory_system_Wong_American_Journal_of_Transplantation_2024_GSVA_anno_labels_lowcluster_X_umap_3db111.csv
scsilhouette_cluster_summary_respiratory_system_Xu_Cell_2023_Original_annotation_X_umap_78cea8.csv,s3://lifebit-user-data-6941eed90a4dd7a1d1026d7a/deploit/teams/69d8dd1e5d3e1f8c350e006f/users/68af3d99c99eb7bd2ff47bc8/projects/69f80768ca774c668fbaaed8/jobs/69f8cdddd3d80718c05f0785/results/scsilhouette_cluster_summary_respiratory_system_Xu_Cell_2023_Original_annotation_X_umap_78cea8.csv
scsilhouette_cluster_summary_respiratory_system_Xu_Sci_Rep_2022_author_cell_type_final_X_umap_dc2012.csv,s3://lifebit-user-data-6941eed90a4dd7a1d1026d7a/deploit/teams/69d8dd1e5d3e1f8c350e006f/users/68af3d99c99eb7bd2ff47bc8/projects/69f80768ca774c668fbaaed8/jobs/69f8cdddd3d80718c05f0785/results/scsilhouette_cluster_summary_respiratory_system_Xu_Sci_Rep_2022_author_cell_type_final_X_umap_dc2012.csv
scsilhouette_cluster_summary_respiratory_system_Xu_Sci_Rep_2022_cell_type_X_umap_81ecd6.csv,s3://lifebit-user-data-6941eed90a4dd7a1d1026d7a/deploit/teams/69d8dd1e5d3e1f8c350e006f/users/68af3d99c99eb7bd2ff47bc8/projects/69f80768ca774c668fbaaed8/jobs/69f8cdddd3d80718c05f0785/results/scsilhouette_cluster_summary_respiratory_system_Xu_Sci_Rep_2022_cell_type_X_umap_81ecd6.csv
scsilhouette_cluster_summary_respiratory_system_Yoshida_Nature_2022_Cell_type_annotation_level3_X_umap_8dc8be.csv,s3://lifebit-user-data-6941eed90a4dd7a1d1026d7a/deploit/teams/69d8dd1e5d3e1f8c350e006f/users/68af3d99c99eb7bd2ff47bc8/projects/69f80768ca774c668fbaaed8/jobs/69f8cdddd3d80718c05f0785/results/scsilhouette_cluster_summary_respiratory_system_Yoshida_Nature_2022_Cell_type_annotation_level3_X_umap_8dc8be.csv
scsilhouette_cluster_summary_respiratory_system_Ziegler_Cell_2021_Detailed_Cell_Annotations_X_umap_045011.csv,s3://lifebit-user-data-6941eed90a4dd7a1d1026d7a/deploit/teams/69d8dd1e5d3e1f8c350e006f/users/68af3d99c99eb7bd2ff47bc8/projects/69f80768ca774c668fbaaed8/jobs/69f8cdddd3d80718c05f0785/results/scsilhouette_cluster_summary_respiratory_system_Ziegler_Cell_2021_Detailed_Cell_Annotations_X_umap_045011.csv
silhouette_fscore_summary_respiratory_system_Berg_Journal_of_Cystic_Fibrosis_2025_Level_5_X_umap_17763a.csv,s3://lifebit-user-data-6941eed90a4dd7a1d1026d7a/deploit/teams/69d8dd1e5d3e1f8c350e006f/users/68af3d99c99eb7bd2ff47bc8/projects/69f80768ca774c668fbaaed8/jobs/69f8cdddd3d80718c05f0785/results/silhouette_fscore_summary_respiratory_system_Berg_Journal_of_Cystic_Fibrosis_2025_Level_5_X_umap_17763a.csv
silhouette_fscore_summary_respiratory_system_Berg_Journal_of_Cystic_Fibrosis_2025_Level_5_X_umap_17763a.html,s3://lifebit-user-data-6941eed90a4dd7a1d1026d7a/deploit/teams/69d8dd1e5d3e1f8c350e006f/users/68af3d99c99eb7bd2ff47bc8/projects/69f80768ca774c668fbaaed8/jobs/69f8cdddd3d80718c05f0785/results/silhouette_fscore_summary_respiratory_system_Berg_Journal_of_Cystic_Fibrosis_2025_Level_5_X_umap_17763a.html
silhouette_fscore_summary_respiratory_system_Berg_Journal_of_Cystic_Fibrosis_2025_Level_5_X_umap_17763a.svg,s3://lifebit-user-data-6941eed90a4dd7a1d1026d7a/deploit/teams/69d8dd1e5d3e1f8c350e006f/users/68af3d99c99eb7bd2ff47bc8/projects/69f80768ca774c668fbaaed8/jobs/69f8cdddd3d80718c05f0785/results/silhouette_fscore_summary_respiratory_system_Berg_Journal_of_Cystic_Fibrosis_2025_Level_5_X_umap_17763a.svg
silhouette_fscore_summary_respiratory_system_Dominguez_Conde_Science_2022_Manually_curated_celltype_X_umap_04d255.csv,s3://lifebit-user-data-6941eed90a4dd7a1d1026d7a/deploit/teams/69d8dd1e5d3e1f8c350e006f/users/68af3d99c99eb7bd2ff47bc8/projects/69f80768ca774c668fbaaed8/jobs/69f8cdddd3d80718c05f0785/results/silhouette_fscore_summary_respiratory_system_Dominguez_Conde_Science_2022_Manually_curated_celltype_X_umap_04d255.csv
silhouette_fscore_summary_respiratory_system_Dominguez_Conde_Science_2022_Manually_curated_celltype_X_umap_04d255.html,s3://lifebit-user-data-6941eed90a4dd7a1d1026d7a/deploit/teams/69d8dd1e5d3e1f8c350e006f/users/68af3d99c99eb7bd2ff47bc8/projects/69f80768ca774c668fbaaed8/jobs/69f8cdddd3d80718c05f0785/results/silhouette_fscore_summary_respiratory_system_Dominguez_Conde_Science_2022_Manually_curated_celltype_X_umap_04d255.html
silhouette_fscore_summary_respiratory_system_Dominguez_Conde_Science_2022_Manually_curated_celltype_X_umap_04d255.svg,s3://lifebit-user-data-6941eed90a4dd7a1d1026d7a/deploit/teams/69d8dd1e5d3e1f8c350e006f/users/68af3d99c99eb7bd2ff47bc8/projects/69f80768ca774c668fbaaed8/jobs/69f8cdddd3d80718c05f0785/results/silhouette_fscore_summary_respiratory_system_Dominguez_Conde_Science_2022_Manually_curated_celltype_X_umap_04d255.svg
silhouette_fscore_summary_respiratory_system_Eraslan_Science_2022_Broad_cell_type_X_umap_f44b0f.csv,s3://lifebit-user-data-6941eed90a4dd7a1d1026d7a/deploit/teams/69d8dd1e5d3e1f8c350e006f/users/68af3d99c99eb7bd2ff47bc8/projects/69f80768ca774c668fbaaed8/jobs/69f8cdddd3d80718c05f0785/results/silhouette_fscore_summary_respiratory_system_Eraslan_Science_2022_Broad_cell_type_X_umap_f44b0f.csv
silhouette_fscore_summary_respiratory_system_Eraslan_Science_2022_Broad_cell_type_X_umap_f44b0f.html,s3://lifebit-user-data-6941eed90a4dd7a1d1026d7a/deploit/teams/69d8dd1e5d3e1f8c350e006f/users/68af3d99c99eb7bd2ff47bc8/projects/69f80768ca774c668fbaaed8/jobs/69f8cdddd3d80718c05f0785/results/silhouette_fscore_summary_respiratory_system_Eraslan_Science_2022_Broad_cell_type_X_umap_f44b0f.html
silhouette_fscore_summary_respiratory_system_Eraslan_Science_2022_Broad_cell_type_X_umap_f44b0f.svg,s3://lifebit-user-data-6941eed90a4dd7a1d1026d7a/deploit/teams/69d8dd1e5d3e1f8c350e006f/users/68af3d99c99eb7bd2ff47bc8/projects/69f80768ca774c668fbaaed8/jobs/69f8cdddd3d80718c05f0785/results/silhouette_fscore_summary_respiratory_system_Eraslan_Science_2022_Broad_cell_type_X_umap_f44b0f.svg
silhouette_fscore_summary_respiratory_system_Han_Nature_2020_author_cell_type_X_umap_5c7ea7.csv,s3://lifebit-user-data-6941eed90a4dd7a1d1026d7a/deploit/teams/69d8dd1e5d3e1f8c350e006f/users/68af3d99c99eb7bd2ff47bc8/projects/69f80768ca774c668fbaaed8/jobs/69f8cdddd3d80718c05f0785/results/silhouette_fscore_summary_respiratory_system_Han_Nature_2020_author_cell_type_X_umap_5c7ea7.csv
silhouette_fscore_summary_respiratory_system_Han_Nature_2020_author_cell_type_X_umap_5c7ea7.html,s3://lifebit-user-data-6941eed90a4dd7a1d1026d7a/deploit/teams/69d8dd1e5d3e1f8c350e006f/users/68af3d99c99eb7bd2ff47bc8/projects/69f80768ca774c668fbaaed8/jobs/69f8cdddd3d80718c05f0785/results/silhouette_fscore_summary_respiratory_system_Han_Nature_2020_author_cell_type_X_umap_5c7ea7.html
silhouette_fscore_summary_respiratory_system_Han_Nature_2020_author_cell_type_X_umap_5c7ea7.svg,s3://lifebit-user-data-6941eed90a4dd7a1d1026d7a/deploit/teams/69d8dd1e5d3e1f8c350e006f/users/68af3d99c99eb7bd2ff47bc8/projects/69f80768ca774c668fbaaed8/jobs/69f8cdddd3d80718c05f0785/results/silhouette_fscore_summary_respiratory_system_Han_Nature_2020_author_cell_type_X_umap_5c7ea7.svg
silhouette_fscore_summary_respiratory_system_Madissoon_Genome_Biol_2020_author_cell_type_X_umap_2ee7d6.csv,s3://lifebit-user-data-6941eed90a4dd7a1d1026d7a/deploit/teams/69d8dd1e5d3e1f8c350e006f/users/68af3d99c99eb7bd2ff47bc8/projects/69f80768ca774c668fbaaed8/jobs/69f8cdddd3d80718c05f0785/results/silhouette_fscore_summary_respiratory_system_Madissoon_Genome_Biol_2020_author_cell_type_X_umap_2ee7d6.csv
silhouette_fscore_summary_respiratory_system_Madissoon_Genome_Biol_2020_author_cell_type_X_umap_2ee7d6.html,s3://lifebit-user-data-6941eed90a4dd7a1d1026d7a/deploit/teams/69d8dd1e5d3e1f8c350e006f/users/68af3d99c99eb7bd2ff47bc8/projects/69f80768ca774c668fbaaed8/jobs/69f8cdddd3d80718c05f0785/results/silhouette_fscore_summary_respiratory_system_Madissoon_Genome_Biol_2020_author_cell_type_X_umap_2ee7d6.html
silhouette_fscore_summary_respiratory_system_Madissoon_Genome_Biol_2020_author_cell_type_X_umap_2ee7d6.svg,s3://lifebit-user-data-6941eed90a4dd7a1d1026d7a/deploit/teams/69d8dd1e5d3e1f8c350e006f/users/68af3d99c99eb7bd2ff47bc8/projects/69f80768ca774c668fbaaed8/jobs/69f8cdddd3d80718c05f0785/results/silhouette_fscore_summary_respiratory_system_Madissoon_Genome_Biol_2020_author_cell_type_X_umap_2ee7d6.svg
silhouette_fscore_summary_respiratory_system_Madissoon_Nat_Genet_2023_Celltypes_X_umap_ee858a.csv,s3://lifebit-user-data-6941eed90a4dd7a1d1026d7a/deploit/teams/69d8dd1e5d3e1f8c350e006f/users/68af3d99c99eb7bd2ff47bc8/projects/69f80768ca774c668fbaaed8/jobs/69f8cdddd3d80718c05f0785/results/silhouette_fscore_summary_respiratory_system_Madissoon_Nat_Genet_2023_Celltypes_X_umap_ee858a.csv
silhouette_fscore_summary_respiratory_system_Madissoon_Nat_Genet_2023_Celltypes_X_umap_ee858a.html,s3://lifebit-user-data-6941eed90a4dd7a1d1026d7a/deploit/teams/69d8dd1e5d3e1f8c350e006f/users/68af3d99c99eb7bd2ff47bc8/projects/69f80768ca774c668fbaaed8/jobs/69f8cdddd3d80718c05f0785/results/silhouette_fscore_summary_respiratory_system_Madissoon_Nat_Genet_2023_Celltypes_X_umap_ee858a.html
silhouette_fscore_summary_respiratory_system_Madissoon_Nat_Genet_2023_Celltypes_X_umap_ee858a.svg,s3://lifebit-user-data-6941eed90a4dd7a1d1026d7a/deploit/teams/69d8dd1e5d3e1f8c350e006f/users/68af3d99c99eb7bd2ff47bc8/projects/69f80768ca774c668fbaaed8/jobs/69f8cdddd3d80718c05f0785/results/silhouette_fscore_summary_respiratory_system_Madissoon_Nat_Genet_2023_Celltypes_X_umap_ee858a.svg
silhouette_fscore_summary_respiratory_system_Melms_Nature_2021_cell_type_fine_X_UMAP_c42060.csv,s3://lifebit-user-data-6941eed90a4dd7a1d1026d7a/deploit/teams/69d8dd1e5d3e1f8c350e006f/users/68af3d99c99eb7bd2ff47bc8/projects/69f80768ca774c668fbaaed8/jobs/69f8cdddd3d80718c05f0785/results/silhouette_fscore_summary_respiratory_system_Melms_Nature_2021_cell_type_fine_X_UMAP_c42060.csv
silhouette_fscore_summary_respiratory_system_Melms_Nature_2021_cell_type_fine_X_UMAP_c42060.html,s3://lifebit-user-data-6941eed90a4dd7a1d1026d7a/deploit/teams/69d8dd1e5d3e1f8c350e006f/users/68af3d99c99eb7bd2ff47bc8/projects/69f80768ca774c668fbaaed8/jobs/69f8cdddd3d80718c05f0785/results/silhouette_fscore_summary_respiratory_system_Melms_Nature_2021_cell_type_fine_X_UMAP_c42060.html
silhouette_fscore_summary_respiratory_system_Melms_Nature_2021_cell_type_fine_X_UMAP_c42060.svg,s3://lifebit-user-data-6941eed90a4dd7a1d1026d7a/deploit/teams/69d8dd1e5d3e1f8c350e006f/users/68af3d99c99eb7bd2ff47bc8/projects/69f80768ca774c668fbaaed8/jobs/69f8cdddd3d80718c05f0785/results/silhouette_fscore_summary_respiratory_system_Melms_Nature_2021_cell_type_fine_X_UMAP_c42060.svg
silhouette_fscore_summary_respiratory_system_Natri_Nat_Genet_2024_manual_annotation_1_X_umap_9a27e4.csv,s3://lifebit-user-data-6941eed90a4dd7a1d1026d7a/deploit/teams/69d8dd1e5d3e1f8c350e006f/users/68af3d99c99eb7bd2ff47bc8/projects/69f80768ca774c668fbaaed8/jobs/69f8cdddd3d80718c05f0785/results/silhouette_fscore_summary_respiratory_system_Natri_Nat_Genet_2024_manual_annotation_1_X_umap_9a27e4.csv
silhouette_fscore_summary_respiratory_system_Natri_Nat_Genet_2024_manual_annotation_1_X_umap_9a27e4.html,s3://lifebit-user-data-6941eed90a4dd7a1d1026d7a/deploit/teams/69d8dd1e5d3e1f8c350e006f/users/68af3d99c99eb7bd2ff47bc8/projects/69f80768ca774c668fbaaed8/jobs/69f8cdddd3d80718c05f0785/results/silhouette_fscore_summary_respiratory_system_Natri_Nat_Genet_2024_manual_annotation_1_X_umap_9a27e4.html
silhouette_fscore_summary_respiratory_system_Natri_Nat_Genet_2024_manual_annotation_1_X_umap_9a27e4.svg,s3://lifebit-user-data-6941eed90a4dd7a1d1026d7a/deploit/teams/69d8dd1e5d3e1f8c350e006f/users/68af3d99c99eb7bd2ff47bc8/projects/69f80768ca774c668fbaaed8/jobs/69f8cdddd3d80718c05f0785/results/silhouette_fscore_summary_respiratory_system_Natri_Nat_Genet_2024_manual_annotation_1_X_umap_9a27e4.svg
silhouette_fscore_summary_respiratory_system_Rustam_Am_J_Respir_Crit_Care_Med_2023_author_cell_type_X_umap_56ce23.csv,s3://lifebit-user-data-6941eed90a4dd7a1d1026d7a/deploit/teams/69d8dd1e5d3e1f8c350e006f/users/68af3d99c99eb7bd2ff47bc8/projects/69f80768ca774c668fbaaed8/jobs/69f8cdddd3d80718c05f0785/results/silhouette_fscore_summary_respiratory_system_Rustam_Am_J_Respir_Crit_Care_Med_2023_author_cell_type_X_umap_56ce23.csv
silhouette_fscore_summary_respiratory_system_Rustam_Am_J_Respir_Crit_Care_Med_2023_author_cell_type_X_umap_56ce23.html,s3://lifebit-user-data-6941eed90a4dd7a1d1026d7a/deploit/teams/69d8dd1e5d3e1f8c350e006f/users/68af3d99c99eb7bd2ff47bc8/projects/69f80768ca774c668fbaaed8/jobs/69f8cdddd3d80718c05f0785/results/silhouette_fscore_summary_respiratory_system_Rustam_Am_J_Respir_Crit_Care_Med_2023_author_cell_type_X_umap_56ce23.html
silhouette_fscore_summary_respiratory_system_Rustam_Am_J_Respir_Crit_Care_Med_2023_author_cell_type_X_umap_56ce23.svg,s3://lifebit-user-data-6941eed90a4dd7a1d1026d7a/deploit/teams/69d8dd1e5d3e1f8c350e006f/users/68af3d99c99eb7bd2ff47bc8/projects/69f80768ca774c668fbaaed8/jobs/69f8cdddd3d80718c05f0785/results/silhouette_fscore_summary_respiratory_system_Rustam_Am_J_Respir_Crit_Care_Med_2023_author_cell_type_X_umap_56ce23.svg
silhouette_fscore_summary_respiratory_system_Sikkema_Nat_Med_2023_ann_finest_level_X_umap_552c94.csv,s3://lifebit-user-data-6941eed90a4dd7a1d1026d7a/deploit/teams/69d8dd1e5d3e1f8c350e006f/users/68af3d99c99eb7bd2ff47bc8/projects/69f80768ca774c668fbaaed8/jobs/69f8cdddd3d80718c05f0785/results/silhouette_fscore_summary_respiratory_system_Sikkema_Nat_Med_2023_ann_finest_level_X_umap_552c94.csv
silhouette_fscore_summary_respiratory_system_Sikkema_Nat_Med_2023_ann_finest_level_X_umap_552c94.html,s3://lifebit-user-data-6941eed90a4dd7a1d1026d7a/deploit/teams/69d8dd1e5d3e1f8c350e006f/users/68af3d99c99eb7bd2ff47bc8/projects/69f80768ca774c668fbaaed8/jobs/69f8cdddd3d80718c05f0785/results/silhouette_fscore_summary_respiratory_system_Sikkema_Nat_Med_2023_ann_finest_level_X_umap_552c94.html
silhouette_fscore_summary_respiratory_system_Sikkema_Nat_Med_2023_ann_finest_level_X_umap_552c94.svg,s3://lifebit-user-data-6941eed90a4dd7a1d1026d7a/deploit/teams/69d8dd1e5d3e1f8c350e006f/users/68af3d99c99eb7bd2ff47bc8/projects/69f80768ca774c668fbaaed8/jobs/69f8cdddd3d80718c05f0785/results/silhouette_fscore_summary_respiratory_system_Sikkema_Nat_Med_2023_ann_finest_level_X_umap_552c94.svg
silhouette_fscore_summary_respiratory_system_Szabo_Nat_Commun_2019_status_X_umap_bb4707.csv,s3://lifebit-user-data-6941eed90a4dd7a1d1026d7a/deploit/teams/69d8dd1e5d3e1f8c350e006f/users/68af3d99c99eb7bd2ff47bc8/projects/69f80768ca774c668fbaaed8/jobs/69f8cdddd3d80718c05f0785/results/silhouette_fscore_summary_respiratory_system_Szabo_Nat_Commun_2019_status_X_umap_bb4707.csv
silhouette_fscore_summary_respiratory_system_Szabo_Nat_Commun_2019_status_X_umap_bb4707.html,s3://lifebit-user-data-6941eed90a4dd7a1d1026d7a/deploit/teams/69d8dd1e5d3e1f8c350e006f/users/68af3d99c99eb7bd2ff47bc8/projects/69f80768ca774c668fbaaed8/jobs/69f8cdddd3d80718c05f0785/results/silhouette_fscore_summary_respiratory_system_Szabo_Nat_Commun_2019_status_X_umap_bb4707.html
silhouette_fscore_summary_respiratory_system_Szabo_Nat_Commun_2019_status_X_umap_bb4707.svg,s3://lifebit-user-data-6941eed90a4dd7a1d1026d7a/deploit/teams/69d8dd1e5d3e1f8c350e006f/users/68af3d99c99eb7bd2ff47bc8/projects/69f80768ca774c668fbaaed8/jobs/69f8cdddd3d80718c05f0785/results/silhouette_fscore_summary_respiratory_system_Szabo_Nat_Commun_2019_status_X_umap_bb4707.svg
silhouette_fscore_summary_respiratory_system_Travaglini_Nature_2020_free_annotation_X_tSNE_04a4fd.csv,s3://lifebit-user-data-6941eed90a4dd7a1d1026d7a/deploit/teams/69d8dd1e5d3e1f8c350e006f/users/68af3d99c99eb7bd2ff47bc8/projects/69f80768ca774c668fbaaed8/jobs/69f8cdddd3d80718c05f0785/results/silhouette_fscore_summary_respiratory_system_Travaglini_Nature_2020_free_annotation_X_tSNE_04a4fd.csv
silhouette_fscore_summary_respiratory_system_Travaglini_Nature_2020_free_annotation_X_tSNE_04a4fd.html,s3://lifebit-user-data-6941eed90a4dd7a1d1026d7a/deploit/teams/69d8dd1e5d3e1f8c350e006f/users/68af3d99c99eb7bd2ff47bc8/projects/69f80768ca774c668fbaaed8/jobs/69f8cdddd3d80718c05f0785/results/silhouette_fscore_summary_respiratory_system_Travaglini_Nature_2020_free_annotation_X_tSNE_04a4fd.html
silhouette_fscore_summary_respiratory_system_Travaglini_Nature_2020_free_annotation_X_tSNE_04a4fd.svg,s3://lifebit-user-data-6941eed90a4dd7a1d1026d7a/deploit/teams/69d8dd1e5d3e1f8c350e006f/users/68af3d99c99eb7bd2ff47bc8/projects/69f80768ca774c668fbaaed8/jobs/69f8cdddd3d80718c05f0785/results/silhouette_fscore_summary_respiratory_system_Travaglini_Nature_2020_free_annotation_X_tSNE_04a4fd.svg
silhouette_fscore_summary_respiratory_system_Travaglini_Nature_2020_free_annotation_X_tSNE_81a82c.csv,s3://lifebit-user-data-6941eed90a4dd7a1d1026d7a/deploit/teams/69d8dd1e5d3e1f8c350e006f/users/68af3d99c99eb7bd2ff47bc8/projects/69f80768ca774c668fbaaed8/jobs/69f8cdddd3d80718c05f0785/results/silhouette_fscore_summary_respiratory_system_Travaglini_Nature_2020_free_annotation_X_tSNE_81a82c.csv
silhouette_fscore_summary_respiratory_system_Travaglini_Nature_2020_free_annotation_X_tSNE_81a82c.html,s3://lifebit-user-data-6941eed90a4dd7a1d1026d7a/deploit/teams/69d8dd1e5d3e1f8c350e006f/users/68af3d99c99eb7bd2ff47bc8/projects/69f80768ca774c668fbaaed8/jobs/69f8cdddd3d80718c05f0785/results/silhouette_fscore_summary_respiratory_system_Travaglini_Nature_2020_free_annotation_X_tSNE_81a82c.html
silhouette_fscore_summary_respiratory_system_Travaglini_Nature_2020_free_annotation_X_tSNE_81a82c.svg,s3://lifebit-user-data-6941eed90a4dd7a1d1026d7a/deploit/teams/69d8dd1e5d3e1f8c350e006f/users/68af3d99c99eb7bd2ff47bc8/projects/69f80768ca774c668fbaaed8/jobs/69f8cdddd3d80718c05f0785/results/silhouette_fscore_summary_respiratory_system_Travaglini_Nature_2020_free_annotation_X_tSNE_81a82c.svg
silhouette_fscore_summary_respiratory_system_Wang_eLife_2020_author_cell_type_X_umap_c3bd89.csv,s3://lifebit-user-data-6941eed90a4dd7a1d1026d7a/deploit/teams/69d8dd1e5d3e1f8c350e006f/users/68af3d99c99eb7bd2ff47bc8/projects/69f80768ca774c668fbaaed8/jobs/69f8cdddd3d80718c05f0785/results/silhouette_fscore_summary_respiratory_system_Wang_eLife_2020_author_cell_type_X_umap_c3bd89.csv
silhouette_fscore_summary_respiratory_system_Wang_eLife_2020_author_cell_type_X_umap_c3bd89.html,s3://lifebit-user-data-6941eed90a4dd7a1d1026d7a/deploit/teams/69d8dd1e5d3e1f8c350e006f/users/68af3d99c99eb7bd2ff47bc8/projects/69f80768ca774c668fbaaed8/jobs/69f8cdddd3d80718c05f0785/results/silhouette_fscore_summary_respiratory_system_Wang_eLife_2020_author_cell_type_X_umap_c3bd89.html
silhouette_fscore_summary_respiratory_system_Wang_eLife_2020_author_cell_type_X_umap_c3bd89.svg,s3://lifebit-user-data-6941eed90a4dd7a1d1026d7a/deploit/teams/69d8dd1e5d3e1f8c350e006f/users/68af3d99c99eb7bd2ff47bc8/projects/69f80768ca774c668fbaaed8/jobs/69f8cdddd3d80718c05f0785/results/silhouette_fscore_summary_respiratory_system_Wang_eLife_2020_author_cell_type_X_umap_c3bd89.svg
silhouette_fscore_summary_respiratory_system_Watanabe_Am_J_Respir_Cell_Mol_Biol_2022_author_cell_type_X_umap_c7b336.csv,s3://lifebit-user-data-6941eed90a4dd7a1d1026d7a/deploit/teams/69d8dd1e5d3e1f8c350e006f/users/68af3d99c99eb7bd2ff47bc8/projects/69f80768ca774c668fbaaed8/jobs/69f8cdddd3d80718c05f0785/results/silhouette_fscore_summary_respiratory_system_Watanabe_Am_J_Respir_Cell_Mol_Biol_2022_author_cell_type_X_umap_c7b336.csv
silhouette_fscore_summary_respiratory_system_Watanabe_Am_J_Respir_Cell_Mol_Biol_2022_author_cell_type_X_umap_c7b336.html,s3://lifebit-user-data-6941eed90a4dd7a1d1026d7a/deploit/teams/69d8dd1e5d3e1f8c350e006f/users/68af3d99c99eb7bd2ff47bc8/projects/69f80768ca774c668fbaaed8/jobs/69f8cdddd3d80718c05f0785/results/silhouette_fscore_summary_respiratory_system_Watanabe_Am_J_Respir_Cell_Mol_Biol_2022_author_cell_type_X_umap_c7b336.html
silhouette_fscore_summary_respiratory_system_Watanabe_Am_J_Respir_Cell_Mol_Biol_2022_author_cell_type_X_umap_c7b336.svg,s3://lifebit-user-data-6941eed90a4dd7a1d1026d7a/deploit/teams/69d8dd1e5d3e1f8c350e006f/users/68af3d99c99eb7bd2ff47bc8/projects/69f80768ca774c668fbaaed8/jobs/69f8cdddd3d80718c05f0785/results/silhouette_fscore_summary_respiratory_system_Watanabe_Am_J_Respir_Cell_Mol_Biol_2022_author_cell_type_X_umap_c7b336.svg
silhouette_fscore_summary_respiratory_system_Wells_Nat_Immunol_2025_author_cell_type_X_umap_74e9e1.csv,s3://lifebit-user-data-6941eed90a4dd7a1d1026d7a/deploit/teams/69d8dd1e5d3e1f8c350e006f/users/68af3d99c99eb7bd2ff47bc8/projects/69f80768ca774c668fbaaed8/jobs/69f8cdddd3d80718c05f0785/results/silhouette_fscore_summary_respiratory_system_Wells_Nat_Immunol_2025_author_cell_type_X_umap_74e9e1.csv
silhouette_fscore_summary_respiratory_system_Wells_Nat_Immunol_2025_author_cell_type_X_umap_74e9e1.html,s3://lifebit-user-data-6941eed90a4dd7a1d1026d7a/deploit/teams/69d8dd1e5d3e1f8c350e006f/users/68af3d99c99eb7bd2ff47bc8/projects/69f80768ca774c668fbaaed8/jobs/69f8cdddd3d80718c05f0785/results/silhouette_fscore_summary_respiratory_system_Wells_Nat_Immunol_2025_author_cell_type_X_umap_74e9e1.html
silhouette_fscore_summary_respiratory_system_Wells_Nat_Immunol_2025_author_cell_type_X_umap_74e9e1.svg,s3://lifebit-user-data-6941eed90a4dd7a1d1026d7a/deploit/teams/69d8dd1e5d3e1f8c350e006f/users/68af3d99c99eb7bd2ff47bc8/projects/69f80768ca774c668fbaaed8/jobs/69f8cdddd3d80718c05f0785/results/silhouette_fscore_summary_respiratory_system_Wells_Nat_Immunol_2025_author_cell_type_X_umap_74e9e1.svg
silhouette_fscore_summary_respiratory_system_Wong_American_Journal_of_Transplantation_2024_GSVA_anno_labels_lowcluster_X_umap_3db111.csv,s3://lifebit-user-data-6941eed90a4dd7a1d1026d7a/deploit/teams/69d8dd1e5d3e1f8c350e006f/users/68af3d99c99eb7bd2ff47bc8/projects/69f80768ca774c668fbaaed8/jobs/69f8cdddd3d80718c05f0785/results/silhouette_fscore_summary_respiratory_system_Wong_American_Journal_of_Transplantation_2024_GSVA_anno_labels_lowcluster_X_umap_3db111.csv
silhouette_fscore_summary_respiratory_system_Wong_American_Journal_of_Transplantation_2024_GSVA_anno_labels_lowcluster_X_umap_3db111.html,s3://lifebit-user-data-6941eed90a4dd7a1d1026d7a/deploit/teams/69d8dd1e5d3e1f8c350e006f/users/68af3d99c99eb7bd2ff47bc8/projects/69f80768ca774c668fbaaed8/jobs/69f8cdddd3d80718c05f0785/results/silhouette_fscore_summary_respiratory_system_Wong_American_Journal_of_Transplantation_2024_GSVA_anno_labels_lowcluster_X_umap_3db111.html
silhouette_fscore_summary_respiratory_system_Wong_American_Journal_of_Transplantation_2024_GSVA_anno_labels_lowcluster_X_umap_3db111.svg,s3://lifebit-user-data-6941eed90a4dd7a1d1026d7a/deploit/teams/69d8dd1e5d3e1f8c350e006f/users/68af3d99c99eb7bd2ff47bc8/projects/69f80768ca774c668fbaaed8/jobs/69f8cdddd3d80718c05f0785/results/silhouette_fscore_summary_respiratory_system_Wong_American_Journal_of_Transplantation_2024_GSVA_anno_labels_lowcluster_X_umap_3db111.svg
silhouette_fscore_summary_respiratory_system_Xu_Cell_2023_Original_annotation_X_umap_78cea8.csv,s3://lifebit-user-data-6941eed90a4dd7a1d1026d7a/deploit/teams/69d8dd1e5d3e1f8c350e006f/users/68af3d99c99eb7bd2ff47bc8/projects/69f80768ca774c668fbaaed8/jobs/69f8cdddd3d80718c05f0785/results/silhouette_fscore_summary_respiratory_system_Xu_Cell_2023_Original_annotation_X_umap_78cea8.csv
silhouette_fscore_summary_respiratory_system_Xu_Cell_2023_Original_annotation_X_umap_78cea8.html,s3://lifebit-user-data-6941eed90a4dd7a1d1026d7a/deploit/teams/69d8dd1e5d3e1f8c350e006f/users/68af3d99c99eb7bd2ff47bc8/projects/69f80768ca774c668fbaaed8/jobs/69f8cdddd3d80718c05f0785/results/silhouette_fscore_summary_respiratory_system_Xu_Cell_2023_Original_annotation_X_umap_78cea8.html
silhouette_fscore_summary_respiratory_system_Xu_Cell_2023_Original_annotation_X_umap_78cea8.svg,s3://lifebit-user-data-6941eed90a4dd7a1d1026d7a/deploit/teams/69d8dd1e5d3e1f8c350e006f/users/68af3d99c99eb7bd2ff47bc8/projects/69f80768ca774c668fbaaed8/jobs/69f8cdddd3d80718c05f0785/results/silhouette_fscore_summary_respiratory_system_Xu_Cell_2023_Original_annotation_X_umap_78cea8.svg
silhouette_fscore_summary_respiratory_system_Xu_Sci_Rep_2022_author_cell_type_final_X_umap_dc2012.csv,s3://lifebit-user-data-6941eed90a4dd7a1d1026d7a/deploit/teams/69d8dd1e5d3e1f8c350e006f/users/68af3d99c99eb7bd2ff47bc8/projects/69f80768ca774c668fbaaed8/jobs/69f8cdddd3d80718c05f0785/results/silhouette_fscore_summary_respiratory_system_Xu_Sci_Rep_2022_author_cell_type_final_X_umap_dc2012.csv
silhouette_fscore_summary_respiratory_system_Xu_Sci_Rep_2022_author_cell_type_final_X_umap_dc2012.html,s3://lifebit-user-data-6941eed90a4dd7a1d1026d7a/deploit/teams/69d8dd1e5d3e1f8c350e006f/users/68af3d99c99eb7bd2ff47bc8/projects/69f80768ca774c668fbaaed8/jobs/69f8cdddd3d80718c05f0785/results/silhouette_fscore_summary_respiratory_system_Xu_Sci_Rep_2022_author_cell_type_final_X_umap_dc2012.html
silhouette_fscore_summary_respiratory_system_Xu_Sci_Rep_2022_author_cell_type_final_X_umap_dc2012.svg,s3://lifebit-user-data-6941eed90a4dd7a1d1026d7a/deploit/teams/69d8dd1e5d3e1f8c350e006f/users/68af3d99c99eb7bd2ff47bc8/projects/69f80768ca774c668fbaaed8/jobs/69f8cdddd3d80718c05f0785/results/silhouette_fscore_summary_respiratory_system_Xu_Sci_Rep_2022_author_cell_type_final_X_umap_dc2012.svg
silhouette_fscore_summary_respiratory_system_Xu_Sci_Rep_2022_cell_type_X_umap_81ecd6.csv,s3://lifebit-user-data-6941eed90a4dd7a1d1026d7a/deploit/teams/69d8dd1e5d3e1f8c350e006f/users/68af3d99c99eb7bd2ff47bc8/projects/69f80768ca774c668fbaaed8/jobs/69f8cdddd3d80718c05f0785/results/silhouette_fscore_summary_respiratory_system_Xu_Sci_Rep_2022_cell_type_X_umap_81ecd6.csv
silhouette_fscore_summary_respiratory_system_Xu_Sci_Rep_2022_cell_type_X_umap_81ecd6.html,s3://lifebit-user-data-6941eed90a4dd7a1d1026d7a/deploit/teams/69d8dd1e5d3e1f8c350e006f/users/68af3d99c99eb7bd2ff47bc8/projects/69f80768ca774c668fbaaed8/jobs/69f8cdddd3d80718c05f0785/results/silhouette_fscore_summary_respiratory_system_Xu_Sci_Rep_2022_cell_type_X_umap_81ecd6.html
silhouette_fscore_summary_respiratory_system_Xu_Sci_Rep_2022_cell_type_X_umap_81ecd6.svg,s3://lifebit-user-data-6941eed90a4dd7a1d1026d7a/deploit/teams/69d8dd1e5d3e1f8c350e006f/users/68af3d99c99eb7bd2ff47bc8/projects/69f80768ca774c668fbaaed8/jobs/69f8cdddd3d80718c05f0785/results/silhouette_fscore_summary_respiratory_system_Xu_Sci_Rep_2022_cell_type_X_umap_81ecd6.svg
silhouette_fscore_summary_respiratory_system_Yoshida_Nature_2022_Cell_type_annotation_level3_X_umap_8dc8be.csv,s3://lifebit-user-data-6941eed90a4dd7a1d1026d7a/deploit/teams/69d8dd1e5d3e1f8c350e006f/users/68af3d99c99eb7bd2ff47bc8/projects/69f80768ca774c668fbaaed8/jobs/69f8cdddd3d80718c05f0785/results/silhouette_fscore_summary_respiratory_system_Yoshida_Nature_2022_Cell_type_annotation_level3_X_umap_8dc8be.csv
silhouette_fscore_summary_respiratory_system_Yoshida_Nature_2022_Cell_type_annotation_level3_X_umap_8dc8be.html,s3://lifebit-user-data-6941eed90a4dd7a1d1026d7a/deploit/teams/69d8dd1e5d3e1f8c350e006f/users/68af3d99c99eb7bd2ff47bc8/projects/69f80768ca774c668fbaaed8/jobs/69f8cdddd3d80718c05f0785/results/silhouette_fscore_summary_respiratory_system_Yoshida_Nature_2022_Cell_type_annotation_level3_X_umap_8dc8be.html
silhouette_fscore_summary_respiratory_system_Yoshida_Nature_2022_Cell_type_annotation_level3_X_umap_8dc8be.svg,s3://lifebit-user-data-6941eed90a4dd7a1d1026d7a/deploit/teams/69d8dd1e5d3e1f8c350e006f/users/68af3d99c99eb7bd2ff47bc8/projects/69f80768ca774c668fbaaed8/jobs/69f8cdddd3d80718c05f0785/results/silhouette_fscore_summary_respiratory_system_Yoshida_Nature_2022_Cell_type_annotation_level3_X_umap_8dc8be.svg
silhouette_fscore_summary_respiratory_system_Ziegler_Cell_2021_Detailed_Cell_Annotations_X_umap_045011.csv,s3://lifebit-user-data-6941eed90a4dd7a1d1026d7a/deploit/teams/69d8dd1e5d3e1f8c350e006f/users/68af3d99c99eb7bd2ff47bc8/projects/69f80768ca774c668fbaaed8/jobs/69f8cdddd3d80718c05f0785/results/silhouette_fscore_summary_respiratory_system_Ziegler_Cell_2021_Detailed_Cell_Annotations_X_umap_045011.csv
silhouette_fscore_summary_respiratory_system_Ziegler_Cell_2021_Detailed_Cell_Annotations_X_umap_045011.html,s3://lifebit-user-data-6941eed90a4dd7a1d1026d7a/deploit/teams/69d8dd1e5d3e1f8c350e006f/users/68af3d99c99eb7bd2ff47bc8/projects/69f80768ca774c668fbaaed8/jobs/69f8cdddd3d80718c05f0785/results/silhouette_fscore_summary_respiratory_system_Ziegler_Cell_2021_Detailed_Cell_Annotations_X_umap_045011.html
silhouette_fscore_summary_respiratory_system_Ziegler_Cell_2021_Detailed_Cell_Annotations_X_umap_045011.svg,s3://lifebit-user-data-6941eed90a4dd7a1d1026d7a/deploit/teams/69d8dd1e5d3e1f8c350e006f/users/68af3d99c99eb7bd2ff47bc8/projects/69f80768ca774c668fbaaed8/jobs/69f8cdddd3d80718c05f0785/results/silhouette_fscore_summary_respiratory_system_Ziegler_Cell_2021_Detailed_Cell_Annotations_X_umap_045011.svg
silhouette_scores_respiratory_system_Berg_Journal_of_Cystic_Fibrosis_2025_Level_5_X_umap_17763a.csv,s3://lifebit-user-data-6941eed90a4dd7a1d1026d7a/deploit/teams/69d8dd1e5d3e1f8c350e006f/users/68af3d99c99eb7bd2ff47bc8/projects/69f80768ca774c668fbaaed8/jobs/69f8cdddd3d80718c05f0785/results/silhouette_scores_respiratory_system_Berg_Journal_of_Cystic_Fibrosis_2025_Level_5_X_umap_17763a.csv
silhouette_scores_respiratory_system_Dominguez_Conde_Science_2022_Manually_curated_celltype_X_umap_04d255.csv,s3://lifebit-user-data-6941eed90a4dd7a1d1026d7a/deploit/teams/69d8dd1e5d3e1f8c350e006f/users/68af3d99c99eb7bd2ff47bc8/projects/69f80768ca774c668fbaaed8/jobs/69f8cdddd3d80718c05f0785/results/silhouette_scores_respiratory_system_Dominguez_Conde_Science_2022_Manually_curated_celltype_X_umap_04d255.csv
silhouette_scores_respiratory_system_Eraslan_Science_2022_Broad_cell_type_X_umap_f44b0f.csv,s3://lifebit-user-data-6941eed90a4dd7a1d1026d7a/deploit/teams/69d8dd1e5d3e1f8c350e006f/users/68af3d99c99eb7bd2ff47bc8/projects/69f80768ca774c668fbaaed8/jobs/69f8cdddd3d80718c05f0785/results/silhouette_scores_respiratory_system_Eraslan_Science_2022_Broad_cell_type_X_umap_f44b0f.csv
silhouette_scores_respiratory_system_Han_Nature_2020_author_cell_type_X_umap_5c7ea7.csv,s3://lifebit-user-data-6941eed90a4dd7a1d1026d7a/deploit/teams/69d8dd1e5d3e1f8c350e006f/users/68af3d99c99eb7bd2ff47bc8/projects/69f80768ca774c668fbaaed8/jobs/69f8cdddd3d80718c05f0785/results/silhouette_scores_respiratory_system_Han_Nature_2020_author_cell_type_X_umap_5c7ea7.csv
silhouette_scores_respiratory_system_Madissoon_Genome_Biol_2020_author_cell_type_X_umap_2ee7d6.csv,s3://lifebit-user-data-6941eed90a4dd7a1d1026d7a/deploit/teams/69d8dd1e5d3e1f8c350e006f/users/68af3d99c99eb7bd2ff47bc8/projects/69f80768ca774c668fbaaed8/jobs/69f8cdddd3d80718c05f0785/results/silhouette_scores_respiratory_system_Madissoon_Genome_Biol_2020_author_cell_type_X_umap_2ee7d6.csv
silhouette_scores_respiratory_system_Madissoon_Nat_Genet_2023_Celltypes_X_umap_ee858a.csv,s3://lifebit-user-data-6941eed90a4dd7a1d1026d7a/deploit/teams/69d8dd1e5d3e1f8c350e006f/users/68af3d99c99eb7bd2ff47bc8/projects/69f80768ca774c668fbaaed8/jobs/69f8cdddd3d80718c05f0785/results/silhouette_scores_respiratory_system_Madissoon_Nat_Genet_2023_Celltypes_X_umap_ee858a.csv
silhouette_scores_respiratory_system_Melms_Nature_2021_cell_type_fine_X_UMAP_c42060.csv,s3://lifebit-user-data-6941eed90a4dd7a1d1026d7a/deploit/teams/69d8dd1e5d3e1f8c350e006f/users/68af3d99c99eb7bd2ff47bc8/projects/69f80768ca774c668fbaaed8/jobs/69f8cdddd3d80718c05f0785/results/silhouette_scores_respiratory_system_Melms_Nature_2021_cell_type_fine_X_UMAP_c42060.csv
silhouette_scores_respiratory_system_Natri_Nat_Genet_2024_manual_annotation_1_X_umap_9a27e4.csv,s3://lifebit-user-data-6941eed90a4dd7a1d1026d7a/deploit/teams/69d8dd1e5d3e1f8c350e006f/users/68af3d99c99eb7bd2ff47bc8/projects/69f80768ca774c668fbaaed8/jobs/69f8cdddd3d80718c05f0785/results/silhouette_scores_respiratory_system_Natri_Nat_Genet_2024_manual_annotation_1_X_umap_9a27e4.csv
silhouette_scores_respiratory_system_Rustam_Am_J_Respir_Crit_Care_Med_2023_author_cell_type_X_umap_56ce23.csv,s3://lifebit-user-data-6941eed90a4dd7a1d1026d7a/deploit/teams/69d8dd1e5d3e1f8c350e006f/users/68af3d99c99eb7bd2ff47bc8/projects/69f80768ca774c668fbaaed8/jobs/69f8cdddd3d80718c05f0785/results/silhouette_scores_respiratory_system_Rustam_Am_J_Respir_Crit_Care_Med_2023_author_cell_type_X_umap_56ce23.csv
silhouette_scores_respiratory_system_Sikkema_Nat_Med_2023_ann_finest_level_X_umap_552c94.csv,s3://lifebit-user-data-6941eed90a4dd7a1d1026d7a/deploit/teams/69d8dd1e5d3e1f8c350e006f/users/68af3d99c99eb7bd2ff47bc8/projects/69f80768ca774c668fbaaed8/jobs/69f8cdddd3d80718c05f0785/results/silhouette_scores_respiratory_system_Sikkema_Nat_Med_2023_ann_finest_level_X_umap_552c94.csv
silhouette_scores_respiratory_system_Szabo_Nat_Commun_2019_status_X_umap_bb4707.csv,s3://lifebit-user-data-6941eed90a4dd7a1d1026d7a/deploit/teams/69d8dd1e5d3e1f8c350e006f/users/68af3d99c99eb7bd2ff47bc8/projects/69f80768ca774c668fbaaed8/jobs/69f8cdddd3d80718c05f0785/results/silhouette_scores_respiratory_system_Szabo_Nat_Commun_2019_status_X_umap_bb4707.csv
silhouette_scores_respiratory_system_Travaglini_Nature_2020_free_annotation_X_tSNE_04a4fd.csv,s3://lifebit-user-data-6941eed90a4dd7a1d1026d7a/deploit/teams/69d8dd1e5d3e1f8c350e006f/users/68af3d99c99eb7bd2ff47bc8/projects/69f80768ca774c668fbaaed8/jobs/69f8cdddd3d80718c05f0785/results/silhouette_scores_respiratory_system_Travaglini_Nature_2020_free_annotation_X_tSNE_04a4fd.csv
silhouette_scores_respiratory_system_Travaglini_Nature_2020_free_annotation_X_tSNE_81a82c.csv,s3://lifebit-user-data-6941eed90a4dd7a1d1026d7a/deploit/teams/69d8dd1e5d3e1f8c350e006f/users/68af3d99c99eb7bd2ff47bc8/projects/69f80768ca774c668fbaaed8/jobs/69f8cdddd3d80718c05f0785/results/silhouette_scores_respiratory_system_Travaglini_Nature_2020_free_annotation_X_tSNE_81a82c.csv
silhouette_scores_respiratory_system_Wang_eLife_2020_author_cell_type_X_umap_c3bd89.csv,s3://lifebit-user-data-6941eed90a4dd7a1d1026d7a/deploit/teams/69d8dd1e5d3e1f8c350e006f/users/68af3d99c99eb7bd2ff47bc8/projects/69f80768ca774c668fbaaed8/jobs/69f8cdddd3d80718c05f0785/results/silhouette_scores_respiratory_system_Wang_eLife_2020_author_cell_type_X_umap_c3bd89.csv
silhouette_scores_respiratory_system_Watanabe_Am_J_Respir_Cell_Mol_Biol_2022_author_cell_type_X_umap_c7b336.csv,s3://lifebit-user-data-6941eed90a4dd7a1d1026d7a/deploit/teams/69d8dd1e5d3e1f8c350e006f/users/68af3d99c99eb7bd2ff47bc8/projects/69f80768ca774c668fbaaed8/jobs/69f8cdddd3d80718c05f0785/results/silhouette_scores_respiratory_system_Watanabe_Am_J_Respir_Cell_Mol_Biol_2022_author_cell_type_X_umap_c7b336.csv
silhouette_scores_respiratory_system_Wells_Nat_Immunol_2025_author_cell_type_X_umap_74e9e1.csv,s3://lifebit-user-data-6941eed90a4dd7a1d1026d7a/deploit/teams/69d8dd1e5d3e1f8c350e006f/users/68af3d99c99eb7bd2ff47bc8/projects/69f80768ca774c668fbaaed8/jobs/69f8cdddd3d80718c05f0785/results/silhouette_scores_respiratory_system_Wells_Nat_Immunol_2025_author_cell_type_X_umap_74e9e1.csv
silhouette_scores_respiratory_system_Wong_American_Journal_of_Transplantation_2024_GSVA_anno_labels_lowcluster_X_umap_3db111.csv,s3://lifebit-user-data-6941eed90a4dd7a1d1026d7a/deploit/teams/69d8dd1e5d3e1f8c350e006f/users/68af3d99c99eb7bd2ff47bc8/projects/69f80768ca774c668fbaaed8/jobs/69f8cdddd3d80718c05f0785/results/silhouette_scores_respiratory_system_Wong_American_Journal_of_Transplantation_2024_GSVA_anno_labels_lowcluster_X_umap_3db111.csv
silhouette_scores_respiratory_system_Xu_Cell_2023_Original_annotation_X_umap_78cea8.csv,s3://lifebit-user-data-6941eed90a4dd7a1d1026d7a/deploit/teams/69d8dd1e5d3e1f8c350e006f/users/68af3d99c99eb7bd2ff47bc8/projects/69f80768ca774c668fbaaed8/jobs/69f8cdddd3d80718c05f0785/results/silhouette_scores_respiratory_system_Xu_Cell_2023_Original_annotation_X_umap_78cea8.csv
silhouette_scores_respiratory_system_Xu_Sci_Rep_2022_author_cell_type_final_X_umap_dc2012.csv,s3://lifebit-user-data-6941eed90a4dd7a1d1026d7a/deploit/teams/69d8dd1e5d3e1f8c350e006f/users/68af3d99c99eb7bd2ff47bc8/projects/69f80768ca774c668fbaaed8/jobs/69f8cdddd3d80718c05f0785/results/silhouette_scores_respiratory_system_Xu_Sci_Rep_2022_author_cell_type_final_X_umap_dc2012.csv
silhouette_scores_respiratory_system_Xu_Sci_Rep_2022_cell_type_X_umap_81ecd6.csv,s3://lifebit-user-data-6941eed90a4dd7a1d1026d7a/deploit/teams/69d8dd1e5d3e1f8c350e006f/users/68af3d99c99eb7bd2ff47bc8/projects/69f80768ca774c668fbaaed8/jobs/69f8cdddd3d80718c05f0785/results/silhouette_scores_respiratory_system_Xu_Sci_Rep_2022_cell_type_X_umap_81ecd6.csv
silhouette_scores_respiratory_system_Yoshida_Nature_2022_Cell_type_annotation_level3_X_umap_8dc8be.csv,s3://lifebit-user-data-6941eed90a4dd7a1d1026d7a/deploit/teams/69d8dd1e5d3e1f8c350e006f/users/68af3d99c99eb7bd2ff47bc8/projects/69f80768ca774c668fbaaed8/jobs/69f8cdddd3d80718c05f0785/results/silhouette_scores_respiratory_system_Yoshida_Nature_2022_Cell_type_annotation_level3_X_umap_8dc8be.csv
silhouette_scores_respiratory_system_Ziegler_Cell_2021_Detailed_Cell_Annotations_X_umap_045011.csv,s3://lifebit-user-data-6941eed90a4dd7a1d1026d7a/deploit/teams/69d8dd1e5d3e1f8c350e006f/users/68af3d99c99eb7bd2ff47bc8/projects/69f80768ca774c668fbaaed8/jobs/69f8cdddd3d80718c05f0785/results/silhouette_scores_respiratory_system_Ziegler_Cell_2021_Detailed_Cell_Annotations_X_umap_045011.csv
stacked_violin__scaledrespiratory_system_Berg_Journal_of_Cystic_Fibrosis_2025_Level_5_X_umap_17763a.svg,s3://lifebit-user-data-6941eed90a4dd7a1d1026d7a/deploit/teams/69d8dd1e5d3e1f8c350e006f/users/68af3d99c99eb7bd2ff47bc8/projects/69f80768ca774c668fbaaed8/jobs/69f8cdddd3d80718c05f0785/results/stacked_violin__scaledrespiratory_system_Berg_Journal_of_Cystic_Fibrosis_2025_Level_5_X_umap_17763a.svg
stacked_violin__scaledrespiratory_system_Dominguez_Conde_Science_2022_Manually_curated_celltype_X_umap_04d255.svg,s3://lifebit-user-data-6941eed90a4dd7a1d1026d7a/deploit/teams/69d8dd1e5d3e1f8c350e006f/users/68af3d99c99eb7bd2ff47bc8/projects/69f80768ca774c668fbaaed8/jobs/69f8cdddd3d80718c05f0785/results/stacked_violin__scaledrespiratory_system_Dominguez_Conde_Science_2022_Manually_curated_celltype_X_umap_04d255.svg
stacked_violin__scaledrespiratory_system_Eraslan_Science_2022_Broad_cell_type_X_umap_f44b0f.svg,s3://lifebit-user-data-6941eed90a4dd7a1d1026d7a/deploit/teams/69d8dd1e5d3e1f8c350e006f/users/68af3d99c99eb7bd2ff47bc8/projects/69f80768ca774c668fbaaed8/jobs/69f8cdddd3d80718c05f0785/results/stacked_violin__scaledrespiratory_system_Eraslan_Science_2022_Broad_cell_type_X_umap_f44b0f.svg
stacked_violin__scaledrespiratory_system_Han_Nature_2020_author_cell_type_X_umap_5c7ea7.svg,s3://lifebit-user-data-6941eed90a4dd7a1d1026d7a/deploit/teams/69d8dd1e5d3e1f8c350e006f/users/68af3d99c99eb7bd2ff47bc8/projects/69f80768ca774c668fbaaed8/jobs/69f8cdddd3d80718c05f0785/results/stacked_violin__scaledrespiratory_system_Han_Nature_2020_author_cell_type_X_umap_5c7ea7.svg
stacked_violin__scaledrespiratory_system_Madissoon_Genome_Biol_2020_author_cell_type_X_umap_2ee7d6.svg,s3://lifebit-user-data-6941eed90a4dd7a1d1026d7a/deploit/teams/69d8dd1e5d3e1f8c350e006f/users/68af3d99c99eb7bd2ff47bc8/projects/69f80768ca774c668fbaaed8/jobs/69f8cdddd3d80718c05f0785/results/stacked_violin__scaledrespiratory_system_Madissoon_Genome_Biol_2020_author_cell_type_X_umap_2ee7d6.svg
stacked_violin__scaledrespiratory_system_Madissoon_Nat_Genet_2023_Celltypes_X_umap_ee858a.svg,s3://lifebit-user-data-6941eed90a4dd7a1d1026d7a/deploit/teams/69d8dd1e5d3e1f8c350e006f/users/68af3d99c99eb7bd2ff47bc8/projects/69f80768ca774c668fbaaed8/jobs/69f8cdddd3d80718c05f0785/results/stacked_violin__scaledrespiratory_system_Madissoon_Nat_Genet_2023_Celltypes_X_umap_ee858a.svg
stacked_violin__scaledrespiratory_system_Melms_Nature_2021_cell_type_fine_X_UMAP_c42060.svg,s3://lifebit-user-data-6941eed90a4dd7a1d1026d7a/deploit/teams/69d8dd1e5d3e1f8c350e006f/users/68af3d99c99eb7bd2ff47bc8/projects/69f80768ca774c668fbaaed8/jobs/69f8cdddd3d80718c05f0785/results/stacked_violin__scaledrespiratory_system_Melms_Nature_2021_cell_type_fine_X_UMAP_c42060.svg
stacked_violin__scaledrespiratory_system_Natri_Nat_Genet_2024_manual_annotation_1_X_umap_9a27e4.svg,s3://lifebit-user-data-6941eed90a4dd7a1d1026d7a/deploit/teams/69d8dd1e5d3e1f8c350e006f/users/68af3d99c99eb7bd2ff47bc8/projects/69f80768ca774c668fbaaed8/jobs/69f8cdddd3d80718c05f0785/results/stacked_violin__scaledrespiratory_system_Natri_Nat_Genet_2024_manual_annotation_1_X_umap_9a27e4.svg
stacked_violin__scaledrespiratory_system_Rustam_Am_J_Respir_Crit_Care_Med_2023_author_cell_type_X_umap_56ce23.svg,s3://lifebit-user-data-6941eed90a4dd7a1d1026d7a/deploit/teams/69d8dd1e5d3e1f8c350e006f/users/68af3d99c99eb7bd2ff47bc8/projects/69f80768ca774c668fbaaed8/jobs/69f8cdddd3d80718c05f0785/results/stacked_violin__scaledrespiratory_system_Rustam_Am_J_Respir_Crit_Care_Med_2023_author_cell_type_X_umap_56ce23.svg
stacked_violin__scaledrespiratory_system_Sikkema_Nat_Med_2023_ann_finest_level_X_umap_552c94.svg,s3://lifebit-user-data-6941eed90a4dd7a1d1026d7a/deploit/teams/69d8dd1e5d3e1f8c350e006f/users/68af3d99c99eb7bd2ff47bc8/projects/69f80768ca774c668fbaaed8/jobs/69f8cdddd3d80718c05f0785/results/stacked_violin__scaledrespiratory_system_Sikkema_Nat_Med_2023_ann_finest_level_X_umap_552c94.svg
stacked_violin__scaledrespiratory_system_Szabo_Nat_Commun_2019_status_X_umap_bb4707.svg,s3://lifebit-user-data-6941eed90a4dd7a1d1026d7a/deploit/teams/69d8dd1e5d3e1f8c350e006f/users/68af3d99c99eb7bd2ff47bc8/projects/69f80768ca774c668fbaaed8/jobs/69f8cdddd3d80718c05f0785/results/stacked_violin__scaledrespiratory_system_Szabo_Nat_Commun_2019_status_X_umap_bb4707.svg
stacked_violin__scaledrespiratory_system_Travaglini_Nature_2020_free_annotation_X_tSNE_04a4fd.svg,s3://lifebit-user-data-6941eed90a4dd7a1d1026d7a/deploit/teams/69d8dd1e5d3e1f8c350e006f/users/68af3d99c99eb7bd2ff47bc8/projects/69f80768ca774c668fbaaed8/jobs/69f8cdddd3d80718c05f0785/results/stacked_violin__scaledrespiratory_system_Travaglini_Nature_2020_free_annotation_X_tSNE_04a4fd.svg
stacked_violin__scaledrespiratory_system_Travaglini_Nature_2020_free_annotation_X_tSNE_81a82c.svg,s3://lifebit-user-data-6941eed90a4dd7a1d1026d7a/deploit/teams/69d8dd1e5d3e1f8c350e006f/users/68af3d99c99eb7bd2ff47bc8/projects/69f80768ca774c668fbaaed8/jobs/69f8cdddd3d80718c05f0785/results/stacked_violin__scaledrespiratory_system_Travaglini_Nature_2020_free_annotation_X_tSNE_81a82c.svg
stacked_violin__scaledrespiratory_system_Wang_eLife_2020_author_cell_type_X_umap_c3bd89.svg,s3://lifebit-user-data-6941eed90a4dd7a1d1026d7a/deploit/teams/69d8dd1e5d3e1f8c350e006f/users/68af3d99c99eb7bd2ff47bc8/projects/69f80768ca774c668fbaaed8/jobs/69f8cdddd3d80718c05f0785/results/stacked_violin__scaledrespiratory_system_Wang_eLife_2020_author_cell_type_X_umap_c3bd89.svg
stacked_violin__scaledrespiratory_system_Watanabe_Am_J_Respir_Cell_Mol_Biol_2022_author_cell_type_X_umap_c7b336.svg,s3://lifebit-user-data-6941eed90a4dd7a1d1026d7a/deploit/teams/69d8dd1e5d3e1f8c350e006f/users/68af3d99c99eb7bd2ff47bc8/projects/69f80768ca774c668fbaaed8/jobs/69f8cdddd3d80718c05f0785/results/stacked_violin__scaledrespiratory_system_Watanabe_Am_J_Respir_Cell_Mol_Biol_2022_author_cell_type_X_umap_c7b336.svg
stacked_violin__scaledrespiratory_system_Wells_Nat_Immunol_2025_author_cell_type_X_umap_74e9e1.svg,s3://lifebit-user-data-6941eed90a4dd7a1d1026d7a/deploit/teams/69d8dd1e5d3e1f8c350e006f/users/68af3d99c99eb7bd2ff47bc8/projects/69f80768ca774c668fbaaed8/jobs/69f8cdddd3d80718c05f0785/results/stacked_violin__scaledrespiratory_system_Wells_Nat_Immunol_2025_author_cell_type_X_umap_74e9e1.svg
stacked_violin__scaledrespiratory_system_Wong_American_Journal_of_Transplantation_2024_GSVA_anno_labels_lowcluster_X_umap_3db111.svg,s3://lifebit-user-data-6941eed90a4dd7a1d1026d7a/deploit/teams/69d8dd1e5d3e1f8c350e006f/users/68af3d99c99eb7bd2ff47bc8/projects/69f80768ca774c668fbaaed8/jobs/69f8cdddd3d80718c05f0785/results/stacked_violin__scaledrespiratory_system_Wong_American_Journal_of_Transplantation_2024_GSVA_anno_labels_lowcluster_X_umap_3db111.svg
stacked_violin__scaledrespiratory_system_Xu_Cell_2023_Original_annotation_X_umap_78cea8.svg,s3://lifebit-user-data-6941eed90a4dd7a1d1026d7a/deploit/teams/69d8dd1e5d3e1f8c350e006f/users/68af3d99c99eb7bd2ff47bc8/projects/69f80768ca774c668fbaaed8/jobs/69f8cdddd3d80718c05f0785/results/stacked_violin__scaledrespiratory_system_Xu_Cell_2023_Original_annotation_X_umap_78cea8.svg
stacked_violin__scaledrespiratory_system_Xu_Sci_Rep_2022_author_cell_type_final_X_umap_dc2012.svg,s3://lifebit-user-data-6941eed90a4dd7a1d1026d7a/deploit/teams/69d8dd1e5d3e1f8c350e006f/users/68af3d99c99eb7bd2ff47bc8/projects/69f80768ca774c668fbaaed8/jobs/69f8cdddd3d80718c05f0785/results/stacked_violin__scaledrespiratory_system_Xu_Sci_Rep_2022_author_cell_type_final_X_umap_dc2012.svg
stacked_violin__scaledrespiratory_system_Xu_Sci_Rep_2022_cell_type_X_umap_81ecd6.svg,s3://lifebit-user-data-6941eed90a4dd7a1d1026d7a/deploit/teams/69d8dd1e5d3e1f8c350e006f/users/68af3d99c99eb7bd2ff47bc8/projects/69f80768ca774c668fbaaed8/jobs/69f8cdddd3d80718c05f0785/results/stacked_violin__scaledrespiratory_system_Xu_Sci_Rep_2022_cell_type_X_umap_81ecd6.svg
stacked_violin__scaledrespiratory_system_Yoshida_Nature_2022_Cell_type_annotation_level3_X_umap_8dc8be.svg,s3://lifebit-user-data-6941eed90a4dd7a1d1026d7a/deploit/teams/69d8dd1e5d3e1f8c350e006f/users/68af3d99c99eb7bd2ff47bc8/projects/69f80768ca774c668fbaaed8/jobs/69f8cdddd3d80718c05f0785/results/stacked_violin__scaledrespiratory_system_Yoshida_Nature_2022_Cell_type_annotation_level3_X_umap_8dc8be.svg
stacked_violin__scaledrespiratory_system_Ziegler_Cell_2021_Detailed_Cell_Annotations_X_umap_045011.svg,s3://lifebit-user-data-6941eed90a4dd7a1d1026d7a/deploit/teams/69d8dd1e5d3e1f8c350e006f/users/68af3d99c99eb7bd2ff47bc8/projects/69f80768ca774c668fbaaed8/jobs/69f8cdddd3d80718c05f0785/results/stacked_violin__scaledrespiratory_system_Ziegler_Cell_2021_Detailed_Cell_Annotations_X_umap_045011.svg
stacked_violin_respiratory_system_Berg_Journal_of_Cystic_Fibrosis_2025_Level_5_X_umap_17763a.svg,s3://lifebit-user-data-6941eed90a4dd7a1d1026d7a/deploit/teams/69d8dd1e5d3e1f8c350e006f/users/68af3d99c99eb7bd2ff47bc8/projects/69f80768ca774c668fbaaed8/jobs/69f8cdddd3d80718c05f0785/results/stacked_violin_respiratory_system_Berg_Journal_of_Cystic_Fibrosis_2025_Level_5_X_umap_17763a.svg
stacked_violin_respiratory_system_Dominguez_Conde_Science_2022_Manually_curated_celltype_X_umap_04d255.svg,s3://lifebit-user-data-6941eed90a4dd7a1d1026d7a/deploit/teams/69d8dd1e5d3e1f8c350e006f/users/68af3d99c99eb7bd2ff47bc8/projects/69f80768ca774c668fbaaed8/jobs/69f8cdddd3d80718c05f0785/results/stacked_violin_respiratory_system_Dominguez_Conde_Science_2022_Manually_curated_celltype_X_umap_04d255.svg
stacked_violin_respiratory_system_Eraslan_Science_2022_Broad_cell_type_X_umap_f44b0f.svg,s3://lifebit-user-data-6941eed90a4dd7a1d1026d7a/deploit/teams/69d8dd1e5d3e1f8c350e006f/users/68af3d99c99eb7bd2ff47bc8/projects/69f80768ca774c668fbaaed8/jobs/69f8cdddd3d80718c05f0785/results/stacked_violin_respiratory_system_Eraslan_Science_2022_Broad_cell_type_X_umap_f44b0f.svg
stacked_violin_respiratory_system_Han_Nature_2020_author_cell_type_X_umap_5c7ea7.svg,s3://lifebit-user-data-6941eed90a4dd7a1d1026d7a/deploit/teams/69d8dd1e5d3e1f8c350e006f/users/68af3d99c99eb7bd2ff47bc8/projects/69f80768ca774c668fbaaed8/jobs/69f8cdddd3d80718c05f0785/results/stacked_violin_respiratory_system_Han_Nature_2020_author_cell_type_X_umap_5c7ea7.svg
stacked_violin_respiratory_system_Madissoon_Genome_Biol_2020_author_cell_type_X_umap_2ee7d6.svg,s3://lifebit-user-data-6941eed90a4dd7a1d1026d7a/deploit/teams/69d8dd1e5d3e1f8c350e006f/users/68af3d99c99eb7bd2ff47bc8/projects/69f80768ca774c668fbaaed8/jobs/69f8cdddd3d80718c05f0785/results/stacked_violin_respiratory_system_Madissoon_Genome_Biol_2020_author_cell_type_X_umap_2ee7d6.svg
stacked_violin_respiratory_system_Madissoon_Nat_Genet_2023_Celltypes_X_umap_ee858a.svg,s3://lifebit-user-data-6941eed90a4dd7a1d1026d7a/deploit/teams/69d8dd1e5d3e1f8c350e006f/users/68af3d99c99eb7bd2ff47bc8/projects/69f80768ca774c668fbaaed8/jobs/69f8cdddd3d80718c05f0785/results/stacked_violin_respiratory_system_Madissoon_Nat_Genet_2023_Celltypes_X_umap_ee858a.svg
stacked_violin_respiratory_system_Melms_Nature_2021_cell_type_fine_X_UMAP_c42060.svg,s3://lifebit-user-data-6941eed90a4dd7a1d1026d7a/deploit/teams/69d8dd1e5d3e1f8c350e006f/users/68af3d99c99eb7bd2ff47bc8/projects/69f80768ca774c668fbaaed8/jobs/69f8cdddd3d80718c05f0785/results/stacked_violin_respiratory_system_Melms_Nature_2021_cell_type_fine_X_UMAP_c42060.svg
stacked_violin_respiratory_system_Natri_Nat_Genet_2024_manual_annotation_1_X_umap_9a27e4.svg,s3://lifebit-user-data-6941eed90a4dd7a1d1026d7a/deploit/teams/69d8dd1e5d3e1f8c350e006f/users/68af3d99c99eb7bd2ff47bc8/projects/69f80768ca774c668fbaaed8/jobs/69f8cdddd3d80718c05f0785/results/stacked_violin_respiratory_system_Natri_Nat_Genet_2024_manual_annotation_1_X_umap_9a27e4.svg
stacked_violin_respiratory_system_Rustam_Am_J_Respir_Crit_Care_Med_2023_author_cell_type_X_umap_56ce23.svg,s3://lifebit-user-data-6941eed90a4dd7a1d1026d7a/deploit/teams/69d8dd1e5d3e1f8c350e006f/users/68af3d99c99eb7bd2ff47bc8/projects/69f80768ca774c668fbaaed8/jobs/69f8cdddd3d80718c05f0785/results/stacked_violin_respiratory_system_Rustam_Am_J_Respir_Crit_Care_Med_2023_author_cell_type_X_umap_56ce23.svg
stacked_violin_respiratory_system_Sikkema_Nat_Med_2023_ann_finest_level_X_umap_552c94.svg,s3://lifebit-user-data-6941eed90a4dd7a1d1026d7a/deploit/teams/69d8dd1e5d3e1f8c350e006f/users/68af3d99c99eb7bd2ff47bc8/projects/69f80768ca774c668fbaaed8/jobs/69f8cdddd3d80718c05f0785/results/stacked_violin_respiratory_system_Sikkema_Nat_Med_2023_ann_finest_level_X_umap_552c94.svg
stacked_violin_respiratory_system_Szabo_Nat_Commun_2019_status_X_umap_bb4707.svg,s3://lifebit-user-data-6941eed90a4dd7a1d1026d7a/deploit/teams/69d8dd1e5d3e1f8c350e006f/users/68af3d99c99eb7bd2ff47bc8/projects/69f80768ca774c668fbaaed8/jobs/69f8cdddd3d80718c05f0785/results/stacked_violin_respiratory_system_Szabo_Nat_Commun_2019_status_X_umap_bb4707.svg
stacked_violin_respiratory_system_Travaglini_Nature_2020_free_annotation_X_tSNE_04a4fd.svg,s3://lifebit-user-data-6941eed90a4dd7a1d1026d7a/deploit/teams/69d8dd1e5d3e1f8c350e006f/users/68af3d99c99eb7bd2ff47bc8/projects/69f80768ca774c668fbaaed8/jobs/69f8cdddd3d80718c05f0785/results/stacked_violin_respiratory_system_Travaglini_Nature_2020_free_annotation_X_tSNE_04a4fd.svg
stacked_violin_respiratory_system_Travaglini_Nature_2020_free_annotation_X_tSNE_81a82c.svg,s3://lifebit-user-data-6941eed90a4dd7a1d1026d7a/deploit/teams/69d8dd1e5d3e1f8c350e006f/users/68af3d99c99eb7bd2ff47bc8/projects/69f80768ca774c668fbaaed8/jobs/69f8cdddd3d80718c05f0785/results/stacked_violin_respiratory_system_Travaglini_Nature_2020_free_annotation_X_tSNE_81a82c.svg
stacked_violin_respiratory_system_Wang_eLife_2020_author_cell_type_X_umap_c3bd89.svg,s3://lifebit-user-data-6941eed90a4dd7a1d1026d7a/deploit/teams/69d8dd1e5d3e1f8c350e006f/users/68af3d99c99eb7bd2ff47bc8/projects/69f80768ca774c668fbaaed8/jobs/69f8cdddd3d80718c05f0785/results/stacked_violin_respiratory_system_Wang_eLife_2020_author_cell_type_X_umap_c3bd89.svg
stacked_violin_respiratory_system_Watanabe_Am_J_Respir_Cell_Mol_Biol_2022_author_cell_type_X_umap_c7b336.svg,s3://lifebit-user-data-6941eed90a4dd7a1d1026d7a/deploit/teams/69d8dd1e5d3e1f8c350e006f/users/68af3d99c99eb7bd2ff47bc8/projects/69f80768ca774c668fbaaed8/jobs/69f8cdddd3d80718c05f0785/results/stacked_violin_respiratory_system_Watanabe_Am_J_Respir_Cell_Mol_Biol_2022_author_cell_type_X_umap_c7b336.svg
stacked_violin_respiratory_system_Wells_Nat_Immunol_2025_author_cell_type_X_umap_74e9e1.svg,s3://lifebit-user-data-6941eed90a4dd7a1d1026d7a/deploit/teams/69d8dd1e5d3e1f8c350e006f/users/68af3d99c99eb7bd2ff47bc8/projects/69f80768ca774c668fbaaed8/jobs/69f8cdddd3d80718c05f0785/results/stacked_violin_respiratory_system_Wells_Nat_Immunol_2025_author_cell_type_X_umap_74e9e1.svg
stacked_violin_respiratory_system_Wong_American_Journal_of_Transplantation_2024_GSVA_anno_labels_lowcluster_X_umap_3db111.svg,s3://lifebit-user-data-6941eed90a4dd7a1d1026d7a/deploit/teams/69d8dd1e5d3e1f8c350e006f/users/68af3d99c99eb7bd2ff47bc8/projects/69f80768ca774c668fbaaed8/jobs/69f8cdddd3d80718c05f0785/results/stacked_violin_respiratory_system_Wong_American_Journal_of_Transplantation_2024_GSVA_anno_labels_lowcluster_X_umap_3db111.svg
stacked_violin_respiratory_system_Xu_Cell_2023_Original_annotation_X_umap_78cea8.svg,s3://lifebit-user-data-6941eed90a4dd7a1d1026d7a/deploit/teams/69d8dd1e5d3e1f8c350e006f/users/68af3d99c99eb7bd2ff47bc8/projects/69f80768ca774c668fbaaed8/jobs/69f8cdddd3d80718c05f0785/results/stacked_violin_respiratory_system_Xu_Cell_2023_Original_annotation_X_umap_78cea8.svg
stacked_violin_respiratory_system_Xu_Sci_Rep_2022_author_cell_type_final_X_umap_dc2012.svg,s3://lifebit-user-data-6941eed90a4dd7a1d1026d7a/deploit/teams/69d8dd1e5d3e1f8c350e006f/users/68af3d99c99eb7bd2ff47bc8/projects/69f80768ca774c668fbaaed8/jobs/69f8cdddd3d80718c05f0785/results/stacked_violin_respiratory_system_Xu_Sci_Rep_2022_author_cell_type_final_X_umap_dc2012.svg
stacked_violin_respiratory_system_Xu_Sci_Rep_2022_cell_type_X_umap_81ecd6.svg,s3://lifebit-user-data-6941eed90a4dd7a1d1026d7a/deploit/teams/69d8dd1e5d3e1f8c350e006f/users/68af3d99c99eb7bd2ff47bc8/projects/69f80768ca774c668fbaaed8/jobs/69f8cdddd3d80718c05f0785/results/stacked_violin_respiratory_system_Xu_Sci_Rep_2022_cell_type_X_umap_81ecd6.svg
stacked_violin_respiratory_system_Yoshida_Nature_2022_Cell_type_annotation_level3_X_umap_8dc8be.svg,s3://lifebit-user-data-6941eed90a4dd7a1d1026d7a/deploit/teams/69d8dd1e5d3e1f8c350e006f/users/68af3d99c99eb7bd2ff47bc8/projects/69f80768ca774c668fbaaed8/jobs/69f8cdddd3d80718c05f0785/results/stacked_violin_respiratory_system_Yoshida_Nature_2022_Cell_type_annotation_level3_X_umap_8dc8be.svg
stacked_violin_respiratory_system_Ziegler_Cell_2021_Detailed_Cell_Annotations_X_umap_045011.svg,s3://lifebit-user-data-6941eed90a4dd7a1d1026d7a/deploit/teams/69d8dd1e5d3e1f8c350e006f/users/68af3d99c99eb7bd2ff47bc8/projects/69f80768ca774c668fbaaed8/jobs/69f8cdddd3d80718c05f0785/results/stacked_violin_respiratory_system_Ziegler_Cell_2021_Detailed_Cell_Annotations_X_umap_045011.svg
summary_before_filter_respiratory_system_Berg_Journal_of_Cystic_Fibrosis_2025_Level_5_X_umap_17763a.csv,s3://lifebit-user-data-6941eed90a4dd7a1d1026d7a/deploit/teams/69d8dd1e5d3e1f8c350e006f/users/68af3d99c99eb7bd2ff47bc8/projects/69f80768ca774c668fbaaed8/jobs/69f8cdddd3d80718c05f0785/results/summary_before_filter_respiratory_system_Berg_Journal_of_Cystic_Fibrosis_2025_Level_5_X_umap_17763a.csv
summary_before_filter_respiratory_system_Dominguez_Conde_Science_2022_Manually_curated_celltype_X_umap_04d255.csv,s3://lifebit-user-data-6941eed90a4dd7a1d1026d7a/deploit/teams/69d8dd1e5d3e1f8c350e006f/users/68af3d99c99eb7bd2ff47bc8/projects/69f80768ca774c668fbaaed8/jobs/69f8cdddd3d80718c05f0785/results/summary_before_filter_respiratory_system_Dominguez_Conde_Science_2022_Manually_curated_celltype_X_umap_04d255.csv
summary_before_filter_respiratory_system_Eraslan_Science_2022_Broad_cell_type_X_umap_f44b0f.csv,s3://lifebit-user-data-6941eed90a4dd7a1d1026d7a/deploit/teams/69d8dd1e5d3e1f8c350e006f/users/68af3d99c99eb7bd2ff47bc8/projects/69f80768ca774c668fbaaed8/jobs/69f8cdddd3d80718c05f0785/results/summary_before_filter_respiratory_system_Eraslan_Science_2022_Broad_cell_type_X_umap_f44b0f.csv
summary_before_filter_respiratory_system_Han_Nature_2020_author_cell_type_X_umap_5c7ea7.csv,s3://lifebit-user-data-6941eed90a4dd7a1d1026d7a/deploit/teams/69d8dd1e5d3e1f8c350e006f/users/68af3d99c99eb7bd2ff47bc8/projects/69f80768ca774c668fbaaed8/jobs/69f8cdddd3d80718c05f0785/results/summary_before_filter_respiratory_system_Han_Nature_2020_author_cell_type_X_umap_5c7ea7.csv
summary_before_filter_respiratory_system_Madissoon_Genome_Biol_2020_author_cell_type_X_umap_2ee7d6.csv,s3://lifebit-user-data-6941eed90a4dd7a1d1026d7a/deploit/teams/69d8dd1e5d3e1f8c350e006f/users/68af3d99c99eb7bd2ff47bc8/projects/69f80768ca774c668fbaaed8/jobs/69f8cdddd3d80718c05f0785/results/summary_before_filter_respiratory_system_Madissoon_Genome_Biol_2020_author_cell_type_X_umap_2ee7d6.csv
summary_before_filter_respiratory_system_Madissoon_Nat_Genet_2023_Celltypes_X_umap_ee858a.csv,s3://lifebit-user-data-6941eed90a4dd7a1d1026d7a/deploit/teams/69d8dd1e5d3e1f8c350e006f/users/68af3d99c99eb7bd2ff47bc8/projects/69f80768ca774c668fbaaed8/jobs/69f8cdddd3d80718c05f0785/results/summary_before_filter_respiratory_system_Madissoon_Nat_Genet_2023_Celltypes_X_umap_ee858a.csv
summary_before_filter_respiratory_system_Melms_Nature_2021_cell_type_fine_X_UMAP_c42060.csv,s3://lifebit-user-data-6941eed90a4dd7a1d1026d7a/deploit/teams/69d8dd1e5d3e1f8c350e006f/users/68af3d99c99eb7bd2ff47bc8/projects/69f80768ca774c668fbaaed8/jobs/69f8cdddd3d80718c05f0785/results/summary_before_filter_respiratory_system_Melms_Nature_2021_cell_type_fine_X_UMAP_c42060.csv
summary_before_filter_respiratory_system_Natri_Nat_Genet_2024_manual_annotation_1_X_umap_9a27e4.csv,s3://lifebit-user-data-6941eed90a4dd7a1d1026d7a/deploit/teams/69d8dd1e5d3e1f8c350e006f/users/68af3d99c99eb7bd2ff47bc8/projects/69f80768ca774c668fbaaed8/jobs/69f8cdddd3d80718c05f0785/results/summary_before_filter_respiratory_system_Natri_Nat_Genet_2024_manual_annotation_1_X_umap_9a27e4.csv
summary_before_filter_respiratory_system_Rustam_Am_J_Respir_Crit_Care_Med_2023_author_cell_type_X_umap_56ce23.csv,s3://lifebit-user-data-6941eed90a4dd7a1d1026d7a/deploit/teams/69d8dd1e5d3e1f8c350e006f/users/68af3d99c99eb7bd2ff47bc8/projects/69f80768ca774c668fbaaed8/jobs/69f8cdddd3d80718c05f0785/results/summary_before_filter_respiratory_system_Rustam_Am_J_Respir_Crit_Care_Med_2023_author_cell_type_X_umap_56ce23.csv
summary_before_filter_respiratory_system_Sikkema_Nat_Med_2023_ann_finest_level_X_umap_552c94.csv,s3://lifebit-user-data-6941eed90a4dd7a1d1026d7a/deploit/teams/69d8dd1e5d3e1f8c350e006f/users/68af3d99c99eb7bd2ff47bc8/projects/69f80768ca774c668fbaaed8/jobs/69f8cdddd3d80718c05f0785/results/summary_before_filter_respiratory_system_Sikkema_Nat_Med_2023_ann_finest_level_X_umap_552c94.csv
summary_before_filter_respiratory_system_Szabo_Nat_Commun_2019_status_X_umap_bb4707.csv,s3://lifebit-user-data-6941eed90a4dd7a1d1026d7a/deploit/teams/69d8dd1e5d3e1f8c350e006f/users/68af3d99c99eb7bd2ff47bc8/projects/69f80768ca774c668fbaaed8/jobs/69f8cdddd3d80718c05f0785/results/summary_before_filter_respiratory_system_Szabo_Nat_Commun_2019_status_X_umap_bb4707.csv
summary_before_filter_respiratory_system_Travaglini_Nature_2020_free_annotation_X_tSNE_04a4fd.csv,s3://lifebit-user-data-6941eed90a4dd7a1d1026d7a/deploit/teams/69d8dd1e5d3e1f8c350e006f/users/68af3d99c99eb7bd2ff47bc8/projects/69f80768ca774c668fbaaed8/jobs/69f8cdddd3d80718c05f0785/results/summary_before_filter_respiratory_system_Travaglini_Nature_2020_free_annotation_X_tSNE_04a4fd.csv
summary_before_filter_respiratory_system_Travaglini_Nature_2020_free_annotation_X_tSNE_81a82c.csv,s3://lifebit-user-data-6941eed90a4dd7a1d1026d7a/deploit/teams/69d8dd1e5d3e1f8c350e006f/users/68af3d99c99eb7bd2ff47bc8/projects/69f80768ca774c668fbaaed8/jobs/69f8cdddd3d80718c05f0785/results/summary_before_filter_respiratory_system_Travaglini_Nature_2020_free_annotation_X_tSNE_81a82c.csv
summary_before_filter_respiratory_system_Wang_eLife_2020_author_cell_type_X_umap_c3bd89.csv,s3://lifebit-user-data-6941eed90a4dd7a1d1026d7a/deploit/teams/69d8dd1e5d3e1f8c350e006f/users/68af3d99c99eb7bd2ff47bc8/projects/69f80768ca774c668fbaaed8/jobs/69f8cdddd3d80718c05f0785/results/summary_before_filter_respiratory_system_Wang_eLife_2020_author_cell_type_X_umap_c3bd89.csv
summary_before_filter_respiratory_system_Watanabe_Am_J_Respir_Cell_Mol_Biol_2022_author_cell_type_X_umap_c7b336.csv,s3://lifebit-user-data-6941eed90a4dd7a1d1026d7a/deploit/teams/69d8dd1e5d3e1f8c350e006f/users/68af3d99c99eb7bd2ff47bc8/projects/69f80768ca774c668fbaaed8/jobs/69f8cdddd3d80718c05f0785/results/summary_before_filter_respiratory_system_Watanabe_Am_J_Respir_Cell_Mol_Biol_2022_author_cell_type_X_umap_c7b336.csv
summary_before_filter_respiratory_system_Wells_Nat_Immunol_2025_author_cell_type_X_umap_74e9e1.csv,s3://lifebit-user-data-6941eed90a4dd7a1d1026d7a/deploit/teams/69d8dd1e5d3e1f8c350e006f/users/68af3d99c99eb7bd2ff47bc8/projects/69f80768ca774c668fbaaed8/jobs/69f8cdddd3d80718c05f0785/results/summary_before_filter_respiratory_system_Wells_Nat_Immunol_2025_author_cell_type_X_umap_74e9e1.csv
summary_before_filter_respiratory_system_Wong_American_Journal_of_Transplantation_2024_GSVA_anno_labels_lowcluster_X_umap_3db111.csv,s3://lifebit-user-data-6941eed90a4dd7a1d1026d7a/deploit/teams/69d8dd1e5d3e1f8c350e006f/users/68af3d99c99eb7bd2ff47bc8/projects/69f80768ca774c668fbaaed8/jobs/69f8cdddd3d80718c05f0785/results/summary_before_filter_respiratory_system_Wong_American_Journal_of_Transplantation_2024_GSVA_anno_labels_lowcluster_X_umap_3db111.csv
summary_before_filter_respiratory_system_Xu_Cell_2023_Original_annotation_X_umap_78cea8.csv,s3://lifebit-user-data-6941eed90a4dd7a1d1026d7a/deploit/teams/69d8dd1e5d3e1f8c350e006f/users/68af3d99c99eb7bd2ff47bc8/projects/69f80768ca774c668fbaaed8/jobs/69f8cdddd3d80718c05f0785/results/summary_before_filter_respiratory_system_Xu_Cell_2023_Original_annotation_X_umap_78cea8.csv
summary_before_filter_respiratory_system_Xu_Sci_Rep_2022_author_cell_type_final_X_umap_dc2012.csv,s3://lifebit-user-data-6941eed90a4dd7a1d1026d7a/deploit/teams/69d8dd1e5d3e1f8c350e006f/users/68af3d99c99eb7bd2ff47bc8/projects/69f80768ca774c668fbaaed8/jobs/69f8cdddd3d80718c05f0785/results/summary_before_filter_respiratory_system_Xu_Sci_Rep_2022_author_cell_type_final_X_umap_dc2012.csv
summary_before_filter_respiratory_system_Xu_Sci_Rep_2022_cell_type_X_umap_81ecd6.csv,s3://lifebit-user-data-6941eed90a4dd7a1d1026d7a/deploit/teams/69d8dd1e5d3e1f8c350e006f/users/68af3d99c99eb7bd2ff47bc8/projects/69f80768ca774c668fbaaed8/jobs/69f8cdddd3d80718c05f0785/results/summary_before_filter_respiratory_system_Xu_Sci_Rep_2022_cell_type_X_umap_81ecd6.csv
summary_before_filter_respiratory_system_Yoshida_Nature_2022_Cell_type_annotation_level3_X_umap_8dc8be.csv,s3://lifebit-user-data-6941eed90a4dd7a1d1026d7a/deploit/teams/69d8dd1e5d3e1f8c350e006f/users/68af3d99c99eb7bd2ff47bc8/projects/69f80768ca774c668fbaaed8/jobs/69f8cdddd3d80718c05f0785/results/summary_before_filter_respiratory_system_Yoshida_Nature_2022_Cell_type_annotation_level3_X_umap_8dc8be.csv
summary_before_filter_respiratory_system_Ziegler_Cell_2021_Detailed_Cell_Annotations_X_umap_045011.csv,s3://lifebit-user-data-6941eed90a4dd7a1d1026d7a/deploit/teams/69d8dd1e5d3e1f8c350e006f/users/68af3d99c99eb7bd2ff47bc8/projects/69f80768ca774c668fbaaed8/jobs/69f8cdddd3d80718c05f0785/results/summary_before_filter_respiratory_system_Ziegler_Cell_2021_Detailed_Cell_Annotations_X_umap_045011.csv
summary_normal_respiratory_system_Berg_Journal_of_Cystic_Fibrosis_2025_Level_5_X_umap_17763a.csv,s3://lifebit-user-data-6941eed90a4dd7a1d1026d7a/deploit/teams/69d8dd1e5d3e1f8c350e006f/users/68af3d99c99eb7bd2ff47bc8/projects/69f80768ca774c668fbaaed8/jobs/69f8cdddd3d80718c05f0785/results/summary_normal_respiratory_system_Berg_Journal_of_Cystic_Fibrosis_2025_Level_5_X_umap_17763a.csv
summary_normal_respiratory_system_Dominguez_Conde_Science_2022_Manually_curated_celltype_X_umap_04d255.csv,s3://lifebit-user-data-6941eed90a4dd7a1d1026d7a/deploit/teams/69d8dd1e5d3e1f8c350e006f/users/68af3d99c99eb7bd2ff47bc8/projects/69f80768ca774c668fbaaed8/jobs/69f8cdddd3d80718c05f0785/results/summary_normal_respiratory_system_Dominguez_Conde_Science_2022_Manually_curated_celltype_X_umap_04d255.csv
summary_normal_respiratory_system_Eraslan_Science_2022_Broad_cell_type_X_umap_f44b0f.csv,s3://lifebit-user-data-6941eed90a4dd7a1d1026d7a/deploit/teams/69d8dd1e5d3e1f8c350e006f/users/68af3d99c99eb7bd2ff47bc8/projects/69f80768ca774c668fbaaed8/jobs/69f8cdddd3d80718c05f0785/results/summary_normal_respiratory_system_Eraslan_Science_2022_Broad_cell_type_X_umap_f44b0f.csv
summary_normal_respiratory_system_Han_Nature_2020_author_cell_type_X_umap_5c7ea7.csv,s3://lifebit-user-data-6941eed90a4dd7a1d1026d7a/deploit/teams/69d8dd1e5d3e1f8c350e006f/users/68af3d99c99eb7bd2ff47bc8/projects/69f80768ca774c668fbaaed8/jobs/69f8cdddd3d80718c05f0785/results/summary_normal_respiratory_system_Han_Nature_2020_author_cell_type_X_umap_5c7ea7.csv
summary_normal_respiratory_system_Madissoon_Genome_Biol_2020_author_cell_type_X_umap_2ee7d6.csv,s3://lifebit-user-data-6941eed90a4dd7a1d1026d7a/deploit/teams/69d8dd1e5d3e1f8c350e006f/users/68af3d99c99eb7bd2ff47bc8/projects/69f80768ca774c668fbaaed8/jobs/69f8cdddd3d80718c05f0785/results/summary_normal_respiratory_system_Madissoon_Genome_Biol_2020_author_cell_type_X_umap_2ee7d6.csv
summary_normal_respiratory_system_Madissoon_Nat_Genet_2023_Celltypes_X_umap_ee858a.csv,s3://lifebit-user-data-6941eed90a4dd7a1d1026d7a/deploit/teams/69d8dd1e5d3e1f8c350e006f/users/68af3d99c99eb7bd2ff47bc8/projects/69f80768ca774c668fbaaed8/jobs/69f8cdddd3d80718c05f0785/results/summary_normal_respiratory_system_Madissoon_Nat_Genet_2023_Celltypes_X_umap_ee858a.csv
summary_normal_respiratory_system_Melms_Nature_2021_cell_type_fine_X_UMAP_c42060.csv,s3://lifebit-user-data-6941eed90a4dd7a1d1026d7a/deploit/teams/69d8dd1e5d3e1f8c350e006f/users/68af3d99c99eb7bd2ff47bc8/projects/69f80768ca774c668fbaaed8/jobs/69f8cdddd3d80718c05f0785/results/summary_normal_respiratory_system_Melms_Nature_2021_cell_type_fine_X_UMAP_c42060.csv
summary_normal_respiratory_system_Natri_Nat_Genet_2024_manual_annotation_1_X_umap_9a27e4.csv,s3://lifebit-user-data-6941eed90a4dd7a1d1026d7a/deploit/teams/69d8dd1e5d3e1f8c350e006f/users/68af3d99c99eb7bd2ff47bc8/projects/69f80768ca774c668fbaaed8/jobs/69f8cdddd3d80718c05f0785/results/summary_normal_respiratory_system_Natri_Nat_Genet_2024_manual_annotation_1_X_umap_9a27e4.csv
summary_normal_respiratory_system_Rustam_Am_J_Respir_Crit_Care_Med_2023_author_cell_type_X_umap_56ce23.csv,s3://lifebit-user-data-6941eed90a4dd7a1d1026d7a/deploit/teams/69d8dd1e5d3e1f8c350e006f/users/68af3d99c99eb7bd2ff47bc8/projects/69f80768ca774c668fbaaed8/jobs/69f8cdddd3d80718c05f0785/results/summary_normal_respiratory_system_Rustam_Am_J_Respir_Crit_Care_Med_2023_author_cell_type_X_umap_56ce23.csv
summary_normal_respiratory_system_Sikkema_Nat_Med_2023_ann_finest_level_X_umap_552c94.csv,s3://lifebit-user-data-6941eed90a4dd7a1d1026d7a/deploit/teams/69d8dd1e5d3e1f8c350e006f/users/68af3d99c99eb7bd2ff47bc8/projects/69f80768ca774c668fbaaed8/jobs/69f8cdddd3d80718c05f0785/results/summary_normal_respiratory_system_Sikkema_Nat_Med_2023_ann_finest_level_X_umap_552c94.csv
summary_normal_respiratory_system_Szabo_Nat_Commun_2019_status_X_umap_bb4707.csv,s3://lifebit-user-data-6941eed90a4dd7a1d1026d7a/deploit/teams/69d8dd1e5d3e1f8c350e006f/users/68af3d99c99eb7bd2ff47bc8/projects/69f80768ca774c668fbaaed8/jobs/69f8cdddd3d80718c05f0785/results/summary_normal_respiratory_system_Szabo_Nat_Commun_2019_status_X_umap_bb4707.csv
summary_normal_respiratory_system_Travaglini_Nature_2020_free_annotation_X_tSNE_04a4fd.csv,s3://lifebit-user-data-6941eed90a4dd7a1d1026d7a/deploit/teams/69d8dd1e5d3e1f8c350e006f/users/68af3d99c99eb7bd2ff47bc8/projects/69f80768ca774c668fbaaed8/jobs/69f8cdddd3d80718c05f0785/results/summary_normal_respiratory_system_Travaglini_Nature_2020_free_annotation_X_tSNE_04a4fd.csv
summary_normal_respiratory_system_Travaglini_Nature_2020_free_annotation_X_tSNE_81a82c.csv,s3://lifebit-user-data-6941eed90a4dd7a1d1026d7a/deploit/teams/69d8dd1e5d3e1f8c350e006f/users/68af3d99c99eb7bd2ff47bc8/projects/69f80768ca774c668fbaaed8/jobs/69f8cdddd3d80718c05f0785/results/summary_normal_respiratory_system_Travaglini_Nature_2020_free_annotation_X_tSNE_81a82c.csv
summary_normal_respiratory_system_Wang_eLife_2020_author_cell_type_X_umap_c3bd89.csv,s3://lifebit-user-data-6941eed90a4dd7a1d1026d7a/deploit/teams/69d8dd1e5d3e1f8c350e006f/users/68af3d99c99eb7bd2ff47bc8/projects/69f80768ca774c668fbaaed8/jobs/69f8cdddd3d80718c05f0785/results/summary_normal_respiratory_system_Wang_eLife_2020_author_cell_type_X_umap_c3bd89.csv
summary_normal_respiratory_system_Watanabe_Am_J_Respir_Cell_Mol_Biol_2022_author_cell_type_X_umap_c7b336.csv,s3://lifebit-user-data-6941eed90a4dd7a1d1026d7a/deploit/teams/69d8dd1e5d3e1f8c350e006f/users/68af3d99c99eb7bd2ff47bc8/projects/69f80768ca774c668fbaaed8/jobs/69f8cdddd3d80718c05f0785/results/summary_normal_respiratory_system_Watanabe_Am_J_Respir_Cell_Mol_Biol_2022_author_cell_type_X_umap_c7b336.csv
summary_normal_respiratory_system_Wells_Nat_Immunol_2025_author_cell_type_X_umap_74e9e1.csv,s3://lifebit-user-data-6941eed90a4dd7a1d1026d7a/deploit/teams/69d8dd1e5d3e1f8c350e006f/users/68af3d99c99eb7bd2ff47bc8/projects/69f80768ca774c668fbaaed8/jobs/69f8cdddd3d80718c05f0785/results/summary_normal_respiratory_system_Wells_Nat_Immunol_2025_author_cell_type_X_umap_74e9e1.csv
summary_normal_respiratory_system_Wong_American_Journal_of_Transplantation_2024_GSVA_anno_labels_lowcluster_X_umap_3db111.csv,s3://lifebit-user-data-6941eed90a4dd7a1d1026d7a/deploit/teams/69d8dd1e5d3e1f8c350e006f/users/68af3d99c99eb7bd2ff47bc8/projects/69f80768ca774c668fbaaed8/jobs/69f8cdddd3d80718c05f0785/results/summary_normal_respiratory_system_Wong_American_Journal_of_Transplantation_2024_GSVA_anno_labels_lowcluster_X_umap_3db111.csv
summary_normal_respiratory_system_Xu_Cell_2023_Original_annotation_X_umap_78cea8.csv,s3://lifebit-user-data-6941eed90a4dd7a1d1026d7a/deploit/teams/69d8dd1e5d3e1f8c350e006f/users/68af3d99c99eb7bd2ff47bc8/projects/69f80768ca774c668fbaaed8/jobs/69f8cdddd3d80718c05f0785/results/summary_normal_respiratory_system_Xu_Cell_2023_Original_annotation_X_umap_78cea8.csv
summary_normal_respiratory_system_Xu_Sci_Rep_2022_author_cell_type_final_X_umap_dc2012.csv,s3://lifebit-user-data-6941eed90a4dd7a1d1026d7a/deploit/teams/69d8dd1e5d3e1f8c350e006f/users/68af3d99c99eb7bd2ff47bc8/projects/69f80768ca774c668fbaaed8/jobs/69f8cdddd3d80718c05f0785/results/summary_normal_respiratory_system_Xu_Sci_Rep_2022_author_cell_type_final_X_umap_dc2012.csv
summary_normal_respiratory_system_Xu_Sci_Rep_2022_cell_type_X_umap_81ecd6.csv,s3://lifebit-user-data-6941eed90a4dd7a1d1026d7a/deploit/teams/69d8dd1e5d3e1f8c350e006f/users/68af3d99c99eb7bd2ff47bc8/projects/69f80768ca774c668fbaaed8/jobs/69f8cdddd3d80718c05f0785/results/summary_normal_respiratory_system_Xu_Sci_Rep_2022_cell_type_X_umap_81ecd6.csv
summary_normal_respiratory_system_Yoshida_Nature_2022_Cell_type_annotation_level3_X_umap_8dc8be.csv,s3://lifebit-user-data-6941eed90a4dd7a1d1026d7a/deploit/teams/69d8dd1e5d3e1f8c350e006f/users/68af3d99c99eb7bd2ff47bc8/projects/69f80768ca774c668fbaaed8/jobs/69f8cdddd3d80718c05f0785/results/summary_normal_respiratory_system_Yoshida_Nature_2022_Cell_type_annotation_level3_X_umap_8dc8be.csv
summary_normal_respiratory_system_Ziegler_Cell_2021_Detailed_Cell_Annotations_X_umap_045011.csv,s3://lifebit-user-data-6941eed90a4dd7a1d1026d7a/deploit/teams/69d8dd1e5d3e1f8c350e006f/users/68af3d99c99eb7bd2ff47bc8/projects/69f80768ca774c668fbaaed8/jobs/69f8cdddd3d80718c05f0785/results/summary_normal_respiratory_system_Ziegler_Cell_2021_Detailed_Cell_Annotations_X_umap_045011.csv
