filename,s3_path
2D_projection_skin_of_body_Cheng_Cell_Reports_2018_Re-annotation_X_umap_hm_adafa7.html,s3://lifebit-user-data-6941eed90a4dd7a1d1026d7a/deploit/teams/69d8dd1e5d3e1f8c350e006f/users/68af3d99c99eb7bd2ff47bc8/projects/69f80768ca774c668fbaaed8/jobs/6a22c7a80859d97fbe7b6c88/results/2D_projection_skin_of_body_Cheng_Cell_Reports_2018_Re-annotation_X_umap_hm_adafa7.html
2D_projection_skin_of_body_Cheng_Cell_Reports_2018_Re-annotation_X_umap_hm_adafa7.svg,s3://lifebit-user-data-6941eed90a4dd7a1d1026d7a/deploit/teams/69d8dd1e5d3e1f8c350e006f/users/68af3d99c99eb7bd2ff47bc8/projects/69f80768ca774c668fbaaed8/jobs/6a22c7a80859d97fbe7b6c88/results/2D_projection_skin_of_body_Cheng_Cell_Reports_2018_Re-annotation_X_umap_hm_adafa7.svg
2D_projection_skin_of_body_Eraslan_Science_2022_Broad_cell_type_X_umap_f44b0f.html,s3://lifebit-user-data-6941eed90a4dd7a1d1026d7a/deploit/teams/69d8dd1e5d3e1f8c350e006f/users/68af3d99c99eb7bd2ff47bc8/projects/69f80768ca774c668fbaaed8/jobs/6a22c7a80859d97fbe7b6c88/results/2D_projection_skin_of_body_Eraslan_Science_2022_Broad_cell_type_X_umap_f44b0f.html
2D_projection_skin_of_body_Eraslan_Science_2022_Broad_cell_type_X_umap_f44b0f.svg,s3://lifebit-user-data-6941eed90a4dd7a1d1026d7a/deploit/teams/69d8dd1e5d3e1f8c350e006f/users/68af3d99c99eb7bd2ff47bc8/projects/69f80768ca774c668fbaaed8/jobs/6a22c7a80859d97fbe7b6c88/results/2D_projection_skin_of_body_Eraslan_Science_2022_Broad_cell_type_X_umap_f44b0f.svg
2D_projection_skin_of_body_Gao_Cell_Death_Dis_2021_CellTypes_X_umap_892850.html,s3://lifebit-user-data-6941eed90a4dd7a1d1026d7a/deploit/teams/69d8dd1e5d3e1f8c350e006f/users/68af3d99c99eb7bd2ff47bc8/projects/69f80768ca774c668fbaaed8/jobs/6a22c7a80859d97fbe7b6c88/results/2D_projection_skin_of_body_Gao_Cell_Death_Dis_2021_CellTypes_X_umap_892850.html
2D_projection_skin_of_body_Gao_Cell_Death_Dis_2021_CellTypes_X_umap_892850.svg,s3://lifebit-user-data-6941eed90a4dd7a1d1026d7a/deploit/teams/69d8dd1e5d3e1f8c350e006f/users/68af3d99c99eb7bd2ff47bc8/projects/69f80768ca774c668fbaaed8/jobs/6a22c7a80859d97fbe7b6c88/results/2D_projection_skin_of_body_Gao_Cell_Death_Dis_2021_CellTypes_X_umap_892850.svg
2D_projection_skin_of_body_Reynolds_Science_2021_full_clustering_X_umap_05d19d.html,s3://lifebit-user-data-6941eed90a4dd7a1d1026d7a/deploit/teams/69d8dd1e5d3e1f8c350e006f/users/68af3d99c99eb7bd2ff47bc8/projects/69f80768ca774c668fbaaed8/jobs/6a22c7a80859d97fbe7b6c88/results/2D_projection_skin_of_body_Reynolds_Science_2021_full_clustering_X_umap_05d19d.html
2D_projection_skin_of_body_Reynolds_Science_2021_full_clustering_X_umap_05d19d.svg,s3://lifebit-user-data-6941eed90a4dd7a1d1026d7a/deploit/teams/69d8dd1e5d3e1f8c350e006f/users/68af3d99c99eb7bd2ff47bc8/projects/69f80768ca774c668fbaaed8/jobs/6a22c7a80859d97fbe7b6c88/results/2D_projection_skin_of_body_Reynolds_Science_2021_full_clustering_X_umap_05d19d.svg
2D_projection_skin_of_body_Sole-Boldo_Commun_Biol_2020_Celltype_X_umap_7d9c31.html,s3://lifebit-user-data-6941eed90a4dd7a1d1026d7a/deploit/teams/69d8dd1e5d3e1f8c350e006f/users/68af3d99c99eb7bd2ff47bc8/projects/69f80768ca774c668fbaaed8/jobs/6a22c7a80859d97fbe7b6c88/results/2D_projection_skin_of_body_Sole-Boldo_Commun_Biol_2020_Celltype_X_umap_7d9c31.html
2D_projection_skin_of_body_Sole-Boldo_Commun_Biol_2020_Celltype_X_umap_7d9c31.svg,s3://lifebit-user-data-6941eed90a4dd7a1d1026d7a/deploit/teams/69d8dd1e5d3e1f8c350e006f/users/68af3d99c99eb7bd2ff47bc8/projects/69f80768ca774c668fbaaed8/jobs/6a22c7a80859d97fbe7b6c88/results/2D_projection_skin_of_body_Sole-Boldo_Commun_Biol_2020_Celltype_X_umap_7d9c31.svg
2D_projection_skin_of_body_Wells_Nat_Immunol_2025_author_cell_type_X_umap_74e9e1.html,s3://lifebit-user-data-6941eed90a4dd7a1d1026d7a/deploit/teams/69d8dd1e5d3e1f8c350e006f/users/68af3d99c99eb7bd2ff47bc8/projects/69f80768ca774c668fbaaed8/jobs/6a22c7a80859d97fbe7b6c88/results/2D_projection_skin_of_body_Wells_Nat_Immunol_2025_author_cell_type_X_umap_74e9e1.html
2D_projection_skin_of_body_Wells_Nat_Immunol_2025_author_cell_type_X_umap_74e9e1.svg,s3://lifebit-user-data-6941eed90a4dd7a1d1026d7a/deploit/teams/69d8dd1e5d3e1f8c350e006f/users/68af3d99c99eb7bd2ff47bc8/projects/69f80768ca774c668fbaaed8/jobs/6a22c7a80859d97fbe7b6c88/results/2D_projection_skin_of_body_Wells_Nat_Immunol_2025_author_cell_type_X_umap_74e9e1.svg
2D_projection_skin_of_body_Wiedemann_Cell_Reports_2023_author_cell_type_X_tsne_e60c65.html,s3://lifebit-user-data-6941eed90a4dd7a1d1026d7a/deploit/teams/69d8dd1e5d3e1f8c350e006f/users/68af3d99c99eb7bd2ff47bc8/projects/69f80768ca774c668fbaaed8/jobs/6a22c7a80859d97fbe7b6c88/results/2D_projection_skin_of_body_Wiedemann_Cell_Reports_2023_author_cell_type_X_tsne_e60c65.html
2D_projection_skin_of_body_Wiedemann_Cell_Reports_2023_author_cell_type_X_tsne_e60c65.svg,s3://lifebit-user-data-6941eed90a4dd7a1d1026d7a/deploit/teams/69d8dd1e5d3e1f8c350e006f/users/68af3d99c99eb7bd2ff47bc8/projects/69f80768ca774c668fbaaed8/jobs/6a22c7a80859d97fbe7b6c88/results/2D_projection_skin_of_body_Wiedemann_Cell_Reports_2023_author_cell_type_X_tsne_e60c65.svg
adata_filtered_skin_of_body_Cheng_Cell_Reports_2018_Re-annotation_X_umap_hm_adafa7.h5ad,s3://lifebit-user-data-6941eed90a4dd7a1d1026d7a/deploit/teams/69d8dd1e5d3e1f8c350e006f/users/68af3d99c99eb7bd2ff47bc8/projects/69f80768ca774c668fbaaed8/jobs/6a22c7a80859d97fbe7b6c88/results/adata_filtered_skin_of_body_Cheng_Cell_Reports_2018_Re-annotation_X_umap_hm_adafa7.h5ad
adata_filtered_skin_of_body_Eraslan_Science_2022_Broad_cell_type_X_umap_f44b0f.h5ad,s3://lifebit-user-data-6941eed90a4dd7a1d1026d7a/deploit/teams/69d8dd1e5d3e1f8c350e006f/users/68af3d99c99eb7bd2ff47bc8/projects/69f80768ca774c668fbaaed8/jobs/6a22c7a80859d97fbe7b6c88/results/adata_filtered_skin_of_body_Eraslan_Science_2022_Broad_cell_type_X_umap_f44b0f.h5ad
adata_filtered_skin_of_body_Gao_Cell_Death_Dis_2021_CellTypes_X_umap_892850.h5ad,s3://lifebit-user-data-6941eed90a4dd7a1d1026d7a/deploit/teams/69d8dd1e5d3e1f8c350e006f/users/68af3d99c99eb7bd2ff47bc8/projects/69f80768ca774c668fbaaed8/jobs/6a22c7a80859d97fbe7b6c88/results/adata_filtered_skin_of_body_Gao_Cell_Death_Dis_2021_CellTypes_X_umap_892850.h5ad
adata_filtered_skin_of_body_Reynolds_Science_2021_full_clustering_X_umap_05d19d.h5ad,s3://lifebit-user-data-6941eed90a4dd7a1d1026d7a/deploit/teams/69d8dd1e5d3e1f8c350e006f/users/68af3d99c99eb7bd2ff47bc8/projects/69f80768ca774c668fbaaed8/jobs/6a22c7a80859d97fbe7b6c88/results/adata_filtered_skin_of_body_Reynolds_Science_2021_full_clustering_X_umap_05d19d.h5ad
adata_filtered_skin_of_body_Sole-Boldo_Commun_Biol_2020_Celltype_X_umap_7d9c31.h5ad,s3://lifebit-user-data-6941eed90a4dd7a1d1026d7a/deploit/teams/69d8dd1e5d3e1f8c350e006f/users/68af3d99c99eb7bd2ff47bc8/projects/69f80768ca774c668fbaaed8/jobs/6a22c7a80859d97fbe7b6c88/results/adata_filtered_skin_of_body_Sole-Boldo_Commun_Biol_2020_Celltype_X_umap_7d9c31.h5ad
adata_filtered_skin_of_body_Wells_Nat_Immunol_2025_author_cell_type_X_umap_74e9e1.h5ad,s3://lifebit-user-data-6941eed90a4dd7a1d1026d7a/deploit/teams/69d8dd1e5d3e1f8c350e006f/users/68af3d99c99eb7bd2ff47bc8/projects/69f80768ca774c668fbaaed8/jobs/6a22c7a80859d97fbe7b6c88/results/adata_filtered_skin_of_body_Wells_Nat_Immunol_2025_author_cell_type_X_umap_74e9e1.h5ad
adata_filtered_skin_of_body_Wiedemann_Cell_Reports_2023_author_cell_type_X_tsne_e60c65.h5ad,s3://lifebit-user-data-6941eed90a4dd7a1d1026d7a/deploit/teams/69d8dd1e5d3e1f8c350e006f/users/68af3d99c99eb7bd2ff47bc8/projects/69f80768ca774c668fbaaed8/jobs/6a22c7a80859d97fbe7b6c88/results/adata_filtered_skin_of_body_Wiedemann_Cell_Reports_2023_author_cell_type_X_tsne_e60c65.h5ad
annotation_skin_of_body_Cheng_Cell_Reports_2018_Re-annotation_X_umap_hm_adafa7.json,s3://lifebit-user-data-6941eed90a4dd7a1d1026d7a/deploit/teams/69d8dd1e5d3e1f8c350e006f/users/68af3d99c99eb7bd2ff47bc8/projects/69f80768ca774c668fbaaed8/jobs/6a22c7a80859d97fbe7b6c88/results/annotation_skin_of_body_Cheng_Cell_Reports_2018_Re-annotation_X_umap_hm_adafa7.json
annotation_skin_of_body_Eraslan_Science_2022_Broad_cell_type_X_umap_f44b0f.json,s3://lifebit-user-data-6941eed90a4dd7a1d1026d7a/deploit/teams/69d8dd1e5d3e1f8c350e006f/users/68af3d99c99eb7bd2ff47bc8/projects/69f80768ca774c668fbaaed8/jobs/6a22c7a80859d97fbe7b6c88/results/annotation_skin_of_body_Eraslan_Science_2022_Broad_cell_type_X_umap_f44b0f.json
annotation_skin_of_body_Gao_Cell_Death_Dis_2021_CellTypes_X_umap_892850.json,s3://lifebit-user-data-6941eed90a4dd7a1d1026d7a/deploit/teams/69d8dd1e5d3e1f8c350e006f/users/68af3d99c99eb7bd2ff47bc8/projects/69f80768ca774c668fbaaed8/jobs/6a22c7a80859d97fbe7b6c88/results/annotation_skin_of_body_Gao_Cell_Death_Dis_2021_CellTypes_X_umap_892850.json
annotation_skin_of_body_Reynolds_Science_2021_full_clustering_X_umap_05d19d.json,s3://lifebit-user-data-6941eed90a4dd7a1d1026d7a/deploit/teams/69d8dd1e5d3e1f8c350e006f/users/68af3d99c99eb7bd2ff47bc8/projects/69f80768ca774c668fbaaed8/jobs/6a22c7a80859d97fbe7b6c88/results/annotation_skin_of_body_Reynolds_Science_2021_full_clustering_X_umap_05d19d.json
annotation_skin_of_body_Sole-Boldo_Commun_Biol_2020_Celltype_X_umap_7d9c31.json,s3://lifebit-user-data-6941eed90a4dd7a1d1026d7a/deploit/teams/69d8dd1e5d3e1f8c350e006f/users/68af3d99c99eb7bd2ff47bc8/projects/69f80768ca774c668fbaaed8/jobs/6a22c7a80859d97fbe7b6c88/results/annotation_skin_of_body_Sole-Boldo_Commun_Biol_2020_Celltype_X_umap_7d9c31.json
annotation_skin_of_body_Wells_Nat_Immunol_2025_author_cell_type_X_umap_74e9e1.json,s3://lifebit-user-data-6941eed90a4dd7a1d1026d7a/deploit/teams/69d8dd1e5d3e1f8c350e006f/users/68af3d99c99eb7bd2ff47bc8/projects/69f80768ca774c668fbaaed8/jobs/6a22c7a80859d97fbe7b6c88/results/annotation_skin_of_body_Wells_Nat_Immunol_2025_author_cell_type_X_umap_74e9e1.json
annotation_skin_of_body_Wiedemann_Cell_Reports_2023_author_cell_type_X_tsne_e60c65.json,s3://lifebit-user-data-6941eed90a4dd7a1d1026d7a/deploit/teams/69d8dd1e5d3e1f8c350e006f/users/68af3d99c99eb7bd2ff47bc8/projects/69f80768ca774c668fbaaed8/jobs/6a22c7a80859d97fbe7b6c88/results/annotation_skin_of_body_Wiedemann_Cell_Reports_2023_author_cell_type_X_tsne_e60c65.json
binary_scores_ensg_skin_of_body_Cheng_Cell_Reports_2018_Re-annotation_X_umap_hm_adafa7.csv,s3://lifebit-user-data-6941eed90a4dd7a1d1026d7a/deploit/teams/69d8dd1e5d3e1f8c350e006f/users/68af3d99c99eb7bd2ff47bc8/projects/69f80768ca774c668fbaaed8/jobs/6a22c7a80859d97fbe7b6c88/results/binary_scores_ensg_skin_of_body_Cheng_Cell_Reports_2018_Re-annotation_X_umap_hm_adafa7.csv
binary_scores_ensg_skin_of_body_Cheng_Cell_Reports_2018_Re-annotation_X_umap_hm_adafa7.pkl,s3://lifebit-user-data-6941eed90a4dd7a1d1026d7a/deploit/teams/69d8dd1e5d3e1f8c350e006f/users/68af3d99c99eb7bd2ff47bc8/projects/69f80768ca774c668fbaaed8/jobs/6a22c7a80859d97fbe7b6c88/results/binary_scores_ensg_skin_of_body_Cheng_Cell_Reports_2018_Re-annotation_X_umap_hm_adafa7.pkl
binary_scores_ensg_skin_of_body_Eraslan_Science_2022_Broad_cell_type_X_umap_f44b0f.csv,s3://lifebit-user-data-6941eed90a4dd7a1d1026d7a/deploit/teams/69d8dd1e5d3e1f8c350e006f/users/68af3d99c99eb7bd2ff47bc8/projects/69f80768ca774c668fbaaed8/jobs/6a22c7a80859d97fbe7b6c88/results/binary_scores_ensg_skin_of_body_Eraslan_Science_2022_Broad_cell_type_X_umap_f44b0f.csv
binary_scores_ensg_skin_of_body_Eraslan_Science_2022_Broad_cell_type_X_umap_f44b0f.pkl,s3://lifebit-user-data-6941eed90a4dd7a1d1026d7a/deploit/teams/69d8dd1e5d3e1f8c350e006f/users/68af3d99c99eb7bd2ff47bc8/projects/69f80768ca774c668fbaaed8/jobs/6a22c7a80859d97fbe7b6c88/results/binary_scores_ensg_skin_of_body_Eraslan_Science_2022_Broad_cell_type_X_umap_f44b0f.pkl
binary_scores_ensg_skin_of_body_Gao_Cell_Death_Dis_2021_CellTypes_X_umap_892850.csv,s3://lifebit-user-data-6941eed90a4dd7a1d1026d7a/deploit/teams/69d8dd1e5d3e1f8c350e006f/users/68af3d99c99eb7bd2ff47bc8/projects/69f80768ca774c668fbaaed8/jobs/6a22c7a80859d97fbe7b6c88/results/binary_scores_ensg_skin_of_body_Gao_Cell_Death_Dis_2021_CellTypes_X_umap_892850.csv
binary_scores_ensg_skin_of_body_Gao_Cell_Death_Dis_2021_CellTypes_X_umap_892850.pkl,s3://lifebit-user-data-6941eed90a4dd7a1d1026d7a/deploit/teams/69d8dd1e5d3e1f8c350e006f/users/68af3d99c99eb7bd2ff47bc8/projects/69f80768ca774c668fbaaed8/jobs/6a22c7a80859d97fbe7b6c88/results/binary_scores_ensg_skin_of_body_Gao_Cell_Death_Dis_2021_CellTypes_X_umap_892850.pkl
binary_scores_ensg_skin_of_body_Reynolds_Science_2021_full_clustering_X_umap_05d19d.csv,s3://lifebit-user-data-6941eed90a4dd7a1d1026d7a/deploit/teams/69d8dd1e5d3e1f8c350e006f/users/68af3d99c99eb7bd2ff47bc8/projects/69f80768ca774c668fbaaed8/jobs/6a22c7a80859d97fbe7b6c88/results/binary_scores_ensg_skin_of_body_Reynolds_Science_2021_full_clustering_X_umap_05d19d.csv
binary_scores_ensg_skin_of_body_Reynolds_Science_2021_full_clustering_X_umap_05d19d.pkl,s3://lifebit-user-data-6941eed90a4dd7a1d1026d7a/deploit/teams/69d8dd1e5d3e1f8c350e006f/users/68af3d99c99eb7bd2ff47bc8/projects/69f80768ca774c668fbaaed8/jobs/6a22c7a80859d97fbe7b6c88/results/binary_scores_ensg_skin_of_body_Reynolds_Science_2021_full_clustering_X_umap_05d19d.pkl
binary_scores_ensg_skin_of_body_Sole-Boldo_Commun_Biol_2020_Celltype_X_umap_7d9c31.csv,s3://lifebit-user-data-6941eed90a4dd7a1d1026d7a/deploit/teams/69d8dd1e5d3e1f8c350e006f/users/68af3d99c99eb7bd2ff47bc8/projects/69f80768ca774c668fbaaed8/jobs/6a22c7a80859d97fbe7b6c88/results/binary_scores_ensg_skin_of_body_Sole-Boldo_Commun_Biol_2020_Celltype_X_umap_7d9c31.csv
binary_scores_ensg_skin_of_body_Sole-Boldo_Commun_Biol_2020_Celltype_X_umap_7d9c31.pkl,s3://lifebit-user-data-6941eed90a4dd7a1d1026d7a/deploit/teams/69d8dd1e5d3e1f8c350e006f/users/68af3d99c99eb7bd2ff47bc8/projects/69f80768ca774c668fbaaed8/jobs/6a22c7a80859d97fbe7b6c88/results/binary_scores_ensg_skin_of_body_Sole-Boldo_Commun_Biol_2020_Celltype_X_umap_7d9c31.pkl
binary_scores_ensg_skin_of_body_Wells_Nat_Immunol_2025_author_cell_type_X_umap_74e9e1.csv,s3://lifebit-user-data-6941eed90a4dd7a1d1026d7a/deploit/teams/69d8dd1e5d3e1f8c350e006f/users/68af3d99c99eb7bd2ff47bc8/projects/69f80768ca774c668fbaaed8/jobs/6a22c7a80859d97fbe7b6c88/results/binary_scores_ensg_skin_of_body_Wells_Nat_Immunol_2025_author_cell_type_X_umap_74e9e1.csv
binary_scores_ensg_skin_of_body_Wells_Nat_Immunol_2025_author_cell_type_X_umap_74e9e1.pkl,s3://lifebit-user-data-6941eed90a4dd7a1d1026d7a/deploit/teams/69d8dd1e5d3e1f8c350e006f/users/68af3d99c99eb7bd2ff47bc8/projects/69f80768ca774c668fbaaed8/jobs/6a22c7a80859d97fbe7b6c88/results/binary_scores_ensg_skin_of_body_Wells_Nat_Immunol_2025_author_cell_type_X_umap_74e9e1.pkl
binary_scores_ensg_skin_of_body_Wiedemann_Cell_Reports_2023_author_cell_type_X_tsne_e60c65.csv,s3://lifebit-user-data-6941eed90a4dd7a1d1026d7a/deploit/teams/69d8dd1e5d3e1f8c350e006f/users/68af3d99c99eb7bd2ff47bc8/projects/69f80768ca774c668fbaaed8/jobs/6a22c7a80859d97fbe7b6c88/results/binary_scores_ensg_skin_of_body_Wiedemann_Cell_Reports_2023_author_cell_type_X_tsne_e60c65.csv
binary_scores_ensg_skin_of_body_Wiedemann_Cell_Reports_2023_author_cell_type_X_tsne_e60c65.pkl,s3://lifebit-user-data-6941eed90a4dd7a1d1026d7a/deploit/teams/69d8dd1e5d3e1f8c350e006f/users/68af3d99c99eb7bd2ff47bc8/projects/69f80768ca774c668fbaaed8/jobs/6a22c7a80859d97fbe7b6c88/results/binary_scores_ensg_skin_of_body_Wiedemann_Cell_Reports_2023_author_cell_type_X_tsne_e60c65.pkl
binary_scores_symbols_skin_of_body_Cheng_Cell_Reports_2018_Re-annotation_X_umap_hm_adafa7.csv,s3://lifebit-user-data-6941eed90a4dd7a1d1026d7a/deploit/teams/69d8dd1e5d3e1f8c350e006f/users/68af3d99c99eb7bd2ff47bc8/projects/69f80768ca774c668fbaaed8/jobs/6a22c7a80859d97fbe7b6c88/results/binary_scores_symbols_skin_of_body_Cheng_Cell_Reports_2018_Re-annotation_X_umap_hm_adafa7.csv
binary_scores_symbols_skin_of_body_Cheng_Cell_Reports_2018_Re-annotation_X_umap_hm_adafa7.pkl,s3://lifebit-user-data-6941eed90a4dd7a1d1026d7a/deploit/teams/69d8dd1e5d3e1f8c350e006f/users/68af3d99c99eb7bd2ff47bc8/projects/69f80768ca774c668fbaaed8/jobs/6a22c7a80859d97fbe7b6c88/results/binary_scores_symbols_skin_of_body_Cheng_Cell_Reports_2018_Re-annotation_X_umap_hm_adafa7.pkl
binary_scores_symbols_skin_of_body_Eraslan_Science_2022_Broad_cell_type_X_umap_f44b0f.csv,s3://lifebit-user-data-6941eed90a4dd7a1d1026d7a/deploit/teams/69d8dd1e5d3e1f8c350e006f/users/68af3d99c99eb7bd2ff47bc8/projects/69f80768ca774c668fbaaed8/jobs/6a22c7a80859d97fbe7b6c88/results/binary_scores_symbols_skin_of_body_Eraslan_Science_2022_Broad_cell_type_X_umap_f44b0f.csv
binary_scores_symbols_skin_of_body_Eraslan_Science_2022_Broad_cell_type_X_umap_f44b0f.pkl,s3://lifebit-user-data-6941eed90a4dd7a1d1026d7a/deploit/teams/69d8dd1e5d3e1f8c350e006f/users/68af3d99c99eb7bd2ff47bc8/projects/69f80768ca774c668fbaaed8/jobs/6a22c7a80859d97fbe7b6c88/results/binary_scores_symbols_skin_of_body_Eraslan_Science_2022_Broad_cell_type_X_umap_f44b0f.pkl
binary_scores_symbols_skin_of_body_Gao_Cell_Death_Dis_2021_CellTypes_X_umap_892850.csv,s3://lifebit-user-data-6941eed90a4dd7a1d1026d7a/deploit/teams/69d8dd1e5d3e1f8c350e006f/users/68af3d99c99eb7bd2ff47bc8/projects/69f80768ca774c668fbaaed8/jobs/6a22c7a80859d97fbe7b6c88/results/binary_scores_symbols_skin_of_body_Gao_Cell_Death_Dis_2021_CellTypes_X_umap_892850.csv
binary_scores_symbols_skin_of_body_Gao_Cell_Death_Dis_2021_CellTypes_X_umap_892850.pkl,s3://lifebit-user-data-6941eed90a4dd7a1d1026d7a/deploit/teams/69d8dd1e5d3e1f8c350e006f/users/68af3d99c99eb7bd2ff47bc8/projects/69f80768ca774c668fbaaed8/jobs/6a22c7a80859d97fbe7b6c88/results/binary_scores_symbols_skin_of_body_Gao_Cell_Death_Dis_2021_CellTypes_X_umap_892850.pkl
binary_scores_symbols_skin_of_body_Reynolds_Science_2021_full_clustering_X_umap_05d19d.csv,s3://lifebit-user-data-6941eed90a4dd7a1d1026d7a/deploit/teams/69d8dd1e5d3e1f8c350e006f/users/68af3d99c99eb7bd2ff47bc8/projects/69f80768ca774c668fbaaed8/jobs/6a22c7a80859d97fbe7b6c88/results/binary_scores_symbols_skin_of_body_Reynolds_Science_2021_full_clustering_X_umap_05d19d.csv
binary_scores_symbols_skin_of_body_Reynolds_Science_2021_full_clustering_X_umap_05d19d.pkl,s3://lifebit-user-data-6941eed90a4dd7a1d1026d7a/deploit/teams/69d8dd1e5d3e1f8c350e006f/users/68af3d99c99eb7bd2ff47bc8/projects/69f80768ca774c668fbaaed8/jobs/6a22c7a80859d97fbe7b6c88/results/binary_scores_symbols_skin_of_body_Reynolds_Science_2021_full_clustering_X_umap_05d19d.pkl
binary_scores_symbols_skin_of_body_Sole-Boldo_Commun_Biol_2020_Celltype_X_umap_7d9c31.csv,s3://lifebit-user-data-6941eed90a4dd7a1d1026d7a/deploit/teams/69d8dd1e5d3e1f8c350e006f/users/68af3d99c99eb7bd2ff47bc8/projects/69f80768ca774c668fbaaed8/jobs/6a22c7a80859d97fbe7b6c88/results/binary_scores_symbols_skin_of_body_Sole-Boldo_Commun_Biol_2020_Celltype_X_umap_7d9c31.csv
binary_scores_symbols_skin_of_body_Sole-Boldo_Commun_Biol_2020_Celltype_X_umap_7d9c31.pkl,s3://lifebit-user-data-6941eed90a4dd7a1d1026d7a/deploit/teams/69d8dd1e5d3e1f8c350e006f/users/68af3d99c99eb7bd2ff47bc8/projects/69f80768ca774c668fbaaed8/jobs/6a22c7a80859d97fbe7b6c88/results/binary_scores_symbols_skin_of_body_Sole-Boldo_Commun_Biol_2020_Celltype_X_umap_7d9c31.pkl
binary_scores_symbols_skin_of_body_Wells_Nat_Immunol_2025_author_cell_type_X_umap_74e9e1.csv,s3://lifebit-user-data-6941eed90a4dd7a1d1026d7a/deploit/teams/69d8dd1e5d3e1f8c350e006f/users/68af3d99c99eb7bd2ff47bc8/projects/69f80768ca774c668fbaaed8/jobs/6a22c7a80859d97fbe7b6c88/results/binary_scores_symbols_skin_of_body_Wells_Nat_Immunol_2025_author_cell_type_X_umap_74e9e1.csv
binary_scores_symbols_skin_of_body_Wells_Nat_Immunol_2025_author_cell_type_X_umap_74e9e1.pkl,s3://lifebit-user-data-6941eed90a4dd7a1d1026d7a/deploit/teams/69d8dd1e5d3e1f8c350e006f/users/68af3d99c99eb7bd2ff47bc8/projects/69f80768ca774c668fbaaed8/jobs/6a22c7a80859d97fbe7b6c88/results/binary_scores_symbols_skin_of_body_Wells_Nat_Immunol_2025_author_cell_type_X_umap_74e9e1.pkl
binary_scores_symbols_skin_of_body_Wiedemann_Cell_Reports_2023_author_cell_type_X_tsne_e60c65.csv,s3://lifebit-user-data-6941eed90a4dd7a1d1026d7a/deploit/teams/69d8dd1e5d3e1f8c350e006f/users/68af3d99c99eb7bd2ff47bc8/projects/69f80768ca774c668fbaaed8/jobs/6a22c7a80859d97fbe7b6c88/results/binary_scores_symbols_skin_of_body_Wiedemann_Cell_Reports_2023_author_cell_type_X_tsne_e60c65.csv
binary_scores_symbols_skin_of_body_Wiedemann_Cell_Reports_2023_author_cell_type_X_tsne_e60c65.pkl,s3://lifebit-user-data-6941eed90a4dd7a1d1026d7a/deploit/teams/69d8dd1e5d3e1f8c350e006f/users/68af3d99c99eb7bd2ff47bc8/projects/69f80768ca774c668fbaaed8/jobs/6a22c7a80859d97fbe7b6c88/results/binary_scores_symbols_skin_of_body_Wiedemann_Cell_Reports_2023_author_cell_type_X_tsne_e60c65.pkl
boxplot_skin_of_body_Cheng_Cell_Reports_2018_Re-annotation_X_umap_hm_adafa7_f_score.html,s3://lifebit-user-data-6941eed90a4dd7a1d1026d7a/deploit/teams/69d8dd1e5d3e1f8c350e006f/users/68af3d99c99eb7bd2ff47bc8/projects/69f80768ca774c668fbaaed8/jobs/6a22c7a80859d97fbe7b6c88/results/boxplot_skin_of_body_Cheng_Cell_Reports_2018_Re-annotation_X_umap_hm_adafa7_f_score.html
boxplot_skin_of_body_Cheng_Cell_Reports_2018_Re-annotation_X_umap_hm_adafa7_f_score.svg,s3://lifebit-user-data-6941eed90a4dd7a1d1026d7a/deploit/teams/69d8dd1e5d3e1f8c350e006f/users/68af3d99c99eb7bd2ff47bc8/projects/69f80768ca774c668fbaaed8/jobs/6a22c7a80859d97fbe7b6c88/results/boxplot_skin_of_body_Cheng_Cell_Reports_2018_Re-annotation_X_umap_hm_adafa7_f_score.svg
boxplot_skin_of_body_Cheng_Cell_Reports_2018_Re-annotation_X_umap_hm_adafa7_onTarget.html,s3://lifebit-user-data-6941eed90a4dd7a1d1026d7a/deploit/teams/69d8dd1e5d3e1f8c350e006f/users/68af3d99c99eb7bd2ff47bc8/projects/69f80768ca774c668fbaaed8/jobs/6a22c7a80859d97fbe7b6c88/results/boxplot_skin_of_body_Cheng_Cell_Reports_2018_Re-annotation_X_umap_hm_adafa7_onTarget.html
boxplot_skin_of_body_Cheng_Cell_Reports_2018_Re-annotation_X_umap_hm_adafa7_onTarget.svg,s3://lifebit-user-data-6941eed90a4dd7a1d1026d7a/deploit/teams/69d8dd1e5d3e1f8c350e006f/users/68af3d99c99eb7bd2ff47bc8/projects/69f80768ca774c668fbaaed8/jobs/6a22c7a80859d97fbe7b6c88/results/boxplot_skin_of_body_Cheng_Cell_Reports_2018_Re-annotation_X_umap_hm_adafa7_onTarget.svg
boxplot_skin_of_body_Cheng_Cell_Reports_2018_Re-annotation_X_umap_hm_adafa7_precision.html,s3://lifebit-user-data-6941eed90a4dd7a1d1026d7a/deploit/teams/69d8dd1e5d3e1f8c350e006f/users/68af3d99c99eb7bd2ff47bc8/projects/69f80768ca774c668fbaaed8/jobs/6a22c7a80859d97fbe7b6c88/results/boxplot_skin_of_body_Cheng_Cell_Reports_2018_Re-annotation_X_umap_hm_adafa7_precision.html
boxplot_skin_of_body_Cheng_Cell_Reports_2018_Re-annotation_X_umap_hm_adafa7_precision.svg,s3://lifebit-user-data-6941eed90a4dd7a1d1026d7a/deploit/teams/69d8dd1e5d3e1f8c350e006f/users/68af3d99c99eb7bd2ff47bc8/projects/69f80768ca774c668fbaaed8/jobs/6a22c7a80859d97fbe7b6c88/results/boxplot_skin_of_body_Cheng_Cell_Reports_2018_Re-annotation_X_umap_hm_adafa7_precision.svg
boxplot_skin_of_body_Cheng_Cell_Reports_2018_Re-annotation_X_umap_hm_adafa7_recall.html,s3://lifebit-user-data-6941eed90a4dd7a1d1026d7a/deploit/teams/69d8dd1e5d3e1f8c350e006f/users/68af3d99c99eb7bd2ff47bc8/projects/69f80768ca774c668fbaaed8/jobs/6a22c7a80859d97fbe7b6c88/results/boxplot_skin_of_body_Cheng_Cell_Reports_2018_Re-annotation_X_umap_hm_adafa7_recall.html
boxplot_skin_of_body_Cheng_Cell_Reports_2018_Re-annotation_X_umap_hm_adafa7_recall.svg,s3://lifebit-user-data-6941eed90a4dd7a1d1026d7a/deploit/teams/69d8dd1e5d3e1f8c350e006f/users/68af3d99c99eb7bd2ff47bc8/projects/69f80768ca774c668fbaaed8/jobs/6a22c7a80859d97fbe7b6c88/results/boxplot_skin_of_body_Cheng_Cell_Reports_2018_Re-annotation_X_umap_hm_adafa7_recall.svg
boxplot_skin_of_body_Eraslan_Science_2022_Broad_cell_type_X_umap_f44b0f_f_score.html,s3://lifebit-user-data-6941eed90a4dd7a1d1026d7a/deploit/teams/69d8dd1e5d3e1f8c350e006f/users/68af3d99c99eb7bd2ff47bc8/projects/69f80768ca774c668fbaaed8/jobs/6a22c7a80859d97fbe7b6c88/results/boxplot_skin_of_body_Eraslan_Science_2022_Broad_cell_type_X_umap_f44b0f_f_score.html
boxplot_skin_of_body_Eraslan_Science_2022_Broad_cell_type_X_umap_f44b0f_f_score.svg,s3://lifebit-user-data-6941eed90a4dd7a1d1026d7a/deploit/teams/69d8dd1e5d3e1f8c350e006f/users/68af3d99c99eb7bd2ff47bc8/projects/69f80768ca774c668fbaaed8/jobs/6a22c7a80859d97fbe7b6c88/results/boxplot_skin_of_body_Eraslan_Science_2022_Broad_cell_type_X_umap_f44b0f_f_score.svg
boxplot_skin_of_body_Eraslan_Science_2022_Broad_cell_type_X_umap_f44b0f_onTarget.html,s3://lifebit-user-data-6941eed90a4dd7a1d1026d7a/deploit/teams/69d8dd1e5d3e1f8c350e006f/users/68af3d99c99eb7bd2ff47bc8/projects/69f80768ca774c668fbaaed8/jobs/6a22c7a80859d97fbe7b6c88/results/boxplot_skin_of_body_Eraslan_Science_2022_Broad_cell_type_X_umap_f44b0f_onTarget.html
boxplot_skin_of_body_Eraslan_Science_2022_Broad_cell_type_X_umap_f44b0f_onTarget.svg,s3://lifebit-user-data-6941eed90a4dd7a1d1026d7a/deploit/teams/69d8dd1e5d3e1f8c350e006f/users/68af3d99c99eb7bd2ff47bc8/projects/69f80768ca774c668fbaaed8/jobs/6a22c7a80859d97fbe7b6c88/results/boxplot_skin_of_body_Eraslan_Science_2022_Broad_cell_type_X_umap_f44b0f_onTarget.svg
boxplot_skin_of_body_Eraslan_Science_2022_Broad_cell_type_X_umap_f44b0f_precision.html,s3://lifebit-user-data-6941eed90a4dd7a1d1026d7a/deploit/teams/69d8dd1e5d3e1f8c350e006f/users/68af3d99c99eb7bd2ff47bc8/projects/69f80768ca774c668fbaaed8/jobs/6a22c7a80859d97fbe7b6c88/results/boxplot_skin_of_body_Eraslan_Science_2022_Broad_cell_type_X_umap_f44b0f_precision.html
boxplot_skin_of_body_Eraslan_Science_2022_Broad_cell_type_X_umap_f44b0f_precision.svg,s3://lifebit-user-data-6941eed90a4dd7a1d1026d7a/deploit/teams/69d8dd1e5d3e1f8c350e006f/users/68af3d99c99eb7bd2ff47bc8/projects/69f80768ca774c668fbaaed8/jobs/6a22c7a80859d97fbe7b6c88/results/boxplot_skin_of_body_Eraslan_Science_2022_Broad_cell_type_X_umap_f44b0f_precision.svg
boxplot_skin_of_body_Eraslan_Science_2022_Broad_cell_type_X_umap_f44b0f_recall.html,s3://lifebit-user-data-6941eed90a4dd7a1d1026d7a/deploit/teams/69d8dd1e5d3e1f8c350e006f/users/68af3d99c99eb7bd2ff47bc8/projects/69f80768ca774c668fbaaed8/jobs/6a22c7a80859d97fbe7b6c88/results/boxplot_skin_of_body_Eraslan_Science_2022_Broad_cell_type_X_umap_f44b0f_recall.html
boxplot_skin_of_body_Eraslan_Science_2022_Broad_cell_type_X_umap_f44b0f_recall.svg,s3://lifebit-user-data-6941eed90a4dd7a1d1026d7a/deploit/teams/69d8dd1e5d3e1f8c350e006f/users/68af3d99c99eb7bd2ff47bc8/projects/69f80768ca774c668fbaaed8/jobs/6a22c7a80859d97fbe7b6c88/results/boxplot_skin_of_body_Eraslan_Science_2022_Broad_cell_type_X_umap_f44b0f_recall.svg
boxplot_skin_of_body_Gao_Cell_Death_Dis_2021_CellTypes_X_umap_892850_f_score.html,s3://lifebit-user-data-6941eed90a4dd7a1d1026d7a/deploit/teams/69d8dd1e5d3e1f8c350e006f/users/68af3d99c99eb7bd2ff47bc8/projects/69f80768ca774c668fbaaed8/jobs/6a22c7a80859d97fbe7b6c88/results/boxplot_skin_of_body_Gao_Cell_Death_Dis_2021_CellTypes_X_umap_892850_f_score.html
boxplot_skin_of_body_Gao_Cell_Death_Dis_2021_CellTypes_X_umap_892850_f_score.svg,s3://lifebit-user-data-6941eed90a4dd7a1d1026d7a/deploit/teams/69d8dd1e5d3e1f8c350e006f/users/68af3d99c99eb7bd2ff47bc8/projects/69f80768ca774c668fbaaed8/jobs/6a22c7a80859d97fbe7b6c88/results/boxplot_skin_of_body_Gao_Cell_Death_Dis_2021_CellTypes_X_umap_892850_f_score.svg
boxplot_skin_of_body_Gao_Cell_Death_Dis_2021_CellTypes_X_umap_892850_onTarget.html,s3://lifebit-user-data-6941eed90a4dd7a1d1026d7a/deploit/teams/69d8dd1e5d3e1f8c350e006f/users/68af3d99c99eb7bd2ff47bc8/projects/69f80768ca774c668fbaaed8/jobs/6a22c7a80859d97fbe7b6c88/results/boxplot_skin_of_body_Gao_Cell_Death_Dis_2021_CellTypes_X_umap_892850_onTarget.html
boxplot_skin_of_body_Gao_Cell_Death_Dis_2021_CellTypes_X_umap_892850_onTarget.svg,s3://lifebit-user-data-6941eed90a4dd7a1d1026d7a/deploit/teams/69d8dd1e5d3e1f8c350e006f/users/68af3d99c99eb7bd2ff47bc8/projects/69f80768ca774c668fbaaed8/jobs/6a22c7a80859d97fbe7b6c88/results/boxplot_skin_of_body_Gao_Cell_Death_Dis_2021_CellTypes_X_umap_892850_onTarget.svg
boxplot_skin_of_body_Gao_Cell_Death_Dis_2021_CellTypes_X_umap_892850_precision.html,s3://lifebit-user-data-6941eed90a4dd7a1d1026d7a/deploit/teams/69d8dd1e5d3e1f8c350e006f/users/68af3d99c99eb7bd2ff47bc8/projects/69f80768ca774c668fbaaed8/jobs/6a22c7a80859d97fbe7b6c88/results/boxplot_skin_of_body_Gao_Cell_Death_Dis_2021_CellTypes_X_umap_892850_precision.html
boxplot_skin_of_body_Gao_Cell_Death_Dis_2021_CellTypes_X_umap_892850_precision.svg,s3://lifebit-user-data-6941eed90a4dd7a1d1026d7a/deploit/teams/69d8dd1e5d3e1f8c350e006f/users/68af3d99c99eb7bd2ff47bc8/projects/69f80768ca774c668fbaaed8/jobs/6a22c7a80859d97fbe7b6c88/results/boxplot_skin_of_body_Gao_Cell_Death_Dis_2021_CellTypes_X_umap_892850_precision.svg
boxplot_skin_of_body_Gao_Cell_Death_Dis_2021_CellTypes_X_umap_892850_recall.html,s3://lifebit-user-data-6941eed90a4dd7a1d1026d7a/deploit/teams/69d8dd1e5d3e1f8c350e006f/users/68af3d99c99eb7bd2ff47bc8/projects/69f80768ca774c668fbaaed8/jobs/6a22c7a80859d97fbe7b6c88/results/boxplot_skin_of_body_Gao_Cell_Death_Dis_2021_CellTypes_X_umap_892850_recall.html
boxplot_skin_of_body_Gao_Cell_Death_Dis_2021_CellTypes_X_umap_892850_recall.svg,s3://lifebit-user-data-6941eed90a4dd7a1d1026d7a/deploit/teams/69d8dd1e5d3e1f8c350e006f/users/68af3d99c99eb7bd2ff47bc8/projects/69f80768ca774c668fbaaed8/jobs/6a22c7a80859d97fbe7b6c88/results/boxplot_skin_of_body_Gao_Cell_Death_Dis_2021_CellTypes_X_umap_892850_recall.svg
boxplot_skin_of_body_Reynolds_Science_2021_full_clustering_X_umap_05d19d_f_score.html,s3://lifebit-user-data-6941eed90a4dd7a1d1026d7a/deploit/teams/69d8dd1e5d3e1f8c350e006f/users/68af3d99c99eb7bd2ff47bc8/projects/69f80768ca774c668fbaaed8/jobs/6a22c7a80859d97fbe7b6c88/results/boxplot_skin_of_body_Reynolds_Science_2021_full_clustering_X_umap_05d19d_f_score.html
boxplot_skin_of_body_Reynolds_Science_2021_full_clustering_X_umap_05d19d_f_score.svg,s3://lifebit-user-data-6941eed90a4dd7a1d1026d7a/deploit/teams/69d8dd1e5d3e1f8c350e006f/users/68af3d99c99eb7bd2ff47bc8/projects/69f80768ca774c668fbaaed8/jobs/6a22c7a80859d97fbe7b6c88/results/boxplot_skin_of_body_Reynolds_Science_2021_full_clustering_X_umap_05d19d_f_score.svg
boxplot_skin_of_body_Reynolds_Science_2021_full_clustering_X_umap_05d19d_onTarget.html,s3://lifebit-user-data-6941eed90a4dd7a1d1026d7a/deploit/teams/69d8dd1e5d3e1f8c350e006f/users/68af3d99c99eb7bd2ff47bc8/projects/69f80768ca774c668fbaaed8/jobs/6a22c7a80859d97fbe7b6c88/results/boxplot_skin_of_body_Reynolds_Science_2021_full_clustering_X_umap_05d19d_onTarget.html
boxplot_skin_of_body_Reynolds_Science_2021_full_clustering_X_umap_05d19d_onTarget.svg,s3://lifebit-user-data-6941eed90a4dd7a1d1026d7a/deploit/teams/69d8dd1e5d3e1f8c350e006f/users/68af3d99c99eb7bd2ff47bc8/projects/69f80768ca774c668fbaaed8/jobs/6a22c7a80859d97fbe7b6c88/results/boxplot_skin_of_body_Reynolds_Science_2021_full_clustering_X_umap_05d19d_onTarget.svg
boxplot_skin_of_body_Reynolds_Science_2021_full_clustering_X_umap_05d19d_precision.html,s3://lifebit-user-data-6941eed90a4dd7a1d1026d7a/deploit/teams/69d8dd1e5d3e1f8c350e006f/users/68af3d99c99eb7bd2ff47bc8/projects/69f80768ca774c668fbaaed8/jobs/6a22c7a80859d97fbe7b6c88/results/boxplot_skin_of_body_Reynolds_Science_2021_full_clustering_X_umap_05d19d_precision.html
boxplot_skin_of_body_Reynolds_Science_2021_full_clustering_X_umap_05d19d_precision.svg,s3://lifebit-user-data-6941eed90a4dd7a1d1026d7a/deploit/teams/69d8dd1e5d3e1f8c350e006f/users/68af3d99c99eb7bd2ff47bc8/projects/69f80768ca774c668fbaaed8/jobs/6a22c7a80859d97fbe7b6c88/results/boxplot_skin_of_body_Reynolds_Science_2021_full_clustering_X_umap_05d19d_precision.svg
boxplot_skin_of_body_Reynolds_Science_2021_full_clustering_X_umap_05d19d_recall.html,s3://lifebit-user-data-6941eed90a4dd7a1d1026d7a/deploit/teams/69d8dd1e5d3e1f8c350e006f/users/68af3d99c99eb7bd2ff47bc8/projects/69f80768ca774c668fbaaed8/jobs/6a22c7a80859d97fbe7b6c88/results/boxplot_skin_of_body_Reynolds_Science_2021_full_clustering_X_umap_05d19d_recall.html
boxplot_skin_of_body_Reynolds_Science_2021_full_clustering_X_umap_05d19d_recall.svg,s3://lifebit-user-data-6941eed90a4dd7a1d1026d7a/deploit/teams/69d8dd1e5d3e1f8c350e006f/users/68af3d99c99eb7bd2ff47bc8/projects/69f80768ca774c668fbaaed8/jobs/6a22c7a80859d97fbe7b6c88/results/boxplot_skin_of_body_Reynolds_Science_2021_full_clustering_X_umap_05d19d_recall.svg
boxplot_skin_of_body_Sole-Boldo_Commun_Biol_2020_Celltype_X_umap_7d9c31_f_score.html,s3://lifebit-user-data-6941eed90a4dd7a1d1026d7a/deploit/teams/69d8dd1e5d3e1f8c350e006f/users/68af3d99c99eb7bd2ff47bc8/projects/69f80768ca774c668fbaaed8/jobs/6a22c7a80859d97fbe7b6c88/results/boxplot_skin_of_body_Sole-Boldo_Commun_Biol_2020_Celltype_X_umap_7d9c31_f_score.html
boxplot_skin_of_body_Sole-Boldo_Commun_Biol_2020_Celltype_X_umap_7d9c31_f_score.svg,s3://lifebit-user-data-6941eed90a4dd7a1d1026d7a/deploit/teams/69d8dd1e5d3e1f8c350e006f/users/68af3d99c99eb7bd2ff47bc8/projects/69f80768ca774c668fbaaed8/jobs/6a22c7a80859d97fbe7b6c88/results/boxplot_skin_of_body_Sole-Boldo_Commun_Biol_2020_Celltype_X_umap_7d9c31_f_score.svg
boxplot_skin_of_body_Sole-Boldo_Commun_Biol_2020_Celltype_X_umap_7d9c31_onTarget.html,s3://lifebit-user-data-6941eed90a4dd7a1d1026d7a/deploit/teams/69d8dd1e5d3e1f8c350e006f/users/68af3d99c99eb7bd2ff47bc8/projects/69f80768ca774c668fbaaed8/jobs/6a22c7a80859d97fbe7b6c88/results/boxplot_skin_of_body_Sole-Boldo_Commun_Biol_2020_Celltype_X_umap_7d9c31_onTarget.html
boxplot_skin_of_body_Sole-Boldo_Commun_Biol_2020_Celltype_X_umap_7d9c31_onTarget.svg,s3://lifebit-user-data-6941eed90a4dd7a1d1026d7a/deploit/teams/69d8dd1e5d3e1f8c350e006f/users/68af3d99c99eb7bd2ff47bc8/projects/69f80768ca774c668fbaaed8/jobs/6a22c7a80859d97fbe7b6c88/results/boxplot_skin_of_body_Sole-Boldo_Commun_Biol_2020_Celltype_X_umap_7d9c31_onTarget.svg
boxplot_skin_of_body_Sole-Boldo_Commun_Biol_2020_Celltype_X_umap_7d9c31_precision.html,s3://lifebit-user-data-6941eed90a4dd7a1d1026d7a/deploit/teams/69d8dd1e5d3e1f8c350e006f/users/68af3d99c99eb7bd2ff47bc8/projects/69f80768ca774c668fbaaed8/jobs/6a22c7a80859d97fbe7b6c88/results/boxplot_skin_of_body_Sole-Boldo_Commun_Biol_2020_Celltype_X_umap_7d9c31_precision.html
boxplot_skin_of_body_Sole-Boldo_Commun_Biol_2020_Celltype_X_umap_7d9c31_precision.svg,s3://lifebit-user-data-6941eed90a4dd7a1d1026d7a/deploit/teams/69d8dd1e5d3e1f8c350e006f/users/68af3d99c99eb7bd2ff47bc8/projects/69f80768ca774c668fbaaed8/jobs/6a22c7a80859d97fbe7b6c88/results/boxplot_skin_of_body_Sole-Boldo_Commun_Biol_2020_Celltype_X_umap_7d9c31_precision.svg
boxplot_skin_of_body_Sole-Boldo_Commun_Biol_2020_Celltype_X_umap_7d9c31_recall.html,s3://lifebit-user-data-6941eed90a4dd7a1d1026d7a/deploit/teams/69d8dd1e5d3e1f8c350e006f/users/68af3d99c99eb7bd2ff47bc8/projects/69f80768ca774c668fbaaed8/jobs/6a22c7a80859d97fbe7b6c88/results/boxplot_skin_of_body_Sole-Boldo_Commun_Biol_2020_Celltype_X_umap_7d9c31_recall.html
boxplot_skin_of_body_Sole-Boldo_Commun_Biol_2020_Celltype_X_umap_7d9c31_recall.svg,s3://lifebit-user-data-6941eed90a4dd7a1d1026d7a/deploit/teams/69d8dd1e5d3e1f8c350e006f/users/68af3d99c99eb7bd2ff47bc8/projects/69f80768ca774c668fbaaed8/jobs/6a22c7a80859d97fbe7b6c88/results/boxplot_skin_of_body_Sole-Boldo_Commun_Biol_2020_Celltype_X_umap_7d9c31_recall.svg
boxplot_skin_of_body_Wells_Nat_Immunol_2025_author_cell_type_X_umap_74e9e1_f_score.html,s3://lifebit-user-data-6941eed90a4dd7a1d1026d7a/deploit/teams/69d8dd1e5d3e1f8c350e006f/users/68af3d99c99eb7bd2ff47bc8/projects/69f80768ca774c668fbaaed8/jobs/6a22c7a80859d97fbe7b6c88/results/boxplot_skin_of_body_Wells_Nat_Immunol_2025_author_cell_type_X_umap_74e9e1_f_score.html
boxplot_skin_of_body_Wells_Nat_Immunol_2025_author_cell_type_X_umap_74e9e1_f_score.svg,s3://lifebit-user-data-6941eed90a4dd7a1d1026d7a/deploit/teams/69d8dd1e5d3e1f8c350e006f/users/68af3d99c99eb7bd2ff47bc8/projects/69f80768ca774c668fbaaed8/jobs/6a22c7a80859d97fbe7b6c88/results/boxplot_skin_of_body_Wells_Nat_Immunol_2025_author_cell_type_X_umap_74e9e1_f_score.svg
boxplot_skin_of_body_Wells_Nat_Immunol_2025_author_cell_type_X_umap_74e9e1_onTarget.html,s3://lifebit-user-data-6941eed90a4dd7a1d1026d7a/deploit/teams/69d8dd1e5d3e1f8c350e006f/users/68af3d99c99eb7bd2ff47bc8/projects/69f80768ca774c668fbaaed8/jobs/6a22c7a80859d97fbe7b6c88/results/boxplot_skin_of_body_Wells_Nat_Immunol_2025_author_cell_type_X_umap_74e9e1_onTarget.html
boxplot_skin_of_body_Wells_Nat_Immunol_2025_author_cell_type_X_umap_74e9e1_onTarget.svg,s3://lifebit-user-data-6941eed90a4dd7a1d1026d7a/deploit/teams/69d8dd1e5d3e1f8c350e006f/users/68af3d99c99eb7bd2ff47bc8/projects/69f80768ca774c668fbaaed8/jobs/6a22c7a80859d97fbe7b6c88/results/boxplot_skin_of_body_Wells_Nat_Immunol_2025_author_cell_type_X_umap_74e9e1_onTarget.svg
boxplot_skin_of_body_Wells_Nat_Immunol_2025_author_cell_type_X_umap_74e9e1_precision.html,s3://lifebit-user-data-6941eed90a4dd7a1d1026d7a/deploit/teams/69d8dd1e5d3e1f8c350e006f/users/68af3d99c99eb7bd2ff47bc8/projects/69f80768ca774c668fbaaed8/jobs/6a22c7a80859d97fbe7b6c88/results/boxplot_skin_of_body_Wells_Nat_Immunol_2025_author_cell_type_X_umap_74e9e1_precision.html
boxplot_skin_of_body_Wells_Nat_Immunol_2025_author_cell_type_X_umap_74e9e1_precision.svg,s3://lifebit-user-data-6941eed90a4dd7a1d1026d7a/deploit/teams/69d8dd1e5d3e1f8c350e006f/users/68af3d99c99eb7bd2ff47bc8/projects/69f80768ca774c668fbaaed8/jobs/6a22c7a80859d97fbe7b6c88/results/boxplot_skin_of_body_Wells_Nat_Immunol_2025_author_cell_type_X_umap_74e9e1_precision.svg
boxplot_skin_of_body_Wells_Nat_Immunol_2025_author_cell_type_X_umap_74e9e1_recall.html,s3://lifebit-user-data-6941eed90a4dd7a1d1026d7a/deploit/teams/69d8dd1e5d3e1f8c350e006f/users/68af3d99c99eb7bd2ff47bc8/projects/69f80768ca774c668fbaaed8/jobs/6a22c7a80859d97fbe7b6c88/results/boxplot_skin_of_body_Wells_Nat_Immunol_2025_author_cell_type_X_umap_74e9e1_recall.html
boxplot_skin_of_body_Wells_Nat_Immunol_2025_author_cell_type_X_umap_74e9e1_recall.svg,s3://lifebit-user-data-6941eed90a4dd7a1d1026d7a/deploit/teams/69d8dd1e5d3e1f8c350e006f/users/68af3d99c99eb7bd2ff47bc8/projects/69f80768ca774c668fbaaed8/jobs/6a22c7a80859d97fbe7b6c88/results/boxplot_skin_of_body_Wells_Nat_Immunol_2025_author_cell_type_X_umap_74e9e1_recall.svg
boxplot_skin_of_body_Wiedemann_Cell_Reports_2023_author_cell_type_X_tsne_e60c65_f_score.html,s3://lifebit-user-data-6941eed90a4dd7a1d1026d7a/deploit/teams/69d8dd1e5d3e1f8c350e006f/users/68af3d99c99eb7bd2ff47bc8/projects/69f80768ca774c668fbaaed8/jobs/6a22c7a80859d97fbe7b6c88/results/boxplot_skin_of_body_Wiedemann_Cell_Reports_2023_author_cell_type_X_tsne_e60c65_f_score.html
boxplot_skin_of_body_Wiedemann_Cell_Reports_2023_author_cell_type_X_tsne_e60c65_f_score.svg,s3://lifebit-user-data-6941eed90a4dd7a1d1026d7a/deploit/teams/69d8dd1e5d3e1f8c350e006f/users/68af3d99c99eb7bd2ff47bc8/projects/69f80768ca774c668fbaaed8/jobs/6a22c7a80859d97fbe7b6c88/results/boxplot_skin_of_body_Wiedemann_Cell_Reports_2023_author_cell_type_X_tsne_e60c65_f_score.svg
boxplot_skin_of_body_Wiedemann_Cell_Reports_2023_author_cell_type_X_tsne_e60c65_onTarget.html,s3://lifebit-user-data-6941eed90a4dd7a1d1026d7a/deploit/teams/69d8dd1e5d3e1f8c350e006f/users/68af3d99c99eb7bd2ff47bc8/projects/69f80768ca774c668fbaaed8/jobs/6a22c7a80859d97fbe7b6c88/results/boxplot_skin_of_body_Wiedemann_Cell_Reports_2023_author_cell_type_X_tsne_e60c65_onTarget.html
boxplot_skin_of_body_Wiedemann_Cell_Reports_2023_author_cell_type_X_tsne_e60c65_onTarget.svg,s3://lifebit-user-data-6941eed90a4dd7a1d1026d7a/deploit/teams/69d8dd1e5d3e1f8c350e006f/users/68af3d99c99eb7bd2ff47bc8/projects/69f80768ca774c668fbaaed8/jobs/6a22c7a80859d97fbe7b6c88/results/boxplot_skin_of_body_Wiedemann_Cell_Reports_2023_author_cell_type_X_tsne_e60c65_onTarget.svg
boxplot_skin_of_body_Wiedemann_Cell_Reports_2023_author_cell_type_X_tsne_e60c65_precision.html,s3://lifebit-user-data-6941eed90a4dd7a1d1026d7a/deploit/teams/69d8dd1e5d3e1f8c350e006f/users/68af3d99c99eb7bd2ff47bc8/projects/69f80768ca774c668fbaaed8/jobs/6a22c7a80859d97fbe7b6c88/results/boxplot_skin_of_body_Wiedemann_Cell_Reports_2023_author_cell_type_X_tsne_e60c65_precision.html
boxplot_skin_of_body_Wiedemann_Cell_Reports_2023_author_cell_type_X_tsne_e60c65_precision.svg,s3://lifebit-user-data-6941eed90a4dd7a1d1026d7a/deploit/teams/69d8dd1e5d3e1f8c350e006f/users/68af3d99c99eb7bd2ff47bc8/projects/69f80768ca774c668fbaaed8/jobs/6a22c7a80859d97fbe7b6c88/results/boxplot_skin_of_body_Wiedemann_Cell_Reports_2023_author_cell_type_X_tsne_e60c65_precision.svg
boxplot_skin_of_body_Wiedemann_Cell_Reports_2023_author_cell_type_X_tsne_e60c65_recall.html,s3://lifebit-user-data-6941eed90a4dd7a1d1026d7a/deploit/teams/69d8dd1e5d3e1f8c350e006f/users/68af3d99c99eb7bd2ff47bc8/projects/69f80768ca774c668fbaaed8/jobs/6a22c7a80859d97fbe7b6c88/results/boxplot_skin_of_body_Wiedemann_Cell_Reports_2023_author_cell_type_X_tsne_e60c65_recall.html
boxplot_skin_of_body_Wiedemann_Cell_Reports_2023_author_cell_type_X_tsne_e60c65_recall.svg,s3://lifebit-user-data-6941eed90a4dd7a1d1026d7a/deploit/teams/69d8dd1e5d3e1f8c350e006f/users/68af3d99c99eb7bd2ff47bc8/projects/69f80768ca774c668fbaaed8/jobs/6a22c7a80859d97fbe7b6c88/results/boxplot_skin_of_body_Wiedemann_Cell_Reports_2023_author_cell_type_X_tsne_e60c65_recall.svg
cluster_cid_mapping_skin_of_body_Cheng_Cell_Reports_2018_Re-annotation_X_umap_hm_adafa7.csv,s3://lifebit-user-data-6941eed90a4dd7a1d1026d7a/deploit/teams/69d8dd1e5d3e1f8c350e006f/users/68af3d99c99eb7bd2ff47bc8/projects/69f80768ca774c668fbaaed8/jobs/6a22c7a80859d97fbe7b6c88/results/cluster_cid_mapping_skin_of_body_Cheng_Cell_Reports_2018_Re-annotation_X_umap_hm_adafa7.csv
cluster_cid_mapping_skin_of_body_Eraslan_Science_2022_Broad_cell_type_X_umap_f44b0f.csv,s3://lifebit-user-data-6941eed90a4dd7a1d1026d7a/deploit/teams/69d8dd1e5d3e1f8c350e006f/users/68af3d99c99eb7bd2ff47bc8/projects/69f80768ca774c668fbaaed8/jobs/6a22c7a80859d97fbe7b6c88/results/cluster_cid_mapping_skin_of_body_Eraslan_Science_2022_Broad_cell_type_X_umap_f44b0f.csv
cluster_cid_mapping_skin_of_body_Gao_Cell_Death_Dis_2021_CellTypes_X_umap_892850.csv,s3://lifebit-user-data-6941eed90a4dd7a1d1026d7a/deploit/teams/69d8dd1e5d3e1f8c350e006f/users/68af3d99c99eb7bd2ff47bc8/projects/69f80768ca774c668fbaaed8/jobs/6a22c7a80859d97fbe7b6c88/results/cluster_cid_mapping_skin_of_body_Gao_Cell_Death_Dis_2021_CellTypes_X_umap_892850.csv
cluster_cid_mapping_skin_of_body_Reynolds_Science_2021_full_clustering_X_umap_05d19d.csv,s3://lifebit-user-data-6941eed90a4dd7a1d1026d7a/deploit/teams/69d8dd1e5d3e1f8c350e006f/users/68af3d99c99eb7bd2ff47bc8/projects/69f80768ca774c668fbaaed8/jobs/6a22c7a80859d97fbe7b6c88/results/cluster_cid_mapping_skin_of_body_Reynolds_Science_2021_full_clustering_X_umap_05d19d.csv
cluster_cid_mapping_skin_of_body_Sole-Boldo_Commun_Biol_2020_Celltype_X_umap_7d9c31.csv,s3://lifebit-user-data-6941eed90a4dd7a1d1026d7a/deploit/teams/69d8dd1e5d3e1f8c350e006f/users/68af3d99c99eb7bd2ff47bc8/projects/69f80768ca774c668fbaaed8/jobs/6a22c7a80859d97fbe7b6c88/results/cluster_cid_mapping_skin_of_body_Sole-Boldo_Commun_Biol_2020_Celltype_X_umap_7d9c31.csv
cluster_cid_mapping_skin_of_body_Wells_Nat_Immunol_2025_author_cell_type_X_umap_74e9e1.csv,s3://lifebit-user-data-6941eed90a4dd7a1d1026d7a/deploit/teams/69d8dd1e5d3e1f8c350e006f/users/68af3d99c99eb7bd2ff47bc8/projects/69f80768ca774c668fbaaed8/jobs/6a22c7a80859d97fbe7b6c88/results/cluster_cid_mapping_skin_of_body_Wells_Nat_Immunol_2025_author_cell_type_X_umap_74e9e1.csv
cluster_cid_mapping_skin_of_body_Wiedemann_Cell_Reports_2023_author_cell_type_X_tsne_e60c65.csv,s3://lifebit-user-data-6941eed90a4dd7a1d1026d7a/deploit/teams/69d8dd1e5d3e1f8c350e006f/users/68af3d99c99eb7bd2ff47bc8/projects/69f80768ca774c668fbaaed8/jobs/6a22c7a80859d97fbe7b6c88/results/cluster_cid_mapping_skin_of_body_Wiedemann_Cell_Reports_2023_author_cell_type_X_tsne_e60c65.csv
cluster_order_before_filter_skin_of_body_Cheng_Cell_Reports_2018_Re-annotation_X_umap_hm_adafa7.csv,s3://lifebit-user-data-6941eed90a4dd7a1d1026d7a/deploit/teams/69d8dd1e5d3e1f8c350e006f/users/68af3d99c99eb7bd2ff47bc8/projects/69f80768ca774c668fbaaed8/jobs/6a22c7a80859d97fbe7b6c88/results/cluster_order_before_filter_skin_of_body_Cheng_Cell_Reports_2018_Re-annotation_X_umap_hm_adafa7.csv
cluster_order_before_filter_skin_of_body_Eraslan_Science_2022_Broad_cell_type_X_umap_f44b0f.csv,s3://lifebit-user-data-6941eed90a4dd7a1d1026d7a/deploit/teams/69d8dd1e5d3e1f8c350e006f/users/68af3d99c99eb7bd2ff47bc8/projects/69f80768ca774c668fbaaed8/jobs/6a22c7a80859d97fbe7b6c88/results/cluster_order_before_filter_skin_of_body_Eraslan_Science_2022_Broad_cell_type_X_umap_f44b0f.csv
cluster_order_before_filter_skin_of_body_Gao_Cell_Death_Dis_2021_CellTypes_X_umap_892850.csv,s3://lifebit-user-data-6941eed90a4dd7a1d1026d7a/deploit/teams/69d8dd1e5d3e1f8c350e006f/users/68af3d99c99eb7bd2ff47bc8/projects/69f80768ca774c668fbaaed8/jobs/6a22c7a80859d97fbe7b6c88/results/cluster_order_before_filter_skin_of_body_Gao_Cell_Death_Dis_2021_CellTypes_X_umap_892850.csv
cluster_order_before_filter_skin_of_body_Reynolds_Science_2021_full_clustering_X_umap_05d19d.csv,s3://lifebit-user-data-6941eed90a4dd7a1d1026d7a/deploit/teams/69d8dd1e5d3e1f8c350e006f/users/68af3d99c99eb7bd2ff47bc8/projects/69f80768ca774c668fbaaed8/jobs/6a22c7a80859d97fbe7b6c88/results/cluster_order_before_filter_skin_of_body_Reynolds_Science_2021_full_clustering_X_umap_05d19d.csv
cluster_order_before_filter_skin_of_body_Sole-Boldo_Commun_Biol_2020_Celltype_X_umap_7d9c31.csv,s3://lifebit-user-data-6941eed90a4dd7a1d1026d7a/deploit/teams/69d8dd1e5d3e1f8c350e006f/users/68af3d99c99eb7bd2ff47bc8/projects/69f80768ca774c668fbaaed8/jobs/6a22c7a80859d97fbe7b6c88/results/cluster_order_before_filter_skin_of_body_Sole-Boldo_Commun_Biol_2020_Celltype_X_umap_7d9c31.csv
cluster_order_before_filter_skin_of_body_Wells_Nat_Immunol_2025_author_cell_type_X_umap_74e9e1.csv,s3://lifebit-user-data-6941eed90a4dd7a1d1026d7a/deploit/teams/69d8dd1e5d3e1f8c350e006f/users/68af3d99c99eb7bd2ff47bc8/projects/69f80768ca774c668fbaaed8/jobs/6a22c7a80859d97fbe7b6c88/results/cluster_order_before_filter_skin_of_body_Wells_Nat_Immunol_2025_author_cell_type_X_umap_74e9e1.csv
cluster_order_before_filter_skin_of_body_Wiedemann_Cell_Reports_2023_author_cell_type_X_tsne_e60c65.csv,s3://lifebit-user-data-6941eed90a4dd7a1d1026d7a/deploit/teams/69d8dd1e5d3e1f8c350e006f/users/68af3d99c99eb7bd2ff47bc8/projects/69f80768ca774c668fbaaed8/jobs/6a22c7a80859d97fbe7b6c88/results/cluster_order_before_filter_skin_of_body_Wiedemann_Cell_Reports_2023_author_cell_type_X_tsne_e60c65.csv
cluster_order_skin_of_body_Cheng_Cell_Reports_2018_Re-annotation_X_umap_hm_adafa7.csv,s3://lifebit-user-data-6941eed90a4dd7a1d1026d7a/deploit/teams/69d8dd1e5d3e1f8c350e006f/users/68af3d99c99eb7bd2ff47bc8/projects/69f80768ca774c668fbaaed8/jobs/6a22c7a80859d97fbe7b6c88/results/cluster_order_skin_of_body_Cheng_Cell_Reports_2018_Re-annotation_X_umap_hm_adafa7.csv
cluster_order_skin_of_body_Eraslan_Science_2022_Broad_cell_type_X_umap_f44b0f.csv,s3://lifebit-user-data-6941eed90a4dd7a1d1026d7a/deploit/teams/69d8dd1e5d3e1f8c350e006f/users/68af3d99c99eb7bd2ff47bc8/projects/69f80768ca774c668fbaaed8/jobs/6a22c7a80859d97fbe7b6c88/results/cluster_order_skin_of_body_Eraslan_Science_2022_Broad_cell_type_X_umap_f44b0f.csv
cluster_order_skin_of_body_Gao_Cell_Death_Dis_2021_CellTypes_X_umap_892850.csv,s3://lifebit-user-data-6941eed90a4dd7a1d1026d7a/deploit/teams/69d8dd1e5d3e1f8c350e006f/users/68af3d99c99eb7bd2ff47bc8/projects/69f80768ca774c668fbaaed8/jobs/6a22c7a80859d97fbe7b6c88/results/cluster_order_skin_of_body_Gao_Cell_Death_Dis_2021_CellTypes_X_umap_892850.csv
cluster_order_skin_of_body_Reynolds_Science_2021_full_clustering_X_umap_05d19d.csv,s3://lifebit-user-data-6941eed90a4dd7a1d1026d7a/deploit/teams/69d8dd1e5d3e1f8c350e006f/users/68af3d99c99eb7bd2ff47bc8/projects/69f80768ca774c668fbaaed8/jobs/6a22c7a80859d97fbe7b6c88/results/cluster_order_skin_of_body_Reynolds_Science_2021_full_clustering_X_umap_05d19d.csv
cluster_order_skin_of_body_Sole-Boldo_Commun_Biol_2020_Celltype_X_umap_7d9c31.csv,s3://lifebit-user-data-6941eed90a4dd7a1d1026d7a/deploit/teams/69d8dd1e5d3e1f8c350e006f/users/68af3d99c99eb7bd2ff47bc8/projects/69f80768ca774c668fbaaed8/jobs/6a22c7a80859d97fbe7b6c88/results/cluster_order_skin_of_body_Sole-Boldo_Commun_Biol_2020_Celltype_X_umap_7d9c31.csv
cluster_order_skin_of_body_Wells_Nat_Immunol_2025_author_cell_type_X_umap_74e9e1.csv,s3://lifebit-user-data-6941eed90a4dd7a1d1026d7a/deploit/teams/69d8dd1e5d3e1f8c350e006f/users/68af3d99c99eb7bd2ff47bc8/projects/69f80768ca774c668fbaaed8/jobs/6a22c7a80859d97fbe7b6c88/results/cluster_order_skin_of_body_Wells_Nat_Immunol_2025_author_cell_type_X_umap_74e9e1.csv
cluster_order_skin_of_body_Wiedemann_Cell_Reports_2023_author_cell_type_X_tsne_e60c65.csv,s3://lifebit-user-data-6941eed90a4dd7a1d1026d7a/deploit/teams/69d8dd1e5d3e1f8c350e006f/users/68af3d99c99eb7bd2ff47bc8/projects/69f80768ca774c668fbaaed8/jobs/6a22c7a80859d97fbe7b6c88/results/cluster_order_skin_of_body_Wiedemann_Cell_Reports_2023_author_cell_type_X_tsne_e60c65.csv
cluster_sizes_before_filter_skin_of_body_Cheng_Cell_Reports_2018_Re-annotation_X_umap_hm_adafa7.csv,s3://lifebit-user-data-6941eed90a4dd7a1d1026d7a/deploit/teams/69d8dd1e5d3e1f8c350e006f/users/68af3d99c99eb7bd2ff47bc8/projects/69f80768ca774c668fbaaed8/jobs/6a22c7a80859d97fbe7b6c88/results/cluster_sizes_before_filter_skin_of_body_Cheng_Cell_Reports_2018_Re-annotation_X_umap_hm_adafa7.csv
cluster_sizes_before_filter_skin_of_body_Eraslan_Science_2022_Broad_cell_type_X_umap_f44b0f.csv,s3://lifebit-user-data-6941eed90a4dd7a1d1026d7a/deploit/teams/69d8dd1e5d3e1f8c350e006f/users/68af3d99c99eb7bd2ff47bc8/projects/69f80768ca774c668fbaaed8/jobs/6a22c7a80859d97fbe7b6c88/results/cluster_sizes_before_filter_skin_of_body_Eraslan_Science_2022_Broad_cell_type_X_umap_f44b0f.csv
cluster_sizes_before_filter_skin_of_body_Gao_Cell_Death_Dis_2021_CellTypes_X_umap_892850.csv,s3://lifebit-user-data-6941eed90a4dd7a1d1026d7a/deploit/teams/69d8dd1e5d3e1f8c350e006f/users/68af3d99c99eb7bd2ff47bc8/projects/69f80768ca774c668fbaaed8/jobs/6a22c7a80859d97fbe7b6c88/results/cluster_sizes_before_filter_skin_of_body_Gao_Cell_Death_Dis_2021_CellTypes_X_umap_892850.csv
cluster_sizes_before_filter_skin_of_body_Reynolds_Science_2021_full_clustering_X_umap_05d19d.csv,s3://lifebit-user-data-6941eed90a4dd7a1d1026d7a/deploit/teams/69d8dd1e5d3e1f8c350e006f/users/68af3d99c99eb7bd2ff47bc8/projects/69f80768ca774c668fbaaed8/jobs/6a22c7a80859d97fbe7b6c88/results/cluster_sizes_before_filter_skin_of_body_Reynolds_Science_2021_full_clustering_X_umap_05d19d.csv
cluster_sizes_before_filter_skin_of_body_Sole-Boldo_Commun_Biol_2020_Celltype_X_umap_7d9c31.csv,s3://lifebit-user-data-6941eed90a4dd7a1d1026d7a/deploit/teams/69d8dd1e5d3e1f8c350e006f/users/68af3d99c99eb7bd2ff47bc8/projects/69f80768ca774c668fbaaed8/jobs/6a22c7a80859d97fbe7b6c88/results/cluster_sizes_before_filter_skin_of_body_Sole-Boldo_Commun_Biol_2020_Celltype_X_umap_7d9c31.csv
cluster_sizes_before_filter_skin_of_body_Wells_Nat_Immunol_2025_author_cell_type_X_umap_74e9e1.csv,s3://lifebit-user-data-6941eed90a4dd7a1d1026d7a/deploit/teams/69d8dd1e5d3e1f8c350e006f/users/68af3d99c99eb7bd2ff47bc8/projects/69f80768ca774c668fbaaed8/jobs/6a22c7a80859d97fbe7b6c88/results/cluster_sizes_before_filter_skin_of_body_Wells_Nat_Immunol_2025_author_cell_type_X_umap_74e9e1.csv
cluster_sizes_before_filter_skin_of_body_Wiedemann_Cell_Reports_2023_author_cell_type_X_tsne_e60c65.csv,s3://lifebit-user-data-6941eed90a4dd7a1d1026d7a/deploit/teams/69d8dd1e5d3e1f8c350e006f/users/68af3d99c99eb7bd2ff47bc8/projects/69f80768ca774c668fbaaed8/jobs/6a22c7a80859d97fbe7b6c88/results/cluster_sizes_before_filter_skin_of_body_Wiedemann_Cell_Reports_2023_author_cell_type_X_tsne_e60c65.csv
cluster_sizes_skin_of_body_Cheng_Cell_Reports_2018_Re-annotation_X_umap_hm_adafa7.csv,s3://lifebit-user-data-6941eed90a4dd7a1d1026d7a/deploit/teams/69d8dd1e5d3e1f8c350e006f/users/68af3d99c99eb7bd2ff47bc8/projects/69f80768ca774c668fbaaed8/jobs/6a22c7a80859d97fbe7b6c88/results/cluster_sizes_skin_of_body_Cheng_Cell_Reports_2018_Re-annotation_X_umap_hm_adafa7.csv
cluster_sizes_skin_of_body_Eraslan_Science_2022_Broad_cell_type_X_umap_f44b0f.csv,s3://lifebit-user-data-6941eed90a4dd7a1d1026d7a/deploit/teams/69d8dd1e5d3e1f8c350e006f/users/68af3d99c99eb7bd2ff47bc8/projects/69f80768ca774c668fbaaed8/jobs/6a22c7a80859d97fbe7b6c88/results/cluster_sizes_skin_of_body_Eraslan_Science_2022_Broad_cell_type_X_umap_f44b0f.csv
cluster_sizes_skin_of_body_Gao_Cell_Death_Dis_2021_CellTypes_X_umap_892850.csv,s3://lifebit-user-data-6941eed90a4dd7a1d1026d7a/deploit/teams/69d8dd1e5d3e1f8c350e006f/users/68af3d99c99eb7bd2ff47bc8/projects/69f80768ca774c668fbaaed8/jobs/6a22c7a80859d97fbe7b6c88/results/cluster_sizes_skin_of_body_Gao_Cell_Death_Dis_2021_CellTypes_X_umap_892850.csv
cluster_sizes_skin_of_body_Reynolds_Science_2021_full_clustering_X_umap_05d19d.csv,s3://lifebit-user-data-6941eed90a4dd7a1d1026d7a/deploit/teams/69d8dd1e5d3e1f8c350e006f/users/68af3d99c99eb7bd2ff47bc8/projects/69f80768ca774c668fbaaed8/jobs/6a22c7a80859d97fbe7b6c88/results/cluster_sizes_skin_of_body_Reynolds_Science_2021_full_clustering_X_umap_05d19d.csv
cluster_sizes_skin_of_body_Sole-Boldo_Commun_Biol_2020_Celltype_X_umap_7d9c31.csv,s3://lifebit-user-data-6941eed90a4dd7a1d1026d7a/deploit/teams/69d8dd1e5d3e1f8c350e006f/users/68af3d99c99eb7bd2ff47bc8/projects/69f80768ca774c668fbaaed8/jobs/6a22c7a80859d97fbe7b6c88/results/cluster_sizes_skin_of_body_Sole-Boldo_Commun_Biol_2020_Celltype_X_umap_7d9c31.csv
cluster_sizes_skin_of_body_Wells_Nat_Immunol_2025_author_cell_type_X_umap_74e9e1.csv,s3://lifebit-user-data-6941eed90a4dd7a1d1026d7a/deploit/teams/69d8dd1e5d3e1f8c350e006f/users/68af3d99c99eb7bd2ff47bc8/projects/69f80768ca774c668fbaaed8/jobs/6a22c7a80859d97fbe7b6c88/results/cluster_sizes_skin_of_body_Wells_Nat_Immunol_2025_author_cell_type_X_umap_74e9e1.csv
cluster_sizes_skin_of_body_Wiedemann_Cell_Reports_2023_author_cell_type_X_tsne_e60c65.csv,s3://lifebit-user-data-6941eed90a4dd7a1d1026d7a/deploit/teams/69d8dd1e5d3e1f8c350e006f/users/68af3d99c99eb7bd2ff47bc8/projects/69f80768ca774c668fbaaed8/jobs/6a22c7a80859d97fbe7b6c88/results/cluster_sizes_skin_of_body_Wiedemann_Cell_Reports_2023_author_cell_type_X_tsne_e60c65.csv
cluster_statistics_skin_of_body_Cheng_Cell_Reports_2018_Re-annotation_X_umap_hm_adafa7.csv,s3://lifebit-user-data-6941eed90a4dd7a1d1026d7a/deploit/teams/69d8dd1e5d3e1f8c350e006f/users/68af3d99c99eb7bd2ff47bc8/projects/69f80768ca774c668fbaaed8/jobs/6a22c7a80859d97fbe7b6c88/results/cluster_statistics_skin_of_body_Cheng_Cell_Reports_2018_Re-annotation_X_umap_hm_adafa7.csv
cluster_statistics_skin_of_body_Eraslan_Science_2022_Broad_cell_type_X_umap_f44b0f.csv,s3://lifebit-user-data-6941eed90a4dd7a1d1026d7a/deploit/teams/69d8dd1e5d3e1f8c350e006f/users/68af3d99c99eb7bd2ff47bc8/projects/69f80768ca774c668fbaaed8/jobs/6a22c7a80859d97fbe7b6c88/results/cluster_statistics_skin_of_body_Eraslan_Science_2022_Broad_cell_type_X_umap_f44b0f.csv
cluster_statistics_skin_of_body_Gao_Cell_Death_Dis_2021_CellTypes_X_umap_892850.csv,s3://lifebit-user-data-6941eed90a4dd7a1d1026d7a/deploit/teams/69d8dd1e5d3e1f8c350e006f/users/68af3d99c99eb7bd2ff47bc8/projects/69f80768ca774c668fbaaed8/jobs/6a22c7a80859d97fbe7b6c88/results/cluster_statistics_skin_of_body_Gao_Cell_Death_Dis_2021_CellTypes_X_umap_892850.csv
cluster_statistics_skin_of_body_Reynolds_Science_2021_full_clustering_X_umap_05d19d.csv,s3://lifebit-user-data-6941eed90a4dd7a1d1026d7a/deploit/teams/69d8dd1e5d3e1f8c350e006f/users/68af3d99c99eb7bd2ff47bc8/projects/69f80768ca774c668fbaaed8/jobs/6a22c7a80859d97fbe7b6c88/results/cluster_statistics_skin_of_body_Reynolds_Science_2021_full_clustering_X_umap_05d19d.csv
cluster_statistics_skin_of_body_Sole-Boldo_Commun_Biol_2020_Celltype_X_umap_7d9c31.csv,s3://lifebit-user-data-6941eed90a4dd7a1d1026d7a/deploit/teams/69d8dd1e5d3e1f8c350e006f/users/68af3d99c99eb7bd2ff47bc8/projects/69f80768ca774c668fbaaed8/jobs/6a22c7a80859d97fbe7b6c88/results/cluster_statistics_skin_of_body_Sole-Boldo_Commun_Biol_2020_Celltype_X_umap_7d9c31.csv
cluster_statistics_skin_of_body_Wells_Nat_Immunol_2025_author_cell_type_X_umap_74e9e1.csv,s3://lifebit-user-data-6941eed90a4dd7a1d1026d7a/deploit/teams/69d8dd1e5d3e1f8c350e006f/users/68af3d99c99eb7bd2ff47bc8/projects/69f80768ca774c668fbaaed8/jobs/6a22c7a80859d97fbe7b6c88/results/cluster_statistics_skin_of_body_Wells_Nat_Immunol_2025_author_cell_type_X_umap_74e9e1.csv
cluster_statistics_skin_of_body_Wiedemann_Cell_Reports_2023_author_cell_type_X_tsne_e60c65.csv,s3://lifebit-user-data-6941eed90a4dd7a1d1026d7a/deploit/teams/69d8dd1e5d3e1f8c350e006f/users/68af3d99c99eb7bd2ff47bc8/projects/69f80768ca774c668fbaaed8/jobs/6a22c7a80859d97fbe7b6c88/results/cluster_statistics_skin_of_body_Wiedemann_Cell_Reports_2023_author_cell_type_X_tsne_e60c65.csv
cluster_stats.log,s3://lifebit-user-data-6941eed90a4dd7a1d1026d7a/deploit/teams/69d8dd1e5d3e1f8c350e006f/users/68af3d99c99eb7bd2ff47bc8/projects/69f80768ca774c668fbaaed8/jobs/6a22c7a80859d97fbe7b6c88/results/cluster_stats.log
dataset_summary_skin_of_body_Cheng_Cell_Reports_2018_Re-annotation_X_umap_hm_adafa7.csv,s3://lifebit-user-data-6941eed90a4dd7a1d1026d7a/deploit/teams/69d8dd1e5d3e1f8c350e006f/users/68af3d99c99eb7bd2ff47bc8/projects/69f80768ca774c668fbaaed8/jobs/6a22c7a80859d97fbe7b6c88/results/dataset_summary_skin_of_body_Cheng_Cell_Reports_2018_Re-annotation_X_umap_hm_adafa7.csv
dataset_summary_skin_of_body_Eraslan_Science_2022_Broad_cell_type_X_umap_f44b0f.csv,s3://lifebit-user-data-6941eed90a4dd7a1d1026d7a/deploit/teams/69d8dd1e5d3e1f8c350e006f/users/68af3d99c99eb7bd2ff47bc8/projects/69f80768ca774c668fbaaed8/jobs/6a22c7a80859d97fbe7b6c88/results/dataset_summary_skin_of_body_Eraslan_Science_2022_Broad_cell_type_X_umap_f44b0f.csv
dataset_summary_skin_of_body_Gao_Cell_Death_Dis_2021_CellTypes_X_umap_892850.csv,s3://lifebit-user-data-6941eed90a4dd7a1d1026d7a/deploit/teams/69d8dd1e5d3e1f8c350e006f/users/68af3d99c99eb7bd2ff47bc8/projects/69f80768ca774c668fbaaed8/jobs/6a22c7a80859d97fbe7b6c88/results/dataset_summary_skin_of_body_Gao_Cell_Death_Dis_2021_CellTypes_X_umap_892850.csv
dataset_summary_skin_of_body_Reynolds_Science_2021_full_clustering_X_umap_05d19d.csv,s3://lifebit-user-data-6941eed90a4dd7a1d1026d7a/deploit/teams/69d8dd1e5d3e1f8c350e006f/users/68af3d99c99eb7bd2ff47bc8/projects/69f80768ca774c668fbaaed8/jobs/6a22c7a80859d97fbe7b6c88/results/dataset_summary_skin_of_body_Reynolds_Science_2021_full_clustering_X_umap_05d19d.csv
dataset_summary_skin_of_body_Sole-Boldo_Commun_Biol_2020_Celltype_X_umap_7d9c31.csv,s3://lifebit-user-data-6941eed90a4dd7a1d1026d7a/deploit/teams/69d8dd1e5d3e1f8c350e006f/users/68af3d99c99eb7bd2ff47bc8/projects/69f80768ca774c668fbaaed8/jobs/6a22c7a80859d97fbe7b6c88/results/dataset_summary_skin_of_body_Sole-Boldo_Commun_Biol_2020_Celltype_X_umap_7d9c31.csv
dataset_summary_skin_of_body_Wells_Nat_Immunol_2025_author_cell_type_X_umap_74e9e1.csv,s3://lifebit-user-data-6941eed90a4dd7a1d1026d7a/deploit/teams/69d8dd1e5d3e1f8c350e006f/users/68af3d99c99eb7bd2ff47bc8/projects/69f80768ca774c668fbaaed8/jobs/6a22c7a80859d97fbe7b6c88/results/dataset_summary_skin_of_body_Wells_Nat_Immunol_2025_author_cell_type_X_umap_74e9e1.csv
dataset_summary_skin_of_body_Wiedemann_Cell_Reports_2023_author_cell_type_X_tsne_e60c65.csv,s3://lifebit-user-data-6941eed90a4dd7a1d1026d7a/deploit/teams/69d8dd1e5d3e1f8c350e006f/users/68af3d99c99eb7bd2ff47bc8/projects/69f80768ca774c668fbaaed8/jobs/6a22c7a80859d97fbe7b6c88/results/dataset_summary_skin_of_body_Wiedemann_Cell_Reports_2023_author_cell_type_X_tsne_e60c65.csv
dendrogram_before_filter_skin_of_body_Cheng_Cell_Reports_2018_Re-annotation_X_umap_hm_adafa7.svg,s3://lifebit-user-data-6941eed90a4dd7a1d1026d7a/deploit/teams/69d8dd1e5d3e1f8c350e006f/users/68af3d99c99eb7bd2ff47bc8/projects/69f80768ca774c668fbaaed8/jobs/6a22c7a80859d97fbe7b6c88/results/dendrogram_before_filter_skin_of_body_Cheng_Cell_Reports_2018_Re-annotation_X_umap_hm_adafa7.svg
dendrogram_before_filter_skin_of_body_Eraslan_Science_2022_Broad_cell_type_X_umap_f44b0f.svg,s3://lifebit-user-data-6941eed90a4dd7a1d1026d7a/deploit/teams/69d8dd1e5d3e1f8c350e006f/users/68af3d99c99eb7bd2ff47bc8/projects/69f80768ca774c668fbaaed8/jobs/6a22c7a80859d97fbe7b6c88/results/dendrogram_before_filter_skin_of_body_Eraslan_Science_2022_Broad_cell_type_X_umap_f44b0f.svg
dendrogram_before_filter_skin_of_body_Gao_Cell_Death_Dis_2021_CellTypes_X_umap_892850.svg,s3://lifebit-user-data-6941eed90a4dd7a1d1026d7a/deploit/teams/69d8dd1e5d3e1f8c350e006f/users/68af3d99c99eb7bd2ff47bc8/projects/69f80768ca774c668fbaaed8/jobs/6a22c7a80859d97fbe7b6c88/results/dendrogram_before_filter_skin_of_body_Gao_Cell_Death_Dis_2021_CellTypes_X_umap_892850.svg
dendrogram_before_filter_skin_of_body_Reynolds_Science_2021_full_clustering_X_umap_05d19d.svg,s3://lifebit-user-data-6941eed90a4dd7a1d1026d7a/deploit/teams/69d8dd1e5d3e1f8c350e006f/users/68af3d99c99eb7bd2ff47bc8/projects/69f80768ca774c668fbaaed8/jobs/6a22c7a80859d97fbe7b6c88/results/dendrogram_before_filter_skin_of_body_Reynolds_Science_2021_full_clustering_X_umap_05d19d.svg
dendrogram_before_filter_skin_of_body_Sole-Boldo_Commun_Biol_2020_Celltype_X_umap_7d9c31.svg,s3://lifebit-user-data-6941eed90a4dd7a1d1026d7a/deploit/teams/69d8dd1e5d3e1f8c350e006f/users/68af3d99c99eb7bd2ff47bc8/projects/69f80768ca774c668fbaaed8/jobs/6a22c7a80859d97fbe7b6c88/results/dendrogram_before_filter_skin_of_body_Sole-Boldo_Commun_Biol_2020_Celltype_X_umap_7d9c31.svg
dendrogram_before_filter_skin_of_body_Wells_Nat_Immunol_2025_author_cell_type_X_umap_74e9e1.svg,s3://lifebit-user-data-6941eed90a4dd7a1d1026d7a/deploit/teams/69d8dd1e5d3e1f8c350e006f/users/68af3d99c99eb7bd2ff47bc8/projects/69f80768ca774c668fbaaed8/jobs/6a22c7a80859d97fbe7b6c88/results/dendrogram_before_filter_skin_of_body_Wells_Nat_Immunol_2025_author_cell_type_X_umap_74e9e1.svg
dendrogram_before_filter_skin_of_body_Wiedemann_Cell_Reports_2023_author_cell_type_X_tsne_e60c65.svg,s3://lifebit-user-data-6941eed90a4dd7a1d1026d7a/deploit/teams/69d8dd1e5d3e1f8c350e006f/users/68af3d99c99eb7bd2ff47bc8/projects/69f80768ca774c668fbaaed8/jobs/6a22c7a80859d97fbe7b6c88/results/dendrogram_before_filter_skin_of_body_Wiedemann_Cell_Reports_2023_author_cell_type_X_tsne_e60c65.svg
dendrogram_skin_of_body_Cheng_Cell_Reports_2018_Re-annotation_X_umap_hm_adafa7.svg,s3://lifebit-user-data-6941eed90a4dd7a1d1026d7a/deploit/teams/69d8dd1e5d3e1f8c350e006f/users/68af3d99c99eb7bd2ff47bc8/projects/69f80768ca774c668fbaaed8/jobs/6a22c7a80859d97fbe7b6c88/results/dendrogram_skin_of_body_Cheng_Cell_Reports_2018_Re-annotation_X_umap_hm_adafa7.svg
dendrogram_skin_of_body_Eraslan_Science_2022_Broad_cell_type_X_umap_f44b0f.svg,s3://lifebit-user-data-6941eed90a4dd7a1d1026d7a/deploit/teams/69d8dd1e5d3e1f8c350e006f/users/68af3d99c99eb7bd2ff47bc8/projects/69f80768ca774c668fbaaed8/jobs/6a22c7a80859d97fbe7b6c88/results/dendrogram_skin_of_body_Eraslan_Science_2022_Broad_cell_type_X_umap_f44b0f.svg
dendrogram_skin_of_body_Gao_Cell_Death_Dis_2021_CellTypes_X_umap_892850.svg,s3://lifebit-user-data-6941eed90a4dd7a1d1026d7a/deploit/teams/69d8dd1e5d3e1f8c350e006f/users/68af3d99c99eb7bd2ff47bc8/projects/69f80768ca774c668fbaaed8/jobs/6a22c7a80859d97fbe7b6c88/results/dendrogram_skin_of_body_Gao_Cell_Death_Dis_2021_CellTypes_X_umap_892850.svg
dendrogram_skin_of_body_Reynolds_Science_2021_full_clustering_X_umap_05d19d.svg,s3://lifebit-user-data-6941eed90a4dd7a1d1026d7a/deploit/teams/69d8dd1e5d3e1f8c350e006f/users/68af3d99c99eb7bd2ff47bc8/projects/69f80768ca774c668fbaaed8/jobs/6a22c7a80859d97fbe7b6c88/results/dendrogram_skin_of_body_Reynolds_Science_2021_full_clustering_X_umap_05d19d.svg
dendrogram_skin_of_body_Sole-Boldo_Commun_Biol_2020_Celltype_X_umap_7d9c31.svg,s3://lifebit-user-data-6941eed90a4dd7a1d1026d7a/deploit/teams/69d8dd1e5d3e1f8c350e006f/users/68af3d99c99eb7bd2ff47bc8/projects/69f80768ca774c668fbaaed8/jobs/6a22c7a80859d97fbe7b6c88/results/dendrogram_skin_of_body_Sole-Boldo_Commun_Biol_2020_Celltype_X_umap_7d9c31.svg
dendrogram_skin_of_body_Wells_Nat_Immunol_2025_author_cell_type_X_umap_74e9e1.svg,s3://lifebit-user-data-6941eed90a4dd7a1d1026d7a/deploit/teams/69d8dd1e5d3e1f8c350e006f/users/68af3d99c99eb7bd2ff47bc8/projects/69f80768ca774c668fbaaed8/jobs/6a22c7a80859d97fbe7b6c88/results/dendrogram_skin_of_body_Wells_Nat_Immunol_2025_author_cell_type_X_umap_74e9e1.svg
dendrogram_skin_of_body_Wiedemann_Cell_Reports_2023_author_cell_type_X_tsne_e60c65.svg,s3://lifebit-user-data-6941eed90a4dd7a1d1026d7a/deploit/teams/69d8dd1e5d3e1f8c350e006f/users/68af3d99c99eb7bd2ff47bc8/projects/69f80768ca774c668fbaaed8/jobs/6a22c7a80859d97fbe7b6c88/results/dendrogram_skin_of_body_Wiedemann_Cell_Reports_2023_author_cell_type_X_tsne_e60c65.svg
distribution_log10_skin_of_body_Cheng_Cell_Reports_2018_Re-annotation_X_umap_hm_adafa7.html,s3://lifebit-user-data-6941eed90a4dd7a1d1026d7a/deploit/teams/69d8dd1e5d3e1f8c350e006f/users/68af3d99c99eb7bd2ff47bc8/projects/69f80768ca774c668fbaaed8/jobs/6a22c7a80859d97fbe7b6c88/results/distribution_log10_skin_of_body_Cheng_Cell_Reports_2018_Re-annotation_X_umap_hm_adafa7.html
distribution_log10_skin_of_body_Cheng_Cell_Reports_2018_Re-annotation_X_umap_hm_adafa7.svg,s3://lifebit-user-data-6941eed90a4dd7a1d1026d7a/deploit/teams/69d8dd1e5d3e1f8c350e006f/users/68af3d99c99eb7bd2ff47bc8/projects/69f80768ca774c668fbaaed8/jobs/6a22c7a80859d97fbe7b6c88/results/distribution_log10_skin_of_body_Cheng_Cell_Reports_2018_Re-annotation_X_umap_hm_adafa7.svg
distribution_log10_skin_of_body_Eraslan_Science_2022_Broad_cell_type_X_umap_f44b0f.html,s3://lifebit-user-data-6941eed90a4dd7a1d1026d7a/deploit/teams/69d8dd1e5d3e1f8c350e006f/users/68af3d99c99eb7bd2ff47bc8/projects/69f80768ca774c668fbaaed8/jobs/6a22c7a80859d97fbe7b6c88/results/distribution_log10_skin_of_body_Eraslan_Science_2022_Broad_cell_type_X_umap_f44b0f.html
distribution_log10_skin_of_body_Eraslan_Science_2022_Broad_cell_type_X_umap_f44b0f.svg,s3://lifebit-user-data-6941eed90a4dd7a1d1026d7a/deploit/teams/69d8dd1e5d3e1f8c350e006f/users/68af3d99c99eb7bd2ff47bc8/projects/69f80768ca774c668fbaaed8/jobs/6a22c7a80859d97fbe7b6c88/results/distribution_log10_skin_of_body_Eraslan_Science_2022_Broad_cell_type_X_umap_f44b0f.svg
distribution_log10_skin_of_body_Gao_Cell_Death_Dis_2021_CellTypes_X_umap_892850.html,s3://lifebit-user-data-6941eed90a4dd7a1d1026d7a/deploit/teams/69d8dd1e5d3e1f8c350e006f/users/68af3d99c99eb7bd2ff47bc8/projects/69f80768ca774c668fbaaed8/jobs/6a22c7a80859d97fbe7b6c88/results/distribution_log10_skin_of_body_Gao_Cell_Death_Dis_2021_CellTypes_X_umap_892850.html
distribution_log10_skin_of_body_Gao_Cell_Death_Dis_2021_CellTypes_X_umap_892850.svg,s3://lifebit-user-data-6941eed90a4dd7a1d1026d7a/deploit/teams/69d8dd1e5d3e1f8c350e006f/users/68af3d99c99eb7bd2ff47bc8/projects/69f80768ca774c668fbaaed8/jobs/6a22c7a80859d97fbe7b6c88/results/distribution_log10_skin_of_body_Gao_Cell_Death_Dis_2021_CellTypes_X_umap_892850.svg
distribution_log10_skin_of_body_Reynolds_Science_2021_full_clustering_X_umap_05d19d.html,s3://lifebit-user-data-6941eed90a4dd7a1d1026d7a/deploit/teams/69d8dd1e5d3e1f8c350e006f/users/68af3d99c99eb7bd2ff47bc8/projects/69f80768ca774c668fbaaed8/jobs/6a22c7a80859d97fbe7b6c88/results/distribution_log10_skin_of_body_Reynolds_Science_2021_full_clustering_X_umap_05d19d.html
distribution_log10_skin_of_body_Reynolds_Science_2021_full_clustering_X_umap_05d19d.svg,s3://lifebit-user-data-6941eed90a4dd7a1d1026d7a/deploit/teams/69d8dd1e5d3e1f8c350e006f/users/68af3d99c99eb7bd2ff47bc8/projects/69f80768ca774c668fbaaed8/jobs/6a22c7a80859d97fbe7b6c88/results/distribution_log10_skin_of_body_Reynolds_Science_2021_full_clustering_X_umap_05d19d.svg
distribution_log10_skin_of_body_Sole-Boldo_Commun_Biol_2020_Celltype_X_umap_7d9c31.html,s3://lifebit-user-data-6941eed90a4dd7a1d1026d7a/deploit/teams/69d8dd1e5d3e1f8c350e006f/users/68af3d99c99eb7bd2ff47bc8/projects/69f80768ca774c668fbaaed8/jobs/6a22c7a80859d97fbe7b6c88/results/distribution_log10_skin_of_body_Sole-Boldo_Commun_Biol_2020_Celltype_X_umap_7d9c31.html
distribution_log10_skin_of_body_Sole-Boldo_Commun_Biol_2020_Celltype_X_umap_7d9c31.svg,s3://lifebit-user-data-6941eed90a4dd7a1d1026d7a/deploit/teams/69d8dd1e5d3e1f8c350e006f/users/68af3d99c99eb7bd2ff47bc8/projects/69f80768ca774c668fbaaed8/jobs/6a22c7a80859d97fbe7b6c88/results/distribution_log10_skin_of_body_Sole-Boldo_Commun_Biol_2020_Celltype_X_umap_7d9c31.svg
distribution_log10_skin_of_body_Wells_Nat_Immunol_2025_author_cell_type_X_umap_74e9e1.html,s3://lifebit-user-data-6941eed90a4dd7a1d1026d7a/deploit/teams/69d8dd1e5d3e1f8c350e006f/users/68af3d99c99eb7bd2ff47bc8/projects/69f80768ca774c668fbaaed8/jobs/6a22c7a80859d97fbe7b6c88/results/distribution_log10_skin_of_body_Wells_Nat_Immunol_2025_author_cell_type_X_umap_74e9e1.html
distribution_log10_skin_of_body_Wells_Nat_Immunol_2025_author_cell_type_X_umap_74e9e1.svg,s3://lifebit-user-data-6941eed90a4dd7a1d1026d7a/deploit/teams/69d8dd1e5d3e1f8c350e006f/users/68af3d99c99eb7bd2ff47bc8/projects/69f80768ca774c668fbaaed8/jobs/6a22c7a80859d97fbe7b6c88/results/distribution_log10_skin_of_body_Wells_Nat_Immunol_2025_author_cell_type_X_umap_74e9e1.svg
distribution_log10_skin_of_body_Wiedemann_Cell_Reports_2023_author_cell_type_X_tsne_e60c65.html,s3://lifebit-user-data-6941eed90a4dd7a1d1026d7a/deploit/teams/69d8dd1e5d3e1f8c350e006f/users/68af3d99c99eb7bd2ff47bc8/projects/69f80768ca774c668fbaaed8/jobs/6a22c7a80859d97fbe7b6c88/results/distribution_log10_skin_of_body_Wiedemann_Cell_Reports_2023_author_cell_type_X_tsne_e60c65.html
distribution_log10_skin_of_body_Wiedemann_Cell_Reports_2023_author_cell_type_X_tsne_e60c65.svg,s3://lifebit-user-data-6941eed90a4dd7a1d1026d7a/deploit/teams/69d8dd1e5d3e1f8c350e006f/users/68af3d99c99eb7bd2ff47bc8/projects/69f80768ca774c668fbaaed8/jobs/6a22c7a80859d97fbe7b6c88/results/distribution_log10_skin_of_body_Wiedemann_Cell_Reports_2023_author_cell_type_X_tsne_e60c65.svg
distribution_raw_skin_of_body_Cheng_Cell_Reports_2018_Re-annotation_X_umap_hm_adafa7.html,s3://lifebit-user-data-6941eed90a4dd7a1d1026d7a/deploit/teams/69d8dd1e5d3e1f8c350e006f/users/68af3d99c99eb7bd2ff47bc8/projects/69f80768ca774c668fbaaed8/jobs/6a22c7a80859d97fbe7b6c88/results/distribution_raw_skin_of_body_Cheng_Cell_Reports_2018_Re-annotation_X_umap_hm_adafa7.html
distribution_raw_skin_of_body_Cheng_Cell_Reports_2018_Re-annotation_X_umap_hm_adafa7.svg,s3://lifebit-user-data-6941eed90a4dd7a1d1026d7a/deploit/teams/69d8dd1e5d3e1f8c350e006f/users/68af3d99c99eb7bd2ff47bc8/projects/69f80768ca774c668fbaaed8/jobs/6a22c7a80859d97fbe7b6c88/results/distribution_raw_skin_of_body_Cheng_Cell_Reports_2018_Re-annotation_X_umap_hm_adafa7.svg
distribution_raw_skin_of_body_Eraslan_Science_2022_Broad_cell_type_X_umap_f44b0f.html,s3://lifebit-user-data-6941eed90a4dd7a1d1026d7a/deploit/teams/69d8dd1e5d3e1f8c350e006f/users/68af3d99c99eb7bd2ff47bc8/projects/69f80768ca774c668fbaaed8/jobs/6a22c7a80859d97fbe7b6c88/results/distribution_raw_skin_of_body_Eraslan_Science_2022_Broad_cell_type_X_umap_f44b0f.html
distribution_raw_skin_of_body_Eraslan_Science_2022_Broad_cell_type_X_umap_f44b0f.svg,s3://lifebit-user-data-6941eed90a4dd7a1d1026d7a/deploit/teams/69d8dd1e5d3e1f8c350e006f/users/68af3d99c99eb7bd2ff47bc8/projects/69f80768ca774c668fbaaed8/jobs/6a22c7a80859d97fbe7b6c88/results/distribution_raw_skin_of_body_Eraslan_Science_2022_Broad_cell_type_X_umap_f44b0f.svg
distribution_raw_skin_of_body_Gao_Cell_Death_Dis_2021_CellTypes_X_umap_892850.html,s3://lifebit-user-data-6941eed90a4dd7a1d1026d7a/deploit/teams/69d8dd1e5d3e1f8c350e006f/users/68af3d99c99eb7bd2ff47bc8/projects/69f80768ca774c668fbaaed8/jobs/6a22c7a80859d97fbe7b6c88/results/distribution_raw_skin_of_body_Gao_Cell_Death_Dis_2021_CellTypes_X_umap_892850.html
distribution_raw_skin_of_body_Gao_Cell_Death_Dis_2021_CellTypes_X_umap_892850.svg,s3://lifebit-user-data-6941eed90a4dd7a1d1026d7a/deploit/teams/69d8dd1e5d3e1f8c350e006f/users/68af3d99c99eb7bd2ff47bc8/projects/69f80768ca774c668fbaaed8/jobs/6a22c7a80859d97fbe7b6c88/results/distribution_raw_skin_of_body_Gao_Cell_Death_Dis_2021_CellTypes_X_umap_892850.svg
distribution_raw_skin_of_body_Reynolds_Science_2021_full_clustering_X_umap_05d19d.html,s3://lifebit-user-data-6941eed90a4dd7a1d1026d7a/deploit/teams/69d8dd1e5d3e1f8c350e006f/users/68af3d99c99eb7bd2ff47bc8/projects/69f80768ca774c668fbaaed8/jobs/6a22c7a80859d97fbe7b6c88/results/distribution_raw_skin_of_body_Reynolds_Science_2021_full_clustering_X_umap_05d19d.html
distribution_raw_skin_of_body_Reynolds_Science_2021_full_clustering_X_umap_05d19d.svg,s3://lifebit-user-data-6941eed90a4dd7a1d1026d7a/deploit/teams/69d8dd1e5d3e1f8c350e006f/users/68af3d99c99eb7bd2ff47bc8/projects/69f80768ca774c668fbaaed8/jobs/6a22c7a80859d97fbe7b6c88/results/distribution_raw_skin_of_body_Reynolds_Science_2021_full_clustering_X_umap_05d19d.svg
distribution_raw_skin_of_body_Sole-Boldo_Commun_Biol_2020_Celltype_X_umap_7d9c31.html,s3://lifebit-user-data-6941eed90a4dd7a1d1026d7a/deploit/teams/69d8dd1e5d3e1f8c350e006f/users/68af3d99c99eb7bd2ff47bc8/projects/69f80768ca774c668fbaaed8/jobs/6a22c7a80859d97fbe7b6c88/results/distribution_raw_skin_of_body_Sole-Boldo_Commun_Biol_2020_Celltype_X_umap_7d9c31.html
distribution_raw_skin_of_body_Sole-Boldo_Commun_Biol_2020_Celltype_X_umap_7d9c31.svg,s3://lifebit-user-data-6941eed90a4dd7a1d1026d7a/deploit/teams/69d8dd1e5d3e1f8c350e006f/users/68af3d99c99eb7bd2ff47bc8/projects/69f80768ca774c668fbaaed8/jobs/6a22c7a80859d97fbe7b6c88/results/distribution_raw_skin_of_body_Sole-Boldo_Commun_Biol_2020_Celltype_X_umap_7d9c31.svg
distribution_raw_skin_of_body_Wells_Nat_Immunol_2025_author_cell_type_X_umap_74e9e1.html,s3://lifebit-user-data-6941eed90a4dd7a1d1026d7a/deploit/teams/69d8dd1e5d3e1f8c350e006f/users/68af3d99c99eb7bd2ff47bc8/projects/69f80768ca774c668fbaaed8/jobs/6a22c7a80859d97fbe7b6c88/results/distribution_raw_skin_of_body_Wells_Nat_Immunol_2025_author_cell_type_X_umap_74e9e1.html
distribution_raw_skin_of_body_Wells_Nat_Immunol_2025_author_cell_type_X_umap_74e9e1.svg,s3://lifebit-user-data-6941eed90a4dd7a1d1026d7a/deploit/teams/69d8dd1e5d3e1f8c350e006f/users/68af3d99c99eb7bd2ff47bc8/projects/69f80768ca774c668fbaaed8/jobs/6a22c7a80859d97fbe7b6c88/results/distribution_raw_skin_of_body_Wells_Nat_Immunol_2025_author_cell_type_X_umap_74e9e1.svg
distribution_raw_skin_of_body_Wiedemann_Cell_Reports_2023_author_cell_type_X_tsne_e60c65.html,s3://lifebit-user-data-6941eed90a4dd7a1d1026d7a/deploit/teams/69d8dd1e5d3e1f8c350e006f/users/68af3d99c99eb7bd2ff47bc8/projects/69f80768ca774c668fbaaed8/jobs/6a22c7a80859d97fbe7b6c88/results/distribution_raw_skin_of_body_Wiedemann_Cell_Reports_2023_author_cell_type_X_tsne_e60c65.html
distribution_raw_skin_of_body_Wiedemann_Cell_Reports_2023_author_cell_type_X_tsne_e60c65.svg,s3://lifebit-user-data-6941eed90a4dd7a1d1026d7a/deploit/teams/69d8dd1e5d3e1f8c350e006f/users/68af3d99c99eb7bd2ff47bc8/projects/69f80768ca774c668fbaaed8/jobs/6a22c7a80859d97fbe7b6c88/results/distribution_raw_skin_of_body_Wiedemann_Cell_Reports_2023_author_cell_type_X_tsne_e60c65.svg
dotplot__scaledskin_of_body_Cheng_Cell_Reports_2018_Re-annotation_X_umap_hm_adafa7.svg,s3://lifebit-user-data-6941eed90a4dd7a1d1026d7a/deploit/teams/69d8dd1e5d3e1f8c350e006f/users/68af3d99c99eb7bd2ff47bc8/projects/69f80768ca774c668fbaaed8/jobs/6a22c7a80859d97fbe7b6c88/results/dotplot__scaledskin_of_body_Cheng_Cell_Reports_2018_Re-annotation_X_umap_hm_adafa7.svg
dotplot__scaledskin_of_body_Eraslan_Science_2022_Broad_cell_type_X_umap_f44b0f.svg,s3://lifebit-user-data-6941eed90a4dd7a1d1026d7a/deploit/teams/69d8dd1e5d3e1f8c350e006f/users/68af3d99c99eb7bd2ff47bc8/projects/69f80768ca774c668fbaaed8/jobs/6a22c7a80859d97fbe7b6c88/results/dotplot__scaledskin_of_body_Eraslan_Science_2022_Broad_cell_type_X_umap_f44b0f.svg
dotplot__scaledskin_of_body_Gao_Cell_Death_Dis_2021_CellTypes_X_umap_892850.svg,s3://lifebit-user-data-6941eed90a4dd7a1d1026d7a/deploit/teams/69d8dd1e5d3e1f8c350e006f/users/68af3d99c99eb7bd2ff47bc8/projects/69f80768ca774c668fbaaed8/jobs/6a22c7a80859d97fbe7b6c88/results/dotplot__scaledskin_of_body_Gao_Cell_Death_Dis_2021_CellTypes_X_umap_892850.svg
dotplot__scaledskin_of_body_Reynolds_Science_2021_full_clustering_X_umap_05d19d.svg,s3://lifebit-user-data-6941eed90a4dd7a1d1026d7a/deploit/teams/69d8dd1e5d3e1f8c350e006f/users/68af3d99c99eb7bd2ff47bc8/projects/69f80768ca774c668fbaaed8/jobs/6a22c7a80859d97fbe7b6c88/results/dotplot__scaledskin_of_body_Reynolds_Science_2021_full_clustering_X_umap_05d19d.svg
dotplot__scaledskin_of_body_Sole-Boldo_Commun_Biol_2020_Celltype_X_umap_7d9c31.svg,s3://lifebit-user-data-6941eed90a4dd7a1d1026d7a/deploit/teams/69d8dd1e5d3e1f8c350e006f/users/68af3d99c99eb7bd2ff47bc8/projects/69f80768ca774c668fbaaed8/jobs/6a22c7a80859d97fbe7b6c88/results/dotplot__scaledskin_of_body_Sole-Boldo_Commun_Biol_2020_Celltype_X_umap_7d9c31.svg
dotplot__scaledskin_of_body_Wells_Nat_Immunol_2025_author_cell_type_X_umap_74e9e1.svg,s3://lifebit-user-data-6941eed90a4dd7a1d1026d7a/deploit/teams/69d8dd1e5d3e1f8c350e006f/users/68af3d99c99eb7bd2ff47bc8/projects/69f80768ca774c668fbaaed8/jobs/6a22c7a80859d97fbe7b6c88/results/dotplot__scaledskin_of_body_Wells_Nat_Immunol_2025_author_cell_type_X_umap_74e9e1.svg
dotplot__scaledskin_of_body_Wiedemann_Cell_Reports_2023_author_cell_type_X_tsne_e60c65.svg,s3://lifebit-user-data-6941eed90a4dd7a1d1026d7a/deploit/teams/69d8dd1e5d3e1f8c350e006f/users/68af3d99c99eb7bd2ff47bc8/projects/69f80768ca774c668fbaaed8/jobs/6a22c7a80859d97fbe7b6c88/results/dotplot__scaledskin_of_body_Wiedemann_Cell_Reports_2023_author_cell_type_X_tsne_e60c65.svg
dotplot_skin_of_body_Cheng_Cell_Reports_2018_Re-annotation_X_umap_hm_adafa7.svg,s3://lifebit-user-data-6941eed90a4dd7a1d1026d7a/deploit/teams/69d8dd1e5d3e1f8c350e006f/users/68af3d99c99eb7bd2ff47bc8/projects/69f80768ca774c668fbaaed8/jobs/6a22c7a80859d97fbe7b6c88/results/dotplot_skin_of_body_Cheng_Cell_Reports_2018_Re-annotation_X_umap_hm_adafa7.svg
dotplot_skin_of_body_Eraslan_Science_2022_Broad_cell_type_X_umap_f44b0f.svg,s3://lifebit-user-data-6941eed90a4dd7a1d1026d7a/deploit/teams/69d8dd1e5d3e1f8c350e006f/users/68af3d99c99eb7bd2ff47bc8/projects/69f80768ca774c668fbaaed8/jobs/6a22c7a80859d97fbe7b6c88/results/dotplot_skin_of_body_Eraslan_Science_2022_Broad_cell_type_X_umap_f44b0f.svg
dotplot_skin_of_body_Gao_Cell_Death_Dis_2021_CellTypes_X_umap_892850.svg,s3://lifebit-user-data-6941eed90a4dd7a1d1026d7a/deploit/teams/69d8dd1e5d3e1f8c350e006f/users/68af3d99c99eb7bd2ff47bc8/projects/69f80768ca774c668fbaaed8/jobs/6a22c7a80859d97fbe7b6c88/results/dotplot_skin_of_body_Gao_Cell_Death_Dis_2021_CellTypes_X_umap_892850.svg
dotplot_skin_of_body_Reynolds_Science_2021_full_clustering_X_umap_05d19d.svg,s3://lifebit-user-data-6941eed90a4dd7a1d1026d7a/deploit/teams/69d8dd1e5d3e1f8c350e006f/users/68af3d99c99eb7bd2ff47bc8/projects/69f80768ca774c668fbaaed8/jobs/6a22c7a80859d97fbe7b6c88/results/dotplot_skin_of_body_Reynolds_Science_2021_full_clustering_X_umap_05d19d.svg
dotplot_skin_of_body_Sole-Boldo_Commun_Biol_2020_Celltype_X_umap_7d9c31.svg,s3://lifebit-user-data-6941eed90a4dd7a1d1026d7a/deploit/teams/69d8dd1e5d3e1f8c350e006f/users/68af3d99c99eb7bd2ff47bc8/projects/69f80768ca774c668fbaaed8/jobs/6a22c7a80859d97fbe7b6c88/results/dotplot_skin_of_body_Sole-Boldo_Commun_Biol_2020_Celltype_X_umap_7d9c31.svg
dotplot_skin_of_body_Wells_Nat_Immunol_2025_author_cell_type_X_umap_74e9e1.svg,s3://lifebit-user-data-6941eed90a4dd7a1d1026d7a/deploit/teams/69d8dd1e5d3e1f8c350e006f/users/68af3d99c99eb7bd2ff47bc8/projects/69f80768ca774c668fbaaed8/jobs/6a22c7a80859d97fbe7b6c88/results/dotplot_skin_of_body_Wells_Nat_Immunol_2025_author_cell_type_X_umap_74e9e1.svg
dotplot_skin_of_body_Wiedemann_Cell_Reports_2023_author_cell_type_X_tsne_e60c65.svg,s3://lifebit-user-data-6941eed90a4dd7a1d1026d7a/deploit/teams/69d8dd1e5d3e1f8c350e006f/users/68af3d99c99eb7bd2ff47bc8/projects/69f80768ca774c668fbaaed8/jobs/6a22c7a80859d97fbe7b6c88/results/dotplot_skin_of_body_Wiedemann_Cell_Reports_2023_author_cell_type_X_tsne_e60c65.svg
gene_selection_ensg_skin_of_body_Cheng_Cell_Reports_2018_Re-annotation_X_umap_hm_adafa7.csv,s3://lifebit-user-data-6941eed90a4dd7a1d1026d7a/deploit/teams/69d8dd1e5d3e1f8c350e006f/users/68af3d99c99eb7bd2ff47bc8/projects/69f80768ca774c668fbaaed8/jobs/6a22c7a80859d97fbe7b6c88/results/gene_selection_ensg_skin_of_body_Cheng_Cell_Reports_2018_Re-annotation_X_umap_hm_adafa7.csv
gene_selection_ensg_skin_of_body_Eraslan_Science_2022_Broad_cell_type_X_umap_f44b0f.csv,s3://lifebit-user-data-6941eed90a4dd7a1d1026d7a/deploit/teams/69d8dd1e5d3e1f8c350e006f/users/68af3d99c99eb7bd2ff47bc8/projects/69f80768ca774c668fbaaed8/jobs/6a22c7a80859d97fbe7b6c88/results/gene_selection_ensg_skin_of_body_Eraslan_Science_2022_Broad_cell_type_X_umap_f44b0f.csv
gene_selection_ensg_skin_of_body_Gao_Cell_Death_Dis_2021_CellTypes_X_umap_892850.csv,s3://lifebit-user-data-6941eed90a4dd7a1d1026d7a/deploit/teams/69d8dd1e5d3e1f8c350e006f/users/68af3d99c99eb7bd2ff47bc8/projects/69f80768ca774c668fbaaed8/jobs/6a22c7a80859d97fbe7b6c88/results/gene_selection_ensg_skin_of_body_Gao_Cell_Death_Dis_2021_CellTypes_X_umap_892850.csv
gene_selection_ensg_skin_of_body_Reynolds_Science_2021_full_clustering_X_umap_05d19d.csv,s3://lifebit-user-data-6941eed90a4dd7a1d1026d7a/deploit/teams/69d8dd1e5d3e1f8c350e006f/users/68af3d99c99eb7bd2ff47bc8/projects/69f80768ca774c668fbaaed8/jobs/6a22c7a80859d97fbe7b6c88/results/gene_selection_ensg_skin_of_body_Reynolds_Science_2021_full_clustering_X_umap_05d19d.csv
gene_selection_ensg_skin_of_body_Sole-Boldo_Commun_Biol_2020_Celltype_X_umap_7d9c31.csv,s3://lifebit-user-data-6941eed90a4dd7a1d1026d7a/deploit/teams/69d8dd1e5d3e1f8c350e006f/users/68af3d99c99eb7bd2ff47bc8/projects/69f80768ca774c668fbaaed8/jobs/6a22c7a80859d97fbe7b6c88/results/gene_selection_ensg_skin_of_body_Sole-Boldo_Commun_Biol_2020_Celltype_X_umap_7d9c31.csv
gene_selection_ensg_skin_of_body_Wells_Nat_Immunol_2025_author_cell_type_X_umap_74e9e1.csv,s3://lifebit-user-data-6941eed90a4dd7a1d1026d7a/deploit/teams/69d8dd1e5d3e1f8c350e006f/users/68af3d99c99eb7bd2ff47bc8/projects/69f80768ca774c668fbaaed8/jobs/6a22c7a80859d97fbe7b6c88/results/gene_selection_ensg_skin_of_body_Wells_Nat_Immunol_2025_author_cell_type_X_umap_74e9e1.csv
gene_selection_ensg_skin_of_body_Wiedemann_Cell_Reports_2023_author_cell_type_X_tsne_e60c65.csv,s3://lifebit-user-data-6941eed90a4dd7a1d1026d7a/deploit/teams/69d8dd1e5d3e1f8c350e006f/users/68af3d99c99eb7bd2ff47bc8/projects/69f80768ca774c668fbaaed8/jobs/6a22c7a80859d97fbe7b6c88/results/gene_selection_ensg_skin_of_body_Wiedemann_Cell_Reports_2023_author_cell_type_X_tsne_e60c65.csv
gene_selection_symbols_skin_of_body_Cheng_Cell_Reports_2018_Re-annotation_X_umap_hm_adafa7.csv,s3://lifebit-user-data-6941eed90a4dd7a1d1026d7a/deploit/teams/69d8dd1e5d3e1f8c350e006f/users/68af3d99c99eb7bd2ff47bc8/projects/69f80768ca774c668fbaaed8/jobs/6a22c7a80859d97fbe7b6c88/results/gene_selection_symbols_skin_of_body_Cheng_Cell_Reports_2018_Re-annotation_X_umap_hm_adafa7.csv
gene_selection_symbols_skin_of_body_Eraslan_Science_2022_Broad_cell_type_X_umap_f44b0f.csv,s3://lifebit-user-data-6941eed90a4dd7a1d1026d7a/deploit/teams/69d8dd1e5d3e1f8c350e006f/users/68af3d99c99eb7bd2ff47bc8/projects/69f80768ca774c668fbaaed8/jobs/6a22c7a80859d97fbe7b6c88/results/gene_selection_symbols_skin_of_body_Eraslan_Science_2022_Broad_cell_type_X_umap_f44b0f.csv
gene_selection_symbols_skin_of_body_Gao_Cell_Death_Dis_2021_CellTypes_X_umap_892850.csv,s3://lifebit-user-data-6941eed90a4dd7a1d1026d7a/deploit/teams/69d8dd1e5d3e1f8c350e006f/users/68af3d99c99eb7bd2ff47bc8/projects/69f80768ca774c668fbaaed8/jobs/6a22c7a80859d97fbe7b6c88/results/gene_selection_symbols_skin_of_body_Gao_Cell_Death_Dis_2021_CellTypes_X_umap_892850.csv
gene_selection_symbols_skin_of_body_Reynolds_Science_2021_full_clustering_X_umap_05d19d.csv,s3://lifebit-user-data-6941eed90a4dd7a1d1026d7a/deploit/teams/69d8dd1e5d3e1f8c350e006f/users/68af3d99c99eb7bd2ff47bc8/projects/69f80768ca774c668fbaaed8/jobs/6a22c7a80859d97fbe7b6c88/results/gene_selection_symbols_skin_of_body_Reynolds_Science_2021_full_clustering_X_umap_05d19d.csv
gene_selection_symbols_skin_of_body_Sole-Boldo_Commun_Biol_2020_Celltype_X_umap_7d9c31.csv,s3://lifebit-user-data-6941eed90a4dd7a1d1026d7a/deploit/teams/69d8dd1e5d3e1f8c350e006f/users/68af3d99c99eb7bd2ff47bc8/projects/69f80768ca774c668fbaaed8/jobs/6a22c7a80859d97fbe7b6c88/results/gene_selection_symbols_skin_of_body_Sole-Boldo_Commun_Biol_2020_Celltype_X_umap_7d9c31.csv
gene_selection_symbols_skin_of_body_Wells_Nat_Immunol_2025_author_cell_type_X_umap_74e9e1.csv,s3://lifebit-user-data-6941eed90a4dd7a1d1026d7a/deploit/teams/69d8dd1e5d3e1f8c350e006f/users/68af3d99c99eb7bd2ff47bc8/projects/69f80768ca774c668fbaaed8/jobs/6a22c7a80859d97fbe7b6c88/results/gene_selection_symbols_skin_of_body_Wells_Nat_Immunol_2025_author_cell_type_X_umap_74e9e1.csv
gene_selection_symbols_skin_of_body_Wiedemann_Cell_Reports_2023_author_cell_type_X_tsne_e60c65.csv,s3://lifebit-user-data-6941eed90a4dd7a1d1026d7a/deploit/teams/69d8dd1e5d3e1f8c350e006f/users/68af3d99c99eb7bd2ff47bc8/projects/69f80768ca774c668fbaaed8/jobs/6a22c7a80859d97fbe7b6c88/results/gene_selection_symbols_skin_of_body_Wiedemann_Cell_Reports_2023_author_cell_type_X_tsne_e60c65.csv
hist_nonzero_binary_scores_skin_of_body_Cheng_Cell_Reports_2018_Re-annotation_X_umap_hm_adafa7.svg,s3://lifebit-user-data-6941eed90a4dd7a1d1026d7a/deploit/teams/69d8dd1e5d3e1f8c350e006f/users/68af3d99c99eb7bd2ff47bc8/projects/69f80768ca774c668fbaaed8/jobs/6a22c7a80859d97fbe7b6c88/results/hist_nonzero_binary_scores_skin_of_body_Cheng_Cell_Reports_2018_Re-annotation_X_umap_hm_adafa7.svg
hist_nonzero_binary_scores_skin_of_body_Eraslan_Science_2022_Broad_cell_type_X_umap_f44b0f.svg,s3://lifebit-user-data-6941eed90a4dd7a1d1026d7a/deploit/teams/69d8dd1e5d3e1f8c350e006f/users/68af3d99c99eb7bd2ff47bc8/projects/69f80768ca774c668fbaaed8/jobs/6a22c7a80859d97fbe7b6c88/results/hist_nonzero_binary_scores_skin_of_body_Eraslan_Science_2022_Broad_cell_type_X_umap_f44b0f.svg
hist_nonzero_binary_scores_skin_of_body_Gao_Cell_Death_Dis_2021_CellTypes_X_umap_892850.svg,s3://lifebit-user-data-6941eed90a4dd7a1d1026d7a/deploit/teams/69d8dd1e5d3e1f8c350e006f/users/68af3d99c99eb7bd2ff47bc8/projects/69f80768ca774c668fbaaed8/jobs/6a22c7a80859d97fbe7b6c88/results/hist_nonzero_binary_scores_skin_of_body_Gao_Cell_Death_Dis_2021_CellTypes_X_umap_892850.svg
hist_nonzero_binary_scores_skin_of_body_Reynolds_Science_2021_full_clustering_X_umap_05d19d.svg,s3://lifebit-user-data-6941eed90a4dd7a1d1026d7a/deploit/teams/69d8dd1e5d3e1f8c350e006f/users/68af3d99c99eb7bd2ff47bc8/projects/69f80768ca774c668fbaaed8/jobs/6a22c7a80859d97fbe7b6c88/results/hist_nonzero_binary_scores_skin_of_body_Reynolds_Science_2021_full_clustering_X_umap_05d19d.svg
hist_nonzero_binary_scores_skin_of_body_Sole-Boldo_Commun_Biol_2020_Celltype_X_umap_7d9c31.svg,s3://lifebit-user-data-6941eed90a4dd7a1d1026d7a/deploit/teams/69d8dd1e5d3e1f8c350e006f/users/68af3d99c99eb7bd2ff47bc8/projects/69f80768ca774c668fbaaed8/jobs/6a22c7a80859d97fbe7b6c88/results/hist_nonzero_binary_scores_skin_of_body_Sole-Boldo_Commun_Biol_2020_Celltype_X_umap_7d9c31.svg
hist_nonzero_binary_scores_skin_of_body_Wells_Nat_Immunol_2025_author_cell_type_X_umap_74e9e1.svg,s3://lifebit-user-data-6941eed90a4dd7a1d1026d7a/deploit/teams/69d8dd1e5d3e1f8c350e006f/users/68af3d99c99eb7bd2ff47bc8/projects/69f80768ca774c668fbaaed8/jobs/6a22c7a80859d97fbe7b6c88/results/hist_nonzero_binary_scores_skin_of_body_Wells_Nat_Immunol_2025_author_cell_type_X_umap_74e9e1.svg
hist_nonzero_binary_scores_skin_of_body_Wiedemann_Cell_Reports_2023_author_cell_type_X_tsne_e60c65.svg,s3://lifebit-user-data-6941eed90a4dd7a1d1026d7a/deploit/teams/69d8dd1e5d3e1f8c350e006f/users/68af3d99c99eb7bd2ff47bc8/projects/69f80768ca774c668fbaaed8/jobs/6a22c7a80859d97fbe7b6c88/results/hist_nonzero_binary_scores_skin_of_body_Wiedemann_Cell_Reports_2023_author_cell_type_X_tsne_e60c65.svg
hist_nonzero_medians_skin_of_body_Cheng_Cell_Reports_2018_Re-annotation_X_umap_hm_adafa7.svg,s3://lifebit-user-data-6941eed90a4dd7a1d1026d7a/deploit/teams/69d8dd1e5d3e1f8c350e006f/users/68af3d99c99eb7bd2ff47bc8/projects/69f80768ca774c668fbaaed8/jobs/6a22c7a80859d97fbe7b6c88/results/hist_nonzero_medians_skin_of_body_Cheng_Cell_Reports_2018_Re-annotation_X_umap_hm_adafa7.svg
hist_nonzero_medians_skin_of_body_Eraslan_Science_2022_Broad_cell_type_X_umap_f44b0f.svg,s3://lifebit-user-data-6941eed90a4dd7a1d1026d7a/deploit/teams/69d8dd1e5d3e1f8c350e006f/users/68af3d99c99eb7bd2ff47bc8/projects/69f80768ca774c668fbaaed8/jobs/6a22c7a80859d97fbe7b6c88/results/hist_nonzero_medians_skin_of_body_Eraslan_Science_2022_Broad_cell_type_X_umap_f44b0f.svg
hist_nonzero_medians_skin_of_body_Gao_Cell_Death_Dis_2021_CellTypes_X_umap_892850.svg,s3://lifebit-user-data-6941eed90a4dd7a1d1026d7a/deploit/teams/69d8dd1e5d3e1f8c350e006f/users/68af3d99c99eb7bd2ff47bc8/projects/69f80768ca774c668fbaaed8/jobs/6a22c7a80859d97fbe7b6c88/results/hist_nonzero_medians_skin_of_body_Gao_Cell_Death_Dis_2021_CellTypes_X_umap_892850.svg
hist_nonzero_medians_skin_of_body_Reynolds_Science_2021_full_clustering_X_umap_05d19d.svg,s3://lifebit-user-data-6941eed90a4dd7a1d1026d7a/deploit/teams/69d8dd1e5d3e1f8c350e006f/users/68af3d99c99eb7bd2ff47bc8/projects/69f80768ca774c668fbaaed8/jobs/6a22c7a80859d97fbe7b6c88/results/hist_nonzero_medians_skin_of_body_Reynolds_Science_2021_full_clustering_X_umap_05d19d.svg
hist_nonzero_medians_skin_of_body_Sole-Boldo_Commun_Biol_2020_Celltype_X_umap_7d9c31.svg,s3://lifebit-user-data-6941eed90a4dd7a1d1026d7a/deploit/teams/69d8dd1e5d3e1f8c350e006f/users/68af3d99c99eb7bd2ff47bc8/projects/69f80768ca774c668fbaaed8/jobs/6a22c7a80859d97fbe7b6c88/results/hist_nonzero_medians_skin_of_body_Sole-Boldo_Commun_Biol_2020_Celltype_X_umap_7d9c31.svg
hist_nonzero_medians_skin_of_body_Wells_Nat_Immunol_2025_author_cell_type_X_umap_74e9e1.svg,s3://lifebit-user-data-6941eed90a4dd7a1d1026d7a/deploit/teams/69d8dd1e5d3e1f8c350e006f/users/68af3d99c99eb7bd2ff47bc8/projects/69f80768ca774c668fbaaed8/jobs/6a22c7a80859d97fbe7b6c88/results/hist_nonzero_medians_skin_of_body_Wells_Nat_Immunol_2025_author_cell_type_X_umap_74e9e1.svg
hist_nonzero_medians_skin_of_body_Wiedemann_Cell_Reports_2023_author_cell_type_X_tsne_e60c65.svg,s3://lifebit-user-data-6941eed90a4dd7a1d1026d7a/deploit/teams/69d8dd1e5d3e1f8c350e006f/users/68af3d99c99eb7bd2ff47bc8/projects/69f80768ca774c668fbaaed8/jobs/6a22c7a80859d97fbe7b6c88/results/hist_nonzero_medians_skin_of_body_Wiedemann_Cell_Reports_2023_author_cell_type_X_tsne_e60c65.svg
markers_ensg_skin_of_body_Cheng_Cell_Reports_2018_Re-annotation_X_umap_hm_adafa7.csv,s3://lifebit-user-data-6941eed90a4dd7a1d1026d7a/deploit/teams/69d8dd1e5d3e1f8c350e006f/users/68af3d99c99eb7bd2ff47bc8/projects/69f80768ca774c668fbaaed8/jobs/6a22c7a80859d97fbe7b6c88/results/markers_ensg_skin_of_body_Cheng_Cell_Reports_2018_Re-annotation_X_umap_hm_adafa7.csv
markers_ensg_skin_of_body_Eraslan_Science_2022_Broad_cell_type_X_umap_f44b0f.csv,s3://lifebit-user-data-6941eed90a4dd7a1d1026d7a/deploit/teams/69d8dd1e5d3e1f8c350e006f/users/68af3d99c99eb7bd2ff47bc8/projects/69f80768ca774c668fbaaed8/jobs/6a22c7a80859d97fbe7b6c88/results/markers_ensg_skin_of_body_Eraslan_Science_2022_Broad_cell_type_X_umap_f44b0f.csv
markers_ensg_skin_of_body_Gao_Cell_Death_Dis_2021_CellTypes_X_umap_892850.csv,s3://lifebit-user-data-6941eed90a4dd7a1d1026d7a/deploit/teams/69d8dd1e5d3e1f8c350e006f/users/68af3d99c99eb7bd2ff47bc8/projects/69f80768ca774c668fbaaed8/jobs/6a22c7a80859d97fbe7b6c88/results/markers_ensg_skin_of_body_Gao_Cell_Death_Dis_2021_CellTypes_X_umap_892850.csv
markers_ensg_skin_of_body_Reynolds_Science_2021_full_clustering_X_umap_05d19d.csv,s3://lifebit-user-data-6941eed90a4dd7a1d1026d7a/deploit/teams/69d8dd1e5d3e1f8c350e006f/users/68af3d99c99eb7bd2ff47bc8/projects/69f80768ca774c668fbaaed8/jobs/6a22c7a80859d97fbe7b6c88/results/markers_ensg_skin_of_body_Reynolds_Science_2021_full_clustering_X_umap_05d19d.csv
markers_ensg_skin_of_body_Sole-Boldo_Commun_Biol_2020_Celltype_X_umap_7d9c31.csv,s3://lifebit-user-data-6941eed90a4dd7a1d1026d7a/deploit/teams/69d8dd1e5d3e1f8c350e006f/users/68af3d99c99eb7bd2ff47bc8/projects/69f80768ca774c668fbaaed8/jobs/6a22c7a80859d97fbe7b6c88/results/markers_ensg_skin_of_body_Sole-Boldo_Commun_Biol_2020_Celltype_X_umap_7d9c31.csv
markers_ensg_skin_of_body_Wells_Nat_Immunol_2025_author_cell_type_X_umap_74e9e1.csv,s3://lifebit-user-data-6941eed90a4dd7a1d1026d7a/deploit/teams/69d8dd1e5d3e1f8c350e006f/users/68af3d99c99eb7bd2ff47bc8/projects/69f80768ca774c668fbaaed8/jobs/6a22c7a80859d97fbe7b6c88/results/markers_ensg_skin_of_body_Wells_Nat_Immunol_2025_author_cell_type_X_umap_74e9e1.csv
markers_ensg_skin_of_body_Wiedemann_Cell_Reports_2023_author_cell_type_X_tsne_e60c65.csv,s3://lifebit-user-data-6941eed90a4dd7a1d1026d7a/deploit/teams/69d8dd1e5d3e1f8c350e006f/users/68af3d99c99eb7bd2ff47bc8/projects/69f80768ca774c668fbaaed8/jobs/6a22c7a80859d97fbe7b6c88/results/markers_ensg_skin_of_body_Wiedemann_Cell_Reports_2023_author_cell_type_X_tsne_e60c65.csv
markers_onTarget_ensg_skin_of_body_Cheng_Cell_Reports_2018_Re-annotation_X_umap_hm_adafa7.csv,s3://lifebit-user-data-6941eed90a4dd7a1d1026d7a/deploit/teams/69d8dd1e5d3e1f8c350e006f/users/68af3d99c99eb7bd2ff47bc8/projects/69f80768ca774c668fbaaed8/jobs/6a22c7a80859d97fbe7b6c88/results/markers_onTarget_ensg_skin_of_body_Cheng_Cell_Reports_2018_Re-annotation_X_umap_hm_adafa7.csv
markers_onTarget_ensg_skin_of_body_Eraslan_Science_2022_Broad_cell_type_X_umap_f44b0f.csv,s3://lifebit-user-data-6941eed90a4dd7a1d1026d7a/deploit/teams/69d8dd1e5d3e1f8c350e006f/users/68af3d99c99eb7bd2ff47bc8/projects/69f80768ca774c668fbaaed8/jobs/6a22c7a80859d97fbe7b6c88/results/markers_onTarget_ensg_skin_of_body_Eraslan_Science_2022_Broad_cell_type_X_umap_f44b0f.csv
markers_onTarget_ensg_skin_of_body_Gao_Cell_Death_Dis_2021_CellTypes_X_umap_892850.csv,s3://lifebit-user-data-6941eed90a4dd7a1d1026d7a/deploit/teams/69d8dd1e5d3e1f8c350e006f/users/68af3d99c99eb7bd2ff47bc8/projects/69f80768ca774c668fbaaed8/jobs/6a22c7a80859d97fbe7b6c88/results/markers_onTarget_ensg_skin_of_body_Gao_Cell_Death_Dis_2021_CellTypes_X_umap_892850.csv
markers_onTarget_ensg_skin_of_body_Reynolds_Science_2021_full_clustering_X_umap_05d19d.csv,s3://lifebit-user-data-6941eed90a4dd7a1d1026d7a/deploit/teams/69d8dd1e5d3e1f8c350e006f/users/68af3d99c99eb7bd2ff47bc8/projects/69f80768ca774c668fbaaed8/jobs/6a22c7a80859d97fbe7b6c88/results/markers_onTarget_ensg_skin_of_body_Reynolds_Science_2021_full_clustering_X_umap_05d19d.csv
markers_onTarget_ensg_skin_of_body_Sole-Boldo_Commun_Biol_2020_Celltype_X_umap_7d9c31.csv,s3://lifebit-user-data-6941eed90a4dd7a1d1026d7a/deploit/teams/69d8dd1e5d3e1f8c350e006f/users/68af3d99c99eb7bd2ff47bc8/projects/69f80768ca774c668fbaaed8/jobs/6a22c7a80859d97fbe7b6c88/results/markers_onTarget_ensg_skin_of_body_Sole-Boldo_Commun_Biol_2020_Celltype_X_umap_7d9c31.csv
markers_onTarget_ensg_skin_of_body_Wells_Nat_Immunol_2025_author_cell_type_X_umap_74e9e1.csv,s3://lifebit-user-data-6941eed90a4dd7a1d1026d7a/deploit/teams/69d8dd1e5d3e1f8c350e006f/users/68af3d99c99eb7bd2ff47bc8/projects/69f80768ca774c668fbaaed8/jobs/6a22c7a80859d97fbe7b6c88/results/markers_onTarget_ensg_skin_of_body_Wells_Nat_Immunol_2025_author_cell_type_X_umap_74e9e1.csv
markers_onTarget_ensg_skin_of_body_Wiedemann_Cell_Reports_2023_author_cell_type_X_tsne_e60c65.csv,s3://lifebit-user-data-6941eed90a4dd7a1d1026d7a/deploit/teams/69d8dd1e5d3e1f8c350e006f/users/68af3d99c99eb7bd2ff47bc8/projects/69f80768ca774c668fbaaed8/jobs/6a22c7a80859d97fbe7b6c88/results/markers_onTarget_ensg_skin_of_body_Wiedemann_Cell_Reports_2023_author_cell_type_X_tsne_e60c65.csv
markers_onTarget_supp_ensg_skin_of_body_Cheng_Cell_Reports_2018_Re-annotation_X_umap_hm_adafa7.csv,s3://lifebit-user-data-6941eed90a4dd7a1d1026d7a/deploit/teams/69d8dd1e5d3e1f8c350e006f/users/68af3d99c99eb7bd2ff47bc8/projects/69f80768ca774c668fbaaed8/jobs/6a22c7a80859d97fbe7b6c88/results/markers_onTarget_supp_ensg_skin_of_body_Cheng_Cell_Reports_2018_Re-annotation_X_umap_hm_adafa7.csv
markers_onTarget_supp_ensg_skin_of_body_Eraslan_Science_2022_Broad_cell_type_X_umap_f44b0f.csv,s3://lifebit-user-data-6941eed90a4dd7a1d1026d7a/deploit/teams/69d8dd1e5d3e1f8c350e006f/users/68af3d99c99eb7bd2ff47bc8/projects/69f80768ca774c668fbaaed8/jobs/6a22c7a80859d97fbe7b6c88/results/markers_onTarget_supp_ensg_skin_of_body_Eraslan_Science_2022_Broad_cell_type_X_umap_f44b0f.csv
markers_onTarget_supp_ensg_skin_of_body_Gao_Cell_Death_Dis_2021_CellTypes_X_umap_892850.csv,s3://lifebit-user-data-6941eed90a4dd7a1d1026d7a/deploit/teams/69d8dd1e5d3e1f8c350e006f/users/68af3d99c99eb7bd2ff47bc8/projects/69f80768ca774c668fbaaed8/jobs/6a22c7a80859d97fbe7b6c88/results/markers_onTarget_supp_ensg_skin_of_body_Gao_Cell_Death_Dis_2021_CellTypes_X_umap_892850.csv
markers_onTarget_supp_ensg_skin_of_body_Reynolds_Science_2021_full_clustering_X_umap_05d19d.csv,s3://lifebit-user-data-6941eed90a4dd7a1d1026d7a/deploit/teams/69d8dd1e5d3e1f8c350e006f/users/68af3d99c99eb7bd2ff47bc8/projects/69f80768ca774c668fbaaed8/jobs/6a22c7a80859d97fbe7b6c88/results/markers_onTarget_supp_ensg_skin_of_body_Reynolds_Science_2021_full_clustering_X_umap_05d19d.csv
markers_onTarget_supp_ensg_skin_of_body_Sole-Boldo_Commun_Biol_2020_Celltype_X_umap_7d9c31.csv,s3://lifebit-user-data-6941eed90a4dd7a1d1026d7a/deploit/teams/69d8dd1e5d3e1f8c350e006f/users/68af3d99c99eb7bd2ff47bc8/projects/69f80768ca774c668fbaaed8/jobs/6a22c7a80859d97fbe7b6c88/results/markers_onTarget_supp_ensg_skin_of_body_Sole-Boldo_Commun_Biol_2020_Celltype_X_umap_7d9c31.csv
markers_onTarget_supp_ensg_skin_of_body_Wells_Nat_Immunol_2025_author_cell_type_X_umap_74e9e1.csv,s3://lifebit-user-data-6941eed90a4dd7a1d1026d7a/deploit/teams/69d8dd1e5d3e1f8c350e006f/users/68af3d99c99eb7bd2ff47bc8/projects/69f80768ca774c668fbaaed8/jobs/6a22c7a80859d97fbe7b6c88/results/markers_onTarget_supp_ensg_skin_of_body_Wells_Nat_Immunol_2025_author_cell_type_X_umap_74e9e1.csv
markers_onTarget_supp_ensg_skin_of_body_Wiedemann_Cell_Reports_2023_author_cell_type_X_tsne_e60c65.csv,s3://lifebit-user-data-6941eed90a4dd7a1d1026d7a/deploit/teams/69d8dd1e5d3e1f8c350e006f/users/68af3d99c99eb7bd2ff47bc8/projects/69f80768ca774c668fbaaed8/jobs/6a22c7a80859d97fbe7b6c88/results/markers_onTarget_supp_ensg_skin_of_body_Wiedemann_Cell_Reports_2023_author_cell_type_X_tsne_e60c65.csv
markers_onTarget_supp_symbols_skin_of_body_Cheng_Cell_Reports_2018_Re-annotation_X_umap_hm_adafa7.csv,s3://lifebit-user-data-6941eed90a4dd7a1d1026d7a/deploit/teams/69d8dd1e5d3e1f8c350e006f/users/68af3d99c99eb7bd2ff47bc8/projects/69f80768ca774c668fbaaed8/jobs/6a22c7a80859d97fbe7b6c88/results/markers_onTarget_supp_symbols_skin_of_body_Cheng_Cell_Reports_2018_Re-annotation_X_umap_hm_adafa7.csv
markers_onTarget_supp_symbols_skin_of_body_Eraslan_Science_2022_Broad_cell_type_X_umap_f44b0f.csv,s3://lifebit-user-data-6941eed90a4dd7a1d1026d7a/deploit/teams/69d8dd1e5d3e1f8c350e006f/users/68af3d99c99eb7bd2ff47bc8/projects/69f80768ca774c668fbaaed8/jobs/6a22c7a80859d97fbe7b6c88/results/markers_onTarget_supp_symbols_skin_of_body_Eraslan_Science_2022_Broad_cell_type_X_umap_f44b0f.csv
markers_onTarget_supp_symbols_skin_of_body_Gao_Cell_Death_Dis_2021_CellTypes_X_umap_892850.csv,s3://lifebit-user-data-6941eed90a4dd7a1d1026d7a/deploit/teams/69d8dd1e5d3e1f8c350e006f/users/68af3d99c99eb7bd2ff47bc8/projects/69f80768ca774c668fbaaed8/jobs/6a22c7a80859d97fbe7b6c88/results/markers_onTarget_supp_symbols_skin_of_body_Gao_Cell_Death_Dis_2021_CellTypes_X_umap_892850.csv
markers_onTarget_supp_symbols_skin_of_body_Reynolds_Science_2021_full_clustering_X_umap_05d19d.csv,s3://lifebit-user-data-6941eed90a4dd7a1d1026d7a/deploit/teams/69d8dd1e5d3e1f8c350e006f/users/68af3d99c99eb7bd2ff47bc8/projects/69f80768ca774c668fbaaed8/jobs/6a22c7a80859d97fbe7b6c88/results/markers_onTarget_supp_symbols_skin_of_body_Reynolds_Science_2021_full_clustering_X_umap_05d19d.csv
markers_onTarget_supp_symbols_skin_of_body_Sole-Boldo_Commun_Biol_2020_Celltype_X_umap_7d9c31.csv,s3://lifebit-user-data-6941eed90a4dd7a1d1026d7a/deploit/teams/69d8dd1e5d3e1f8c350e006f/users/68af3d99c99eb7bd2ff47bc8/projects/69f80768ca774c668fbaaed8/jobs/6a22c7a80859d97fbe7b6c88/results/markers_onTarget_supp_symbols_skin_of_body_Sole-Boldo_Commun_Biol_2020_Celltype_X_umap_7d9c31.csv
markers_onTarget_supp_symbols_skin_of_body_Wells_Nat_Immunol_2025_author_cell_type_X_umap_74e9e1.csv,s3://lifebit-user-data-6941eed90a4dd7a1d1026d7a/deploit/teams/69d8dd1e5d3e1f8c350e006f/users/68af3d99c99eb7bd2ff47bc8/projects/69f80768ca774c668fbaaed8/jobs/6a22c7a80859d97fbe7b6c88/results/markers_onTarget_supp_symbols_skin_of_body_Wells_Nat_Immunol_2025_author_cell_type_X_umap_74e9e1.csv
markers_onTarget_supp_symbols_skin_of_body_Wiedemann_Cell_Reports_2023_author_cell_type_X_tsne_e60c65.csv,s3://lifebit-user-data-6941eed90a4dd7a1d1026d7a/deploit/teams/69d8dd1e5d3e1f8c350e006f/users/68af3d99c99eb7bd2ff47bc8/projects/69f80768ca774c668fbaaed8/jobs/6a22c7a80859d97fbe7b6c88/results/markers_onTarget_supp_symbols_skin_of_body_Wiedemann_Cell_Reports_2023_author_cell_type_X_tsne_e60c65.csv
markers_onTarget_symbols_skin_of_body_Cheng_Cell_Reports_2018_Re-annotation_X_umap_hm_adafa7.csv,s3://lifebit-user-data-6941eed90a4dd7a1d1026d7a/deploit/teams/69d8dd1e5d3e1f8c350e006f/users/68af3d99c99eb7bd2ff47bc8/projects/69f80768ca774c668fbaaed8/jobs/6a22c7a80859d97fbe7b6c88/results/markers_onTarget_symbols_skin_of_body_Cheng_Cell_Reports_2018_Re-annotation_X_umap_hm_adafa7.csv
markers_onTarget_symbols_skin_of_body_Eraslan_Science_2022_Broad_cell_type_X_umap_f44b0f.csv,s3://lifebit-user-data-6941eed90a4dd7a1d1026d7a/deploit/teams/69d8dd1e5d3e1f8c350e006f/users/68af3d99c99eb7bd2ff47bc8/projects/69f80768ca774c668fbaaed8/jobs/6a22c7a80859d97fbe7b6c88/results/markers_onTarget_symbols_skin_of_body_Eraslan_Science_2022_Broad_cell_type_X_umap_f44b0f.csv
markers_onTarget_symbols_skin_of_body_Gao_Cell_Death_Dis_2021_CellTypes_X_umap_892850.csv,s3://lifebit-user-data-6941eed90a4dd7a1d1026d7a/deploit/teams/69d8dd1e5d3e1f8c350e006f/users/68af3d99c99eb7bd2ff47bc8/projects/69f80768ca774c668fbaaed8/jobs/6a22c7a80859d97fbe7b6c88/results/markers_onTarget_symbols_skin_of_body_Gao_Cell_Death_Dis_2021_CellTypes_X_umap_892850.csv
markers_onTarget_symbols_skin_of_body_Reynolds_Science_2021_full_clustering_X_umap_05d19d.csv,s3://lifebit-user-data-6941eed90a4dd7a1d1026d7a/deploit/teams/69d8dd1e5d3e1f8c350e006f/users/68af3d99c99eb7bd2ff47bc8/projects/69f80768ca774c668fbaaed8/jobs/6a22c7a80859d97fbe7b6c88/results/markers_onTarget_symbols_skin_of_body_Reynolds_Science_2021_full_clustering_X_umap_05d19d.csv
markers_onTarget_symbols_skin_of_body_Sole-Boldo_Commun_Biol_2020_Celltype_X_umap_7d9c31.csv,s3://lifebit-user-data-6941eed90a4dd7a1d1026d7a/deploit/teams/69d8dd1e5d3e1f8c350e006f/users/68af3d99c99eb7bd2ff47bc8/projects/69f80768ca774c668fbaaed8/jobs/6a22c7a80859d97fbe7b6c88/results/markers_onTarget_symbols_skin_of_body_Sole-Boldo_Commun_Biol_2020_Celltype_X_umap_7d9c31.csv
markers_onTarget_symbols_skin_of_body_Wells_Nat_Immunol_2025_author_cell_type_X_umap_74e9e1.csv,s3://lifebit-user-data-6941eed90a4dd7a1d1026d7a/deploit/teams/69d8dd1e5d3e1f8c350e006f/users/68af3d99c99eb7bd2ff47bc8/projects/69f80768ca774c668fbaaed8/jobs/6a22c7a80859d97fbe7b6c88/results/markers_onTarget_symbols_skin_of_body_Wells_Nat_Immunol_2025_author_cell_type_X_umap_74e9e1.csv
markers_onTarget_symbols_skin_of_body_Wiedemann_Cell_Reports_2023_author_cell_type_X_tsne_e60c65.csv,s3://lifebit-user-data-6941eed90a4dd7a1d1026d7a/deploit/teams/69d8dd1e5d3e1f8c350e006f/users/68af3d99c99eb7bd2ff47bc8/projects/69f80768ca774c668fbaaed8/jobs/6a22c7a80859d97fbe7b6c88/results/markers_onTarget_symbols_skin_of_body_Wiedemann_Cell_Reports_2023_author_cell_type_X_tsne_e60c65.csv
markers_symbols_skin_of_body_Cheng_Cell_Reports_2018_Re-annotation_X_umap_hm_adafa7.csv,s3://lifebit-user-data-6941eed90a4dd7a1d1026d7a/deploit/teams/69d8dd1e5d3e1f8c350e006f/users/68af3d99c99eb7bd2ff47bc8/projects/69f80768ca774c668fbaaed8/jobs/6a22c7a80859d97fbe7b6c88/results/markers_symbols_skin_of_body_Cheng_Cell_Reports_2018_Re-annotation_X_umap_hm_adafa7.csv
markers_symbols_skin_of_body_Eraslan_Science_2022_Broad_cell_type_X_umap_f44b0f.csv,s3://lifebit-user-data-6941eed90a4dd7a1d1026d7a/deploit/teams/69d8dd1e5d3e1f8c350e006f/users/68af3d99c99eb7bd2ff47bc8/projects/69f80768ca774c668fbaaed8/jobs/6a22c7a80859d97fbe7b6c88/results/markers_symbols_skin_of_body_Eraslan_Science_2022_Broad_cell_type_X_umap_f44b0f.csv
markers_symbols_skin_of_body_Gao_Cell_Death_Dis_2021_CellTypes_X_umap_892850.csv,s3://lifebit-user-data-6941eed90a4dd7a1d1026d7a/deploit/teams/69d8dd1e5d3e1f8c350e006f/users/68af3d99c99eb7bd2ff47bc8/projects/69f80768ca774c668fbaaed8/jobs/6a22c7a80859d97fbe7b6c88/results/markers_symbols_skin_of_body_Gao_Cell_Death_Dis_2021_CellTypes_X_umap_892850.csv
markers_symbols_skin_of_body_Reynolds_Science_2021_full_clustering_X_umap_05d19d.csv,s3://lifebit-user-data-6941eed90a4dd7a1d1026d7a/deploit/teams/69d8dd1e5d3e1f8c350e006f/users/68af3d99c99eb7bd2ff47bc8/projects/69f80768ca774c668fbaaed8/jobs/6a22c7a80859d97fbe7b6c88/results/markers_symbols_skin_of_body_Reynolds_Science_2021_full_clustering_X_umap_05d19d.csv
markers_symbols_skin_of_body_Sole-Boldo_Commun_Biol_2020_Celltype_X_umap_7d9c31.csv,s3://lifebit-user-data-6941eed90a4dd7a1d1026d7a/deploit/teams/69d8dd1e5d3e1f8c350e006f/users/68af3d99c99eb7bd2ff47bc8/projects/69f80768ca774c668fbaaed8/jobs/6a22c7a80859d97fbe7b6c88/results/markers_symbols_skin_of_body_Sole-Boldo_Commun_Biol_2020_Celltype_X_umap_7d9c31.csv
markers_symbols_skin_of_body_Wells_Nat_Immunol_2025_author_cell_type_X_umap_74e9e1.csv,s3://lifebit-user-data-6941eed90a4dd7a1d1026d7a/deploit/teams/69d8dd1e5d3e1f8c350e006f/users/68af3d99c99eb7bd2ff47bc8/projects/69f80768ca774c668fbaaed8/jobs/6a22c7a80859d97fbe7b6c88/results/markers_symbols_skin_of_body_Wells_Nat_Immunol_2025_author_cell_type_X_umap_74e9e1.csv
markers_symbols_skin_of_body_Wiedemann_Cell_Reports_2023_author_cell_type_X_tsne_e60c65.csv,s3://lifebit-user-data-6941eed90a4dd7a1d1026d7a/deploit/teams/69d8dd1e5d3e1f8c350e006f/users/68af3d99c99eb7bd2ff47bc8/projects/69f80768ca774c668fbaaed8/jobs/6a22c7a80859d97fbe7b6c88/results/markers_symbols_skin_of_body_Wiedemann_Cell_Reports_2023_author_cell_type_X_tsne_e60c65.csv
master_dataset_summary_skin_of_body_Cheng_Cell_Reports_2018_Re-annotation_X_umap_hm_adafa7.csv,s3://lifebit-user-data-6941eed90a4dd7a1d1026d7a/deploit/teams/69d8dd1e5d3e1f8c350e006f/users/68af3d99c99eb7bd2ff47bc8/projects/69f80768ca774c668fbaaed8/jobs/6a22c7a80859d97fbe7b6c88/results/master_dataset_summary_skin_of_body_Cheng_Cell_Reports_2018_Re-annotation_X_umap_hm_adafa7.csv
master_dataset_summary_skin_of_body_Eraslan_Science_2022_Broad_cell_type_X_umap_f44b0f.csv,s3://lifebit-user-data-6941eed90a4dd7a1d1026d7a/deploit/teams/69d8dd1e5d3e1f8c350e006f/users/68af3d99c99eb7bd2ff47bc8/projects/69f80768ca774c668fbaaed8/jobs/6a22c7a80859d97fbe7b6c88/results/master_dataset_summary_skin_of_body_Eraslan_Science_2022_Broad_cell_type_X_umap_f44b0f.csv
master_dataset_summary_skin_of_body_Gao_Cell_Death_Dis_2021_CellTypes_X_umap_892850.csv,s3://lifebit-user-data-6941eed90a4dd7a1d1026d7a/deploit/teams/69d8dd1e5d3e1f8c350e006f/users/68af3d99c99eb7bd2ff47bc8/projects/69f80768ca774c668fbaaed8/jobs/6a22c7a80859d97fbe7b6c88/results/master_dataset_summary_skin_of_body_Gao_Cell_Death_Dis_2021_CellTypes_X_umap_892850.csv
master_dataset_summary_skin_of_body_Reynolds_Science_2021_full_clustering_X_umap_05d19d.csv,s3://lifebit-user-data-6941eed90a4dd7a1d1026d7a/deploit/teams/69d8dd1e5d3e1f8c350e006f/users/68af3d99c99eb7bd2ff47bc8/projects/69f80768ca774c668fbaaed8/jobs/6a22c7a80859d97fbe7b6c88/results/master_dataset_summary_skin_of_body_Reynolds_Science_2021_full_clustering_X_umap_05d19d.csv
master_dataset_summary_skin_of_body_Sole-Boldo_Commun_Biol_2020_Celltype_X_umap_7d9c31.csv,s3://lifebit-user-data-6941eed90a4dd7a1d1026d7a/deploit/teams/69d8dd1e5d3e1f8c350e006f/users/68af3d99c99eb7bd2ff47bc8/projects/69f80768ca774c668fbaaed8/jobs/6a22c7a80859d97fbe7b6c88/results/master_dataset_summary_skin_of_body_Sole-Boldo_Commun_Biol_2020_Celltype_X_umap_7d9c31.csv
master_dataset_summary_skin_of_body_Wells_Nat_Immunol_2025_author_cell_type_X_umap_74e9e1.csv,s3://lifebit-user-data-6941eed90a4dd7a1d1026d7a/deploit/teams/69d8dd1e5d3e1f8c350e006f/users/68af3d99c99eb7bd2ff47bc8/projects/69f80768ca774c668fbaaed8/jobs/6a22c7a80859d97fbe7b6c88/results/master_dataset_summary_skin_of_body_Wells_Nat_Immunol_2025_author_cell_type_X_umap_74e9e1.csv
master_dataset_summary_skin_of_body_Wiedemann_Cell_Reports_2023_author_cell_type_X_tsne_e60c65.csv,s3://lifebit-user-data-6941eed90a4dd7a1d1026d7a/deploit/teams/69d8dd1e5d3e1f8c350e006f/users/68af3d99c99eb7bd2ff47bc8/projects/69f80768ca774c668fbaaed8/jobs/6a22c7a80859d97fbe7b6c88/results/master_dataset_summary_skin_of_body_Wiedemann_Cell_Reports_2023_author_cell_type_X_tsne_e60c65.csv
matrixplot__scaledskin_of_body_Cheng_Cell_Reports_2018_Re-annotation_X_umap_hm_adafa7.svg,s3://lifebit-user-data-6941eed90a4dd7a1d1026d7a/deploit/teams/69d8dd1e5d3e1f8c350e006f/users/68af3d99c99eb7bd2ff47bc8/projects/69f80768ca774c668fbaaed8/jobs/6a22c7a80859d97fbe7b6c88/results/matrixplot__scaledskin_of_body_Cheng_Cell_Reports_2018_Re-annotation_X_umap_hm_adafa7.svg
matrixplot__scaledskin_of_body_Eraslan_Science_2022_Broad_cell_type_X_umap_f44b0f.svg,s3://lifebit-user-data-6941eed90a4dd7a1d1026d7a/deploit/teams/69d8dd1e5d3e1f8c350e006f/users/68af3d99c99eb7bd2ff47bc8/projects/69f80768ca774c668fbaaed8/jobs/6a22c7a80859d97fbe7b6c88/results/matrixplot__scaledskin_of_body_Eraslan_Science_2022_Broad_cell_type_X_umap_f44b0f.svg
matrixplot__scaledskin_of_body_Gao_Cell_Death_Dis_2021_CellTypes_X_umap_892850.svg,s3://lifebit-user-data-6941eed90a4dd7a1d1026d7a/deploit/teams/69d8dd1e5d3e1f8c350e006f/users/68af3d99c99eb7bd2ff47bc8/projects/69f80768ca774c668fbaaed8/jobs/6a22c7a80859d97fbe7b6c88/results/matrixplot__scaledskin_of_body_Gao_Cell_Death_Dis_2021_CellTypes_X_umap_892850.svg
matrixplot__scaledskin_of_body_Reynolds_Science_2021_full_clustering_X_umap_05d19d.svg,s3://lifebit-user-data-6941eed90a4dd7a1d1026d7a/deploit/teams/69d8dd1e5d3e1f8c350e006f/users/68af3d99c99eb7bd2ff47bc8/projects/69f80768ca774c668fbaaed8/jobs/6a22c7a80859d97fbe7b6c88/results/matrixplot__scaledskin_of_body_Reynolds_Science_2021_full_clustering_X_umap_05d19d.svg
matrixplot__scaledskin_of_body_Sole-Boldo_Commun_Biol_2020_Celltype_X_umap_7d9c31.svg,s3://lifebit-user-data-6941eed90a4dd7a1d1026d7a/deploit/teams/69d8dd1e5d3e1f8c350e006f/users/68af3d99c99eb7bd2ff47bc8/projects/69f80768ca774c668fbaaed8/jobs/6a22c7a80859d97fbe7b6c88/results/matrixplot__scaledskin_of_body_Sole-Boldo_Commun_Biol_2020_Celltype_X_umap_7d9c31.svg
matrixplot__scaledskin_of_body_Wells_Nat_Immunol_2025_author_cell_type_X_umap_74e9e1.svg,s3://lifebit-user-data-6941eed90a4dd7a1d1026d7a/deploit/teams/69d8dd1e5d3e1f8c350e006f/users/68af3d99c99eb7bd2ff47bc8/projects/69f80768ca774c668fbaaed8/jobs/6a22c7a80859d97fbe7b6c88/results/matrixplot__scaledskin_of_body_Wells_Nat_Immunol_2025_author_cell_type_X_umap_74e9e1.svg
matrixplot__scaledskin_of_body_Wiedemann_Cell_Reports_2023_author_cell_type_X_tsne_e60c65.svg,s3://lifebit-user-data-6941eed90a4dd7a1d1026d7a/deploit/teams/69d8dd1e5d3e1f8c350e006f/users/68af3d99c99eb7bd2ff47bc8/projects/69f80768ca774c668fbaaed8/jobs/6a22c7a80859d97fbe7b6c88/results/matrixplot__scaledskin_of_body_Wiedemann_Cell_Reports_2023_author_cell_type_X_tsne_e60c65.svg
matrixplot_skin_of_body_Cheng_Cell_Reports_2018_Re-annotation_X_umap_hm_adafa7.svg,s3://lifebit-user-data-6941eed90a4dd7a1d1026d7a/deploit/teams/69d8dd1e5d3e1f8c350e006f/users/68af3d99c99eb7bd2ff47bc8/projects/69f80768ca774c668fbaaed8/jobs/6a22c7a80859d97fbe7b6c88/results/matrixplot_skin_of_body_Cheng_Cell_Reports_2018_Re-annotation_X_umap_hm_adafa7.svg
matrixplot_skin_of_body_Eraslan_Science_2022_Broad_cell_type_X_umap_f44b0f.svg,s3://lifebit-user-data-6941eed90a4dd7a1d1026d7a/deploit/teams/69d8dd1e5d3e1f8c350e006f/users/68af3d99c99eb7bd2ff47bc8/projects/69f80768ca774c668fbaaed8/jobs/6a22c7a80859d97fbe7b6c88/results/matrixplot_skin_of_body_Eraslan_Science_2022_Broad_cell_type_X_umap_f44b0f.svg
matrixplot_skin_of_body_Gao_Cell_Death_Dis_2021_CellTypes_X_umap_892850.svg,s3://lifebit-user-data-6941eed90a4dd7a1d1026d7a/deploit/teams/69d8dd1e5d3e1f8c350e006f/users/68af3d99c99eb7bd2ff47bc8/projects/69f80768ca774c668fbaaed8/jobs/6a22c7a80859d97fbe7b6c88/results/matrixplot_skin_of_body_Gao_Cell_Death_Dis_2021_CellTypes_X_umap_892850.svg
matrixplot_skin_of_body_Reynolds_Science_2021_full_clustering_X_umap_05d19d.svg,s3://lifebit-user-data-6941eed90a4dd7a1d1026d7a/deploit/teams/69d8dd1e5d3e1f8c350e006f/users/68af3d99c99eb7bd2ff47bc8/projects/69f80768ca774c668fbaaed8/jobs/6a22c7a80859d97fbe7b6c88/results/matrixplot_skin_of_body_Reynolds_Science_2021_full_clustering_X_umap_05d19d.svg
matrixplot_skin_of_body_Sole-Boldo_Commun_Biol_2020_Celltype_X_umap_7d9c31.svg,s3://lifebit-user-data-6941eed90a4dd7a1d1026d7a/deploit/teams/69d8dd1e5d3e1f8c350e006f/users/68af3d99c99eb7bd2ff47bc8/projects/69f80768ca774c668fbaaed8/jobs/6a22c7a80859d97fbe7b6c88/results/matrixplot_skin_of_body_Sole-Boldo_Commun_Biol_2020_Celltype_X_umap_7d9c31.svg
matrixplot_skin_of_body_Wells_Nat_Immunol_2025_author_cell_type_X_umap_74e9e1.svg,s3://lifebit-user-data-6941eed90a4dd7a1d1026d7a/deploit/teams/69d8dd1e5d3e1f8c350e006f/users/68af3d99c99eb7bd2ff47bc8/projects/69f80768ca774c668fbaaed8/jobs/6a22c7a80859d97fbe7b6c88/results/matrixplot_skin_of_body_Wells_Nat_Immunol_2025_author_cell_type_X_umap_74e9e1.svg
matrixplot_skin_of_body_Wiedemann_Cell_Reports_2023_author_cell_type_X_tsne_e60c65.svg,s3://lifebit-user-data-6941eed90a4dd7a1d1026d7a/deploit/teams/69d8dd1e5d3e1f8c350e006f/users/68af3d99c99eb7bd2ff47bc8/projects/69f80768ca774c668fbaaed8/jobs/6a22c7a80859d97fbe7b6c88/results/matrixplot_skin_of_body_Wiedemann_Cell_Reports_2023_author_cell_type_X_tsne_e60c65.svg
medians_ensg_skin_of_body_Cheng_Cell_Reports_2018_Re-annotation_X_umap_hm_adafa7.csv,s3://lifebit-user-data-6941eed90a4dd7a1d1026d7a/deploit/teams/69d8dd1e5d3e1f8c350e006f/users/68af3d99c99eb7bd2ff47bc8/projects/69f80768ca774c668fbaaed8/jobs/6a22c7a80859d97fbe7b6c88/results/medians_ensg_skin_of_body_Cheng_Cell_Reports_2018_Re-annotation_X_umap_hm_adafa7.csv
medians_ensg_skin_of_body_Cheng_Cell_Reports_2018_Re-annotation_X_umap_hm_adafa7.pkl,s3://lifebit-user-data-6941eed90a4dd7a1d1026d7a/deploit/teams/69d8dd1e5d3e1f8c350e006f/users/68af3d99c99eb7bd2ff47bc8/projects/69f80768ca774c668fbaaed8/jobs/6a22c7a80859d97fbe7b6c88/results/medians_ensg_skin_of_body_Cheng_Cell_Reports_2018_Re-annotation_X_umap_hm_adafa7.pkl
medians_ensg_skin_of_body_Eraslan_Science_2022_Broad_cell_type_X_umap_f44b0f.csv,s3://lifebit-user-data-6941eed90a4dd7a1d1026d7a/deploit/teams/69d8dd1e5d3e1f8c350e006f/users/68af3d99c99eb7bd2ff47bc8/projects/69f80768ca774c668fbaaed8/jobs/6a22c7a80859d97fbe7b6c88/results/medians_ensg_skin_of_body_Eraslan_Science_2022_Broad_cell_type_X_umap_f44b0f.csv
medians_ensg_skin_of_body_Eraslan_Science_2022_Broad_cell_type_X_umap_f44b0f.pkl,s3://lifebit-user-data-6941eed90a4dd7a1d1026d7a/deploit/teams/69d8dd1e5d3e1f8c350e006f/users/68af3d99c99eb7bd2ff47bc8/projects/69f80768ca774c668fbaaed8/jobs/6a22c7a80859d97fbe7b6c88/results/medians_ensg_skin_of_body_Eraslan_Science_2022_Broad_cell_type_X_umap_f44b0f.pkl
medians_ensg_skin_of_body_Gao_Cell_Death_Dis_2021_CellTypes_X_umap_892850.csv,s3://lifebit-user-data-6941eed90a4dd7a1d1026d7a/deploit/teams/69d8dd1e5d3e1f8c350e006f/users/68af3d99c99eb7bd2ff47bc8/projects/69f80768ca774c668fbaaed8/jobs/6a22c7a80859d97fbe7b6c88/results/medians_ensg_skin_of_body_Gao_Cell_Death_Dis_2021_CellTypes_X_umap_892850.csv
medians_ensg_skin_of_body_Gao_Cell_Death_Dis_2021_CellTypes_X_umap_892850.pkl,s3://lifebit-user-data-6941eed90a4dd7a1d1026d7a/deploit/teams/69d8dd1e5d3e1f8c350e006f/users/68af3d99c99eb7bd2ff47bc8/projects/69f80768ca774c668fbaaed8/jobs/6a22c7a80859d97fbe7b6c88/results/medians_ensg_skin_of_body_Gao_Cell_Death_Dis_2021_CellTypes_X_umap_892850.pkl
medians_ensg_skin_of_body_Reynolds_Science_2021_full_clustering_X_umap_05d19d.csv,s3://lifebit-user-data-6941eed90a4dd7a1d1026d7a/deploit/teams/69d8dd1e5d3e1f8c350e006f/users/68af3d99c99eb7bd2ff47bc8/projects/69f80768ca774c668fbaaed8/jobs/6a22c7a80859d97fbe7b6c88/results/medians_ensg_skin_of_body_Reynolds_Science_2021_full_clustering_X_umap_05d19d.csv
medians_ensg_skin_of_body_Reynolds_Science_2021_full_clustering_X_umap_05d19d.pkl,s3://lifebit-user-data-6941eed90a4dd7a1d1026d7a/deploit/teams/69d8dd1e5d3e1f8c350e006f/users/68af3d99c99eb7bd2ff47bc8/projects/69f80768ca774c668fbaaed8/jobs/6a22c7a80859d97fbe7b6c88/results/medians_ensg_skin_of_body_Reynolds_Science_2021_full_clustering_X_umap_05d19d.pkl
medians_ensg_skin_of_body_Sole-Boldo_Commun_Biol_2020_Celltype_X_umap_7d9c31.csv,s3://lifebit-user-data-6941eed90a4dd7a1d1026d7a/deploit/teams/69d8dd1e5d3e1f8c350e006f/users/68af3d99c99eb7bd2ff47bc8/projects/69f80768ca774c668fbaaed8/jobs/6a22c7a80859d97fbe7b6c88/results/medians_ensg_skin_of_body_Sole-Boldo_Commun_Biol_2020_Celltype_X_umap_7d9c31.csv
medians_ensg_skin_of_body_Sole-Boldo_Commun_Biol_2020_Celltype_X_umap_7d9c31.pkl,s3://lifebit-user-data-6941eed90a4dd7a1d1026d7a/deploit/teams/69d8dd1e5d3e1f8c350e006f/users/68af3d99c99eb7bd2ff47bc8/projects/69f80768ca774c668fbaaed8/jobs/6a22c7a80859d97fbe7b6c88/results/medians_ensg_skin_of_body_Sole-Boldo_Commun_Biol_2020_Celltype_X_umap_7d9c31.pkl
medians_ensg_skin_of_body_Wells_Nat_Immunol_2025_author_cell_type_X_umap_74e9e1.csv,s3://lifebit-user-data-6941eed90a4dd7a1d1026d7a/deploit/teams/69d8dd1e5d3e1f8c350e006f/users/68af3d99c99eb7bd2ff47bc8/projects/69f80768ca774c668fbaaed8/jobs/6a22c7a80859d97fbe7b6c88/results/medians_ensg_skin_of_body_Wells_Nat_Immunol_2025_author_cell_type_X_umap_74e9e1.csv
medians_ensg_skin_of_body_Wells_Nat_Immunol_2025_author_cell_type_X_umap_74e9e1.pkl,s3://lifebit-user-data-6941eed90a4dd7a1d1026d7a/deploit/teams/69d8dd1e5d3e1f8c350e006f/users/68af3d99c99eb7bd2ff47bc8/projects/69f80768ca774c668fbaaed8/jobs/6a22c7a80859d97fbe7b6c88/results/medians_ensg_skin_of_body_Wells_Nat_Immunol_2025_author_cell_type_X_umap_74e9e1.pkl
medians_ensg_skin_of_body_Wiedemann_Cell_Reports_2023_author_cell_type_X_tsne_e60c65.csv,s3://lifebit-user-data-6941eed90a4dd7a1d1026d7a/deploit/teams/69d8dd1e5d3e1f8c350e006f/users/68af3d99c99eb7bd2ff47bc8/projects/69f80768ca774c668fbaaed8/jobs/6a22c7a80859d97fbe7b6c88/results/medians_ensg_skin_of_body_Wiedemann_Cell_Reports_2023_author_cell_type_X_tsne_e60c65.csv
medians_ensg_skin_of_body_Wiedemann_Cell_Reports_2023_author_cell_type_X_tsne_e60c65.pkl,s3://lifebit-user-data-6941eed90a4dd7a1d1026d7a/deploit/teams/69d8dd1e5d3e1f8c350e006f/users/68af3d99c99eb7bd2ff47bc8/projects/69f80768ca774c668fbaaed8/jobs/6a22c7a80859d97fbe7b6c88/results/medians_ensg_skin_of_body_Wiedemann_Cell_Reports_2023_author_cell_type_X_tsne_e60c65.pkl
medians_symbols_skin_of_body_Cheng_Cell_Reports_2018_Re-annotation_X_umap_hm_adafa7.csv,s3://lifebit-user-data-6941eed90a4dd7a1d1026d7a/deploit/teams/69d8dd1e5d3e1f8c350e006f/users/68af3d99c99eb7bd2ff47bc8/projects/69f80768ca774c668fbaaed8/jobs/6a22c7a80859d97fbe7b6c88/results/medians_symbols_skin_of_body_Cheng_Cell_Reports_2018_Re-annotation_X_umap_hm_adafa7.csv
medians_symbols_skin_of_body_Cheng_Cell_Reports_2018_Re-annotation_X_umap_hm_adafa7.pkl,s3://lifebit-user-data-6941eed90a4dd7a1d1026d7a/deploit/teams/69d8dd1e5d3e1f8c350e006f/users/68af3d99c99eb7bd2ff47bc8/projects/69f80768ca774c668fbaaed8/jobs/6a22c7a80859d97fbe7b6c88/results/medians_symbols_skin_of_body_Cheng_Cell_Reports_2018_Re-annotation_X_umap_hm_adafa7.pkl
medians_symbols_skin_of_body_Eraslan_Science_2022_Broad_cell_type_X_umap_f44b0f.csv,s3://lifebit-user-data-6941eed90a4dd7a1d1026d7a/deploit/teams/69d8dd1e5d3e1f8c350e006f/users/68af3d99c99eb7bd2ff47bc8/projects/69f80768ca774c668fbaaed8/jobs/6a22c7a80859d97fbe7b6c88/results/medians_symbols_skin_of_body_Eraslan_Science_2022_Broad_cell_type_X_umap_f44b0f.csv
medians_symbols_skin_of_body_Eraslan_Science_2022_Broad_cell_type_X_umap_f44b0f.pkl,s3://lifebit-user-data-6941eed90a4dd7a1d1026d7a/deploit/teams/69d8dd1e5d3e1f8c350e006f/users/68af3d99c99eb7bd2ff47bc8/projects/69f80768ca774c668fbaaed8/jobs/6a22c7a80859d97fbe7b6c88/results/medians_symbols_skin_of_body_Eraslan_Science_2022_Broad_cell_type_X_umap_f44b0f.pkl
medians_symbols_skin_of_body_Gao_Cell_Death_Dis_2021_CellTypes_X_umap_892850.csv,s3://lifebit-user-data-6941eed90a4dd7a1d1026d7a/deploit/teams/69d8dd1e5d3e1f8c350e006f/users/68af3d99c99eb7bd2ff47bc8/projects/69f80768ca774c668fbaaed8/jobs/6a22c7a80859d97fbe7b6c88/results/medians_symbols_skin_of_body_Gao_Cell_Death_Dis_2021_CellTypes_X_umap_892850.csv
medians_symbols_skin_of_body_Gao_Cell_Death_Dis_2021_CellTypes_X_umap_892850.pkl,s3://lifebit-user-data-6941eed90a4dd7a1d1026d7a/deploit/teams/69d8dd1e5d3e1f8c350e006f/users/68af3d99c99eb7bd2ff47bc8/projects/69f80768ca774c668fbaaed8/jobs/6a22c7a80859d97fbe7b6c88/results/medians_symbols_skin_of_body_Gao_Cell_Death_Dis_2021_CellTypes_X_umap_892850.pkl
medians_symbols_skin_of_body_Reynolds_Science_2021_full_clustering_X_umap_05d19d.csv,s3://lifebit-user-data-6941eed90a4dd7a1d1026d7a/deploit/teams/69d8dd1e5d3e1f8c350e006f/users/68af3d99c99eb7bd2ff47bc8/projects/69f80768ca774c668fbaaed8/jobs/6a22c7a80859d97fbe7b6c88/results/medians_symbols_skin_of_body_Reynolds_Science_2021_full_clustering_X_umap_05d19d.csv
medians_symbols_skin_of_body_Reynolds_Science_2021_full_clustering_X_umap_05d19d.pkl,s3://lifebit-user-data-6941eed90a4dd7a1d1026d7a/deploit/teams/69d8dd1e5d3e1f8c350e006f/users/68af3d99c99eb7bd2ff47bc8/projects/69f80768ca774c668fbaaed8/jobs/6a22c7a80859d97fbe7b6c88/results/medians_symbols_skin_of_body_Reynolds_Science_2021_full_clustering_X_umap_05d19d.pkl
medians_symbols_skin_of_body_Sole-Boldo_Commun_Biol_2020_Celltype_X_umap_7d9c31.csv,s3://lifebit-user-data-6941eed90a4dd7a1d1026d7a/deploit/teams/69d8dd1e5d3e1f8c350e006f/users/68af3d99c99eb7bd2ff47bc8/projects/69f80768ca774c668fbaaed8/jobs/6a22c7a80859d97fbe7b6c88/results/medians_symbols_skin_of_body_Sole-Boldo_Commun_Biol_2020_Celltype_X_umap_7d9c31.csv
medians_symbols_skin_of_body_Sole-Boldo_Commun_Biol_2020_Celltype_X_umap_7d9c31.pkl,s3://lifebit-user-data-6941eed90a4dd7a1d1026d7a/deploit/teams/69d8dd1e5d3e1f8c350e006f/users/68af3d99c99eb7bd2ff47bc8/projects/69f80768ca774c668fbaaed8/jobs/6a22c7a80859d97fbe7b6c88/results/medians_symbols_skin_of_body_Sole-Boldo_Commun_Biol_2020_Celltype_X_umap_7d9c31.pkl
medians_symbols_skin_of_body_Wells_Nat_Immunol_2025_author_cell_type_X_umap_74e9e1.csv,s3://lifebit-user-data-6941eed90a4dd7a1d1026d7a/deploit/teams/69d8dd1e5d3e1f8c350e006f/users/68af3d99c99eb7bd2ff47bc8/projects/69f80768ca774c668fbaaed8/jobs/6a22c7a80859d97fbe7b6c88/results/medians_symbols_skin_of_body_Wells_Nat_Immunol_2025_author_cell_type_X_umap_74e9e1.csv
medians_symbols_skin_of_body_Wells_Nat_Immunol_2025_author_cell_type_X_umap_74e9e1.pkl,s3://lifebit-user-data-6941eed90a4dd7a1d1026d7a/deploit/teams/69d8dd1e5d3e1f8c350e006f/users/68af3d99c99eb7bd2ff47bc8/projects/69f80768ca774c668fbaaed8/jobs/6a22c7a80859d97fbe7b6c88/results/medians_symbols_skin_of_body_Wells_Nat_Immunol_2025_author_cell_type_X_umap_74e9e1.pkl
medians_symbols_skin_of_body_Wiedemann_Cell_Reports_2023_author_cell_type_X_tsne_e60c65.csv,s3://lifebit-user-data-6941eed90a4dd7a1d1026d7a/deploit/teams/69d8dd1e5d3e1f8c350e006f/users/68af3d99c99eb7bd2ff47bc8/projects/69f80768ca774c668fbaaed8/jobs/6a22c7a80859d97fbe7b6c88/results/medians_symbols_skin_of_body_Wiedemann_Cell_Reports_2023_author_cell_type_X_tsne_e60c65.csv
medians_symbols_skin_of_body_Wiedemann_Cell_Reports_2023_author_cell_type_X_tsne_e60c65.pkl,s3://lifebit-user-data-6941eed90a4dd7a1d1026d7a/deploit/teams/69d8dd1e5d3e1f8c350e006f/users/68af3d99c99eb7bd2ff47bc8/projects/69f80768ca774c668fbaaed8/jobs/6a22c7a80859d97fbe7b6c88/results/medians_symbols_skin_of_body_Wiedemann_Cell_Reports_2023_author_cell_type_X_tsne_e60c65.pkl
results_ensg_skin_of_body_Cheng_Cell_Reports_2018_Re-annotation_X_umap_hm_adafa7.csv,s3://lifebit-user-data-6941eed90a4dd7a1d1026d7a/deploit/teams/69d8dd1e5d3e1f8c350e006f/users/68af3d99c99eb7bd2ff47bc8/projects/69f80768ca774c668fbaaed8/jobs/6a22c7a80859d97fbe7b6c88/results/results_ensg_skin_of_body_Cheng_Cell_Reports_2018_Re-annotation_X_umap_hm_adafa7.csv
results_ensg_skin_of_body_Cheng_Cell_Reports_2018_Re-annotation_X_umap_hm_adafa7.pkl,s3://lifebit-user-data-6941eed90a4dd7a1d1026d7a/deploit/teams/69d8dd1e5d3e1f8c350e006f/users/68af3d99c99eb7bd2ff47bc8/projects/69f80768ca774c668fbaaed8/jobs/6a22c7a80859d97fbe7b6c88/results/results_ensg_skin_of_body_Cheng_Cell_Reports_2018_Re-annotation_X_umap_hm_adafa7.pkl
results_ensg_skin_of_body_Eraslan_Science_2022_Broad_cell_type_X_umap_f44b0f.csv,s3://lifebit-user-data-6941eed90a4dd7a1d1026d7a/deploit/teams/69d8dd1e5d3e1f8c350e006f/users/68af3d99c99eb7bd2ff47bc8/projects/69f80768ca774c668fbaaed8/jobs/6a22c7a80859d97fbe7b6c88/results/results_ensg_skin_of_body_Eraslan_Science_2022_Broad_cell_type_X_umap_f44b0f.csv
results_ensg_skin_of_body_Eraslan_Science_2022_Broad_cell_type_X_umap_f44b0f.pkl,s3://lifebit-user-data-6941eed90a4dd7a1d1026d7a/deploit/teams/69d8dd1e5d3e1f8c350e006f/users/68af3d99c99eb7bd2ff47bc8/projects/69f80768ca774c668fbaaed8/jobs/6a22c7a80859d97fbe7b6c88/results/results_ensg_skin_of_body_Eraslan_Science_2022_Broad_cell_type_X_umap_f44b0f.pkl
results_ensg_skin_of_body_Gao_Cell_Death_Dis_2021_CellTypes_X_umap_892850.csv,s3://lifebit-user-data-6941eed90a4dd7a1d1026d7a/deploit/teams/69d8dd1e5d3e1f8c350e006f/users/68af3d99c99eb7bd2ff47bc8/projects/69f80768ca774c668fbaaed8/jobs/6a22c7a80859d97fbe7b6c88/results/results_ensg_skin_of_body_Gao_Cell_Death_Dis_2021_CellTypes_X_umap_892850.csv
results_ensg_skin_of_body_Gao_Cell_Death_Dis_2021_CellTypes_X_umap_892850.pkl,s3://lifebit-user-data-6941eed90a4dd7a1d1026d7a/deploit/teams/69d8dd1e5d3e1f8c350e006f/users/68af3d99c99eb7bd2ff47bc8/projects/69f80768ca774c668fbaaed8/jobs/6a22c7a80859d97fbe7b6c88/results/results_ensg_skin_of_body_Gao_Cell_Death_Dis_2021_CellTypes_X_umap_892850.pkl
results_ensg_skin_of_body_Reynolds_Science_2021_full_clustering_X_umap_05d19d.csv,s3://lifebit-user-data-6941eed90a4dd7a1d1026d7a/deploit/teams/69d8dd1e5d3e1f8c350e006f/users/68af3d99c99eb7bd2ff47bc8/projects/69f80768ca774c668fbaaed8/jobs/6a22c7a80859d97fbe7b6c88/results/results_ensg_skin_of_body_Reynolds_Science_2021_full_clustering_X_umap_05d19d.csv
results_ensg_skin_of_body_Reynolds_Science_2021_full_clustering_X_umap_05d19d.pkl,s3://lifebit-user-data-6941eed90a4dd7a1d1026d7a/deploit/teams/69d8dd1e5d3e1f8c350e006f/users/68af3d99c99eb7bd2ff47bc8/projects/69f80768ca774c668fbaaed8/jobs/6a22c7a80859d97fbe7b6c88/results/results_ensg_skin_of_body_Reynolds_Science_2021_full_clustering_X_umap_05d19d.pkl
results_ensg_skin_of_body_Sole-Boldo_Commun_Biol_2020_Celltype_X_umap_7d9c31.csv,s3://lifebit-user-data-6941eed90a4dd7a1d1026d7a/deploit/teams/69d8dd1e5d3e1f8c350e006f/users/68af3d99c99eb7bd2ff47bc8/projects/69f80768ca774c668fbaaed8/jobs/6a22c7a80859d97fbe7b6c88/results/results_ensg_skin_of_body_Sole-Boldo_Commun_Biol_2020_Celltype_X_umap_7d9c31.csv
results_ensg_skin_of_body_Sole-Boldo_Commun_Biol_2020_Celltype_X_umap_7d9c31.pkl,s3://lifebit-user-data-6941eed90a4dd7a1d1026d7a/deploit/teams/69d8dd1e5d3e1f8c350e006f/users/68af3d99c99eb7bd2ff47bc8/projects/69f80768ca774c668fbaaed8/jobs/6a22c7a80859d97fbe7b6c88/results/results_ensg_skin_of_body_Sole-Boldo_Commun_Biol_2020_Celltype_X_umap_7d9c31.pkl
results_ensg_skin_of_body_Wells_Nat_Immunol_2025_author_cell_type_X_umap_74e9e1.csv,s3://lifebit-user-data-6941eed90a4dd7a1d1026d7a/deploit/teams/69d8dd1e5d3e1f8c350e006f/users/68af3d99c99eb7bd2ff47bc8/projects/69f80768ca774c668fbaaed8/jobs/6a22c7a80859d97fbe7b6c88/results/results_ensg_skin_of_body_Wells_Nat_Immunol_2025_author_cell_type_X_umap_74e9e1.csv
results_ensg_skin_of_body_Wells_Nat_Immunol_2025_author_cell_type_X_umap_74e9e1.pkl,s3://lifebit-user-data-6941eed90a4dd7a1d1026d7a/deploit/teams/69d8dd1e5d3e1f8c350e006f/users/68af3d99c99eb7bd2ff47bc8/projects/69f80768ca774c668fbaaed8/jobs/6a22c7a80859d97fbe7b6c88/results/results_ensg_skin_of_body_Wells_Nat_Immunol_2025_author_cell_type_X_umap_74e9e1.pkl
results_ensg_skin_of_body_Wiedemann_Cell_Reports_2023_author_cell_type_X_tsne_e60c65.csv,s3://lifebit-user-data-6941eed90a4dd7a1d1026d7a/deploit/teams/69d8dd1e5d3e1f8c350e006f/users/68af3d99c99eb7bd2ff47bc8/projects/69f80768ca774c668fbaaed8/jobs/6a22c7a80859d97fbe7b6c88/results/results_ensg_skin_of_body_Wiedemann_Cell_Reports_2023_author_cell_type_X_tsne_e60c65.csv
results_ensg_skin_of_body_Wiedemann_Cell_Reports_2023_author_cell_type_X_tsne_e60c65.pkl,s3://lifebit-user-data-6941eed90a4dd7a1d1026d7a/deploit/teams/69d8dd1e5d3e1f8c350e006f/users/68af3d99c99eb7bd2ff47bc8/projects/69f80768ca774c668fbaaed8/jobs/6a22c7a80859d97fbe7b6c88/results/results_ensg_skin_of_body_Wiedemann_Cell_Reports_2023_author_cell_type_X_tsne_e60c65.pkl
results_symbols_skin_of_body_Cheng_Cell_Reports_2018_Re-annotation_X_umap_hm_adafa7.csv,s3://lifebit-user-data-6941eed90a4dd7a1d1026d7a/deploit/teams/69d8dd1e5d3e1f8c350e006f/users/68af3d99c99eb7bd2ff47bc8/projects/69f80768ca774c668fbaaed8/jobs/6a22c7a80859d97fbe7b6c88/results/results_symbols_skin_of_body_Cheng_Cell_Reports_2018_Re-annotation_X_umap_hm_adafa7.csv
results_symbols_skin_of_body_Cheng_Cell_Reports_2018_Re-annotation_X_umap_hm_adafa7.pkl,s3://lifebit-user-data-6941eed90a4dd7a1d1026d7a/deploit/teams/69d8dd1e5d3e1f8c350e006f/users/68af3d99c99eb7bd2ff47bc8/projects/69f80768ca774c668fbaaed8/jobs/6a22c7a80859d97fbe7b6c88/results/results_symbols_skin_of_body_Cheng_Cell_Reports_2018_Re-annotation_X_umap_hm_adafa7.pkl
results_symbols_skin_of_body_Eraslan_Science_2022_Broad_cell_type_X_umap_f44b0f.csv,s3://lifebit-user-data-6941eed90a4dd7a1d1026d7a/deploit/teams/69d8dd1e5d3e1f8c350e006f/users/68af3d99c99eb7bd2ff47bc8/projects/69f80768ca774c668fbaaed8/jobs/6a22c7a80859d97fbe7b6c88/results/results_symbols_skin_of_body_Eraslan_Science_2022_Broad_cell_type_X_umap_f44b0f.csv
results_symbols_skin_of_body_Eraslan_Science_2022_Broad_cell_type_X_umap_f44b0f.pkl,s3://lifebit-user-data-6941eed90a4dd7a1d1026d7a/deploit/teams/69d8dd1e5d3e1f8c350e006f/users/68af3d99c99eb7bd2ff47bc8/projects/69f80768ca774c668fbaaed8/jobs/6a22c7a80859d97fbe7b6c88/results/results_symbols_skin_of_body_Eraslan_Science_2022_Broad_cell_type_X_umap_f44b0f.pkl
results_symbols_skin_of_body_Gao_Cell_Death_Dis_2021_CellTypes_X_umap_892850.csv,s3://lifebit-user-data-6941eed90a4dd7a1d1026d7a/deploit/teams/69d8dd1e5d3e1f8c350e006f/users/68af3d99c99eb7bd2ff47bc8/projects/69f80768ca774c668fbaaed8/jobs/6a22c7a80859d97fbe7b6c88/results/results_symbols_skin_of_body_Gao_Cell_Death_Dis_2021_CellTypes_X_umap_892850.csv
results_symbols_skin_of_body_Gao_Cell_Death_Dis_2021_CellTypes_X_umap_892850.pkl,s3://lifebit-user-data-6941eed90a4dd7a1d1026d7a/deploit/teams/69d8dd1e5d3e1f8c350e006f/users/68af3d99c99eb7bd2ff47bc8/projects/69f80768ca774c668fbaaed8/jobs/6a22c7a80859d97fbe7b6c88/results/results_symbols_skin_of_body_Gao_Cell_Death_Dis_2021_CellTypes_X_umap_892850.pkl
results_symbols_skin_of_body_Reynolds_Science_2021_full_clustering_X_umap_05d19d.csv,s3://lifebit-user-data-6941eed90a4dd7a1d1026d7a/deploit/teams/69d8dd1e5d3e1f8c350e006f/users/68af3d99c99eb7bd2ff47bc8/projects/69f80768ca774c668fbaaed8/jobs/6a22c7a80859d97fbe7b6c88/results/results_symbols_skin_of_body_Reynolds_Science_2021_full_clustering_X_umap_05d19d.csv
results_symbols_skin_of_body_Reynolds_Science_2021_full_clustering_X_umap_05d19d.pkl,s3://lifebit-user-data-6941eed90a4dd7a1d1026d7a/deploit/teams/69d8dd1e5d3e1f8c350e006f/users/68af3d99c99eb7bd2ff47bc8/projects/69f80768ca774c668fbaaed8/jobs/6a22c7a80859d97fbe7b6c88/results/results_symbols_skin_of_body_Reynolds_Science_2021_full_clustering_X_umap_05d19d.pkl
results_symbols_skin_of_body_Sole-Boldo_Commun_Biol_2020_Celltype_X_umap_7d9c31.csv,s3://lifebit-user-data-6941eed90a4dd7a1d1026d7a/deploit/teams/69d8dd1e5d3e1f8c350e006f/users/68af3d99c99eb7bd2ff47bc8/projects/69f80768ca774c668fbaaed8/jobs/6a22c7a80859d97fbe7b6c88/results/results_symbols_skin_of_body_Sole-Boldo_Commun_Biol_2020_Celltype_X_umap_7d9c31.csv
results_symbols_skin_of_body_Sole-Boldo_Commun_Biol_2020_Celltype_X_umap_7d9c31.pkl,s3://lifebit-user-data-6941eed90a4dd7a1d1026d7a/deploit/teams/69d8dd1e5d3e1f8c350e006f/users/68af3d99c99eb7bd2ff47bc8/projects/69f80768ca774c668fbaaed8/jobs/6a22c7a80859d97fbe7b6c88/results/results_symbols_skin_of_body_Sole-Boldo_Commun_Biol_2020_Celltype_X_umap_7d9c31.pkl
results_symbols_skin_of_body_Wells_Nat_Immunol_2025_author_cell_type_X_umap_74e9e1.csv,s3://lifebit-user-data-6941eed90a4dd7a1d1026d7a/deploit/teams/69d8dd1e5d3e1f8c350e006f/users/68af3d99c99eb7bd2ff47bc8/projects/69f80768ca774c668fbaaed8/jobs/6a22c7a80859d97fbe7b6c88/results/results_symbols_skin_of_body_Wells_Nat_Immunol_2025_author_cell_type_X_umap_74e9e1.csv
results_symbols_skin_of_body_Wells_Nat_Immunol_2025_author_cell_type_X_umap_74e9e1.pkl,s3://lifebit-user-data-6941eed90a4dd7a1d1026d7a/deploit/teams/69d8dd1e5d3e1f8c350e006f/users/68af3d99c99eb7bd2ff47bc8/projects/69f80768ca774c668fbaaed8/jobs/6a22c7a80859d97fbe7b6c88/results/results_symbols_skin_of_body_Wells_Nat_Immunol_2025_author_cell_type_X_umap_74e9e1.pkl
results_symbols_skin_of_body_Wiedemann_Cell_Reports_2023_author_cell_type_X_tsne_e60c65.csv,s3://lifebit-user-data-6941eed90a4dd7a1d1026d7a/deploit/teams/69d8dd1e5d3e1f8c350e006f/users/68af3d99c99eb7bd2ff47bc8/projects/69f80768ca774c668fbaaed8/jobs/6a22c7a80859d97fbe7b6c88/results/results_symbols_skin_of_body_Wiedemann_Cell_Reports_2023_author_cell_type_X_tsne_e60c65.csv
results_symbols_skin_of_body_Wiedemann_Cell_Reports_2023_author_cell_type_X_tsne_e60c65.pkl,s3://lifebit-user-data-6941eed90a4dd7a1d1026d7a/deploit/teams/69d8dd1e5d3e1f8c350e006f/users/68af3d99c99eb7bd2ff47bc8/projects/69f80768ca774c668fbaaed8/jobs/6a22c7a80859d97fbe7b6c88/results/results_symbols_skin_of_body_Wiedemann_Cell_Reports_2023_author_cell_type_X_tsne_e60c65.pkl
scatter_skin_of_body_Cheng_Cell_Reports_2018_Re-annotation_X_umap_hm_adafa7_f_score.html,s3://lifebit-user-data-6941eed90a4dd7a1d1026d7a/deploit/teams/69d8dd1e5d3e1f8c350e006f/users/68af3d99c99eb7bd2ff47bc8/projects/69f80768ca774c668fbaaed8/jobs/6a22c7a80859d97fbe7b6c88/results/scatter_skin_of_body_Cheng_Cell_Reports_2018_Re-annotation_X_umap_hm_adafa7_f_score.html
scatter_skin_of_body_Cheng_Cell_Reports_2018_Re-annotation_X_umap_hm_adafa7_f_score.svg,s3://lifebit-user-data-6941eed90a4dd7a1d1026d7a/deploit/teams/69d8dd1e5d3e1f8c350e006f/users/68af3d99c99eb7bd2ff47bc8/projects/69f80768ca774c668fbaaed8/jobs/6a22c7a80859d97fbe7b6c88/results/scatter_skin_of_body_Cheng_Cell_Reports_2018_Re-annotation_X_umap_hm_adafa7_f_score.svg
scatter_skin_of_body_Cheng_Cell_Reports_2018_Re-annotation_X_umap_hm_adafa7_onTarget.html,s3://lifebit-user-data-6941eed90a4dd7a1d1026d7a/deploit/teams/69d8dd1e5d3e1f8c350e006f/users/68af3d99c99eb7bd2ff47bc8/projects/69f80768ca774c668fbaaed8/jobs/6a22c7a80859d97fbe7b6c88/results/scatter_skin_of_body_Cheng_Cell_Reports_2018_Re-annotation_X_umap_hm_adafa7_onTarget.html
scatter_skin_of_body_Cheng_Cell_Reports_2018_Re-annotation_X_umap_hm_adafa7_onTarget.svg,s3://lifebit-user-data-6941eed90a4dd7a1d1026d7a/deploit/teams/69d8dd1e5d3e1f8c350e006f/users/68af3d99c99eb7bd2ff47bc8/projects/69f80768ca774c668fbaaed8/jobs/6a22c7a80859d97fbe7b6c88/results/scatter_skin_of_body_Cheng_Cell_Reports_2018_Re-annotation_X_umap_hm_adafa7_onTarget.svg
scatter_skin_of_body_Cheng_Cell_Reports_2018_Re-annotation_X_umap_hm_adafa7_precision.html,s3://lifebit-user-data-6941eed90a4dd7a1d1026d7a/deploit/teams/69d8dd1e5d3e1f8c350e006f/users/68af3d99c99eb7bd2ff47bc8/projects/69f80768ca774c668fbaaed8/jobs/6a22c7a80859d97fbe7b6c88/results/scatter_skin_of_body_Cheng_Cell_Reports_2018_Re-annotation_X_umap_hm_adafa7_precision.html
scatter_skin_of_body_Cheng_Cell_Reports_2018_Re-annotation_X_umap_hm_adafa7_precision.svg,s3://lifebit-user-data-6941eed90a4dd7a1d1026d7a/deploit/teams/69d8dd1e5d3e1f8c350e006f/users/68af3d99c99eb7bd2ff47bc8/projects/69f80768ca774c668fbaaed8/jobs/6a22c7a80859d97fbe7b6c88/results/scatter_skin_of_body_Cheng_Cell_Reports_2018_Re-annotation_X_umap_hm_adafa7_precision.svg
scatter_skin_of_body_Cheng_Cell_Reports_2018_Re-annotation_X_umap_hm_adafa7_recall.html,s3://lifebit-user-data-6941eed90a4dd7a1d1026d7a/deploit/teams/69d8dd1e5d3e1f8c350e006f/users/68af3d99c99eb7bd2ff47bc8/projects/69f80768ca774c668fbaaed8/jobs/6a22c7a80859d97fbe7b6c88/results/scatter_skin_of_body_Cheng_Cell_Reports_2018_Re-annotation_X_umap_hm_adafa7_recall.html
scatter_skin_of_body_Cheng_Cell_Reports_2018_Re-annotation_X_umap_hm_adafa7_recall.svg,s3://lifebit-user-data-6941eed90a4dd7a1d1026d7a/deploit/teams/69d8dd1e5d3e1f8c350e006f/users/68af3d99c99eb7bd2ff47bc8/projects/69f80768ca774c668fbaaed8/jobs/6a22c7a80859d97fbe7b6c88/results/scatter_skin_of_body_Cheng_Cell_Reports_2018_Re-annotation_X_umap_hm_adafa7_recall.svg
scatter_skin_of_body_Eraslan_Science_2022_Broad_cell_type_X_umap_f44b0f_f_score.html,s3://lifebit-user-data-6941eed90a4dd7a1d1026d7a/deploit/teams/69d8dd1e5d3e1f8c350e006f/users/68af3d99c99eb7bd2ff47bc8/projects/69f80768ca774c668fbaaed8/jobs/6a22c7a80859d97fbe7b6c88/results/scatter_skin_of_body_Eraslan_Science_2022_Broad_cell_type_X_umap_f44b0f_f_score.html
scatter_skin_of_body_Eraslan_Science_2022_Broad_cell_type_X_umap_f44b0f_f_score.svg,s3://lifebit-user-data-6941eed90a4dd7a1d1026d7a/deploit/teams/69d8dd1e5d3e1f8c350e006f/users/68af3d99c99eb7bd2ff47bc8/projects/69f80768ca774c668fbaaed8/jobs/6a22c7a80859d97fbe7b6c88/results/scatter_skin_of_body_Eraslan_Science_2022_Broad_cell_type_X_umap_f44b0f_f_score.svg
scatter_skin_of_body_Eraslan_Science_2022_Broad_cell_type_X_umap_f44b0f_onTarget.html,s3://lifebit-user-data-6941eed90a4dd7a1d1026d7a/deploit/teams/69d8dd1e5d3e1f8c350e006f/users/68af3d99c99eb7bd2ff47bc8/projects/69f80768ca774c668fbaaed8/jobs/6a22c7a80859d97fbe7b6c88/results/scatter_skin_of_body_Eraslan_Science_2022_Broad_cell_type_X_umap_f44b0f_onTarget.html
scatter_skin_of_body_Eraslan_Science_2022_Broad_cell_type_X_umap_f44b0f_onTarget.svg,s3://lifebit-user-data-6941eed90a4dd7a1d1026d7a/deploit/teams/69d8dd1e5d3e1f8c350e006f/users/68af3d99c99eb7bd2ff47bc8/projects/69f80768ca774c668fbaaed8/jobs/6a22c7a80859d97fbe7b6c88/results/scatter_skin_of_body_Eraslan_Science_2022_Broad_cell_type_X_umap_f44b0f_onTarget.svg
scatter_skin_of_body_Eraslan_Science_2022_Broad_cell_type_X_umap_f44b0f_precision.html,s3://lifebit-user-data-6941eed90a4dd7a1d1026d7a/deploit/teams/69d8dd1e5d3e1f8c350e006f/users/68af3d99c99eb7bd2ff47bc8/projects/69f80768ca774c668fbaaed8/jobs/6a22c7a80859d97fbe7b6c88/results/scatter_skin_of_body_Eraslan_Science_2022_Broad_cell_type_X_umap_f44b0f_precision.html
scatter_skin_of_body_Eraslan_Science_2022_Broad_cell_type_X_umap_f44b0f_precision.svg,s3://lifebit-user-data-6941eed90a4dd7a1d1026d7a/deploit/teams/69d8dd1e5d3e1f8c350e006f/users/68af3d99c99eb7bd2ff47bc8/projects/69f80768ca774c668fbaaed8/jobs/6a22c7a80859d97fbe7b6c88/results/scatter_skin_of_body_Eraslan_Science_2022_Broad_cell_type_X_umap_f44b0f_precision.svg
scatter_skin_of_body_Eraslan_Science_2022_Broad_cell_type_X_umap_f44b0f_recall.html,s3://lifebit-user-data-6941eed90a4dd7a1d1026d7a/deploit/teams/69d8dd1e5d3e1f8c350e006f/users/68af3d99c99eb7bd2ff47bc8/projects/69f80768ca774c668fbaaed8/jobs/6a22c7a80859d97fbe7b6c88/results/scatter_skin_of_body_Eraslan_Science_2022_Broad_cell_type_X_umap_f44b0f_recall.html
scatter_skin_of_body_Eraslan_Science_2022_Broad_cell_type_X_umap_f44b0f_recall.svg,s3://lifebit-user-data-6941eed90a4dd7a1d1026d7a/deploit/teams/69d8dd1e5d3e1f8c350e006f/users/68af3d99c99eb7bd2ff47bc8/projects/69f80768ca774c668fbaaed8/jobs/6a22c7a80859d97fbe7b6c88/results/scatter_skin_of_body_Eraslan_Science_2022_Broad_cell_type_X_umap_f44b0f_recall.svg
scatter_skin_of_body_Gao_Cell_Death_Dis_2021_CellTypes_X_umap_892850_f_score.html,s3://lifebit-user-data-6941eed90a4dd7a1d1026d7a/deploit/teams/69d8dd1e5d3e1f8c350e006f/users/68af3d99c99eb7bd2ff47bc8/projects/69f80768ca774c668fbaaed8/jobs/6a22c7a80859d97fbe7b6c88/results/scatter_skin_of_body_Gao_Cell_Death_Dis_2021_CellTypes_X_umap_892850_f_score.html
scatter_skin_of_body_Gao_Cell_Death_Dis_2021_CellTypes_X_umap_892850_f_score.svg,s3://lifebit-user-data-6941eed90a4dd7a1d1026d7a/deploit/teams/69d8dd1e5d3e1f8c350e006f/users/68af3d99c99eb7bd2ff47bc8/projects/69f80768ca774c668fbaaed8/jobs/6a22c7a80859d97fbe7b6c88/results/scatter_skin_of_body_Gao_Cell_Death_Dis_2021_CellTypes_X_umap_892850_f_score.svg
scatter_skin_of_body_Gao_Cell_Death_Dis_2021_CellTypes_X_umap_892850_onTarget.html,s3://lifebit-user-data-6941eed90a4dd7a1d1026d7a/deploit/teams/69d8dd1e5d3e1f8c350e006f/users/68af3d99c99eb7bd2ff47bc8/projects/69f80768ca774c668fbaaed8/jobs/6a22c7a80859d97fbe7b6c88/results/scatter_skin_of_body_Gao_Cell_Death_Dis_2021_CellTypes_X_umap_892850_onTarget.html
scatter_skin_of_body_Gao_Cell_Death_Dis_2021_CellTypes_X_umap_892850_onTarget.svg,s3://lifebit-user-data-6941eed90a4dd7a1d1026d7a/deploit/teams/69d8dd1e5d3e1f8c350e006f/users/68af3d99c99eb7bd2ff47bc8/projects/69f80768ca774c668fbaaed8/jobs/6a22c7a80859d97fbe7b6c88/results/scatter_skin_of_body_Gao_Cell_Death_Dis_2021_CellTypes_X_umap_892850_onTarget.svg
scatter_skin_of_body_Gao_Cell_Death_Dis_2021_CellTypes_X_umap_892850_precision.html,s3://lifebit-user-data-6941eed90a4dd7a1d1026d7a/deploit/teams/69d8dd1e5d3e1f8c350e006f/users/68af3d99c99eb7bd2ff47bc8/projects/69f80768ca774c668fbaaed8/jobs/6a22c7a80859d97fbe7b6c88/results/scatter_skin_of_body_Gao_Cell_Death_Dis_2021_CellTypes_X_umap_892850_precision.html
scatter_skin_of_body_Gao_Cell_Death_Dis_2021_CellTypes_X_umap_892850_precision.svg,s3://lifebit-user-data-6941eed90a4dd7a1d1026d7a/deploit/teams/69d8dd1e5d3e1f8c350e006f/users/68af3d99c99eb7bd2ff47bc8/projects/69f80768ca774c668fbaaed8/jobs/6a22c7a80859d97fbe7b6c88/results/scatter_skin_of_body_Gao_Cell_Death_Dis_2021_CellTypes_X_umap_892850_precision.svg
scatter_skin_of_body_Gao_Cell_Death_Dis_2021_CellTypes_X_umap_892850_recall.html,s3://lifebit-user-data-6941eed90a4dd7a1d1026d7a/deploit/teams/69d8dd1e5d3e1f8c350e006f/users/68af3d99c99eb7bd2ff47bc8/projects/69f80768ca774c668fbaaed8/jobs/6a22c7a80859d97fbe7b6c88/results/scatter_skin_of_body_Gao_Cell_Death_Dis_2021_CellTypes_X_umap_892850_recall.html
scatter_skin_of_body_Gao_Cell_Death_Dis_2021_CellTypes_X_umap_892850_recall.svg,s3://lifebit-user-data-6941eed90a4dd7a1d1026d7a/deploit/teams/69d8dd1e5d3e1f8c350e006f/users/68af3d99c99eb7bd2ff47bc8/projects/69f80768ca774c668fbaaed8/jobs/6a22c7a80859d97fbe7b6c88/results/scatter_skin_of_body_Gao_Cell_Death_Dis_2021_CellTypes_X_umap_892850_recall.svg
scatter_skin_of_body_Reynolds_Science_2021_full_clustering_X_umap_05d19d_f_score.html,s3://lifebit-user-data-6941eed90a4dd7a1d1026d7a/deploit/teams/69d8dd1e5d3e1f8c350e006f/users/68af3d99c99eb7bd2ff47bc8/projects/69f80768ca774c668fbaaed8/jobs/6a22c7a80859d97fbe7b6c88/results/scatter_skin_of_body_Reynolds_Science_2021_full_clustering_X_umap_05d19d_f_score.html
scatter_skin_of_body_Reynolds_Science_2021_full_clustering_X_umap_05d19d_f_score.svg,s3://lifebit-user-data-6941eed90a4dd7a1d1026d7a/deploit/teams/69d8dd1e5d3e1f8c350e006f/users/68af3d99c99eb7bd2ff47bc8/projects/69f80768ca774c668fbaaed8/jobs/6a22c7a80859d97fbe7b6c88/results/scatter_skin_of_body_Reynolds_Science_2021_full_clustering_X_umap_05d19d_f_score.svg
scatter_skin_of_body_Reynolds_Science_2021_full_clustering_X_umap_05d19d_onTarget.html,s3://lifebit-user-data-6941eed90a4dd7a1d1026d7a/deploit/teams/69d8dd1e5d3e1f8c350e006f/users/68af3d99c99eb7bd2ff47bc8/projects/69f80768ca774c668fbaaed8/jobs/6a22c7a80859d97fbe7b6c88/results/scatter_skin_of_body_Reynolds_Science_2021_full_clustering_X_umap_05d19d_onTarget.html
scatter_skin_of_body_Reynolds_Science_2021_full_clustering_X_umap_05d19d_onTarget.svg,s3://lifebit-user-data-6941eed90a4dd7a1d1026d7a/deploit/teams/69d8dd1e5d3e1f8c350e006f/users/68af3d99c99eb7bd2ff47bc8/projects/69f80768ca774c668fbaaed8/jobs/6a22c7a80859d97fbe7b6c88/results/scatter_skin_of_body_Reynolds_Science_2021_full_clustering_X_umap_05d19d_onTarget.svg
scatter_skin_of_body_Reynolds_Science_2021_full_clustering_X_umap_05d19d_precision.html,s3://lifebit-user-data-6941eed90a4dd7a1d1026d7a/deploit/teams/69d8dd1e5d3e1f8c350e006f/users/68af3d99c99eb7bd2ff47bc8/projects/69f80768ca774c668fbaaed8/jobs/6a22c7a80859d97fbe7b6c88/results/scatter_skin_of_body_Reynolds_Science_2021_full_clustering_X_umap_05d19d_precision.html
scatter_skin_of_body_Reynolds_Science_2021_full_clustering_X_umap_05d19d_precision.svg,s3://lifebit-user-data-6941eed90a4dd7a1d1026d7a/deploit/teams/69d8dd1e5d3e1f8c350e006f/users/68af3d99c99eb7bd2ff47bc8/projects/69f80768ca774c668fbaaed8/jobs/6a22c7a80859d97fbe7b6c88/results/scatter_skin_of_body_Reynolds_Science_2021_full_clustering_X_umap_05d19d_precision.svg
scatter_skin_of_body_Reynolds_Science_2021_full_clustering_X_umap_05d19d_recall.html,s3://lifebit-user-data-6941eed90a4dd7a1d1026d7a/deploit/teams/69d8dd1e5d3e1f8c350e006f/users/68af3d99c99eb7bd2ff47bc8/projects/69f80768ca774c668fbaaed8/jobs/6a22c7a80859d97fbe7b6c88/results/scatter_skin_of_body_Reynolds_Science_2021_full_clustering_X_umap_05d19d_recall.html
scatter_skin_of_body_Reynolds_Science_2021_full_clustering_X_umap_05d19d_recall.svg,s3://lifebit-user-data-6941eed90a4dd7a1d1026d7a/deploit/teams/69d8dd1e5d3e1f8c350e006f/users/68af3d99c99eb7bd2ff47bc8/projects/69f80768ca774c668fbaaed8/jobs/6a22c7a80859d97fbe7b6c88/results/scatter_skin_of_body_Reynolds_Science_2021_full_clustering_X_umap_05d19d_recall.svg
scatter_skin_of_body_Sole-Boldo_Commun_Biol_2020_Celltype_X_umap_7d9c31_f_score.html,s3://lifebit-user-data-6941eed90a4dd7a1d1026d7a/deploit/teams/69d8dd1e5d3e1f8c350e006f/users/68af3d99c99eb7bd2ff47bc8/projects/69f80768ca774c668fbaaed8/jobs/6a22c7a80859d97fbe7b6c88/results/scatter_skin_of_body_Sole-Boldo_Commun_Biol_2020_Celltype_X_umap_7d9c31_f_score.html
scatter_skin_of_body_Sole-Boldo_Commun_Biol_2020_Celltype_X_umap_7d9c31_f_score.svg,s3://lifebit-user-data-6941eed90a4dd7a1d1026d7a/deploit/teams/69d8dd1e5d3e1f8c350e006f/users/68af3d99c99eb7bd2ff47bc8/projects/69f80768ca774c668fbaaed8/jobs/6a22c7a80859d97fbe7b6c88/results/scatter_skin_of_body_Sole-Boldo_Commun_Biol_2020_Celltype_X_umap_7d9c31_f_score.svg
scatter_skin_of_body_Sole-Boldo_Commun_Biol_2020_Celltype_X_umap_7d9c31_onTarget.html,s3://lifebit-user-data-6941eed90a4dd7a1d1026d7a/deploit/teams/69d8dd1e5d3e1f8c350e006f/users/68af3d99c99eb7bd2ff47bc8/projects/69f80768ca774c668fbaaed8/jobs/6a22c7a80859d97fbe7b6c88/results/scatter_skin_of_body_Sole-Boldo_Commun_Biol_2020_Celltype_X_umap_7d9c31_onTarget.html
scatter_skin_of_body_Sole-Boldo_Commun_Biol_2020_Celltype_X_umap_7d9c31_onTarget.svg,s3://lifebit-user-data-6941eed90a4dd7a1d1026d7a/deploit/teams/69d8dd1e5d3e1f8c350e006f/users/68af3d99c99eb7bd2ff47bc8/projects/69f80768ca774c668fbaaed8/jobs/6a22c7a80859d97fbe7b6c88/results/scatter_skin_of_body_Sole-Boldo_Commun_Biol_2020_Celltype_X_umap_7d9c31_onTarget.svg
scatter_skin_of_body_Sole-Boldo_Commun_Biol_2020_Celltype_X_umap_7d9c31_precision.html,s3://lifebit-user-data-6941eed90a4dd7a1d1026d7a/deploit/teams/69d8dd1e5d3e1f8c350e006f/users/68af3d99c99eb7bd2ff47bc8/projects/69f80768ca774c668fbaaed8/jobs/6a22c7a80859d97fbe7b6c88/results/scatter_skin_of_body_Sole-Boldo_Commun_Biol_2020_Celltype_X_umap_7d9c31_precision.html
scatter_skin_of_body_Sole-Boldo_Commun_Biol_2020_Celltype_X_umap_7d9c31_precision.svg,s3://lifebit-user-data-6941eed90a4dd7a1d1026d7a/deploit/teams/69d8dd1e5d3e1f8c350e006f/users/68af3d99c99eb7bd2ff47bc8/projects/69f80768ca774c668fbaaed8/jobs/6a22c7a80859d97fbe7b6c88/results/scatter_skin_of_body_Sole-Boldo_Commun_Biol_2020_Celltype_X_umap_7d9c31_precision.svg
scatter_skin_of_body_Sole-Boldo_Commun_Biol_2020_Celltype_X_umap_7d9c31_recall.html,s3://lifebit-user-data-6941eed90a4dd7a1d1026d7a/deploit/teams/69d8dd1e5d3e1f8c350e006f/users/68af3d99c99eb7bd2ff47bc8/projects/69f80768ca774c668fbaaed8/jobs/6a22c7a80859d97fbe7b6c88/results/scatter_skin_of_body_Sole-Boldo_Commun_Biol_2020_Celltype_X_umap_7d9c31_recall.html
scatter_skin_of_body_Sole-Boldo_Commun_Biol_2020_Celltype_X_umap_7d9c31_recall.svg,s3://lifebit-user-data-6941eed90a4dd7a1d1026d7a/deploit/teams/69d8dd1e5d3e1f8c350e006f/users/68af3d99c99eb7bd2ff47bc8/projects/69f80768ca774c668fbaaed8/jobs/6a22c7a80859d97fbe7b6c88/results/scatter_skin_of_body_Sole-Boldo_Commun_Biol_2020_Celltype_X_umap_7d9c31_recall.svg
scatter_skin_of_body_Wells_Nat_Immunol_2025_author_cell_type_X_umap_74e9e1_f_score.html,s3://lifebit-user-data-6941eed90a4dd7a1d1026d7a/deploit/teams/69d8dd1e5d3e1f8c350e006f/users/68af3d99c99eb7bd2ff47bc8/projects/69f80768ca774c668fbaaed8/jobs/6a22c7a80859d97fbe7b6c88/results/scatter_skin_of_body_Wells_Nat_Immunol_2025_author_cell_type_X_umap_74e9e1_f_score.html
scatter_skin_of_body_Wells_Nat_Immunol_2025_author_cell_type_X_umap_74e9e1_f_score.svg,s3://lifebit-user-data-6941eed90a4dd7a1d1026d7a/deploit/teams/69d8dd1e5d3e1f8c350e006f/users/68af3d99c99eb7bd2ff47bc8/projects/69f80768ca774c668fbaaed8/jobs/6a22c7a80859d97fbe7b6c88/results/scatter_skin_of_body_Wells_Nat_Immunol_2025_author_cell_type_X_umap_74e9e1_f_score.svg
scatter_skin_of_body_Wells_Nat_Immunol_2025_author_cell_type_X_umap_74e9e1_onTarget.html,s3://lifebit-user-data-6941eed90a4dd7a1d1026d7a/deploit/teams/69d8dd1e5d3e1f8c350e006f/users/68af3d99c99eb7bd2ff47bc8/projects/69f80768ca774c668fbaaed8/jobs/6a22c7a80859d97fbe7b6c88/results/scatter_skin_of_body_Wells_Nat_Immunol_2025_author_cell_type_X_umap_74e9e1_onTarget.html
scatter_skin_of_body_Wells_Nat_Immunol_2025_author_cell_type_X_umap_74e9e1_onTarget.svg,s3://lifebit-user-data-6941eed90a4dd7a1d1026d7a/deploit/teams/69d8dd1e5d3e1f8c350e006f/users/68af3d99c99eb7bd2ff47bc8/projects/69f80768ca774c668fbaaed8/jobs/6a22c7a80859d97fbe7b6c88/results/scatter_skin_of_body_Wells_Nat_Immunol_2025_author_cell_type_X_umap_74e9e1_onTarget.svg
scatter_skin_of_body_Wells_Nat_Immunol_2025_author_cell_type_X_umap_74e9e1_precision.html,s3://lifebit-user-data-6941eed90a4dd7a1d1026d7a/deploit/teams/69d8dd1e5d3e1f8c350e006f/users/68af3d99c99eb7bd2ff47bc8/projects/69f80768ca774c668fbaaed8/jobs/6a22c7a80859d97fbe7b6c88/results/scatter_skin_of_body_Wells_Nat_Immunol_2025_author_cell_type_X_umap_74e9e1_precision.html
scatter_skin_of_body_Wells_Nat_Immunol_2025_author_cell_type_X_umap_74e9e1_precision.svg,s3://lifebit-user-data-6941eed90a4dd7a1d1026d7a/deploit/teams/69d8dd1e5d3e1f8c350e006f/users/68af3d99c99eb7bd2ff47bc8/projects/69f80768ca774c668fbaaed8/jobs/6a22c7a80859d97fbe7b6c88/results/scatter_skin_of_body_Wells_Nat_Immunol_2025_author_cell_type_X_umap_74e9e1_precision.svg
scatter_skin_of_body_Wells_Nat_Immunol_2025_author_cell_type_X_umap_74e9e1_recall.html,s3://lifebit-user-data-6941eed90a4dd7a1d1026d7a/deploit/teams/69d8dd1e5d3e1f8c350e006f/users/68af3d99c99eb7bd2ff47bc8/projects/69f80768ca774c668fbaaed8/jobs/6a22c7a80859d97fbe7b6c88/results/scatter_skin_of_body_Wells_Nat_Immunol_2025_author_cell_type_X_umap_74e9e1_recall.html
scatter_skin_of_body_Wells_Nat_Immunol_2025_author_cell_type_X_umap_74e9e1_recall.svg,s3://lifebit-user-data-6941eed90a4dd7a1d1026d7a/deploit/teams/69d8dd1e5d3e1f8c350e006f/users/68af3d99c99eb7bd2ff47bc8/projects/69f80768ca774c668fbaaed8/jobs/6a22c7a80859d97fbe7b6c88/results/scatter_skin_of_body_Wells_Nat_Immunol_2025_author_cell_type_X_umap_74e9e1_recall.svg
scatter_skin_of_body_Wiedemann_Cell_Reports_2023_author_cell_type_X_tsne_e60c65_f_score.html,s3://lifebit-user-data-6941eed90a4dd7a1d1026d7a/deploit/teams/69d8dd1e5d3e1f8c350e006f/users/68af3d99c99eb7bd2ff47bc8/projects/69f80768ca774c668fbaaed8/jobs/6a22c7a80859d97fbe7b6c88/results/scatter_skin_of_body_Wiedemann_Cell_Reports_2023_author_cell_type_X_tsne_e60c65_f_score.html
scatter_skin_of_body_Wiedemann_Cell_Reports_2023_author_cell_type_X_tsne_e60c65_f_score.svg,s3://lifebit-user-data-6941eed90a4dd7a1d1026d7a/deploit/teams/69d8dd1e5d3e1f8c350e006f/users/68af3d99c99eb7bd2ff47bc8/projects/69f80768ca774c668fbaaed8/jobs/6a22c7a80859d97fbe7b6c88/results/scatter_skin_of_body_Wiedemann_Cell_Reports_2023_author_cell_type_X_tsne_e60c65_f_score.svg
scatter_skin_of_body_Wiedemann_Cell_Reports_2023_author_cell_type_X_tsne_e60c65_onTarget.html,s3://lifebit-user-data-6941eed90a4dd7a1d1026d7a/deploit/teams/69d8dd1e5d3e1f8c350e006f/users/68af3d99c99eb7bd2ff47bc8/projects/69f80768ca774c668fbaaed8/jobs/6a22c7a80859d97fbe7b6c88/results/scatter_skin_of_body_Wiedemann_Cell_Reports_2023_author_cell_type_X_tsne_e60c65_onTarget.html
scatter_skin_of_body_Wiedemann_Cell_Reports_2023_author_cell_type_X_tsne_e60c65_onTarget.svg,s3://lifebit-user-data-6941eed90a4dd7a1d1026d7a/deploit/teams/69d8dd1e5d3e1f8c350e006f/users/68af3d99c99eb7bd2ff47bc8/projects/69f80768ca774c668fbaaed8/jobs/6a22c7a80859d97fbe7b6c88/results/scatter_skin_of_body_Wiedemann_Cell_Reports_2023_author_cell_type_X_tsne_e60c65_onTarget.svg
scatter_skin_of_body_Wiedemann_Cell_Reports_2023_author_cell_type_X_tsne_e60c65_precision.html,s3://lifebit-user-data-6941eed90a4dd7a1d1026d7a/deploit/teams/69d8dd1e5d3e1f8c350e006f/users/68af3d99c99eb7bd2ff47bc8/projects/69f80768ca774c668fbaaed8/jobs/6a22c7a80859d97fbe7b6c88/results/scatter_skin_of_body_Wiedemann_Cell_Reports_2023_author_cell_type_X_tsne_e60c65_precision.html
scatter_skin_of_body_Wiedemann_Cell_Reports_2023_author_cell_type_X_tsne_e60c65_precision.svg,s3://lifebit-user-data-6941eed90a4dd7a1d1026d7a/deploit/teams/69d8dd1e5d3e1f8c350e006f/users/68af3d99c99eb7bd2ff47bc8/projects/69f80768ca774c668fbaaed8/jobs/6a22c7a80859d97fbe7b6c88/results/scatter_skin_of_body_Wiedemann_Cell_Reports_2023_author_cell_type_X_tsne_e60c65_precision.svg
scatter_skin_of_body_Wiedemann_Cell_Reports_2023_author_cell_type_X_tsne_e60c65_recall.html,s3://lifebit-user-data-6941eed90a4dd7a1d1026d7a/deploit/teams/69d8dd1e5d3e1f8c350e006f/users/68af3d99c99eb7bd2ff47bc8/projects/69f80768ca774c668fbaaed8/jobs/6a22c7a80859d97fbe7b6c88/results/scatter_skin_of_body_Wiedemann_Cell_Reports_2023_author_cell_type_X_tsne_e60c65_recall.html
scatter_skin_of_body_Wiedemann_Cell_Reports_2023_author_cell_type_X_tsne_e60c65_recall.svg,s3://lifebit-user-data-6941eed90a4dd7a1d1026d7a/deploit/teams/69d8dd1e5d3e1f8c350e006f/users/68af3d99c99eb7bd2ff47bc8/projects/69f80768ca774c668fbaaed8/jobs/6a22c7a80859d97fbe7b6c88/results/scatter_skin_of_body_Wiedemann_Cell_Reports_2023_author_cell_type_X_tsne_e60c65_recall.svg
scsilhouette_cluster_summary_skin_of_body_Cheng_Cell_Reports_2018_Re-annotation_X_umap_hm_adafa7.csv,s3://lifebit-user-data-6941eed90a4dd7a1d1026d7a/deploit/teams/69d8dd1e5d3e1f8c350e006f/users/68af3d99c99eb7bd2ff47bc8/projects/69f80768ca774c668fbaaed8/jobs/6a22c7a80859d97fbe7b6c88/results/scsilhouette_cluster_summary_skin_of_body_Cheng_Cell_Reports_2018_Re-annotation_X_umap_hm_adafa7.csv
scsilhouette_cluster_summary_skin_of_body_Eraslan_Science_2022_Broad_cell_type_X_umap_f44b0f.csv,s3://lifebit-user-data-6941eed90a4dd7a1d1026d7a/deploit/teams/69d8dd1e5d3e1f8c350e006f/users/68af3d99c99eb7bd2ff47bc8/projects/69f80768ca774c668fbaaed8/jobs/6a22c7a80859d97fbe7b6c88/results/scsilhouette_cluster_summary_skin_of_body_Eraslan_Science_2022_Broad_cell_type_X_umap_f44b0f.csv
scsilhouette_cluster_summary_skin_of_body_Gao_Cell_Death_Dis_2021_CellTypes_X_umap_892850.csv,s3://lifebit-user-data-6941eed90a4dd7a1d1026d7a/deploit/teams/69d8dd1e5d3e1f8c350e006f/users/68af3d99c99eb7bd2ff47bc8/projects/69f80768ca774c668fbaaed8/jobs/6a22c7a80859d97fbe7b6c88/results/scsilhouette_cluster_summary_skin_of_body_Gao_Cell_Death_Dis_2021_CellTypes_X_umap_892850.csv
scsilhouette_cluster_summary_skin_of_body_Reynolds_Science_2021_full_clustering_X_umap_05d19d.csv,s3://lifebit-user-data-6941eed90a4dd7a1d1026d7a/deploit/teams/69d8dd1e5d3e1f8c350e006f/users/68af3d99c99eb7bd2ff47bc8/projects/69f80768ca774c668fbaaed8/jobs/6a22c7a80859d97fbe7b6c88/results/scsilhouette_cluster_summary_skin_of_body_Reynolds_Science_2021_full_clustering_X_umap_05d19d.csv
scsilhouette_cluster_summary_skin_of_body_Sole-Boldo_Commun_Biol_2020_Celltype_X_umap_7d9c31.csv,s3://lifebit-user-data-6941eed90a4dd7a1d1026d7a/deploit/teams/69d8dd1e5d3e1f8c350e006f/users/68af3d99c99eb7bd2ff47bc8/projects/69f80768ca774c668fbaaed8/jobs/6a22c7a80859d97fbe7b6c88/results/scsilhouette_cluster_summary_skin_of_body_Sole-Boldo_Commun_Biol_2020_Celltype_X_umap_7d9c31.csv
scsilhouette_cluster_summary_skin_of_body_Wells_Nat_Immunol_2025_author_cell_type_X_umap_74e9e1.csv,s3://lifebit-user-data-6941eed90a4dd7a1d1026d7a/deploit/teams/69d8dd1e5d3e1f8c350e006f/users/68af3d99c99eb7bd2ff47bc8/projects/69f80768ca774c668fbaaed8/jobs/6a22c7a80859d97fbe7b6c88/results/scsilhouette_cluster_summary_skin_of_body_Wells_Nat_Immunol_2025_author_cell_type_X_umap_74e9e1.csv
scsilhouette_cluster_summary_skin_of_body_Wiedemann_Cell_Reports_2023_author_cell_type_X_tsne_e60c65.csv,s3://lifebit-user-data-6941eed90a4dd7a1d1026d7a/deploit/teams/69d8dd1e5d3e1f8c350e006f/users/68af3d99c99eb7bd2ff47bc8/projects/69f80768ca774c668fbaaed8/jobs/6a22c7a80859d97fbe7b6c88/results/scsilhouette_cluster_summary_skin_of_body_Wiedemann_Cell_Reports_2023_author_cell_type_X_tsne_e60c65.csv
silhouette_fscore_summary_skin_of_body_Cheng_Cell_Reports_2018_Re-annotation_X_umap_hm_adafa7.csv,s3://lifebit-user-data-6941eed90a4dd7a1d1026d7a/deploit/teams/69d8dd1e5d3e1f8c350e006f/users/68af3d99c99eb7bd2ff47bc8/projects/69f80768ca774c668fbaaed8/jobs/6a22c7a80859d97fbe7b6c88/results/silhouette_fscore_summary_skin_of_body_Cheng_Cell_Reports_2018_Re-annotation_X_umap_hm_adafa7.csv
silhouette_fscore_summary_skin_of_body_Cheng_Cell_Reports_2018_Re-annotation_X_umap_hm_adafa7.html,s3://lifebit-user-data-6941eed90a4dd7a1d1026d7a/deploit/teams/69d8dd1e5d3e1f8c350e006f/users/68af3d99c99eb7bd2ff47bc8/projects/69f80768ca774c668fbaaed8/jobs/6a22c7a80859d97fbe7b6c88/results/silhouette_fscore_summary_skin_of_body_Cheng_Cell_Reports_2018_Re-annotation_X_umap_hm_adafa7.html
silhouette_fscore_summary_skin_of_body_Cheng_Cell_Reports_2018_Re-annotation_X_umap_hm_adafa7.svg,s3://lifebit-user-data-6941eed90a4dd7a1d1026d7a/deploit/teams/69d8dd1e5d3e1f8c350e006f/users/68af3d99c99eb7bd2ff47bc8/projects/69f80768ca774c668fbaaed8/jobs/6a22c7a80859d97fbe7b6c88/results/silhouette_fscore_summary_skin_of_body_Cheng_Cell_Reports_2018_Re-annotation_X_umap_hm_adafa7.svg
silhouette_fscore_summary_skin_of_body_Eraslan_Science_2022_Broad_cell_type_X_umap_f44b0f.csv,s3://lifebit-user-data-6941eed90a4dd7a1d1026d7a/deploit/teams/69d8dd1e5d3e1f8c350e006f/users/68af3d99c99eb7bd2ff47bc8/projects/69f80768ca774c668fbaaed8/jobs/6a22c7a80859d97fbe7b6c88/results/silhouette_fscore_summary_skin_of_body_Eraslan_Science_2022_Broad_cell_type_X_umap_f44b0f.csv
silhouette_fscore_summary_skin_of_body_Eraslan_Science_2022_Broad_cell_type_X_umap_f44b0f.html,s3://lifebit-user-data-6941eed90a4dd7a1d1026d7a/deploit/teams/69d8dd1e5d3e1f8c350e006f/users/68af3d99c99eb7bd2ff47bc8/projects/69f80768ca774c668fbaaed8/jobs/6a22c7a80859d97fbe7b6c88/results/silhouette_fscore_summary_skin_of_body_Eraslan_Science_2022_Broad_cell_type_X_umap_f44b0f.html
silhouette_fscore_summary_skin_of_body_Eraslan_Science_2022_Broad_cell_type_X_umap_f44b0f.svg,s3://lifebit-user-data-6941eed90a4dd7a1d1026d7a/deploit/teams/69d8dd1e5d3e1f8c350e006f/users/68af3d99c99eb7bd2ff47bc8/projects/69f80768ca774c668fbaaed8/jobs/6a22c7a80859d97fbe7b6c88/results/silhouette_fscore_summary_skin_of_body_Eraslan_Science_2022_Broad_cell_type_X_umap_f44b0f.svg
silhouette_fscore_summary_skin_of_body_Gao_Cell_Death_Dis_2021_CellTypes_X_umap_892850.csv,s3://lifebit-user-data-6941eed90a4dd7a1d1026d7a/deploit/teams/69d8dd1e5d3e1f8c350e006f/users/68af3d99c99eb7bd2ff47bc8/projects/69f80768ca774c668fbaaed8/jobs/6a22c7a80859d97fbe7b6c88/results/silhouette_fscore_summary_skin_of_body_Gao_Cell_Death_Dis_2021_CellTypes_X_umap_892850.csv
silhouette_fscore_summary_skin_of_body_Gao_Cell_Death_Dis_2021_CellTypes_X_umap_892850.html,s3://lifebit-user-data-6941eed90a4dd7a1d1026d7a/deploit/teams/69d8dd1e5d3e1f8c350e006f/users/68af3d99c99eb7bd2ff47bc8/projects/69f80768ca774c668fbaaed8/jobs/6a22c7a80859d97fbe7b6c88/results/silhouette_fscore_summary_skin_of_body_Gao_Cell_Death_Dis_2021_CellTypes_X_umap_892850.html
silhouette_fscore_summary_skin_of_body_Gao_Cell_Death_Dis_2021_CellTypes_X_umap_892850.svg,s3://lifebit-user-data-6941eed90a4dd7a1d1026d7a/deploit/teams/69d8dd1e5d3e1f8c350e006f/users/68af3d99c99eb7bd2ff47bc8/projects/69f80768ca774c668fbaaed8/jobs/6a22c7a80859d97fbe7b6c88/results/silhouette_fscore_summary_skin_of_body_Gao_Cell_Death_Dis_2021_CellTypes_X_umap_892850.svg
silhouette_fscore_summary_skin_of_body_Reynolds_Science_2021_full_clustering_X_umap_05d19d.csv,s3://lifebit-user-data-6941eed90a4dd7a1d1026d7a/deploit/teams/69d8dd1e5d3e1f8c350e006f/users/68af3d99c99eb7bd2ff47bc8/projects/69f80768ca774c668fbaaed8/jobs/6a22c7a80859d97fbe7b6c88/results/silhouette_fscore_summary_skin_of_body_Reynolds_Science_2021_full_clustering_X_umap_05d19d.csv
silhouette_fscore_summary_skin_of_body_Reynolds_Science_2021_full_clustering_X_umap_05d19d.html,s3://lifebit-user-data-6941eed90a4dd7a1d1026d7a/deploit/teams/69d8dd1e5d3e1f8c350e006f/users/68af3d99c99eb7bd2ff47bc8/projects/69f80768ca774c668fbaaed8/jobs/6a22c7a80859d97fbe7b6c88/results/silhouette_fscore_summary_skin_of_body_Reynolds_Science_2021_full_clustering_X_umap_05d19d.html
silhouette_fscore_summary_skin_of_body_Reynolds_Science_2021_full_clustering_X_umap_05d19d.svg,s3://lifebit-user-data-6941eed90a4dd7a1d1026d7a/deploit/teams/69d8dd1e5d3e1f8c350e006f/users/68af3d99c99eb7bd2ff47bc8/projects/69f80768ca774c668fbaaed8/jobs/6a22c7a80859d97fbe7b6c88/results/silhouette_fscore_summary_skin_of_body_Reynolds_Science_2021_full_clustering_X_umap_05d19d.svg
silhouette_fscore_summary_skin_of_body_Sole-Boldo_Commun_Biol_2020_Celltype_X_umap_7d9c31.csv,s3://lifebit-user-data-6941eed90a4dd7a1d1026d7a/deploit/teams/69d8dd1e5d3e1f8c350e006f/users/68af3d99c99eb7bd2ff47bc8/projects/69f80768ca774c668fbaaed8/jobs/6a22c7a80859d97fbe7b6c88/results/silhouette_fscore_summary_skin_of_body_Sole-Boldo_Commun_Biol_2020_Celltype_X_umap_7d9c31.csv
silhouette_fscore_summary_skin_of_body_Sole-Boldo_Commun_Biol_2020_Celltype_X_umap_7d9c31.html,s3://lifebit-user-data-6941eed90a4dd7a1d1026d7a/deploit/teams/69d8dd1e5d3e1f8c350e006f/users/68af3d99c99eb7bd2ff47bc8/projects/69f80768ca774c668fbaaed8/jobs/6a22c7a80859d97fbe7b6c88/results/silhouette_fscore_summary_skin_of_body_Sole-Boldo_Commun_Biol_2020_Celltype_X_umap_7d9c31.html
silhouette_fscore_summary_skin_of_body_Sole-Boldo_Commun_Biol_2020_Celltype_X_umap_7d9c31.svg,s3://lifebit-user-data-6941eed90a4dd7a1d1026d7a/deploit/teams/69d8dd1e5d3e1f8c350e006f/users/68af3d99c99eb7bd2ff47bc8/projects/69f80768ca774c668fbaaed8/jobs/6a22c7a80859d97fbe7b6c88/results/silhouette_fscore_summary_skin_of_body_Sole-Boldo_Commun_Biol_2020_Celltype_X_umap_7d9c31.svg
silhouette_fscore_summary_skin_of_body_Wells_Nat_Immunol_2025_author_cell_type_X_umap_74e9e1.csv,s3://lifebit-user-data-6941eed90a4dd7a1d1026d7a/deploit/teams/69d8dd1e5d3e1f8c350e006f/users/68af3d99c99eb7bd2ff47bc8/projects/69f80768ca774c668fbaaed8/jobs/6a22c7a80859d97fbe7b6c88/results/silhouette_fscore_summary_skin_of_body_Wells_Nat_Immunol_2025_author_cell_type_X_umap_74e9e1.csv
silhouette_fscore_summary_skin_of_body_Wells_Nat_Immunol_2025_author_cell_type_X_umap_74e9e1.html,s3://lifebit-user-data-6941eed90a4dd7a1d1026d7a/deploit/teams/69d8dd1e5d3e1f8c350e006f/users/68af3d99c99eb7bd2ff47bc8/projects/69f80768ca774c668fbaaed8/jobs/6a22c7a80859d97fbe7b6c88/results/silhouette_fscore_summary_skin_of_body_Wells_Nat_Immunol_2025_author_cell_type_X_umap_74e9e1.html
silhouette_fscore_summary_skin_of_body_Wells_Nat_Immunol_2025_author_cell_type_X_umap_74e9e1.svg,s3://lifebit-user-data-6941eed90a4dd7a1d1026d7a/deploit/teams/69d8dd1e5d3e1f8c350e006f/users/68af3d99c99eb7bd2ff47bc8/projects/69f80768ca774c668fbaaed8/jobs/6a22c7a80859d97fbe7b6c88/results/silhouette_fscore_summary_skin_of_body_Wells_Nat_Immunol_2025_author_cell_type_X_umap_74e9e1.svg
silhouette_fscore_summary_skin_of_body_Wiedemann_Cell_Reports_2023_author_cell_type_X_tsne_e60c65.csv,s3://lifebit-user-data-6941eed90a4dd7a1d1026d7a/deploit/teams/69d8dd1e5d3e1f8c350e006f/users/68af3d99c99eb7bd2ff47bc8/projects/69f80768ca774c668fbaaed8/jobs/6a22c7a80859d97fbe7b6c88/results/silhouette_fscore_summary_skin_of_body_Wiedemann_Cell_Reports_2023_author_cell_type_X_tsne_e60c65.csv
silhouette_fscore_summary_skin_of_body_Wiedemann_Cell_Reports_2023_author_cell_type_X_tsne_e60c65.html,s3://lifebit-user-data-6941eed90a4dd7a1d1026d7a/deploit/teams/69d8dd1e5d3e1f8c350e006f/users/68af3d99c99eb7bd2ff47bc8/projects/69f80768ca774c668fbaaed8/jobs/6a22c7a80859d97fbe7b6c88/results/silhouette_fscore_summary_skin_of_body_Wiedemann_Cell_Reports_2023_author_cell_type_X_tsne_e60c65.html
silhouette_fscore_summary_skin_of_body_Wiedemann_Cell_Reports_2023_author_cell_type_X_tsne_e60c65.svg,s3://lifebit-user-data-6941eed90a4dd7a1d1026d7a/deploit/teams/69d8dd1e5d3e1f8c350e006f/users/68af3d99c99eb7bd2ff47bc8/projects/69f80768ca774c668fbaaed8/jobs/6a22c7a80859d97fbe7b6c88/results/silhouette_fscore_summary_skin_of_body_Wiedemann_Cell_Reports_2023_author_cell_type_X_tsne_e60c65.svg
silhouette_scores_skin_of_body_Cheng_Cell_Reports_2018_Re-annotation_X_umap_hm_adafa7.csv,s3://lifebit-user-data-6941eed90a4dd7a1d1026d7a/deploit/teams/69d8dd1e5d3e1f8c350e006f/users/68af3d99c99eb7bd2ff47bc8/projects/69f80768ca774c668fbaaed8/jobs/6a22c7a80859d97fbe7b6c88/results/silhouette_scores_skin_of_body_Cheng_Cell_Reports_2018_Re-annotation_X_umap_hm_adafa7.csv
silhouette_scores_skin_of_body_Eraslan_Science_2022_Broad_cell_type_X_umap_f44b0f.csv,s3://lifebit-user-data-6941eed90a4dd7a1d1026d7a/deploit/teams/69d8dd1e5d3e1f8c350e006f/users/68af3d99c99eb7bd2ff47bc8/projects/69f80768ca774c668fbaaed8/jobs/6a22c7a80859d97fbe7b6c88/results/silhouette_scores_skin_of_body_Eraslan_Science_2022_Broad_cell_type_X_umap_f44b0f.csv
silhouette_scores_skin_of_body_Gao_Cell_Death_Dis_2021_CellTypes_X_umap_892850.csv,s3://lifebit-user-data-6941eed90a4dd7a1d1026d7a/deploit/teams/69d8dd1e5d3e1f8c350e006f/users/68af3d99c99eb7bd2ff47bc8/projects/69f80768ca774c668fbaaed8/jobs/6a22c7a80859d97fbe7b6c88/results/silhouette_scores_skin_of_body_Gao_Cell_Death_Dis_2021_CellTypes_X_umap_892850.csv
silhouette_scores_skin_of_body_Reynolds_Science_2021_full_clustering_X_umap_05d19d.csv,s3://lifebit-user-data-6941eed90a4dd7a1d1026d7a/deploit/teams/69d8dd1e5d3e1f8c350e006f/users/68af3d99c99eb7bd2ff47bc8/projects/69f80768ca774c668fbaaed8/jobs/6a22c7a80859d97fbe7b6c88/results/silhouette_scores_skin_of_body_Reynolds_Science_2021_full_clustering_X_umap_05d19d.csv
silhouette_scores_skin_of_body_Sole-Boldo_Commun_Biol_2020_Celltype_X_umap_7d9c31.csv,s3://lifebit-user-data-6941eed90a4dd7a1d1026d7a/deploit/teams/69d8dd1e5d3e1f8c350e006f/users/68af3d99c99eb7bd2ff47bc8/projects/69f80768ca774c668fbaaed8/jobs/6a22c7a80859d97fbe7b6c88/results/silhouette_scores_skin_of_body_Sole-Boldo_Commun_Biol_2020_Celltype_X_umap_7d9c31.csv
silhouette_scores_skin_of_body_Wells_Nat_Immunol_2025_author_cell_type_X_umap_74e9e1.csv,s3://lifebit-user-data-6941eed90a4dd7a1d1026d7a/deploit/teams/69d8dd1e5d3e1f8c350e006f/users/68af3d99c99eb7bd2ff47bc8/projects/69f80768ca774c668fbaaed8/jobs/6a22c7a80859d97fbe7b6c88/results/silhouette_scores_skin_of_body_Wells_Nat_Immunol_2025_author_cell_type_X_umap_74e9e1.csv
silhouette_scores_skin_of_body_Wiedemann_Cell_Reports_2023_author_cell_type_X_tsne_e60c65.csv,s3://lifebit-user-data-6941eed90a4dd7a1d1026d7a/deploit/teams/69d8dd1e5d3e1f8c350e006f/users/68af3d99c99eb7bd2ff47bc8/projects/69f80768ca774c668fbaaed8/jobs/6a22c7a80859d97fbe7b6c88/results/silhouette_scores_skin_of_body_Wiedemann_Cell_Reports_2023_author_cell_type_X_tsne_e60c65.csv
stacked_violin__scaledskin_of_body_Cheng_Cell_Reports_2018_Re-annotation_X_umap_hm_adafa7.svg,s3://lifebit-user-data-6941eed90a4dd7a1d1026d7a/deploit/teams/69d8dd1e5d3e1f8c350e006f/users/68af3d99c99eb7bd2ff47bc8/projects/69f80768ca774c668fbaaed8/jobs/6a22c7a80859d97fbe7b6c88/results/stacked_violin__scaledskin_of_body_Cheng_Cell_Reports_2018_Re-annotation_X_umap_hm_adafa7.svg
stacked_violin__scaledskin_of_body_Eraslan_Science_2022_Broad_cell_type_X_umap_f44b0f.svg,s3://lifebit-user-data-6941eed90a4dd7a1d1026d7a/deploit/teams/69d8dd1e5d3e1f8c350e006f/users/68af3d99c99eb7bd2ff47bc8/projects/69f80768ca774c668fbaaed8/jobs/6a22c7a80859d97fbe7b6c88/results/stacked_violin__scaledskin_of_body_Eraslan_Science_2022_Broad_cell_type_X_umap_f44b0f.svg
stacked_violin__scaledskin_of_body_Gao_Cell_Death_Dis_2021_CellTypes_X_umap_892850.svg,s3://lifebit-user-data-6941eed90a4dd7a1d1026d7a/deploit/teams/69d8dd1e5d3e1f8c350e006f/users/68af3d99c99eb7bd2ff47bc8/projects/69f80768ca774c668fbaaed8/jobs/6a22c7a80859d97fbe7b6c88/results/stacked_violin__scaledskin_of_body_Gao_Cell_Death_Dis_2021_CellTypes_X_umap_892850.svg
stacked_violin__scaledskin_of_body_Reynolds_Science_2021_full_clustering_X_umap_05d19d.svg,s3://lifebit-user-data-6941eed90a4dd7a1d1026d7a/deploit/teams/69d8dd1e5d3e1f8c350e006f/users/68af3d99c99eb7bd2ff47bc8/projects/69f80768ca774c668fbaaed8/jobs/6a22c7a80859d97fbe7b6c88/results/stacked_violin__scaledskin_of_body_Reynolds_Science_2021_full_clustering_X_umap_05d19d.svg
stacked_violin__scaledskin_of_body_Sole-Boldo_Commun_Biol_2020_Celltype_X_umap_7d9c31.svg,s3://lifebit-user-data-6941eed90a4dd7a1d1026d7a/deploit/teams/69d8dd1e5d3e1f8c350e006f/users/68af3d99c99eb7bd2ff47bc8/projects/69f80768ca774c668fbaaed8/jobs/6a22c7a80859d97fbe7b6c88/results/stacked_violin__scaledskin_of_body_Sole-Boldo_Commun_Biol_2020_Celltype_X_umap_7d9c31.svg
stacked_violin__scaledskin_of_body_Wells_Nat_Immunol_2025_author_cell_type_X_umap_74e9e1.svg,s3://lifebit-user-data-6941eed90a4dd7a1d1026d7a/deploit/teams/69d8dd1e5d3e1f8c350e006f/users/68af3d99c99eb7bd2ff47bc8/projects/69f80768ca774c668fbaaed8/jobs/6a22c7a80859d97fbe7b6c88/results/stacked_violin__scaledskin_of_body_Wells_Nat_Immunol_2025_author_cell_type_X_umap_74e9e1.svg
stacked_violin__scaledskin_of_body_Wiedemann_Cell_Reports_2023_author_cell_type_X_tsne_e60c65.svg,s3://lifebit-user-data-6941eed90a4dd7a1d1026d7a/deploit/teams/69d8dd1e5d3e1f8c350e006f/users/68af3d99c99eb7bd2ff47bc8/projects/69f80768ca774c668fbaaed8/jobs/6a22c7a80859d97fbe7b6c88/results/stacked_violin__scaledskin_of_body_Wiedemann_Cell_Reports_2023_author_cell_type_X_tsne_e60c65.svg
stacked_violin_skin_of_body_Cheng_Cell_Reports_2018_Re-annotation_X_umap_hm_adafa7.svg,s3://lifebit-user-data-6941eed90a4dd7a1d1026d7a/deploit/teams/69d8dd1e5d3e1f8c350e006f/users/68af3d99c99eb7bd2ff47bc8/projects/69f80768ca774c668fbaaed8/jobs/6a22c7a80859d97fbe7b6c88/results/stacked_violin_skin_of_body_Cheng_Cell_Reports_2018_Re-annotation_X_umap_hm_adafa7.svg
stacked_violin_skin_of_body_Eraslan_Science_2022_Broad_cell_type_X_umap_f44b0f.svg,s3://lifebit-user-data-6941eed90a4dd7a1d1026d7a/deploit/teams/69d8dd1e5d3e1f8c350e006f/users/68af3d99c99eb7bd2ff47bc8/projects/69f80768ca774c668fbaaed8/jobs/6a22c7a80859d97fbe7b6c88/results/stacked_violin_skin_of_body_Eraslan_Science_2022_Broad_cell_type_X_umap_f44b0f.svg
stacked_violin_skin_of_body_Gao_Cell_Death_Dis_2021_CellTypes_X_umap_892850.svg,s3://lifebit-user-data-6941eed90a4dd7a1d1026d7a/deploit/teams/69d8dd1e5d3e1f8c350e006f/users/68af3d99c99eb7bd2ff47bc8/projects/69f80768ca774c668fbaaed8/jobs/6a22c7a80859d97fbe7b6c88/results/stacked_violin_skin_of_body_Gao_Cell_Death_Dis_2021_CellTypes_X_umap_892850.svg
stacked_violin_skin_of_body_Reynolds_Science_2021_full_clustering_X_umap_05d19d.svg,s3://lifebit-user-data-6941eed90a4dd7a1d1026d7a/deploit/teams/69d8dd1e5d3e1f8c350e006f/users/68af3d99c99eb7bd2ff47bc8/projects/69f80768ca774c668fbaaed8/jobs/6a22c7a80859d97fbe7b6c88/results/stacked_violin_skin_of_body_Reynolds_Science_2021_full_clustering_X_umap_05d19d.svg
stacked_violin_skin_of_body_Sole-Boldo_Commun_Biol_2020_Celltype_X_umap_7d9c31.svg,s3://lifebit-user-data-6941eed90a4dd7a1d1026d7a/deploit/teams/69d8dd1e5d3e1f8c350e006f/users/68af3d99c99eb7bd2ff47bc8/projects/69f80768ca774c668fbaaed8/jobs/6a22c7a80859d97fbe7b6c88/results/stacked_violin_skin_of_body_Sole-Boldo_Commun_Biol_2020_Celltype_X_umap_7d9c31.svg
stacked_violin_skin_of_body_Wells_Nat_Immunol_2025_author_cell_type_X_umap_74e9e1.svg,s3://lifebit-user-data-6941eed90a4dd7a1d1026d7a/deploit/teams/69d8dd1e5d3e1f8c350e006f/users/68af3d99c99eb7bd2ff47bc8/projects/69f80768ca774c668fbaaed8/jobs/6a22c7a80859d97fbe7b6c88/results/stacked_violin_skin_of_body_Wells_Nat_Immunol_2025_author_cell_type_X_umap_74e9e1.svg
stacked_violin_skin_of_body_Wiedemann_Cell_Reports_2023_author_cell_type_X_tsne_e60c65.svg,s3://lifebit-user-data-6941eed90a4dd7a1d1026d7a/deploit/teams/69d8dd1e5d3e1f8c350e006f/users/68af3d99c99eb7bd2ff47bc8/projects/69f80768ca774c668fbaaed8/jobs/6a22c7a80859d97fbe7b6c88/results/stacked_violin_skin_of_body_Wiedemann_Cell_Reports_2023_author_cell_type_X_tsne_e60c65.svg
summary_before_filter_skin_of_body_Cheng_Cell_Reports_2018_Re-annotation_X_umap_hm_adafa7.csv,s3://lifebit-user-data-6941eed90a4dd7a1d1026d7a/deploit/teams/69d8dd1e5d3e1f8c350e006f/users/68af3d99c99eb7bd2ff47bc8/projects/69f80768ca774c668fbaaed8/jobs/6a22c7a80859d97fbe7b6c88/results/summary_before_filter_skin_of_body_Cheng_Cell_Reports_2018_Re-annotation_X_umap_hm_adafa7.csv
summary_before_filter_skin_of_body_Eraslan_Science_2022_Broad_cell_type_X_umap_f44b0f.csv,s3://lifebit-user-data-6941eed90a4dd7a1d1026d7a/deploit/teams/69d8dd1e5d3e1f8c350e006f/users/68af3d99c99eb7bd2ff47bc8/projects/69f80768ca774c668fbaaed8/jobs/6a22c7a80859d97fbe7b6c88/results/summary_before_filter_skin_of_body_Eraslan_Science_2022_Broad_cell_type_X_umap_f44b0f.csv
summary_before_filter_skin_of_body_Gao_Cell_Death_Dis_2021_CellTypes_X_umap_892850.csv,s3://lifebit-user-data-6941eed90a4dd7a1d1026d7a/deploit/teams/69d8dd1e5d3e1f8c350e006f/users/68af3d99c99eb7bd2ff47bc8/projects/69f80768ca774c668fbaaed8/jobs/6a22c7a80859d97fbe7b6c88/results/summary_before_filter_skin_of_body_Gao_Cell_Death_Dis_2021_CellTypes_X_umap_892850.csv
summary_before_filter_skin_of_body_Reynolds_Science_2021_full_clustering_X_umap_05d19d.csv,s3://lifebit-user-data-6941eed90a4dd7a1d1026d7a/deploit/teams/69d8dd1e5d3e1f8c350e006f/users/68af3d99c99eb7bd2ff47bc8/projects/69f80768ca774c668fbaaed8/jobs/6a22c7a80859d97fbe7b6c88/results/summary_before_filter_skin_of_body_Reynolds_Science_2021_full_clustering_X_umap_05d19d.csv
summary_before_filter_skin_of_body_Sole-Boldo_Commun_Biol_2020_Celltype_X_umap_7d9c31.csv,s3://lifebit-user-data-6941eed90a4dd7a1d1026d7a/deploit/teams/69d8dd1e5d3e1f8c350e006f/users/68af3d99c99eb7bd2ff47bc8/projects/69f80768ca774c668fbaaed8/jobs/6a22c7a80859d97fbe7b6c88/results/summary_before_filter_skin_of_body_Sole-Boldo_Commun_Biol_2020_Celltype_X_umap_7d9c31.csv
summary_before_filter_skin_of_body_Wells_Nat_Immunol_2025_author_cell_type_X_umap_74e9e1.csv,s3://lifebit-user-data-6941eed90a4dd7a1d1026d7a/deploit/teams/69d8dd1e5d3e1f8c350e006f/users/68af3d99c99eb7bd2ff47bc8/projects/69f80768ca774c668fbaaed8/jobs/6a22c7a80859d97fbe7b6c88/results/summary_before_filter_skin_of_body_Wells_Nat_Immunol_2025_author_cell_type_X_umap_74e9e1.csv
summary_before_filter_skin_of_body_Wiedemann_Cell_Reports_2023_author_cell_type_X_tsne_e60c65.csv,s3://lifebit-user-data-6941eed90a4dd7a1d1026d7a/deploit/teams/69d8dd1e5d3e1f8c350e006f/users/68af3d99c99eb7bd2ff47bc8/projects/69f80768ca774c668fbaaed8/jobs/6a22c7a80859d97fbe7b6c88/results/summary_before_filter_skin_of_body_Wiedemann_Cell_Reports_2023_author_cell_type_X_tsne_e60c65.csv
summary_normal_skin_of_body_Cheng_Cell_Reports_2018_Re-annotation_X_umap_hm_adafa7.csv,s3://lifebit-user-data-6941eed90a4dd7a1d1026d7a/deploit/teams/69d8dd1e5d3e1f8c350e006f/users/68af3d99c99eb7bd2ff47bc8/projects/69f80768ca774c668fbaaed8/jobs/6a22c7a80859d97fbe7b6c88/results/summary_normal_skin_of_body_Cheng_Cell_Reports_2018_Re-annotation_X_umap_hm_adafa7.csv
summary_normal_skin_of_body_Eraslan_Science_2022_Broad_cell_type_X_umap_f44b0f.csv,s3://lifebit-user-data-6941eed90a4dd7a1d1026d7a/deploit/teams/69d8dd1e5d3e1f8c350e006f/users/68af3d99c99eb7bd2ff47bc8/projects/69f80768ca774c668fbaaed8/jobs/6a22c7a80859d97fbe7b6c88/results/summary_normal_skin_of_body_Eraslan_Science_2022_Broad_cell_type_X_umap_f44b0f.csv
summary_normal_skin_of_body_Gao_Cell_Death_Dis_2021_CellTypes_X_umap_892850.csv,s3://lifebit-user-data-6941eed90a4dd7a1d1026d7a/deploit/teams/69d8dd1e5d3e1f8c350e006f/users/68af3d99c99eb7bd2ff47bc8/projects/69f80768ca774c668fbaaed8/jobs/6a22c7a80859d97fbe7b6c88/results/summary_normal_skin_of_body_Gao_Cell_Death_Dis_2021_CellTypes_X_umap_892850.csv
summary_normal_skin_of_body_Reynolds_Science_2021_full_clustering_X_umap_05d19d.csv,s3://lifebit-user-data-6941eed90a4dd7a1d1026d7a/deploit/teams/69d8dd1e5d3e1f8c350e006f/users/68af3d99c99eb7bd2ff47bc8/projects/69f80768ca774c668fbaaed8/jobs/6a22c7a80859d97fbe7b6c88/results/summary_normal_skin_of_body_Reynolds_Science_2021_full_clustering_X_umap_05d19d.csv
summary_normal_skin_of_body_Sole-Boldo_Commun_Biol_2020_Celltype_X_umap_7d9c31.csv,s3://lifebit-user-data-6941eed90a4dd7a1d1026d7a/deploit/teams/69d8dd1e5d3e1f8c350e006f/users/68af3d99c99eb7bd2ff47bc8/projects/69f80768ca774c668fbaaed8/jobs/6a22c7a80859d97fbe7b6c88/results/summary_normal_skin_of_body_Sole-Boldo_Commun_Biol_2020_Celltype_X_umap_7d9c31.csv
summary_normal_skin_of_body_Wells_Nat_Immunol_2025_author_cell_type_X_umap_74e9e1.csv,s3://lifebit-user-data-6941eed90a4dd7a1d1026d7a/deploit/teams/69d8dd1e5d3e1f8c350e006f/users/68af3d99c99eb7bd2ff47bc8/projects/69f80768ca774c668fbaaed8/jobs/6a22c7a80859d97fbe7b6c88/results/summary_normal_skin_of_body_Wells_Nat_Immunol_2025_author_cell_type_X_umap_74e9e1.csv
summary_normal_skin_of_body_Wiedemann_Cell_Reports_2023_author_cell_type_X_tsne_e60c65.csv,s3://lifebit-user-data-6941eed90a4dd7a1d1026d7a/deploit/teams/69d8dd1e5d3e1f8c350e006f/users/68af3d99c99eb7bd2ff47bc8/projects/69f80768ca774c668fbaaed8/jobs/6a22c7a80859d97fbe7b6c88/results/summary_normal_skin_of_body_Wiedemann_Cell_Reports_2023_author_cell_type_X_tsne_e60c65.csv
