filename,s3_path
2D_projection_kidney_Han_Nature_2020_author_cell_type_X_umap_5c7ea7.html,s3://lifebit-user-data-6941eed90a4dd7a1d1026d7a/deploit/teams/69d8dd1e5d3e1f8c350e006f/users/68af3d99c99eb7bd2ff47bc8/projects/69f80768ca774c668fbaaed8/jobs/6a22c6f27e433821290d8f2b/results/2D_projection_kidney_Han_Nature_2020_author_cell_type_X_umap_5c7ea7.html
2D_projection_kidney_Han_Nature_2020_author_cell_type_X_umap_5c7ea7.svg,s3://lifebit-user-data-6941eed90a4dd7a1d1026d7a/deploit/teams/69d8dd1e5d3e1f8c350e006f/users/68af3d99c99eb7bd2ff47bc8/projects/69f80768ca774c668fbaaed8/jobs/6a22c6f27e433821290d8f2b/results/2D_projection_kidney_Han_Nature_2020_author_cell_type_X_umap_5c7ea7.svg
2D_projection_kidney_Lake_Nature_2023_subclass.full_X_umap_4af23f.html,s3://lifebit-user-data-6941eed90a4dd7a1d1026d7a/deploit/teams/69d8dd1e5d3e1f8c350e006f/users/68af3d99c99eb7bd2ff47bc8/projects/69f80768ca774c668fbaaed8/jobs/6a22c6f27e433821290d8f2b/results/2D_projection_kidney_Lake_Nature_2023_subclass.full_X_umap_4af23f.html
2D_projection_kidney_Lake_Nature_2023_subclass.full_X_umap_4af23f.svg,s3://lifebit-user-data-6941eed90a4dd7a1d1026d7a/deploit/teams/69d8dd1e5d3e1f8c350e006f/users/68af3d99c99eb7bd2ff47bc8/projects/69f80768ca774c668fbaaed8/jobs/6a22c6f27e433821290d8f2b/results/2D_projection_kidney_Lake_Nature_2023_subclass.full_X_umap_4af23f.svg
2D_projection_kidney_McEvoy_Nat_Commun_2022_author_cell_type_X_umap_01cfaa.html,s3://lifebit-user-data-6941eed90a4dd7a1d1026d7a/deploit/teams/69d8dd1e5d3e1f8c350e006f/users/68af3d99c99eb7bd2ff47bc8/projects/69f80768ca774c668fbaaed8/jobs/6a22c6f27e433821290d8f2b/results/2D_projection_kidney_McEvoy_Nat_Commun_2022_author_cell_type_X_umap_01cfaa.html
2D_projection_kidney_McEvoy_Nat_Commun_2022_author_cell_type_X_umap_01cfaa.svg,s3://lifebit-user-data-6941eed90a4dd7a1d1026d7a/deploit/teams/69d8dd1e5d3e1f8c350e006f/users/68af3d99c99eb7bd2ff47bc8/projects/69f80768ca774c668fbaaed8/jobs/6a22c6f27e433821290d8f2b/results/2D_projection_kidney_McEvoy_Nat_Commun_2022_author_cell_type_X_umap_01cfaa.svg
2D_projection_kidney_Muto_Nat_Commun_2021_author_cell_type_X_umap_ec4b39.html,s3://lifebit-user-data-6941eed90a4dd7a1d1026d7a/deploit/teams/69d8dd1e5d3e1f8c350e006f/users/68af3d99c99eb7bd2ff47bc8/projects/69f80768ca774c668fbaaed8/jobs/6a22c6f27e433821290d8f2b/results/2D_projection_kidney_Muto_Nat_Commun_2021_author_cell_type_X_umap_ec4b39.html
2D_projection_kidney_Muto_Nat_Commun_2021_author_cell_type_X_umap_ec4b39.svg,s3://lifebit-user-data-6941eed90a4dd7a1d1026d7a/deploit/teams/69d8dd1e5d3e1f8c350e006f/users/68af3d99c99eb7bd2ff47bc8/projects/69f80768ca774c668fbaaed8/jobs/6a22c6f27e433821290d8f2b/results/2D_projection_kidney_Muto_Nat_Commun_2021_author_cell_type_X_umap_ec4b39.svg
2D_projection_kidney_Reck_Nat_Commun_2025_celltype_l2_X_umap_ffd4ba.html,s3://lifebit-user-data-6941eed90a4dd7a1d1026d7a/deploit/teams/69d8dd1e5d3e1f8c350e006f/users/68af3d99c99eb7bd2ff47bc8/projects/69f80768ca774c668fbaaed8/jobs/6a22c6f27e433821290d8f2b/results/2D_projection_kidney_Reck_Nat_Commun_2025_celltype_l2_X_umap_ffd4ba.html
2D_projection_kidney_Reck_Nat_Commun_2025_celltype_l2_X_umap_ffd4ba.svg,s3://lifebit-user-data-6941eed90a4dd7a1d1026d7a/deploit/teams/69d8dd1e5d3e1f8c350e006f/users/68af3d99c99eb7bd2ff47bc8/projects/69f80768ca774c668fbaaed8/jobs/6a22c6f27e433821290d8f2b/results/2D_projection_kidney_Reck_Nat_Commun_2025_celltype_l2_X_umap_ffd4ba.svg
2D_projection_kidney_Stewart_Science_2019_author_cell_type_X_umap_de3575.html,s3://lifebit-user-data-6941eed90a4dd7a1d1026d7a/deploit/teams/69d8dd1e5d3e1f8c350e006f/users/68af3d99c99eb7bd2ff47bc8/projects/69f80768ca774c668fbaaed8/jobs/6a22c6f27e433821290d8f2b/results/2D_projection_kidney_Stewart_Science_2019_author_cell_type_X_umap_de3575.html
2D_projection_kidney_Stewart_Science_2019_author_cell_type_X_umap_de3575.svg,s3://lifebit-user-data-6941eed90a4dd7a1d1026d7a/deploit/teams/69d8dd1e5d3e1f8c350e006f/users/68af3d99c99eb7bd2ff47bc8/projects/69f80768ca774c668fbaaed8/jobs/6a22c6f27e433821290d8f2b/results/2D_projection_kidney_Stewart_Science_2019_author_cell_type_X_umap_de3575.svg
2D_projection_kidney_Wilson_Nat_Commun_2022_author_cell_type_X_umap_9c7fc3.html,s3://lifebit-user-data-6941eed90a4dd7a1d1026d7a/deploit/teams/69d8dd1e5d3e1f8c350e006f/users/68af3d99c99eb7bd2ff47bc8/projects/69f80768ca774c668fbaaed8/jobs/6a22c6f27e433821290d8f2b/results/2D_projection_kidney_Wilson_Nat_Commun_2022_author_cell_type_X_umap_9c7fc3.html
2D_projection_kidney_Wilson_Nat_Commun_2022_author_cell_type_X_umap_9c7fc3.svg,s3://lifebit-user-data-6941eed90a4dd7a1d1026d7a/deploit/teams/69d8dd1e5d3e1f8c350e006f/users/68af3d99c99eb7bd2ff47bc8/projects/69f80768ca774c668fbaaed8/jobs/6a22c6f27e433821290d8f2b/results/2D_projection_kidney_Wilson_Nat_Commun_2022_author_cell_type_X_umap_9c7fc3.svg
2D_projection_kidney_Xu_Cell_2023_Curated_annotation_X_umap_71ffd1.html,s3://lifebit-user-data-6941eed90a4dd7a1d1026d7a/deploit/teams/69d8dd1e5d3e1f8c350e006f/users/68af3d99c99eb7bd2ff47bc8/projects/69f80768ca774c668fbaaed8/jobs/6a22c6f27e433821290d8f2b/results/2D_projection_kidney_Xu_Cell_2023_Curated_annotation_X_umap_71ffd1.html
2D_projection_kidney_Xu_Cell_2023_Curated_annotation_X_umap_71ffd1.svg,s3://lifebit-user-data-6941eed90a4dd7a1d1026d7a/deploit/teams/69d8dd1e5d3e1f8c350e006f/users/68af3d99c99eb7bd2ff47bc8/projects/69f80768ca774c668fbaaed8/jobs/6a22c6f27e433821290d8f2b/results/2D_projection_kidney_Xu_Cell_2023_Curated_annotation_X_umap_71ffd1.svg
2D_projection_kidney_Young_Science_2018_author_cell_type_X_umap_57f337.html,s3://lifebit-user-data-6941eed90a4dd7a1d1026d7a/deploit/teams/69d8dd1e5d3e1f8c350e006f/users/68af3d99c99eb7bd2ff47bc8/projects/69f80768ca774c668fbaaed8/jobs/6a22c6f27e433821290d8f2b/results/2D_projection_kidney_Young_Science_2018_author_cell_type_X_umap_57f337.html
2D_projection_kidney_Young_Science_2018_author_cell_type_X_umap_57f337.svg,s3://lifebit-user-data-6941eed90a4dd7a1d1026d7a/deploit/teams/69d8dd1e5d3e1f8c350e006f/users/68af3d99c99eb7bd2ff47bc8/projects/69f80768ca774c668fbaaed8/jobs/6a22c6f27e433821290d8f2b/results/2D_projection_kidney_Young_Science_2018_author_cell_type_X_umap_57f337.svg
adata_filtered_kidney_Han_Nature_2020_author_cell_type_X_umap_5c7ea7.h5ad,s3://lifebit-user-data-6941eed90a4dd7a1d1026d7a/deploit/teams/69d8dd1e5d3e1f8c350e006f/users/68af3d99c99eb7bd2ff47bc8/projects/69f80768ca774c668fbaaed8/jobs/6a22c6f27e433821290d8f2b/results/adata_filtered_kidney_Han_Nature_2020_author_cell_type_X_umap_5c7ea7.h5ad
adata_filtered_kidney_Lake_Nature_2023_subclass.full_X_umap_4af23f.h5ad,s3://lifebit-user-data-6941eed90a4dd7a1d1026d7a/deploit/teams/69d8dd1e5d3e1f8c350e006f/users/68af3d99c99eb7bd2ff47bc8/projects/69f80768ca774c668fbaaed8/jobs/6a22c6f27e433821290d8f2b/results/adata_filtered_kidney_Lake_Nature_2023_subclass.full_X_umap_4af23f.h5ad
adata_filtered_kidney_McEvoy_Nat_Commun_2022_author_cell_type_X_umap_01cfaa.h5ad,s3://lifebit-user-data-6941eed90a4dd7a1d1026d7a/deploit/teams/69d8dd1e5d3e1f8c350e006f/users/68af3d99c99eb7bd2ff47bc8/projects/69f80768ca774c668fbaaed8/jobs/6a22c6f27e433821290d8f2b/results/adata_filtered_kidney_McEvoy_Nat_Commun_2022_author_cell_type_X_umap_01cfaa.h5ad
adata_filtered_kidney_Muto_Nat_Commun_2021_author_cell_type_X_umap_ec4b39.h5ad,s3://lifebit-user-data-6941eed90a4dd7a1d1026d7a/deploit/teams/69d8dd1e5d3e1f8c350e006f/users/68af3d99c99eb7bd2ff47bc8/projects/69f80768ca774c668fbaaed8/jobs/6a22c6f27e433821290d8f2b/results/adata_filtered_kidney_Muto_Nat_Commun_2021_author_cell_type_X_umap_ec4b39.h5ad
adata_filtered_kidney_Reck_Nat_Commun_2025_celltype_l2_X_umap_ffd4ba.h5ad,s3://lifebit-user-data-6941eed90a4dd7a1d1026d7a/deploit/teams/69d8dd1e5d3e1f8c350e006f/users/68af3d99c99eb7bd2ff47bc8/projects/69f80768ca774c668fbaaed8/jobs/6a22c6f27e433821290d8f2b/results/adata_filtered_kidney_Reck_Nat_Commun_2025_celltype_l2_X_umap_ffd4ba.h5ad
adata_filtered_kidney_Stewart_Science_2019_author_cell_type_X_umap_de3575.h5ad,s3://lifebit-user-data-6941eed90a4dd7a1d1026d7a/deploit/teams/69d8dd1e5d3e1f8c350e006f/users/68af3d99c99eb7bd2ff47bc8/projects/69f80768ca774c668fbaaed8/jobs/6a22c6f27e433821290d8f2b/results/adata_filtered_kidney_Stewart_Science_2019_author_cell_type_X_umap_de3575.h5ad
adata_filtered_kidney_Wilson_Nat_Commun_2022_author_cell_type_X_umap_9c7fc3.h5ad,s3://lifebit-user-data-6941eed90a4dd7a1d1026d7a/deploit/teams/69d8dd1e5d3e1f8c350e006f/users/68af3d99c99eb7bd2ff47bc8/projects/69f80768ca774c668fbaaed8/jobs/6a22c6f27e433821290d8f2b/results/adata_filtered_kidney_Wilson_Nat_Commun_2022_author_cell_type_X_umap_9c7fc3.h5ad
adata_filtered_kidney_Xu_Cell_2023_Curated_annotation_X_umap_71ffd1.h5ad,s3://lifebit-user-data-6941eed90a4dd7a1d1026d7a/deploit/teams/69d8dd1e5d3e1f8c350e006f/users/68af3d99c99eb7bd2ff47bc8/projects/69f80768ca774c668fbaaed8/jobs/6a22c6f27e433821290d8f2b/results/adata_filtered_kidney_Xu_Cell_2023_Curated_annotation_X_umap_71ffd1.h5ad
adata_filtered_kidney_Young_Science_2018_author_cell_type_X_umap_57f337.h5ad,s3://lifebit-user-data-6941eed90a4dd7a1d1026d7a/deploit/teams/69d8dd1e5d3e1f8c350e006f/users/68af3d99c99eb7bd2ff47bc8/projects/69f80768ca774c668fbaaed8/jobs/6a22c6f27e433821290d8f2b/results/adata_filtered_kidney_Young_Science_2018_author_cell_type_X_umap_57f337.h5ad
annotation_kidney_Han_Nature_2020_author_cell_type_X_umap_5c7ea7.json,s3://lifebit-user-data-6941eed90a4dd7a1d1026d7a/deploit/teams/69d8dd1e5d3e1f8c350e006f/users/68af3d99c99eb7bd2ff47bc8/projects/69f80768ca774c668fbaaed8/jobs/6a22c6f27e433821290d8f2b/results/annotation_kidney_Han_Nature_2020_author_cell_type_X_umap_5c7ea7.json
annotation_kidney_Lake_Nature_2023_subclass.full_X_umap_4af23f.json,s3://lifebit-user-data-6941eed90a4dd7a1d1026d7a/deploit/teams/69d8dd1e5d3e1f8c350e006f/users/68af3d99c99eb7bd2ff47bc8/projects/69f80768ca774c668fbaaed8/jobs/6a22c6f27e433821290d8f2b/results/annotation_kidney_Lake_Nature_2023_subclass.full_X_umap_4af23f.json
annotation_kidney_McEvoy_Nat_Commun_2022_author_cell_type_X_umap_01cfaa.json,s3://lifebit-user-data-6941eed90a4dd7a1d1026d7a/deploit/teams/69d8dd1e5d3e1f8c350e006f/users/68af3d99c99eb7bd2ff47bc8/projects/69f80768ca774c668fbaaed8/jobs/6a22c6f27e433821290d8f2b/results/annotation_kidney_McEvoy_Nat_Commun_2022_author_cell_type_X_umap_01cfaa.json
annotation_kidney_Muto_Nat_Commun_2021_author_cell_type_X_umap_ec4b39.json,s3://lifebit-user-data-6941eed90a4dd7a1d1026d7a/deploit/teams/69d8dd1e5d3e1f8c350e006f/users/68af3d99c99eb7bd2ff47bc8/projects/69f80768ca774c668fbaaed8/jobs/6a22c6f27e433821290d8f2b/results/annotation_kidney_Muto_Nat_Commun_2021_author_cell_type_X_umap_ec4b39.json
annotation_kidney_Reck_Nat_Commun_2025_celltype_l2_X_umap_ffd4ba.json,s3://lifebit-user-data-6941eed90a4dd7a1d1026d7a/deploit/teams/69d8dd1e5d3e1f8c350e006f/users/68af3d99c99eb7bd2ff47bc8/projects/69f80768ca774c668fbaaed8/jobs/6a22c6f27e433821290d8f2b/results/annotation_kidney_Reck_Nat_Commun_2025_celltype_l2_X_umap_ffd4ba.json
annotation_kidney_Stewart_Science_2019_author_cell_type_X_umap_de3575.json,s3://lifebit-user-data-6941eed90a4dd7a1d1026d7a/deploit/teams/69d8dd1e5d3e1f8c350e006f/users/68af3d99c99eb7bd2ff47bc8/projects/69f80768ca774c668fbaaed8/jobs/6a22c6f27e433821290d8f2b/results/annotation_kidney_Stewart_Science_2019_author_cell_type_X_umap_de3575.json
annotation_kidney_Wilson_Nat_Commun_2022_author_cell_type_X_umap_9c7fc3.json,s3://lifebit-user-data-6941eed90a4dd7a1d1026d7a/deploit/teams/69d8dd1e5d3e1f8c350e006f/users/68af3d99c99eb7bd2ff47bc8/projects/69f80768ca774c668fbaaed8/jobs/6a22c6f27e433821290d8f2b/results/annotation_kidney_Wilson_Nat_Commun_2022_author_cell_type_X_umap_9c7fc3.json
annotation_kidney_Xu_Cell_2023_Curated_annotation_X_umap_71ffd1.json,s3://lifebit-user-data-6941eed90a4dd7a1d1026d7a/deploit/teams/69d8dd1e5d3e1f8c350e006f/users/68af3d99c99eb7bd2ff47bc8/projects/69f80768ca774c668fbaaed8/jobs/6a22c6f27e433821290d8f2b/results/annotation_kidney_Xu_Cell_2023_Curated_annotation_X_umap_71ffd1.json
annotation_kidney_Young_Science_2018_author_cell_type_X_umap_57f337.json,s3://lifebit-user-data-6941eed90a4dd7a1d1026d7a/deploit/teams/69d8dd1e5d3e1f8c350e006f/users/68af3d99c99eb7bd2ff47bc8/projects/69f80768ca774c668fbaaed8/jobs/6a22c6f27e433821290d8f2b/results/annotation_kidney_Young_Science_2018_author_cell_type_X_umap_57f337.json
binary_scores_ensg_kidney_Han_Nature_2020_author_cell_type_X_umap_5c7ea7.csv,s3://lifebit-user-data-6941eed90a4dd7a1d1026d7a/deploit/teams/69d8dd1e5d3e1f8c350e006f/users/68af3d99c99eb7bd2ff47bc8/projects/69f80768ca774c668fbaaed8/jobs/6a22c6f27e433821290d8f2b/results/binary_scores_ensg_kidney_Han_Nature_2020_author_cell_type_X_umap_5c7ea7.csv
binary_scores_ensg_kidney_Han_Nature_2020_author_cell_type_X_umap_5c7ea7.pkl,s3://lifebit-user-data-6941eed90a4dd7a1d1026d7a/deploit/teams/69d8dd1e5d3e1f8c350e006f/users/68af3d99c99eb7bd2ff47bc8/projects/69f80768ca774c668fbaaed8/jobs/6a22c6f27e433821290d8f2b/results/binary_scores_ensg_kidney_Han_Nature_2020_author_cell_type_X_umap_5c7ea7.pkl
binary_scores_ensg_kidney_Lake_Nature_2023_subclass.full_X_umap_4af23f.csv,s3://lifebit-user-data-6941eed90a4dd7a1d1026d7a/deploit/teams/69d8dd1e5d3e1f8c350e006f/users/68af3d99c99eb7bd2ff47bc8/projects/69f80768ca774c668fbaaed8/jobs/6a22c6f27e433821290d8f2b/results/binary_scores_ensg_kidney_Lake_Nature_2023_subclass.full_X_umap_4af23f.csv
binary_scores_ensg_kidney_Lake_Nature_2023_subclass.full_X_umap_4af23f.pkl,s3://lifebit-user-data-6941eed90a4dd7a1d1026d7a/deploit/teams/69d8dd1e5d3e1f8c350e006f/users/68af3d99c99eb7bd2ff47bc8/projects/69f80768ca774c668fbaaed8/jobs/6a22c6f27e433821290d8f2b/results/binary_scores_ensg_kidney_Lake_Nature_2023_subclass.full_X_umap_4af23f.pkl
binary_scores_ensg_kidney_McEvoy_Nat_Commun_2022_author_cell_type_X_umap_01cfaa.csv,s3://lifebit-user-data-6941eed90a4dd7a1d1026d7a/deploit/teams/69d8dd1e5d3e1f8c350e006f/users/68af3d99c99eb7bd2ff47bc8/projects/69f80768ca774c668fbaaed8/jobs/6a22c6f27e433821290d8f2b/results/binary_scores_ensg_kidney_McEvoy_Nat_Commun_2022_author_cell_type_X_umap_01cfaa.csv
binary_scores_ensg_kidney_McEvoy_Nat_Commun_2022_author_cell_type_X_umap_01cfaa.pkl,s3://lifebit-user-data-6941eed90a4dd7a1d1026d7a/deploit/teams/69d8dd1e5d3e1f8c350e006f/users/68af3d99c99eb7bd2ff47bc8/projects/69f80768ca774c668fbaaed8/jobs/6a22c6f27e433821290d8f2b/results/binary_scores_ensg_kidney_McEvoy_Nat_Commun_2022_author_cell_type_X_umap_01cfaa.pkl
binary_scores_ensg_kidney_Muto_Nat_Commun_2021_author_cell_type_X_umap_ec4b39.csv,s3://lifebit-user-data-6941eed90a4dd7a1d1026d7a/deploit/teams/69d8dd1e5d3e1f8c350e006f/users/68af3d99c99eb7bd2ff47bc8/projects/69f80768ca774c668fbaaed8/jobs/6a22c6f27e433821290d8f2b/results/binary_scores_ensg_kidney_Muto_Nat_Commun_2021_author_cell_type_X_umap_ec4b39.csv
binary_scores_ensg_kidney_Muto_Nat_Commun_2021_author_cell_type_X_umap_ec4b39.pkl,s3://lifebit-user-data-6941eed90a4dd7a1d1026d7a/deploit/teams/69d8dd1e5d3e1f8c350e006f/users/68af3d99c99eb7bd2ff47bc8/projects/69f80768ca774c668fbaaed8/jobs/6a22c6f27e433821290d8f2b/results/binary_scores_ensg_kidney_Muto_Nat_Commun_2021_author_cell_type_X_umap_ec4b39.pkl
binary_scores_ensg_kidney_Reck_Nat_Commun_2025_celltype_l2_X_umap_ffd4ba.csv,s3://lifebit-user-data-6941eed90a4dd7a1d1026d7a/deploit/teams/69d8dd1e5d3e1f8c350e006f/users/68af3d99c99eb7bd2ff47bc8/projects/69f80768ca774c668fbaaed8/jobs/6a22c6f27e433821290d8f2b/results/binary_scores_ensg_kidney_Reck_Nat_Commun_2025_celltype_l2_X_umap_ffd4ba.csv
binary_scores_ensg_kidney_Reck_Nat_Commun_2025_celltype_l2_X_umap_ffd4ba.pkl,s3://lifebit-user-data-6941eed90a4dd7a1d1026d7a/deploit/teams/69d8dd1e5d3e1f8c350e006f/users/68af3d99c99eb7bd2ff47bc8/projects/69f80768ca774c668fbaaed8/jobs/6a22c6f27e433821290d8f2b/results/binary_scores_ensg_kidney_Reck_Nat_Commun_2025_celltype_l2_X_umap_ffd4ba.pkl
binary_scores_ensg_kidney_Stewart_Science_2019_author_cell_type_X_umap_de3575.csv,s3://lifebit-user-data-6941eed90a4dd7a1d1026d7a/deploit/teams/69d8dd1e5d3e1f8c350e006f/users/68af3d99c99eb7bd2ff47bc8/projects/69f80768ca774c668fbaaed8/jobs/6a22c6f27e433821290d8f2b/results/binary_scores_ensg_kidney_Stewart_Science_2019_author_cell_type_X_umap_de3575.csv
binary_scores_ensg_kidney_Stewart_Science_2019_author_cell_type_X_umap_de3575.pkl,s3://lifebit-user-data-6941eed90a4dd7a1d1026d7a/deploit/teams/69d8dd1e5d3e1f8c350e006f/users/68af3d99c99eb7bd2ff47bc8/projects/69f80768ca774c668fbaaed8/jobs/6a22c6f27e433821290d8f2b/results/binary_scores_ensg_kidney_Stewart_Science_2019_author_cell_type_X_umap_de3575.pkl
binary_scores_ensg_kidney_Wilson_Nat_Commun_2022_author_cell_type_X_umap_9c7fc3.csv,s3://lifebit-user-data-6941eed90a4dd7a1d1026d7a/deploit/teams/69d8dd1e5d3e1f8c350e006f/users/68af3d99c99eb7bd2ff47bc8/projects/69f80768ca774c668fbaaed8/jobs/6a22c6f27e433821290d8f2b/results/binary_scores_ensg_kidney_Wilson_Nat_Commun_2022_author_cell_type_X_umap_9c7fc3.csv
binary_scores_ensg_kidney_Wilson_Nat_Commun_2022_author_cell_type_X_umap_9c7fc3.pkl,s3://lifebit-user-data-6941eed90a4dd7a1d1026d7a/deploit/teams/69d8dd1e5d3e1f8c350e006f/users/68af3d99c99eb7bd2ff47bc8/projects/69f80768ca774c668fbaaed8/jobs/6a22c6f27e433821290d8f2b/results/binary_scores_ensg_kidney_Wilson_Nat_Commun_2022_author_cell_type_X_umap_9c7fc3.pkl
binary_scores_ensg_kidney_Xu_Cell_2023_Curated_annotation_X_umap_71ffd1.csv,s3://lifebit-user-data-6941eed90a4dd7a1d1026d7a/deploit/teams/69d8dd1e5d3e1f8c350e006f/users/68af3d99c99eb7bd2ff47bc8/projects/69f80768ca774c668fbaaed8/jobs/6a22c6f27e433821290d8f2b/results/binary_scores_ensg_kidney_Xu_Cell_2023_Curated_annotation_X_umap_71ffd1.csv
binary_scores_ensg_kidney_Xu_Cell_2023_Curated_annotation_X_umap_71ffd1.pkl,s3://lifebit-user-data-6941eed90a4dd7a1d1026d7a/deploit/teams/69d8dd1e5d3e1f8c350e006f/users/68af3d99c99eb7bd2ff47bc8/projects/69f80768ca774c668fbaaed8/jobs/6a22c6f27e433821290d8f2b/results/binary_scores_ensg_kidney_Xu_Cell_2023_Curated_annotation_X_umap_71ffd1.pkl
binary_scores_ensg_kidney_Young_Science_2018_author_cell_type_X_umap_57f337.csv,s3://lifebit-user-data-6941eed90a4dd7a1d1026d7a/deploit/teams/69d8dd1e5d3e1f8c350e006f/users/68af3d99c99eb7bd2ff47bc8/projects/69f80768ca774c668fbaaed8/jobs/6a22c6f27e433821290d8f2b/results/binary_scores_ensg_kidney_Young_Science_2018_author_cell_type_X_umap_57f337.csv
binary_scores_ensg_kidney_Young_Science_2018_author_cell_type_X_umap_57f337.pkl,s3://lifebit-user-data-6941eed90a4dd7a1d1026d7a/deploit/teams/69d8dd1e5d3e1f8c350e006f/users/68af3d99c99eb7bd2ff47bc8/projects/69f80768ca774c668fbaaed8/jobs/6a22c6f27e433821290d8f2b/results/binary_scores_ensg_kidney_Young_Science_2018_author_cell_type_X_umap_57f337.pkl
binary_scores_symbols_kidney_Han_Nature_2020_author_cell_type_X_umap_5c7ea7.csv,s3://lifebit-user-data-6941eed90a4dd7a1d1026d7a/deploit/teams/69d8dd1e5d3e1f8c350e006f/users/68af3d99c99eb7bd2ff47bc8/projects/69f80768ca774c668fbaaed8/jobs/6a22c6f27e433821290d8f2b/results/binary_scores_symbols_kidney_Han_Nature_2020_author_cell_type_X_umap_5c7ea7.csv
binary_scores_symbols_kidney_Han_Nature_2020_author_cell_type_X_umap_5c7ea7.pkl,s3://lifebit-user-data-6941eed90a4dd7a1d1026d7a/deploit/teams/69d8dd1e5d3e1f8c350e006f/users/68af3d99c99eb7bd2ff47bc8/projects/69f80768ca774c668fbaaed8/jobs/6a22c6f27e433821290d8f2b/results/binary_scores_symbols_kidney_Han_Nature_2020_author_cell_type_X_umap_5c7ea7.pkl
binary_scores_symbols_kidney_Lake_Nature_2023_subclass.full_X_umap_4af23f.csv,s3://lifebit-user-data-6941eed90a4dd7a1d1026d7a/deploit/teams/69d8dd1e5d3e1f8c350e006f/users/68af3d99c99eb7bd2ff47bc8/projects/69f80768ca774c668fbaaed8/jobs/6a22c6f27e433821290d8f2b/results/binary_scores_symbols_kidney_Lake_Nature_2023_subclass.full_X_umap_4af23f.csv
binary_scores_symbols_kidney_Lake_Nature_2023_subclass.full_X_umap_4af23f.pkl,s3://lifebit-user-data-6941eed90a4dd7a1d1026d7a/deploit/teams/69d8dd1e5d3e1f8c350e006f/users/68af3d99c99eb7bd2ff47bc8/projects/69f80768ca774c668fbaaed8/jobs/6a22c6f27e433821290d8f2b/results/binary_scores_symbols_kidney_Lake_Nature_2023_subclass.full_X_umap_4af23f.pkl
binary_scores_symbols_kidney_McEvoy_Nat_Commun_2022_author_cell_type_X_umap_01cfaa.csv,s3://lifebit-user-data-6941eed90a4dd7a1d1026d7a/deploit/teams/69d8dd1e5d3e1f8c350e006f/users/68af3d99c99eb7bd2ff47bc8/projects/69f80768ca774c668fbaaed8/jobs/6a22c6f27e433821290d8f2b/results/binary_scores_symbols_kidney_McEvoy_Nat_Commun_2022_author_cell_type_X_umap_01cfaa.csv
binary_scores_symbols_kidney_McEvoy_Nat_Commun_2022_author_cell_type_X_umap_01cfaa.pkl,s3://lifebit-user-data-6941eed90a4dd7a1d1026d7a/deploit/teams/69d8dd1e5d3e1f8c350e006f/users/68af3d99c99eb7bd2ff47bc8/projects/69f80768ca774c668fbaaed8/jobs/6a22c6f27e433821290d8f2b/results/binary_scores_symbols_kidney_McEvoy_Nat_Commun_2022_author_cell_type_X_umap_01cfaa.pkl
binary_scores_symbols_kidney_Muto_Nat_Commun_2021_author_cell_type_X_umap_ec4b39.csv,s3://lifebit-user-data-6941eed90a4dd7a1d1026d7a/deploit/teams/69d8dd1e5d3e1f8c350e006f/users/68af3d99c99eb7bd2ff47bc8/projects/69f80768ca774c668fbaaed8/jobs/6a22c6f27e433821290d8f2b/results/binary_scores_symbols_kidney_Muto_Nat_Commun_2021_author_cell_type_X_umap_ec4b39.csv
binary_scores_symbols_kidney_Muto_Nat_Commun_2021_author_cell_type_X_umap_ec4b39.pkl,s3://lifebit-user-data-6941eed90a4dd7a1d1026d7a/deploit/teams/69d8dd1e5d3e1f8c350e006f/users/68af3d99c99eb7bd2ff47bc8/projects/69f80768ca774c668fbaaed8/jobs/6a22c6f27e433821290d8f2b/results/binary_scores_symbols_kidney_Muto_Nat_Commun_2021_author_cell_type_X_umap_ec4b39.pkl
binary_scores_symbols_kidney_Reck_Nat_Commun_2025_celltype_l2_X_umap_ffd4ba.csv,s3://lifebit-user-data-6941eed90a4dd7a1d1026d7a/deploit/teams/69d8dd1e5d3e1f8c350e006f/users/68af3d99c99eb7bd2ff47bc8/projects/69f80768ca774c668fbaaed8/jobs/6a22c6f27e433821290d8f2b/results/binary_scores_symbols_kidney_Reck_Nat_Commun_2025_celltype_l2_X_umap_ffd4ba.csv
binary_scores_symbols_kidney_Reck_Nat_Commun_2025_celltype_l2_X_umap_ffd4ba.pkl,s3://lifebit-user-data-6941eed90a4dd7a1d1026d7a/deploit/teams/69d8dd1e5d3e1f8c350e006f/users/68af3d99c99eb7bd2ff47bc8/projects/69f80768ca774c668fbaaed8/jobs/6a22c6f27e433821290d8f2b/results/binary_scores_symbols_kidney_Reck_Nat_Commun_2025_celltype_l2_X_umap_ffd4ba.pkl
binary_scores_symbols_kidney_Stewart_Science_2019_author_cell_type_X_umap_de3575.csv,s3://lifebit-user-data-6941eed90a4dd7a1d1026d7a/deploit/teams/69d8dd1e5d3e1f8c350e006f/users/68af3d99c99eb7bd2ff47bc8/projects/69f80768ca774c668fbaaed8/jobs/6a22c6f27e433821290d8f2b/results/binary_scores_symbols_kidney_Stewart_Science_2019_author_cell_type_X_umap_de3575.csv
binary_scores_symbols_kidney_Stewart_Science_2019_author_cell_type_X_umap_de3575.pkl,s3://lifebit-user-data-6941eed90a4dd7a1d1026d7a/deploit/teams/69d8dd1e5d3e1f8c350e006f/users/68af3d99c99eb7bd2ff47bc8/projects/69f80768ca774c668fbaaed8/jobs/6a22c6f27e433821290d8f2b/results/binary_scores_symbols_kidney_Stewart_Science_2019_author_cell_type_X_umap_de3575.pkl
binary_scores_symbols_kidney_Wilson_Nat_Commun_2022_author_cell_type_X_umap_9c7fc3.csv,s3://lifebit-user-data-6941eed90a4dd7a1d1026d7a/deploit/teams/69d8dd1e5d3e1f8c350e006f/users/68af3d99c99eb7bd2ff47bc8/projects/69f80768ca774c668fbaaed8/jobs/6a22c6f27e433821290d8f2b/results/binary_scores_symbols_kidney_Wilson_Nat_Commun_2022_author_cell_type_X_umap_9c7fc3.csv
binary_scores_symbols_kidney_Wilson_Nat_Commun_2022_author_cell_type_X_umap_9c7fc3.pkl,s3://lifebit-user-data-6941eed90a4dd7a1d1026d7a/deploit/teams/69d8dd1e5d3e1f8c350e006f/users/68af3d99c99eb7bd2ff47bc8/projects/69f80768ca774c668fbaaed8/jobs/6a22c6f27e433821290d8f2b/results/binary_scores_symbols_kidney_Wilson_Nat_Commun_2022_author_cell_type_X_umap_9c7fc3.pkl
binary_scores_symbols_kidney_Xu_Cell_2023_Curated_annotation_X_umap_71ffd1.csv,s3://lifebit-user-data-6941eed90a4dd7a1d1026d7a/deploit/teams/69d8dd1e5d3e1f8c350e006f/users/68af3d99c99eb7bd2ff47bc8/projects/69f80768ca774c668fbaaed8/jobs/6a22c6f27e433821290d8f2b/results/binary_scores_symbols_kidney_Xu_Cell_2023_Curated_annotation_X_umap_71ffd1.csv
binary_scores_symbols_kidney_Xu_Cell_2023_Curated_annotation_X_umap_71ffd1.pkl,s3://lifebit-user-data-6941eed90a4dd7a1d1026d7a/deploit/teams/69d8dd1e5d3e1f8c350e006f/users/68af3d99c99eb7bd2ff47bc8/projects/69f80768ca774c668fbaaed8/jobs/6a22c6f27e433821290d8f2b/results/binary_scores_symbols_kidney_Xu_Cell_2023_Curated_annotation_X_umap_71ffd1.pkl
binary_scores_symbols_kidney_Young_Science_2018_author_cell_type_X_umap_57f337.csv,s3://lifebit-user-data-6941eed90a4dd7a1d1026d7a/deploit/teams/69d8dd1e5d3e1f8c350e006f/users/68af3d99c99eb7bd2ff47bc8/projects/69f80768ca774c668fbaaed8/jobs/6a22c6f27e433821290d8f2b/results/binary_scores_symbols_kidney_Young_Science_2018_author_cell_type_X_umap_57f337.csv
binary_scores_symbols_kidney_Young_Science_2018_author_cell_type_X_umap_57f337.pkl,s3://lifebit-user-data-6941eed90a4dd7a1d1026d7a/deploit/teams/69d8dd1e5d3e1f8c350e006f/users/68af3d99c99eb7bd2ff47bc8/projects/69f80768ca774c668fbaaed8/jobs/6a22c6f27e433821290d8f2b/results/binary_scores_symbols_kidney_Young_Science_2018_author_cell_type_X_umap_57f337.pkl
boxplot_kidney_Han_Nature_2020_author_cell_type_X_umap_5c7ea7_f_score.html,s3://lifebit-user-data-6941eed90a4dd7a1d1026d7a/deploit/teams/69d8dd1e5d3e1f8c350e006f/users/68af3d99c99eb7bd2ff47bc8/projects/69f80768ca774c668fbaaed8/jobs/6a22c6f27e433821290d8f2b/results/boxplot_kidney_Han_Nature_2020_author_cell_type_X_umap_5c7ea7_f_score.html
boxplot_kidney_Han_Nature_2020_author_cell_type_X_umap_5c7ea7_f_score.svg,s3://lifebit-user-data-6941eed90a4dd7a1d1026d7a/deploit/teams/69d8dd1e5d3e1f8c350e006f/users/68af3d99c99eb7bd2ff47bc8/projects/69f80768ca774c668fbaaed8/jobs/6a22c6f27e433821290d8f2b/results/boxplot_kidney_Han_Nature_2020_author_cell_type_X_umap_5c7ea7_f_score.svg
boxplot_kidney_Han_Nature_2020_author_cell_type_X_umap_5c7ea7_onTarget.html,s3://lifebit-user-data-6941eed90a4dd7a1d1026d7a/deploit/teams/69d8dd1e5d3e1f8c350e006f/users/68af3d99c99eb7bd2ff47bc8/projects/69f80768ca774c668fbaaed8/jobs/6a22c6f27e433821290d8f2b/results/boxplot_kidney_Han_Nature_2020_author_cell_type_X_umap_5c7ea7_onTarget.html
boxplot_kidney_Han_Nature_2020_author_cell_type_X_umap_5c7ea7_onTarget.svg,s3://lifebit-user-data-6941eed90a4dd7a1d1026d7a/deploit/teams/69d8dd1e5d3e1f8c350e006f/users/68af3d99c99eb7bd2ff47bc8/projects/69f80768ca774c668fbaaed8/jobs/6a22c6f27e433821290d8f2b/results/boxplot_kidney_Han_Nature_2020_author_cell_type_X_umap_5c7ea7_onTarget.svg
boxplot_kidney_Han_Nature_2020_author_cell_type_X_umap_5c7ea7_precision.html,s3://lifebit-user-data-6941eed90a4dd7a1d1026d7a/deploit/teams/69d8dd1e5d3e1f8c350e006f/users/68af3d99c99eb7bd2ff47bc8/projects/69f80768ca774c668fbaaed8/jobs/6a22c6f27e433821290d8f2b/results/boxplot_kidney_Han_Nature_2020_author_cell_type_X_umap_5c7ea7_precision.html
boxplot_kidney_Han_Nature_2020_author_cell_type_X_umap_5c7ea7_precision.svg,s3://lifebit-user-data-6941eed90a4dd7a1d1026d7a/deploit/teams/69d8dd1e5d3e1f8c350e006f/users/68af3d99c99eb7bd2ff47bc8/projects/69f80768ca774c668fbaaed8/jobs/6a22c6f27e433821290d8f2b/results/boxplot_kidney_Han_Nature_2020_author_cell_type_X_umap_5c7ea7_precision.svg
boxplot_kidney_Han_Nature_2020_author_cell_type_X_umap_5c7ea7_recall.html,s3://lifebit-user-data-6941eed90a4dd7a1d1026d7a/deploit/teams/69d8dd1e5d3e1f8c350e006f/users/68af3d99c99eb7bd2ff47bc8/projects/69f80768ca774c668fbaaed8/jobs/6a22c6f27e433821290d8f2b/results/boxplot_kidney_Han_Nature_2020_author_cell_type_X_umap_5c7ea7_recall.html
boxplot_kidney_Han_Nature_2020_author_cell_type_X_umap_5c7ea7_recall.svg,s3://lifebit-user-data-6941eed90a4dd7a1d1026d7a/deploit/teams/69d8dd1e5d3e1f8c350e006f/users/68af3d99c99eb7bd2ff47bc8/projects/69f80768ca774c668fbaaed8/jobs/6a22c6f27e433821290d8f2b/results/boxplot_kidney_Han_Nature_2020_author_cell_type_X_umap_5c7ea7_recall.svg
boxplot_kidney_Lake_Nature_2023_subclass.full_X_umap_4af23f_f_score.html,s3://lifebit-user-data-6941eed90a4dd7a1d1026d7a/deploit/teams/69d8dd1e5d3e1f8c350e006f/users/68af3d99c99eb7bd2ff47bc8/projects/69f80768ca774c668fbaaed8/jobs/6a22c6f27e433821290d8f2b/results/boxplot_kidney_Lake_Nature_2023_subclass.full_X_umap_4af23f_f_score.html
boxplot_kidney_Lake_Nature_2023_subclass.full_X_umap_4af23f_f_score.svg,s3://lifebit-user-data-6941eed90a4dd7a1d1026d7a/deploit/teams/69d8dd1e5d3e1f8c350e006f/users/68af3d99c99eb7bd2ff47bc8/projects/69f80768ca774c668fbaaed8/jobs/6a22c6f27e433821290d8f2b/results/boxplot_kidney_Lake_Nature_2023_subclass.full_X_umap_4af23f_f_score.svg
boxplot_kidney_Lake_Nature_2023_subclass.full_X_umap_4af23f_onTarget.html,s3://lifebit-user-data-6941eed90a4dd7a1d1026d7a/deploit/teams/69d8dd1e5d3e1f8c350e006f/users/68af3d99c99eb7bd2ff47bc8/projects/69f80768ca774c668fbaaed8/jobs/6a22c6f27e433821290d8f2b/results/boxplot_kidney_Lake_Nature_2023_subclass.full_X_umap_4af23f_onTarget.html
boxplot_kidney_Lake_Nature_2023_subclass.full_X_umap_4af23f_onTarget.svg,s3://lifebit-user-data-6941eed90a4dd7a1d1026d7a/deploit/teams/69d8dd1e5d3e1f8c350e006f/users/68af3d99c99eb7bd2ff47bc8/projects/69f80768ca774c668fbaaed8/jobs/6a22c6f27e433821290d8f2b/results/boxplot_kidney_Lake_Nature_2023_subclass.full_X_umap_4af23f_onTarget.svg
boxplot_kidney_Lake_Nature_2023_subclass.full_X_umap_4af23f_precision.html,s3://lifebit-user-data-6941eed90a4dd7a1d1026d7a/deploit/teams/69d8dd1e5d3e1f8c350e006f/users/68af3d99c99eb7bd2ff47bc8/projects/69f80768ca774c668fbaaed8/jobs/6a22c6f27e433821290d8f2b/results/boxplot_kidney_Lake_Nature_2023_subclass.full_X_umap_4af23f_precision.html
boxplot_kidney_Lake_Nature_2023_subclass.full_X_umap_4af23f_precision.svg,s3://lifebit-user-data-6941eed90a4dd7a1d1026d7a/deploit/teams/69d8dd1e5d3e1f8c350e006f/users/68af3d99c99eb7bd2ff47bc8/projects/69f80768ca774c668fbaaed8/jobs/6a22c6f27e433821290d8f2b/results/boxplot_kidney_Lake_Nature_2023_subclass.full_X_umap_4af23f_precision.svg
boxplot_kidney_Lake_Nature_2023_subclass.full_X_umap_4af23f_recall.html,s3://lifebit-user-data-6941eed90a4dd7a1d1026d7a/deploit/teams/69d8dd1e5d3e1f8c350e006f/users/68af3d99c99eb7bd2ff47bc8/projects/69f80768ca774c668fbaaed8/jobs/6a22c6f27e433821290d8f2b/results/boxplot_kidney_Lake_Nature_2023_subclass.full_X_umap_4af23f_recall.html
boxplot_kidney_Lake_Nature_2023_subclass.full_X_umap_4af23f_recall.svg,s3://lifebit-user-data-6941eed90a4dd7a1d1026d7a/deploit/teams/69d8dd1e5d3e1f8c350e006f/users/68af3d99c99eb7bd2ff47bc8/projects/69f80768ca774c668fbaaed8/jobs/6a22c6f27e433821290d8f2b/results/boxplot_kidney_Lake_Nature_2023_subclass.full_X_umap_4af23f_recall.svg
boxplot_kidney_McEvoy_Nat_Commun_2022_author_cell_type_X_umap_01cfaa_f_score.html,s3://lifebit-user-data-6941eed90a4dd7a1d1026d7a/deploit/teams/69d8dd1e5d3e1f8c350e006f/users/68af3d99c99eb7bd2ff47bc8/projects/69f80768ca774c668fbaaed8/jobs/6a22c6f27e433821290d8f2b/results/boxplot_kidney_McEvoy_Nat_Commun_2022_author_cell_type_X_umap_01cfaa_f_score.html
boxplot_kidney_McEvoy_Nat_Commun_2022_author_cell_type_X_umap_01cfaa_f_score.svg,s3://lifebit-user-data-6941eed90a4dd7a1d1026d7a/deploit/teams/69d8dd1e5d3e1f8c350e006f/users/68af3d99c99eb7bd2ff47bc8/projects/69f80768ca774c668fbaaed8/jobs/6a22c6f27e433821290d8f2b/results/boxplot_kidney_McEvoy_Nat_Commun_2022_author_cell_type_X_umap_01cfaa_f_score.svg
boxplot_kidney_McEvoy_Nat_Commun_2022_author_cell_type_X_umap_01cfaa_onTarget.html,s3://lifebit-user-data-6941eed90a4dd7a1d1026d7a/deploit/teams/69d8dd1e5d3e1f8c350e006f/users/68af3d99c99eb7bd2ff47bc8/projects/69f80768ca774c668fbaaed8/jobs/6a22c6f27e433821290d8f2b/results/boxplot_kidney_McEvoy_Nat_Commun_2022_author_cell_type_X_umap_01cfaa_onTarget.html
boxplot_kidney_McEvoy_Nat_Commun_2022_author_cell_type_X_umap_01cfaa_onTarget.svg,s3://lifebit-user-data-6941eed90a4dd7a1d1026d7a/deploit/teams/69d8dd1e5d3e1f8c350e006f/users/68af3d99c99eb7bd2ff47bc8/projects/69f80768ca774c668fbaaed8/jobs/6a22c6f27e433821290d8f2b/results/boxplot_kidney_McEvoy_Nat_Commun_2022_author_cell_type_X_umap_01cfaa_onTarget.svg
boxplot_kidney_McEvoy_Nat_Commun_2022_author_cell_type_X_umap_01cfaa_precision.html,s3://lifebit-user-data-6941eed90a4dd7a1d1026d7a/deploit/teams/69d8dd1e5d3e1f8c350e006f/users/68af3d99c99eb7bd2ff47bc8/projects/69f80768ca774c668fbaaed8/jobs/6a22c6f27e433821290d8f2b/results/boxplot_kidney_McEvoy_Nat_Commun_2022_author_cell_type_X_umap_01cfaa_precision.html
boxplot_kidney_McEvoy_Nat_Commun_2022_author_cell_type_X_umap_01cfaa_precision.svg,s3://lifebit-user-data-6941eed90a4dd7a1d1026d7a/deploit/teams/69d8dd1e5d3e1f8c350e006f/users/68af3d99c99eb7bd2ff47bc8/projects/69f80768ca774c668fbaaed8/jobs/6a22c6f27e433821290d8f2b/results/boxplot_kidney_McEvoy_Nat_Commun_2022_author_cell_type_X_umap_01cfaa_precision.svg
boxplot_kidney_McEvoy_Nat_Commun_2022_author_cell_type_X_umap_01cfaa_recall.html,s3://lifebit-user-data-6941eed90a4dd7a1d1026d7a/deploit/teams/69d8dd1e5d3e1f8c350e006f/users/68af3d99c99eb7bd2ff47bc8/projects/69f80768ca774c668fbaaed8/jobs/6a22c6f27e433821290d8f2b/results/boxplot_kidney_McEvoy_Nat_Commun_2022_author_cell_type_X_umap_01cfaa_recall.html
boxplot_kidney_McEvoy_Nat_Commun_2022_author_cell_type_X_umap_01cfaa_recall.svg,s3://lifebit-user-data-6941eed90a4dd7a1d1026d7a/deploit/teams/69d8dd1e5d3e1f8c350e006f/users/68af3d99c99eb7bd2ff47bc8/projects/69f80768ca774c668fbaaed8/jobs/6a22c6f27e433821290d8f2b/results/boxplot_kidney_McEvoy_Nat_Commun_2022_author_cell_type_X_umap_01cfaa_recall.svg
boxplot_kidney_Muto_Nat_Commun_2021_author_cell_type_X_umap_ec4b39_f_score.html,s3://lifebit-user-data-6941eed90a4dd7a1d1026d7a/deploit/teams/69d8dd1e5d3e1f8c350e006f/users/68af3d99c99eb7bd2ff47bc8/projects/69f80768ca774c668fbaaed8/jobs/6a22c6f27e433821290d8f2b/results/boxplot_kidney_Muto_Nat_Commun_2021_author_cell_type_X_umap_ec4b39_f_score.html
boxplot_kidney_Muto_Nat_Commun_2021_author_cell_type_X_umap_ec4b39_f_score.svg,s3://lifebit-user-data-6941eed90a4dd7a1d1026d7a/deploit/teams/69d8dd1e5d3e1f8c350e006f/users/68af3d99c99eb7bd2ff47bc8/projects/69f80768ca774c668fbaaed8/jobs/6a22c6f27e433821290d8f2b/results/boxplot_kidney_Muto_Nat_Commun_2021_author_cell_type_X_umap_ec4b39_f_score.svg
boxplot_kidney_Muto_Nat_Commun_2021_author_cell_type_X_umap_ec4b39_onTarget.html,s3://lifebit-user-data-6941eed90a4dd7a1d1026d7a/deploit/teams/69d8dd1e5d3e1f8c350e006f/users/68af3d99c99eb7bd2ff47bc8/projects/69f80768ca774c668fbaaed8/jobs/6a22c6f27e433821290d8f2b/results/boxplot_kidney_Muto_Nat_Commun_2021_author_cell_type_X_umap_ec4b39_onTarget.html
boxplot_kidney_Muto_Nat_Commun_2021_author_cell_type_X_umap_ec4b39_onTarget.svg,s3://lifebit-user-data-6941eed90a4dd7a1d1026d7a/deploit/teams/69d8dd1e5d3e1f8c350e006f/users/68af3d99c99eb7bd2ff47bc8/projects/69f80768ca774c668fbaaed8/jobs/6a22c6f27e433821290d8f2b/results/boxplot_kidney_Muto_Nat_Commun_2021_author_cell_type_X_umap_ec4b39_onTarget.svg
boxplot_kidney_Muto_Nat_Commun_2021_author_cell_type_X_umap_ec4b39_precision.html,s3://lifebit-user-data-6941eed90a4dd7a1d1026d7a/deploit/teams/69d8dd1e5d3e1f8c350e006f/users/68af3d99c99eb7bd2ff47bc8/projects/69f80768ca774c668fbaaed8/jobs/6a22c6f27e433821290d8f2b/results/boxplot_kidney_Muto_Nat_Commun_2021_author_cell_type_X_umap_ec4b39_precision.html
boxplot_kidney_Muto_Nat_Commun_2021_author_cell_type_X_umap_ec4b39_precision.svg,s3://lifebit-user-data-6941eed90a4dd7a1d1026d7a/deploit/teams/69d8dd1e5d3e1f8c350e006f/users/68af3d99c99eb7bd2ff47bc8/projects/69f80768ca774c668fbaaed8/jobs/6a22c6f27e433821290d8f2b/results/boxplot_kidney_Muto_Nat_Commun_2021_author_cell_type_X_umap_ec4b39_precision.svg
boxplot_kidney_Muto_Nat_Commun_2021_author_cell_type_X_umap_ec4b39_recall.html,s3://lifebit-user-data-6941eed90a4dd7a1d1026d7a/deploit/teams/69d8dd1e5d3e1f8c350e006f/users/68af3d99c99eb7bd2ff47bc8/projects/69f80768ca774c668fbaaed8/jobs/6a22c6f27e433821290d8f2b/results/boxplot_kidney_Muto_Nat_Commun_2021_author_cell_type_X_umap_ec4b39_recall.html
boxplot_kidney_Muto_Nat_Commun_2021_author_cell_type_X_umap_ec4b39_recall.svg,s3://lifebit-user-data-6941eed90a4dd7a1d1026d7a/deploit/teams/69d8dd1e5d3e1f8c350e006f/users/68af3d99c99eb7bd2ff47bc8/projects/69f80768ca774c668fbaaed8/jobs/6a22c6f27e433821290d8f2b/results/boxplot_kidney_Muto_Nat_Commun_2021_author_cell_type_X_umap_ec4b39_recall.svg
boxplot_kidney_Reck_Nat_Commun_2025_celltype_l2_X_umap_ffd4ba_f_score.html,s3://lifebit-user-data-6941eed90a4dd7a1d1026d7a/deploit/teams/69d8dd1e5d3e1f8c350e006f/users/68af3d99c99eb7bd2ff47bc8/projects/69f80768ca774c668fbaaed8/jobs/6a22c6f27e433821290d8f2b/results/boxplot_kidney_Reck_Nat_Commun_2025_celltype_l2_X_umap_ffd4ba_f_score.html
boxplot_kidney_Reck_Nat_Commun_2025_celltype_l2_X_umap_ffd4ba_f_score.svg,s3://lifebit-user-data-6941eed90a4dd7a1d1026d7a/deploit/teams/69d8dd1e5d3e1f8c350e006f/users/68af3d99c99eb7bd2ff47bc8/projects/69f80768ca774c668fbaaed8/jobs/6a22c6f27e433821290d8f2b/results/boxplot_kidney_Reck_Nat_Commun_2025_celltype_l2_X_umap_ffd4ba_f_score.svg
boxplot_kidney_Reck_Nat_Commun_2025_celltype_l2_X_umap_ffd4ba_onTarget.html,s3://lifebit-user-data-6941eed90a4dd7a1d1026d7a/deploit/teams/69d8dd1e5d3e1f8c350e006f/users/68af3d99c99eb7bd2ff47bc8/projects/69f80768ca774c668fbaaed8/jobs/6a22c6f27e433821290d8f2b/results/boxplot_kidney_Reck_Nat_Commun_2025_celltype_l2_X_umap_ffd4ba_onTarget.html
boxplot_kidney_Reck_Nat_Commun_2025_celltype_l2_X_umap_ffd4ba_onTarget.svg,s3://lifebit-user-data-6941eed90a4dd7a1d1026d7a/deploit/teams/69d8dd1e5d3e1f8c350e006f/users/68af3d99c99eb7bd2ff47bc8/projects/69f80768ca774c668fbaaed8/jobs/6a22c6f27e433821290d8f2b/results/boxplot_kidney_Reck_Nat_Commun_2025_celltype_l2_X_umap_ffd4ba_onTarget.svg
boxplot_kidney_Reck_Nat_Commun_2025_celltype_l2_X_umap_ffd4ba_precision.html,s3://lifebit-user-data-6941eed90a4dd7a1d1026d7a/deploit/teams/69d8dd1e5d3e1f8c350e006f/users/68af3d99c99eb7bd2ff47bc8/projects/69f80768ca774c668fbaaed8/jobs/6a22c6f27e433821290d8f2b/results/boxplot_kidney_Reck_Nat_Commun_2025_celltype_l2_X_umap_ffd4ba_precision.html
boxplot_kidney_Reck_Nat_Commun_2025_celltype_l2_X_umap_ffd4ba_precision.svg,s3://lifebit-user-data-6941eed90a4dd7a1d1026d7a/deploit/teams/69d8dd1e5d3e1f8c350e006f/users/68af3d99c99eb7bd2ff47bc8/projects/69f80768ca774c668fbaaed8/jobs/6a22c6f27e433821290d8f2b/results/boxplot_kidney_Reck_Nat_Commun_2025_celltype_l2_X_umap_ffd4ba_precision.svg
boxplot_kidney_Reck_Nat_Commun_2025_celltype_l2_X_umap_ffd4ba_recall.html,s3://lifebit-user-data-6941eed90a4dd7a1d1026d7a/deploit/teams/69d8dd1e5d3e1f8c350e006f/users/68af3d99c99eb7bd2ff47bc8/projects/69f80768ca774c668fbaaed8/jobs/6a22c6f27e433821290d8f2b/results/boxplot_kidney_Reck_Nat_Commun_2025_celltype_l2_X_umap_ffd4ba_recall.html
boxplot_kidney_Reck_Nat_Commun_2025_celltype_l2_X_umap_ffd4ba_recall.svg,s3://lifebit-user-data-6941eed90a4dd7a1d1026d7a/deploit/teams/69d8dd1e5d3e1f8c350e006f/users/68af3d99c99eb7bd2ff47bc8/projects/69f80768ca774c668fbaaed8/jobs/6a22c6f27e433821290d8f2b/results/boxplot_kidney_Reck_Nat_Commun_2025_celltype_l2_X_umap_ffd4ba_recall.svg
boxplot_kidney_Stewart_Science_2019_author_cell_type_X_umap_de3575_f_score.html,s3://lifebit-user-data-6941eed90a4dd7a1d1026d7a/deploit/teams/69d8dd1e5d3e1f8c350e006f/users/68af3d99c99eb7bd2ff47bc8/projects/69f80768ca774c668fbaaed8/jobs/6a22c6f27e433821290d8f2b/results/boxplot_kidney_Stewart_Science_2019_author_cell_type_X_umap_de3575_f_score.html
boxplot_kidney_Stewart_Science_2019_author_cell_type_X_umap_de3575_f_score.svg,s3://lifebit-user-data-6941eed90a4dd7a1d1026d7a/deploit/teams/69d8dd1e5d3e1f8c350e006f/users/68af3d99c99eb7bd2ff47bc8/projects/69f80768ca774c668fbaaed8/jobs/6a22c6f27e433821290d8f2b/results/boxplot_kidney_Stewart_Science_2019_author_cell_type_X_umap_de3575_f_score.svg
boxplot_kidney_Stewart_Science_2019_author_cell_type_X_umap_de3575_onTarget.html,s3://lifebit-user-data-6941eed90a4dd7a1d1026d7a/deploit/teams/69d8dd1e5d3e1f8c350e006f/users/68af3d99c99eb7bd2ff47bc8/projects/69f80768ca774c668fbaaed8/jobs/6a22c6f27e433821290d8f2b/results/boxplot_kidney_Stewart_Science_2019_author_cell_type_X_umap_de3575_onTarget.html
boxplot_kidney_Stewart_Science_2019_author_cell_type_X_umap_de3575_onTarget.svg,s3://lifebit-user-data-6941eed90a4dd7a1d1026d7a/deploit/teams/69d8dd1e5d3e1f8c350e006f/users/68af3d99c99eb7bd2ff47bc8/projects/69f80768ca774c668fbaaed8/jobs/6a22c6f27e433821290d8f2b/results/boxplot_kidney_Stewart_Science_2019_author_cell_type_X_umap_de3575_onTarget.svg
boxplot_kidney_Stewart_Science_2019_author_cell_type_X_umap_de3575_precision.html,s3://lifebit-user-data-6941eed90a4dd7a1d1026d7a/deploit/teams/69d8dd1e5d3e1f8c350e006f/users/68af3d99c99eb7bd2ff47bc8/projects/69f80768ca774c668fbaaed8/jobs/6a22c6f27e433821290d8f2b/results/boxplot_kidney_Stewart_Science_2019_author_cell_type_X_umap_de3575_precision.html
boxplot_kidney_Stewart_Science_2019_author_cell_type_X_umap_de3575_precision.svg,s3://lifebit-user-data-6941eed90a4dd7a1d1026d7a/deploit/teams/69d8dd1e5d3e1f8c350e006f/users/68af3d99c99eb7bd2ff47bc8/projects/69f80768ca774c668fbaaed8/jobs/6a22c6f27e433821290d8f2b/results/boxplot_kidney_Stewart_Science_2019_author_cell_type_X_umap_de3575_precision.svg
boxplot_kidney_Stewart_Science_2019_author_cell_type_X_umap_de3575_recall.html,s3://lifebit-user-data-6941eed90a4dd7a1d1026d7a/deploit/teams/69d8dd1e5d3e1f8c350e006f/users/68af3d99c99eb7bd2ff47bc8/projects/69f80768ca774c668fbaaed8/jobs/6a22c6f27e433821290d8f2b/results/boxplot_kidney_Stewart_Science_2019_author_cell_type_X_umap_de3575_recall.html
boxplot_kidney_Stewart_Science_2019_author_cell_type_X_umap_de3575_recall.svg,s3://lifebit-user-data-6941eed90a4dd7a1d1026d7a/deploit/teams/69d8dd1e5d3e1f8c350e006f/users/68af3d99c99eb7bd2ff47bc8/projects/69f80768ca774c668fbaaed8/jobs/6a22c6f27e433821290d8f2b/results/boxplot_kidney_Stewart_Science_2019_author_cell_type_X_umap_de3575_recall.svg
boxplot_kidney_Wilson_Nat_Commun_2022_author_cell_type_X_umap_9c7fc3_f_score.html,s3://lifebit-user-data-6941eed90a4dd7a1d1026d7a/deploit/teams/69d8dd1e5d3e1f8c350e006f/users/68af3d99c99eb7bd2ff47bc8/projects/69f80768ca774c668fbaaed8/jobs/6a22c6f27e433821290d8f2b/results/boxplot_kidney_Wilson_Nat_Commun_2022_author_cell_type_X_umap_9c7fc3_f_score.html
boxplot_kidney_Wilson_Nat_Commun_2022_author_cell_type_X_umap_9c7fc3_f_score.svg,s3://lifebit-user-data-6941eed90a4dd7a1d1026d7a/deploit/teams/69d8dd1e5d3e1f8c350e006f/users/68af3d99c99eb7bd2ff47bc8/projects/69f80768ca774c668fbaaed8/jobs/6a22c6f27e433821290d8f2b/results/boxplot_kidney_Wilson_Nat_Commun_2022_author_cell_type_X_umap_9c7fc3_f_score.svg
boxplot_kidney_Wilson_Nat_Commun_2022_author_cell_type_X_umap_9c7fc3_onTarget.html,s3://lifebit-user-data-6941eed90a4dd7a1d1026d7a/deploit/teams/69d8dd1e5d3e1f8c350e006f/users/68af3d99c99eb7bd2ff47bc8/projects/69f80768ca774c668fbaaed8/jobs/6a22c6f27e433821290d8f2b/results/boxplot_kidney_Wilson_Nat_Commun_2022_author_cell_type_X_umap_9c7fc3_onTarget.html
boxplot_kidney_Wilson_Nat_Commun_2022_author_cell_type_X_umap_9c7fc3_onTarget.svg,s3://lifebit-user-data-6941eed90a4dd7a1d1026d7a/deploit/teams/69d8dd1e5d3e1f8c350e006f/users/68af3d99c99eb7bd2ff47bc8/projects/69f80768ca774c668fbaaed8/jobs/6a22c6f27e433821290d8f2b/results/boxplot_kidney_Wilson_Nat_Commun_2022_author_cell_type_X_umap_9c7fc3_onTarget.svg
boxplot_kidney_Wilson_Nat_Commun_2022_author_cell_type_X_umap_9c7fc3_precision.html,s3://lifebit-user-data-6941eed90a4dd7a1d1026d7a/deploit/teams/69d8dd1e5d3e1f8c350e006f/users/68af3d99c99eb7bd2ff47bc8/projects/69f80768ca774c668fbaaed8/jobs/6a22c6f27e433821290d8f2b/results/boxplot_kidney_Wilson_Nat_Commun_2022_author_cell_type_X_umap_9c7fc3_precision.html
boxplot_kidney_Wilson_Nat_Commun_2022_author_cell_type_X_umap_9c7fc3_precision.svg,s3://lifebit-user-data-6941eed90a4dd7a1d1026d7a/deploit/teams/69d8dd1e5d3e1f8c350e006f/users/68af3d99c99eb7bd2ff47bc8/projects/69f80768ca774c668fbaaed8/jobs/6a22c6f27e433821290d8f2b/results/boxplot_kidney_Wilson_Nat_Commun_2022_author_cell_type_X_umap_9c7fc3_precision.svg
boxplot_kidney_Wilson_Nat_Commun_2022_author_cell_type_X_umap_9c7fc3_recall.html,s3://lifebit-user-data-6941eed90a4dd7a1d1026d7a/deploit/teams/69d8dd1e5d3e1f8c350e006f/users/68af3d99c99eb7bd2ff47bc8/projects/69f80768ca774c668fbaaed8/jobs/6a22c6f27e433821290d8f2b/results/boxplot_kidney_Wilson_Nat_Commun_2022_author_cell_type_X_umap_9c7fc3_recall.html
boxplot_kidney_Wilson_Nat_Commun_2022_author_cell_type_X_umap_9c7fc3_recall.svg,s3://lifebit-user-data-6941eed90a4dd7a1d1026d7a/deploit/teams/69d8dd1e5d3e1f8c350e006f/users/68af3d99c99eb7bd2ff47bc8/projects/69f80768ca774c668fbaaed8/jobs/6a22c6f27e433821290d8f2b/results/boxplot_kidney_Wilson_Nat_Commun_2022_author_cell_type_X_umap_9c7fc3_recall.svg
boxplot_kidney_Xu_Cell_2023_Curated_annotation_X_umap_71ffd1_f_score.html,s3://lifebit-user-data-6941eed90a4dd7a1d1026d7a/deploit/teams/69d8dd1e5d3e1f8c350e006f/users/68af3d99c99eb7bd2ff47bc8/projects/69f80768ca774c668fbaaed8/jobs/6a22c6f27e433821290d8f2b/results/boxplot_kidney_Xu_Cell_2023_Curated_annotation_X_umap_71ffd1_f_score.html
boxplot_kidney_Xu_Cell_2023_Curated_annotation_X_umap_71ffd1_f_score.svg,s3://lifebit-user-data-6941eed90a4dd7a1d1026d7a/deploit/teams/69d8dd1e5d3e1f8c350e006f/users/68af3d99c99eb7bd2ff47bc8/projects/69f80768ca774c668fbaaed8/jobs/6a22c6f27e433821290d8f2b/results/boxplot_kidney_Xu_Cell_2023_Curated_annotation_X_umap_71ffd1_f_score.svg
boxplot_kidney_Xu_Cell_2023_Curated_annotation_X_umap_71ffd1_onTarget.html,s3://lifebit-user-data-6941eed90a4dd7a1d1026d7a/deploit/teams/69d8dd1e5d3e1f8c350e006f/users/68af3d99c99eb7bd2ff47bc8/projects/69f80768ca774c668fbaaed8/jobs/6a22c6f27e433821290d8f2b/results/boxplot_kidney_Xu_Cell_2023_Curated_annotation_X_umap_71ffd1_onTarget.html
boxplot_kidney_Xu_Cell_2023_Curated_annotation_X_umap_71ffd1_onTarget.svg,s3://lifebit-user-data-6941eed90a4dd7a1d1026d7a/deploit/teams/69d8dd1e5d3e1f8c350e006f/users/68af3d99c99eb7bd2ff47bc8/projects/69f80768ca774c668fbaaed8/jobs/6a22c6f27e433821290d8f2b/results/boxplot_kidney_Xu_Cell_2023_Curated_annotation_X_umap_71ffd1_onTarget.svg
boxplot_kidney_Xu_Cell_2023_Curated_annotation_X_umap_71ffd1_precision.html,s3://lifebit-user-data-6941eed90a4dd7a1d1026d7a/deploit/teams/69d8dd1e5d3e1f8c350e006f/users/68af3d99c99eb7bd2ff47bc8/projects/69f80768ca774c668fbaaed8/jobs/6a22c6f27e433821290d8f2b/results/boxplot_kidney_Xu_Cell_2023_Curated_annotation_X_umap_71ffd1_precision.html
boxplot_kidney_Xu_Cell_2023_Curated_annotation_X_umap_71ffd1_precision.svg,s3://lifebit-user-data-6941eed90a4dd7a1d1026d7a/deploit/teams/69d8dd1e5d3e1f8c350e006f/users/68af3d99c99eb7bd2ff47bc8/projects/69f80768ca774c668fbaaed8/jobs/6a22c6f27e433821290d8f2b/results/boxplot_kidney_Xu_Cell_2023_Curated_annotation_X_umap_71ffd1_precision.svg
boxplot_kidney_Xu_Cell_2023_Curated_annotation_X_umap_71ffd1_recall.html,s3://lifebit-user-data-6941eed90a4dd7a1d1026d7a/deploit/teams/69d8dd1e5d3e1f8c350e006f/users/68af3d99c99eb7bd2ff47bc8/projects/69f80768ca774c668fbaaed8/jobs/6a22c6f27e433821290d8f2b/results/boxplot_kidney_Xu_Cell_2023_Curated_annotation_X_umap_71ffd1_recall.html
boxplot_kidney_Xu_Cell_2023_Curated_annotation_X_umap_71ffd1_recall.svg,s3://lifebit-user-data-6941eed90a4dd7a1d1026d7a/deploit/teams/69d8dd1e5d3e1f8c350e006f/users/68af3d99c99eb7bd2ff47bc8/projects/69f80768ca774c668fbaaed8/jobs/6a22c6f27e433821290d8f2b/results/boxplot_kidney_Xu_Cell_2023_Curated_annotation_X_umap_71ffd1_recall.svg
boxplot_kidney_Young_Science_2018_author_cell_type_X_umap_57f337_f_score.html,s3://lifebit-user-data-6941eed90a4dd7a1d1026d7a/deploit/teams/69d8dd1e5d3e1f8c350e006f/users/68af3d99c99eb7bd2ff47bc8/projects/69f80768ca774c668fbaaed8/jobs/6a22c6f27e433821290d8f2b/results/boxplot_kidney_Young_Science_2018_author_cell_type_X_umap_57f337_f_score.html
boxplot_kidney_Young_Science_2018_author_cell_type_X_umap_57f337_f_score.svg,s3://lifebit-user-data-6941eed90a4dd7a1d1026d7a/deploit/teams/69d8dd1e5d3e1f8c350e006f/users/68af3d99c99eb7bd2ff47bc8/projects/69f80768ca774c668fbaaed8/jobs/6a22c6f27e433821290d8f2b/results/boxplot_kidney_Young_Science_2018_author_cell_type_X_umap_57f337_f_score.svg
boxplot_kidney_Young_Science_2018_author_cell_type_X_umap_57f337_onTarget.html,s3://lifebit-user-data-6941eed90a4dd7a1d1026d7a/deploit/teams/69d8dd1e5d3e1f8c350e006f/users/68af3d99c99eb7bd2ff47bc8/projects/69f80768ca774c668fbaaed8/jobs/6a22c6f27e433821290d8f2b/results/boxplot_kidney_Young_Science_2018_author_cell_type_X_umap_57f337_onTarget.html
boxplot_kidney_Young_Science_2018_author_cell_type_X_umap_57f337_onTarget.svg,s3://lifebit-user-data-6941eed90a4dd7a1d1026d7a/deploit/teams/69d8dd1e5d3e1f8c350e006f/users/68af3d99c99eb7bd2ff47bc8/projects/69f80768ca774c668fbaaed8/jobs/6a22c6f27e433821290d8f2b/results/boxplot_kidney_Young_Science_2018_author_cell_type_X_umap_57f337_onTarget.svg
boxplot_kidney_Young_Science_2018_author_cell_type_X_umap_57f337_precision.html,s3://lifebit-user-data-6941eed90a4dd7a1d1026d7a/deploit/teams/69d8dd1e5d3e1f8c350e006f/users/68af3d99c99eb7bd2ff47bc8/projects/69f80768ca774c668fbaaed8/jobs/6a22c6f27e433821290d8f2b/results/boxplot_kidney_Young_Science_2018_author_cell_type_X_umap_57f337_precision.html
boxplot_kidney_Young_Science_2018_author_cell_type_X_umap_57f337_precision.svg,s3://lifebit-user-data-6941eed90a4dd7a1d1026d7a/deploit/teams/69d8dd1e5d3e1f8c350e006f/users/68af3d99c99eb7bd2ff47bc8/projects/69f80768ca774c668fbaaed8/jobs/6a22c6f27e433821290d8f2b/results/boxplot_kidney_Young_Science_2018_author_cell_type_X_umap_57f337_precision.svg
boxplot_kidney_Young_Science_2018_author_cell_type_X_umap_57f337_recall.html,s3://lifebit-user-data-6941eed90a4dd7a1d1026d7a/deploit/teams/69d8dd1e5d3e1f8c350e006f/users/68af3d99c99eb7bd2ff47bc8/projects/69f80768ca774c668fbaaed8/jobs/6a22c6f27e433821290d8f2b/results/boxplot_kidney_Young_Science_2018_author_cell_type_X_umap_57f337_recall.html
boxplot_kidney_Young_Science_2018_author_cell_type_X_umap_57f337_recall.svg,s3://lifebit-user-data-6941eed90a4dd7a1d1026d7a/deploit/teams/69d8dd1e5d3e1f8c350e006f/users/68af3d99c99eb7bd2ff47bc8/projects/69f80768ca774c668fbaaed8/jobs/6a22c6f27e433821290d8f2b/results/boxplot_kidney_Young_Science_2018_author_cell_type_X_umap_57f337_recall.svg
cluster_cid_mapping_kidney_Han_Nature_2020_author_cell_type_X_umap_5c7ea7.csv,s3://lifebit-user-data-6941eed90a4dd7a1d1026d7a/deploit/teams/69d8dd1e5d3e1f8c350e006f/users/68af3d99c99eb7bd2ff47bc8/projects/69f80768ca774c668fbaaed8/jobs/6a22c6f27e433821290d8f2b/results/cluster_cid_mapping_kidney_Han_Nature_2020_author_cell_type_X_umap_5c7ea7.csv
cluster_cid_mapping_kidney_Lake_Nature_2023_subclass.full_X_umap_4af23f.csv,s3://lifebit-user-data-6941eed90a4dd7a1d1026d7a/deploit/teams/69d8dd1e5d3e1f8c350e006f/users/68af3d99c99eb7bd2ff47bc8/projects/69f80768ca774c668fbaaed8/jobs/6a22c6f27e433821290d8f2b/results/cluster_cid_mapping_kidney_Lake_Nature_2023_subclass.full_X_umap_4af23f.csv
cluster_cid_mapping_kidney_McEvoy_Nat_Commun_2022_author_cell_type_X_umap_01cfaa.csv,s3://lifebit-user-data-6941eed90a4dd7a1d1026d7a/deploit/teams/69d8dd1e5d3e1f8c350e006f/users/68af3d99c99eb7bd2ff47bc8/projects/69f80768ca774c668fbaaed8/jobs/6a22c6f27e433821290d8f2b/results/cluster_cid_mapping_kidney_McEvoy_Nat_Commun_2022_author_cell_type_X_umap_01cfaa.csv
cluster_cid_mapping_kidney_Muto_Nat_Commun_2021_author_cell_type_X_umap_ec4b39.csv,s3://lifebit-user-data-6941eed90a4dd7a1d1026d7a/deploit/teams/69d8dd1e5d3e1f8c350e006f/users/68af3d99c99eb7bd2ff47bc8/projects/69f80768ca774c668fbaaed8/jobs/6a22c6f27e433821290d8f2b/results/cluster_cid_mapping_kidney_Muto_Nat_Commun_2021_author_cell_type_X_umap_ec4b39.csv
cluster_cid_mapping_kidney_Reck_Nat_Commun_2025_celltype_l2_X_umap_ffd4ba.csv,s3://lifebit-user-data-6941eed90a4dd7a1d1026d7a/deploit/teams/69d8dd1e5d3e1f8c350e006f/users/68af3d99c99eb7bd2ff47bc8/projects/69f80768ca774c668fbaaed8/jobs/6a22c6f27e433821290d8f2b/results/cluster_cid_mapping_kidney_Reck_Nat_Commun_2025_celltype_l2_X_umap_ffd4ba.csv
cluster_cid_mapping_kidney_Stewart_Science_2019_author_cell_type_X_umap_de3575.csv,s3://lifebit-user-data-6941eed90a4dd7a1d1026d7a/deploit/teams/69d8dd1e5d3e1f8c350e006f/users/68af3d99c99eb7bd2ff47bc8/projects/69f80768ca774c668fbaaed8/jobs/6a22c6f27e433821290d8f2b/results/cluster_cid_mapping_kidney_Stewart_Science_2019_author_cell_type_X_umap_de3575.csv
cluster_cid_mapping_kidney_Wilson_Nat_Commun_2022_author_cell_type_X_umap_9c7fc3.csv,s3://lifebit-user-data-6941eed90a4dd7a1d1026d7a/deploit/teams/69d8dd1e5d3e1f8c350e006f/users/68af3d99c99eb7bd2ff47bc8/projects/69f80768ca774c668fbaaed8/jobs/6a22c6f27e433821290d8f2b/results/cluster_cid_mapping_kidney_Wilson_Nat_Commun_2022_author_cell_type_X_umap_9c7fc3.csv
cluster_cid_mapping_kidney_Xu_Cell_2023_Curated_annotation_X_umap_71ffd1.csv,s3://lifebit-user-data-6941eed90a4dd7a1d1026d7a/deploit/teams/69d8dd1e5d3e1f8c350e006f/users/68af3d99c99eb7bd2ff47bc8/projects/69f80768ca774c668fbaaed8/jobs/6a22c6f27e433821290d8f2b/results/cluster_cid_mapping_kidney_Xu_Cell_2023_Curated_annotation_X_umap_71ffd1.csv
cluster_cid_mapping_kidney_Young_Science_2018_author_cell_type_X_umap_57f337.csv,s3://lifebit-user-data-6941eed90a4dd7a1d1026d7a/deploit/teams/69d8dd1e5d3e1f8c350e006f/users/68af3d99c99eb7bd2ff47bc8/projects/69f80768ca774c668fbaaed8/jobs/6a22c6f27e433821290d8f2b/results/cluster_cid_mapping_kidney_Young_Science_2018_author_cell_type_X_umap_57f337.csv
cluster_order_before_filter_kidney_Han_Nature_2020_author_cell_type_X_umap_5c7ea7.csv,s3://lifebit-user-data-6941eed90a4dd7a1d1026d7a/deploit/teams/69d8dd1e5d3e1f8c350e006f/users/68af3d99c99eb7bd2ff47bc8/projects/69f80768ca774c668fbaaed8/jobs/6a22c6f27e433821290d8f2b/results/cluster_order_before_filter_kidney_Han_Nature_2020_author_cell_type_X_umap_5c7ea7.csv
cluster_order_before_filter_kidney_Lake_Nature_2023_subclass.full_X_umap_4af23f.csv,s3://lifebit-user-data-6941eed90a4dd7a1d1026d7a/deploit/teams/69d8dd1e5d3e1f8c350e006f/users/68af3d99c99eb7bd2ff47bc8/projects/69f80768ca774c668fbaaed8/jobs/6a22c6f27e433821290d8f2b/results/cluster_order_before_filter_kidney_Lake_Nature_2023_subclass.full_X_umap_4af23f.csv
cluster_order_before_filter_kidney_McEvoy_Nat_Commun_2022_author_cell_type_X_umap_01cfaa.csv,s3://lifebit-user-data-6941eed90a4dd7a1d1026d7a/deploit/teams/69d8dd1e5d3e1f8c350e006f/users/68af3d99c99eb7bd2ff47bc8/projects/69f80768ca774c668fbaaed8/jobs/6a22c6f27e433821290d8f2b/results/cluster_order_before_filter_kidney_McEvoy_Nat_Commun_2022_author_cell_type_X_umap_01cfaa.csv
cluster_order_before_filter_kidney_Muto_Nat_Commun_2021_author_cell_type_X_umap_ec4b39.csv,s3://lifebit-user-data-6941eed90a4dd7a1d1026d7a/deploit/teams/69d8dd1e5d3e1f8c350e006f/users/68af3d99c99eb7bd2ff47bc8/projects/69f80768ca774c668fbaaed8/jobs/6a22c6f27e433821290d8f2b/results/cluster_order_before_filter_kidney_Muto_Nat_Commun_2021_author_cell_type_X_umap_ec4b39.csv
cluster_order_before_filter_kidney_Reck_Nat_Commun_2025_celltype_l2_X_umap_ffd4ba.csv,s3://lifebit-user-data-6941eed90a4dd7a1d1026d7a/deploit/teams/69d8dd1e5d3e1f8c350e006f/users/68af3d99c99eb7bd2ff47bc8/projects/69f80768ca774c668fbaaed8/jobs/6a22c6f27e433821290d8f2b/results/cluster_order_before_filter_kidney_Reck_Nat_Commun_2025_celltype_l2_X_umap_ffd4ba.csv
cluster_order_before_filter_kidney_Stewart_Science_2019_author_cell_type_X_umap_de3575.csv,s3://lifebit-user-data-6941eed90a4dd7a1d1026d7a/deploit/teams/69d8dd1e5d3e1f8c350e006f/users/68af3d99c99eb7bd2ff47bc8/projects/69f80768ca774c668fbaaed8/jobs/6a22c6f27e433821290d8f2b/results/cluster_order_before_filter_kidney_Stewart_Science_2019_author_cell_type_X_umap_de3575.csv
cluster_order_before_filter_kidney_Wilson_Nat_Commun_2022_author_cell_type_X_umap_9c7fc3.csv,s3://lifebit-user-data-6941eed90a4dd7a1d1026d7a/deploit/teams/69d8dd1e5d3e1f8c350e006f/users/68af3d99c99eb7bd2ff47bc8/projects/69f80768ca774c668fbaaed8/jobs/6a22c6f27e433821290d8f2b/results/cluster_order_before_filter_kidney_Wilson_Nat_Commun_2022_author_cell_type_X_umap_9c7fc3.csv
cluster_order_before_filter_kidney_Xu_Cell_2023_Curated_annotation_X_umap_71ffd1.csv,s3://lifebit-user-data-6941eed90a4dd7a1d1026d7a/deploit/teams/69d8dd1e5d3e1f8c350e006f/users/68af3d99c99eb7bd2ff47bc8/projects/69f80768ca774c668fbaaed8/jobs/6a22c6f27e433821290d8f2b/results/cluster_order_before_filter_kidney_Xu_Cell_2023_Curated_annotation_X_umap_71ffd1.csv
cluster_order_before_filter_kidney_Young_Science_2018_author_cell_type_X_umap_57f337.csv,s3://lifebit-user-data-6941eed90a4dd7a1d1026d7a/deploit/teams/69d8dd1e5d3e1f8c350e006f/users/68af3d99c99eb7bd2ff47bc8/projects/69f80768ca774c668fbaaed8/jobs/6a22c6f27e433821290d8f2b/results/cluster_order_before_filter_kidney_Young_Science_2018_author_cell_type_X_umap_57f337.csv
cluster_order_kidney_Han_Nature_2020_author_cell_type_X_umap_5c7ea7.csv,s3://lifebit-user-data-6941eed90a4dd7a1d1026d7a/deploit/teams/69d8dd1e5d3e1f8c350e006f/users/68af3d99c99eb7bd2ff47bc8/projects/69f80768ca774c668fbaaed8/jobs/6a22c6f27e433821290d8f2b/results/cluster_order_kidney_Han_Nature_2020_author_cell_type_X_umap_5c7ea7.csv
cluster_order_kidney_Lake_Nature_2023_subclass.full_X_umap_4af23f.csv,s3://lifebit-user-data-6941eed90a4dd7a1d1026d7a/deploit/teams/69d8dd1e5d3e1f8c350e006f/users/68af3d99c99eb7bd2ff47bc8/projects/69f80768ca774c668fbaaed8/jobs/6a22c6f27e433821290d8f2b/results/cluster_order_kidney_Lake_Nature_2023_subclass.full_X_umap_4af23f.csv
cluster_order_kidney_McEvoy_Nat_Commun_2022_author_cell_type_X_umap_01cfaa.csv,s3://lifebit-user-data-6941eed90a4dd7a1d1026d7a/deploit/teams/69d8dd1e5d3e1f8c350e006f/users/68af3d99c99eb7bd2ff47bc8/projects/69f80768ca774c668fbaaed8/jobs/6a22c6f27e433821290d8f2b/results/cluster_order_kidney_McEvoy_Nat_Commun_2022_author_cell_type_X_umap_01cfaa.csv
cluster_order_kidney_Muto_Nat_Commun_2021_author_cell_type_X_umap_ec4b39.csv,s3://lifebit-user-data-6941eed90a4dd7a1d1026d7a/deploit/teams/69d8dd1e5d3e1f8c350e006f/users/68af3d99c99eb7bd2ff47bc8/projects/69f80768ca774c668fbaaed8/jobs/6a22c6f27e433821290d8f2b/results/cluster_order_kidney_Muto_Nat_Commun_2021_author_cell_type_X_umap_ec4b39.csv
cluster_order_kidney_Reck_Nat_Commun_2025_celltype_l2_X_umap_ffd4ba.csv,s3://lifebit-user-data-6941eed90a4dd7a1d1026d7a/deploit/teams/69d8dd1e5d3e1f8c350e006f/users/68af3d99c99eb7bd2ff47bc8/projects/69f80768ca774c668fbaaed8/jobs/6a22c6f27e433821290d8f2b/results/cluster_order_kidney_Reck_Nat_Commun_2025_celltype_l2_X_umap_ffd4ba.csv
cluster_order_kidney_Stewart_Science_2019_author_cell_type_X_umap_de3575.csv,s3://lifebit-user-data-6941eed90a4dd7a1d1026d7a/deploit/teams/69d8dd1e5d3e1f8c350e006f/users/68af3d99c99eb7bd2ff47bc8/projects/69f80768ca774c668fbaaed8/jobs/6a22c6f27e433821290d8f2b/results/cluster_order_kidney_Stewart_Science_2019_author_cell_type_X_umap_de3575.csv
cluster_order_kidney_Wilson_Nat_Commun_2022_author_cell_type_X_umap_9c7fc3.csv,s3://lifebit-user-data-6941eed90a4dd7a1d1026d7a/deploit/teams/69d8dd1e5d3e1f8c350e006f/users/68af3d99c99eb7bd2ff47bc8/projects/69f80768ca774c668fbaaed8/jobs/6a22c6f27e433821290d8f2b/results/cluster_order_kidney_Wilson_Nat_Commun_2022_author_cell_type_X_umap_9c7fc3.csv
cluster_order_kidney_Xu_Cell_2023_Curated_annotation_X_umap_71ffd1.csv,s3://lifebit-user-data-6941eed90a4dd7a1d1026d7a/deploit/teams/69d8dd1e5d3e1f8c350e006f/users/68af3d99c99eb7bd2ff47bc8/projects/69f80768ca774c668fbaaed8/jobs/6a22c6f27e433821290d8f2b/results/cluster_order_kidney_Xu_Cell_2023_Curated_annotation_X_umap_71ffd1.csv
cluster_order_kidney_Young_Science_2018_author_cell_type_X_umap_57f337.csv,s3://lifebit-user-data-6941eed90a4dd7a1d1026d7a/deploit/teams/69d8dd1e5d3e1f8c350e006f/users/68af3d99c99eb7bd2ff47bc8/projects/69f80768ca774c668fbaaed8/jobs/6a22c6f27e433821290d8f2b/results/cluster_order_kidney_Young_Science_2018_author_cell_type_X_umap_57f337.csv
cluster_sizes_before_filter_kidney_Han_Nature_2020_author_cell_type_X_umap_5c7ea7.csv,s3://lifebit-user-data-6941eed90a4dd7a1d1026d7a/deploit/teams/69d8dd1e5d3e1f8c350e006f/users/68af3d99c99eb7bd2ff47bc8/projects/69f80768ca774c668fbaaed8/jobs/6a22c6f27e433821290d8f2b/results/cluster_sizes_before_filter_kidney_Han_Nature_2020_author_cell_type_X_umap_5c7ea7.csv
cluster_sizes_before_filter_kidney_Lake_Nature_2023_subclass.full_X_umap_4af23f.csv,s3://lifebit-user-data-6941eed90a4dd7a1d1026d7a/deploit/teams/69d8dd1e5d3e1f8c350e006f/users/68af3d99c99eb7bd2ff47bc8/projects/69f80768ca774c668fbaaed8/jobs/6a22c6f27e433821290d8f2b/results/cluster_sizes_before_filter_kidney_Lake_Nature_2023_subclass.full_X_umap_4af23f.csv
cluster_sizes_before_filter_kidney_McEvoy_Nat_Commun_2022_author_cell_type_X_umap_01cfaa.csv,s3://lifebit-user-data-6941eed90a4dd7a1d1026d7a/deploit/teams/69d8dd1e5d3e1f8c350e006f/users/68af3d99c99eb7bd2ff47bc8/projects/69f80768ca774c668fbaaed8/jobs/6a22c6f27e433821290d8f2b/results/cluster_sizes_before_filter_kidney_McEvoy_Nat_Commun_2022_author_cell_type_X_umap_01cfaa.csv
cluster_sizes_before_filter_kidney_Muto_Nat_Commun_2021_author_cell_type_X_umap_ec4b39.csv,s3://lifebit-user-data-6941eed90a4dd7a1d1026d7a/deploit/teams/69d8dd1e5d3e1f8c350e006f/users/68af3d99c99eb7bd2ff47bc8/projects/69f80768ca774c668fbaaed8/jobs/6a22c6f27e433821290d8f2b/results/cluster_sizes_before_filter_kidney_Muto_Nat_Commun_2021_author_cell_type_X_umap_ec4b39.csv
cluster_sizes_before_filter_kidney_Reck_Nat_Commun_2025_celltype_l2_X_umap_ffd4ba.csv,s3://lifebit-user-data-6941eed90a4dd7a1d1026d7a/deploit/teams/69d8dd1e5d3e1f8c350e006f/users/68af3d99c99eb7bd2ff47bc8/projects/69f80768ca774c668fbaaed8/jobs/6a22c6f27e433821290d8f2b/results/cluster_sizes_before_filter_kidney_Reck_Nat_Commun_2025_celltype_l2_X_umap_ffd4ba.csv
cluster_sizes_before_filter_kidney_Stewart_Science_2019_author_cell_type_X_umap_de3575.csv,s3://lifebit-user-data-6941eed90a4dd7a1d1026d7a/deploit/teams/69d8dd1e5d3e1f8c350e006f/users/68af3d99c99eb7bd2ff47bc8/projects/69f80768ca774c668fbaaed8/jobs/6a22c6f27e433821290d8f2b/results/cluster_sizes_before_filter_kidney_Stewart_Science_2019_author_cell_type_X_umap_de3575.csv
cluster_sizes_before_filter_kidney_Wilson_Nat_Commun_2022_author_cell_type_X_umap_9c7fc3.csv,s3://lifebit-user-data-6941eed90a4dd7a1d1026d7a/deploit/teams/69d8dd1e5d3e1f8c350e006f/users/68af3d99c99eb7bd2ff47bc8/projects/69f80768ca774c668fbaaed8/jobs/6a22c6f27e433821290d8f2b/results/cluster_sizes_before_filter_kidney_Wilson_Nat_Commun_2022_author_cell_type_X_umap_9c7fc3.csv
cluster_sizes_before_filter_kidney_Xu_Cell_2023_Curated_annotation_X_umap_71ffd1.csv,s3://lifebit-user-data-6941eed90a4dd7a1d1026d7a/deploit/teams/69d8dd1e5d3e1f8c350e006f/users/68af3d99c99eb7bd2ff47bc8/projects/69f80768ca774c668fbaaed8/jobs/6a22c6f27e433821290d8f2b/results/cluster_sizes_before_filter_kidney_Xu_Cell_2023_Curated_annotation_X_umap_71ffd1.csv
cluster_sizes_before_filter_kidney_Young_Science_2018_author_cell_type_X_umap_57f337.csv,s3://lifebit-user-data-6941eed90a4dd7a1d1026d7a/deploit/teams/69d8dd1e5d3e1f8c350e006f/users/68af3d99c99eb7bd2ff47bc8/projects/69f80768ca774c668fbaaed8/jobs/6a22c6f27e433821290d8f2b/results/cluster_sizes_before_filter_kidney_Young_Science_2018_author_cell_type_X_umap_57f337.csv
cluster_sizes_kidney_Han_Nature_2020_author_cell_type_X_umap_5c7ea7.csv,s3://lifebit-user-data-6941eed90a4dd7a1d1026d7a/deploit/teams/69d8dd1e5d3e1f8c350e006f/users/68af3d99c99eb7bd2ff47bc8/projects/69f80768ca774c668fbaaed8/jobs/6a22c6f27e433821290d8f2b/results/cluster_sizes_kidney_Han_Nature_2020_author_cell_type_X_umap_5c7ea7.csv
cluster_sizes_kidney_Lake_Nature_2023_subclass.full_X_umap_4af23f.csv,s3://lifebit-user-data-6941eed90a4dd7a1d1026d7a/deploit/teams/69d8dd1e5d3e1f8c350e006f/users/68af3d99c99eb7bd2ff47bc8/projects/69f80768ca774c668fbaaed8/jobs/6a22c6f27e433821290d8f2b/results/cluster_sizes_kidney_Lake_Nature_2023_subclass.full_X_umap_4af23f.csv
cluster_sizes_kidney_McEvoy_Nat_Commun_2022_author_cell_type_X_umap_01cfaa.csv,s3://lifebit-user-data-6941eed90a4dd7a1d1026d7a/deploit/teams/69d8dd1e5d3e1f8c350e006f/users/68af3d99c99eb7bd2ff47bc8/projects/69f80768ca774c668fbaaed8/jobs/6a22c6f27e433821290d8f2b/results/cluster_sizes_kidney_McEvoy_Nat_Commun_2022_author_cell_type_X_umap_01cfaa.csv
cluster_sizes_kidney_Muto_Nat_Commun_2021_author_cell_type_X_umap_ec4b39.csv,s3://lifebit-user-data-6941eed90a4dd7a1d1026d7a/deploit/teams/69d8dd1e5d3e1f8c350e006f/users/68af3d99c99eb7bd2ff47bc8/projects/69f80768ca774c668fbaaed8/jobs/6a22c6f27e433821290d8f2b/results/cluster_sizes_kidney_Muto_Nat_Commun_2021_author_cell_type_X_umap_ec4b39.csv
cluster_sizes_kidney_Reck_Nat_Commun_2025_celltype_l2_X_umap_ffd4ba.csv,s3://lifebit-user-data-6941eed90a4dd7a1d1026d7a/deploit/teams/69d8dd1e5d3e1f8c350e006f/users/68af3d99c99eb7bd2ff47bc8/projects/69f80768ca774c668fbaaed8/jobs/6a22c6f27e433821290d8f2b/results/cluster_sizes_kidney_Reck_Nat_Commun_2025_celltype_l2_X_umap_ffd4ba.csv
cluster_sizes_kidney_Stewart_Science_2019_author_cell_type_X_umap_de3575.csv,s3://lifebit-user-data-6941eed90a4dd7a1d1026d7a/deploit/teams/69d8dd1e5d3e1f8c350e006f/users/68af3d99c99eb7bd2ff47bc8/projects/69f80768ca774c668fbaaed8/jobs/6a22c6f27e433821290d8f2b/results/cluster_sizes_kidney_Stewart_Science_2019_author_cell_type_X_umap_de3575.csv
cluster_sizes_kidney_Wilson_Nat_Commun_2022_author_cell_type_X_umap_9c7fc3.csv,s3://lifebit-user-data-6941eed90a4dd7a1d1026d7a/deploit/teams/69d8dd1e5d3e1f8c350e006f/users/68af3d99c99eb7bd2ff47bc8/projects/69f80768ca774c668fbaaed8/jobs/6a22c6f27e433821290d8f2b/results/cluster_sizes_kidney_Wilson_Nat_Commun_2022_author_cell_type_X_umap_9c7fc3.csv
cluster_sizes_kidney_Xu_Cell_2023_Curated_annotation_X_umap_71ffd1.csv,s3://lifebit-user-data-6941eed90a4dd7a1d1026d7a/deploit/teams/69d8dd1e5d3e1f8c350e006f/users/68af3d99c99eb7bd2ff47bc8/projects/69f80768ca774c668fbaaed8/jobs/6a22c6f27e433821290d8f2b/results/cluster_sizes_kidney_Xu_Cell_2023_Curated_annotation_X_umap_71ffd1.csv
cluster_sizes_kidney_Young_Science_2018_author_cell_type_X_umap_57f337.csv,s3://lifebit-user-data-6941eed90a4dd7a1d1026d7a/deploit/teams/69d8dd1e5d3e1f8c350e006f/users/68af3d99c99eb7bd2ff47bc8/projects/69f80768ca774c668fbaaed8/jobs/6a22c6f27e433821290d8f2b/results/cluster_sizes_kidney_Young_Science_2018_author_cell_type_X_umap_57f337.csv
cluster_statistics_kidney_Han_Nature_2020_author_cell_type_X_umap_5c7ea7.csv,s3://lifebit-user-data-6941eed90a4dd7a1d1026d7a/deploit/teams/69d8dd1e5d3e1f8c350e006f/users/68af3d99c99eb7bd2ff47bc8/projects/69f80768ca774c668fbaaed8/jobs/6a22c6f27e433821290d8f2b/results/cluster_statistics_kidney_Han_Nature_2020_author_cell_type_X_umap_5c7ea7.csv
cluster_statistics_kidney_Lake_Nature_2023_subclass.full_X_umap_4af23f.csv,s3://lifebit-user-data-6941eed90a4dd7a1d1026d7a/deploit/teams/69d8dd1e5d3e1f8c350e006f/users/68af3d99c99eb7bd2ff47bc8/projects/69f80768ca774c668fbaaed8/jobs/6a22c6f27e433821290d8f2b/results/cluster_statistics_kidney_Lake_Nature_2023_subclass.full_X_umap_4af23f.csv
cluster_statistics_kidney_McEvoy_Nat_Commun_2022_author_cell_type_X_umap_01cfaa.csv,s3://lifebit-user-data-6941eed90a4dd7a1d1026d7a/deploit/teams/69d8dd1e5d3e1f8c350e006f/users/68af3d99c99eb7bd2ff47bc8/projects/69f80768ca774c668fbaaed8/jobs/6a22c6f27e433821290d8f2b/results/cluster_statistics_kidney_McEvoy_Nat_Commun_2022_author_cell_type_X_umap_01cfaa.csv
cluster_statistics_kidney_Muto_Nat_Commun_2021_author_cell_type_X_umap_ec4b39.csv,s3://lifebit-user-data-6941eed90a4dd7a1d1026d7a/deploit/teams/69d8dd1e5d3e1f8c350e006f/users/68af3d99c99eb7bd2ff47bc8/projects/69f80768ca774c668fbaaed8/jobs/6a22c6f27e433821290d8f2b/results/cluster_statistics_kidney_Muto_Nat_Commun_2021_author_cell_type_X_umap_ec4b39.csv
cluster_statistics_kidney_Reck_Nat_Commun_2025_celltype_l2_X_umap_ffd4ba.csv,s3://lifebit-user-data-6941eed90a4dd7a1d1026d7a/deploit/teams/69d8dd1e5d3e1f8c350e006f/users/68af3d99c99eb7bd2ff47bc8/projects/69f80768ca774c668fbaaed8/jobs/6a22c6f27e433821290d8f2b/results/cluster_statistics_kidney_Reck_Nat_Commun_2025_celltype_l2_X_umap_ffd4ba.csv
cluster_statistics_kidney_Stewart_Science_2019_author_cell_type_X_umap_de3575.csv,s3://lifebit-user-data-6941eed90a4dd7a1d1026d7a/deploit/teams/69d8dd1e5d3e1f8c350e006f/users/68af3d99c99eb7bd2ff47bc8/projects/69f80768ca774c668fbaaed8/jobs/6a22c6f27e433821290d8f2b/results/cluster_statistics_kidney_Stewart_Science_2019_author_cell_type_X_umap_de3575.csv
cluster_statistics_kidney_Wilson_Nat_Commun_2022_author_cell_type_X_umap_9c7fc3.csv,s3://lifebit-user-data-6941eed90a4dd7a1d1026d7a/deploit/teams/69d8dd1e5d3e1f8c350e006f/users/68af3d99c99eb7bd2ff47bc8/projects/69f80768ca774c668fbaaed8/jobs/6a22c6f27e433821290d8f2b/results/cluster_statistics_kidney_Wilson_Nat_Commun_2022_author_cell_type_X_umap_9c7fc3.csv
cluster_statistics_kidney_Xu_Cell_2023_Curated_annotation_X_umap_71ffd1.csv,s3://lifebit-user-data-6941eed90a4dd7a1d1026d7a/deploit/teams/69d8dd1e5d3e1f8c350e006f/users/68af3d99c99eb7bd2ff47bc8/projects/69f80768ca774c668fbaaed8/jobs/6a22c6f27e433821290d8f2b/results/cluster_statistics_kidney_Xu_Cell_2023_Curated_annotation_X_umap_71ffd1.csv
cluster_statistics_kidney_Young_Science_2018_author_cell_type_X_umap_57f337.csv,s3://lifebit-user-data-6941eed90a4dd7a1d1026d7a/deploit/teams/69d8dd1e5d3e1f8c350e006f/users/68af3d99c99eb7bd2ff47bc8/projects/69f80768ca774c668fbaaed8/jobs/6a22c6f27e433821290d8f2b/results/cluster_statistics_kidney_Young_Science_2018_author_cell_type_X_umap_57f337.csv
cluster_stats.log,s3://lifebit-user-data-6941eed90a4dd7a1d1026d7a/deploit/teams/69d8dd1e5d3e1f8c350e006f/users/68af3d99c99eb7bd2ff47bc8/projects/69f80768ca774c668fbaaed8/jobs/6a22c6f27e433821290d8f2b/results/cluster_stats.log
dataset_summary_kidney_Han_Nature_2020_author_cell_type_X_umap_5c7ea7.csv,s3://lifebit-user-data-6941eed90a4dd7a1d1026d7a/deploit/teams/69d8dd1e5d3e1f8c350e006f/users/68af3d99c99eb7bd2ff47bc8/projects/69f80768ca774c668fbaaed8/jobs/6a22c6f27e433821290d8f2b/results/dataset_summary_kidney_Han_Nature_2020_author_cell_type_X_umap_5c7ea7.csv
dataset_summary_kidney_Lake_Nature_2023_subclass.full_X_umap_4af23f.csv,s3://lifebit-user-data-6941eed90a4dd7a1d1026d7a/deploit/teams/69d8dd1e5d3e1f8c350e006f/users/68af3d99c99eb7bd2ff47bc8/projects/69f80768ca774c668fbaaed8/jobs/6a22c6f27e433821290d8f2b/results/dataset_summary_kidney_Lake_Nature_2023_subclass.full_X_umap_4af23f.csv
dataset_summary_kidney_McEvoy_Nat_Commun_2022_author_cell_type_X_umap_01cfaa.csv,s3://lifebit-user-data-6941eed90a4dd7a1d1026d7a/deploit/teams/69d8dd1e5d3e1f8c350e006f/users/68af3d99c99eb7bd2ff47bc8/projects/69f80768ca774c668fbaaed8/jobs/6a22c6f27e433821290d8f2b/results/dataset_summary_kidney_McEvoy_Nat_Commun_2022_author_cell_type_X_umap_01cfaa.csv
dataset_summary_kidney_Muto_Nat_Commun_2021_author_cell_type_X_umap_ec4b39.csv,s3://lifebit-user-data-6941eed90a4dd7a1d1026d7a/deploit/teams/69d8dd1e5d3e1f8c350e006f/users/68af3d99c99eb7bd2ff47bc8/projects/69f80768ca774c668fbaaed8/jobs/6a22c6f27e433821290d8f2b/results/dataset_summary_kidney_Muto_Nat_Commun_2021_author_cell_type_X_umap_ec4b39.csv
dataset_summary_kidney_Reck_Nat_Commun_2025_celltype_l2_X_umap_ffd4ba.csv,s3://lifebit-user-data-6941eed90a4dd7a1d1026d7a/deploit/teams/69d8dd1e5d3e1f8c350e006f/users/68af3d99c99eb7bd2ff47bc8/projects/69f80768ca774c668fbaaed8/jobs/6a22c6f27e433821290d8f2b/results/dataset_summary_kidney_Reck_Nat_Commun_2025_celltype_l2_X_umap_ffd4ba.csv
dataset_summary_kidney_Stewart_Science_2019_author_cell_type_X_umap_de3575.csv,s3://lifebit-user-data-6941eed90a4dd7a1d1026d7a/deploit/teams/69d8dd1e5d3e1f8c350e006f/users/68af3d99c99eb7bd2ff47bc8/projects/69f80768ca774c668fbaaed8/jobs/6a22c6f27e433821290d8f2b/results/dataset_summary_kidney_Stewart_Science_2019_author_cell_type_X_umap_de3575.csv
dataset_summary_kidney_Wilson_Nat_Commun_2022_author_cell_type_X_umap_9c7fc3.csv,s3://lifebit-user-data-6941eed90a4dd7a1d1026d7a/deploit/teams/69d8dd1e5d3e1f8c350e006f/users/68af3d99c99eb7bd2ff47bc8/projects/69f80768ca774c668fbaaed8/jobs/6a22c6f27e433821290d8f2b/results/dataset_summary_kidney_Wilson_Nat_Commun_2022_author_cell_type_X_umap_9c7fc3.csv
dataset_summary_kidney_Xu_Cell_2023_Curated_annotation_X_umap_71ffd1.csv,s3://lifebit-user-data-6941eed90a4dd7a1d1026d7a/deploit/teams/69d8dd1e5d3e1f8c350e006f/users/68af3d99c99eb7bd2ff47bc8/projects/69f80768ca774c668fbaaed8/jobs/6a22c6f27e433821290d8f2b/results/dataset_summary_kidney_Xu_Cell_2023_Curated_annotation_X_umap_71ffd1.csv
dataset_summary_kidney_Young_Science_2018_author_cell_type_X_umap_57f337.csv,s3://lifebit-user-data-6941eed90a4dd7a1d1026d7a/deploit/teams/69d8dd1e5d3e1f8c350e006f/users/68af3d99c99eb7bd2ff47bc8/projects/69f80768ca774c668fbaaed8/jobs/6a22c6f27e433821290d8f2b/results/dataset_summary_kidney_Young_Science_2018_author_cell_type_X_umap_57f337.csv
dendrogram_before_filter_kidney_Han_Nature_2020_author_cell_type_X_umap_5c7ea7.svg,s3://lifebit-user-data-6941eed90a4dd7a1d1026d7a/deploit/teams/69d8dd1e5d3e1f8c350e006f/users/68af3d99c99eb7bd2ff47bc8/projects/69f80768ca774c668fbaaed8/jobs/6a22c6f27e433821290d8f2b/results/dendrogram_before_filter_kidney_Han_Nature_2020_author_cell_type_X_umap_5c7ea7.svg
dendrogram_before_filter_kidney_Lake_Nature_2023_subclass.full_X_umap_4af23f.svg,s3://lifebit-user-data-6941eed90a4dd7a1d1026d7a/deploit/teams/69d8dd1e5d3e1f8c350e006f/users/68af3d99c99eb7bd2ff47bc8/projects/69f80768ca774c668fbaaed8/jobs/6a22c6f27e433821290d8f2b/results/dendrogram_before_filter_kidney_Lake_Nature_2023_subclass.full_X_umap_4af23f.svg
dendrogram_before_filter_kidney_McEvoy_Nat_Commun_2022_author_cell_type_X_umap_01cfaa.svg,s3://lifebit-user-data-6941eed90a4dd7a1d1026d7a/deploit/teams/69d8dd1e5d3e1f8c350e006f/users/68af3d99c99eb7bd2ff47bc8/projects/69f80768ca774c668fbaaed8/jobs/6a22c6f27e433821290d8f2b/results/dendrogram_before_filter_kidney_McEvoy_Nat_Commun_2022_author_cell_type_X_umap_01cfaa.svg
dendrogram_before_filter_kidney_Muto_Nat_Commun_2021_author_cell_type_X_umap_ec4b39.svg,s3://lifebit-user-data-6941eed90a4dd7a1d1026d7a/deploit/teams/69d8dd1e5d3e1f8c350e006f/users/68af3d99c99eb7bd2ff47bc8/projects/69f80768ca774c668fbaaed8/jobs/6a22c6f27e433821290d8f2b/results/dendrogram_before_filter_kidney_Muto_Nat_Commun_2021_author_cell_type_X_umap_ec4b39.svg
dendrogram_before_filter_kidney_Reck_Nat_Commun_2025_celltype_l2_X_umap_ffd4ba.svg,s3://lifebit-user-data-6941eed90a4dd7a1d1026d7a/deploit/teams/69d8dd1e5d3e1f8c350e006f/users/68af3d99c99eb7bd2ff47bc8/projects/69f80768ca774c668fbaaed8/jobs/6a22c6f27e433821290d8f2b/results/dendrogram_before_filter_kidney_Reck_Nat_Commun_2025_celltype_l2_X_umap_ffd4ba.svg
dendrogram_before_filter_kidney_Stewart_Science_2019_author_cell_type_X_umap_de3575.svg,s3://lifebit-user-data-6941eed90a4dd7a1d1026d7a/deploit/teams/69d8dd1e5d3e1f8c350e006f/users/68af3d99c99eb7bd2ff47bc8/projects/69f80768ca774c668fbaaed8/jobs/6a22c6f27e433821290d8f2b/results/dendrogram_before_filter_kidney_Stewart_Science_2019_author_cell_type_X_umap_de3575.svg
dendrogram_before_filter_kidney_Wilson_Nat_Commun_2022_author_cell_type_X_umap_9c7fc3.svg,s3://lifebit-user-data-6941eed90a4dd7a1d1026d7a/deploit/teams/69d8dd1e5d3e1f8c350e006f/users/68af3d99c99eb7bd2ff47bc8/projects/69f80768ca774c668fbaaed8/jobs/6a22c6f27e433821290d8f2b/results/dendrogram_before_filter_kidney_Wilson_Nat_Commun_2022_author_cell_type_X_umap_9c7fc3.svg
dendrogram_before_filter_kidney_Xu_Cell_2023_Curated_annotation_X_umap_71ffd1.svg,s3://lifebit-user-data-6941eed90a4dd7a1d1026d7a/deploit/teams/69d8dd1e5d3e1f8c350e006f/users/68af3d99c99eb7bd2ff47bc8/projects/69f80768ca774c668fbaaed8/jobs/6a22c6f27e433821290d8f2b/results/dendrogram_before_filter_kidney_Xu_Cell_2023_Curated_annotation_X_umap_71ffd1.svg
dendrogram_before_filter_kidney_Young_Science_2018_author_cell_type_X_umap_57f337.svg,s3://lifebit-user-data-6941eed90a4dd7a1d1026d7a/deploit/teams/69d8dd1e5d3e1f8c350e006f/users/68af3d99c99eb7bd2ff47bc8/projects/69f80768ca774c668fbaaed8/jobs/6a22c6f27e433821290d8f2b/results/dendrogram_before_filter_kidney_Young_Science_2018_author_cell_type_X_umap_57f337.svg
dendrogram_kidney_Han_Nature_2020_author_cell_type_X_umap_5c7ea7.svg,s3://lifebit-user-data-6941eed90a4dd7a1d1026d7a/deploit/teams/69d8dd1e5d3e1f8c350e006f/users/68af3d99c99eb7bd2ff47bc8/projects/69f80768ca774c668fbaaed8/jobs/6a22c6f27e433821290d8f2b/results/dendrogram_kidney_Han_Nature_2020_author_cell_type_X_umap_5c7ea7.svg
dendrogram_kidney_Lake_Nature_2023_subclass.full_X_umap_4af23f.svg,s3://lifebit-user-data-6941eed90a4dd7a1d1026d7a/deploit/teams/69d8dd1e5d3e1f8c350e006f/users/68af3d99c99eb7bd2ff47bc8/projects/69f80768ca774c668fbaaed8/jobs/6a22c6f27e433821290d8f2b/results/dendrogram_kidney_Lake_Nature_2023_subclass.full_X_umap_4af23f.svg
dendrogram_kidney_McEvoy_Nat_Commun_2022_author_cell_type_X_umap_01cfaa.svg,s3://lifebit-user-data-6941eed90a4dd7a1d1026d7a/deploit/teams/69d8dd1e5d3e1f8c350e006f/users/68af3d99c99eb7bd2ff47bc8/projects/69f80768ca774c668fbaaed8/jobs/6a22c6f27e433821290d8f2b/results/dendrogram_kidney_McEvoy_Nat_Commun_2022_author_cell_type_X_umap_01cfaa.svg
dendrogram_kidney_Muto_Nat_Commun_2021_author_cell_type_X_umap_ec4b39.svg,s3://lifebit-user-data-6941eed90a4dd7a1d1026d7a/deploit/teams/69d8dd1e5d3e1f8c350e006f/users/68af3d99c99eb7bd2ff47bc8/projects/69f80768ca774c668fbaaed8/jobs/6a22c6f27e433821290d8f2b/results/dendrogram_kidney_Muto_Nat_Commun_2021_author_cell_type_X_umap_ec4b39.svg
dendrogram_kidney_Reck_Nat_Commun_2025_celltype_l2_X_umap_ffd4ba.svg,s3://lifebit-user-data-6941eed90a4dd7a1d1026d7a/deploit/teams/69d8dd1e5d3e1f8c350e006f/users/68af3d99c99eb7bd2ff47bc8/projects/69f80768ca774c668fbaaed8/jobs/6a22c6f27e433821290d8f2b/results/dendrogram_kidney_Reck_Nat_Commun_2025_celltype_l2_X_umap_ffd4ba.svg
dendrogram_kidney_Stewart_Science_2019_author_cell_type_X_umap_de3575.svg,s3://lifebit-user-data-6941eed90a4dd7a1d1026d7a/deploit/teams/69d8dd1e5d3e1f8c350e006f/users/68af3d99c99eb7bd2ff47bc8/projects/69f80768ca774c668fbaaed8/jobs/6a22c6f27e433821290d8f2b/results/dendrogram_kidney_Stewart_Science_2019_author_cell_type_X_umap_de3575.svg
dendrogram_kidney_Wilson_Nat_Commun_2022_author_cell_type_X_umap_9c7fc3.svg,s3://lifebit-user-data-6941eed90a4dd7a1d1026d7a/deploit/teams/69d8dd1e5d3e1f8c350e006f/users/68af3d99c99eb7bd2ff47bc8/projects/69f80768ca774c668fbaaed8/jobs/6a22c6f27e433821290d8f2b/results/dendrogram_kidney_Wilson_Nat_Commun_2022_author_cell_type_X_umap_9c7fc3.svg
dendrogram_kidney_Xu_Cell_2023_Curated_annotation_X_umap_71ffd1.svg,s3://lifebit-user-data-6941eed90a4dd7a1d1026d7a/deploit/teams/69d8dd1e5d3e1f8c350e006f/users/68af3d99c99eb7bd2ff47bc8/projects/69f80768ca774c668fbaaed8/jobs/6a22c6f27e433821290d8f2b/results/dendrogram_kidney_Xu_Cell_2023_Curated_annotation_X_umap_71ffd1.svg
dendrogram_kidney_Young_Science_2018_author_cell_type_X_umap_57f337.svg,s3://lifebit-user-data-6941eed90a4dd7a1d1026d7a/deploit/teams/69d8dd1e5d3e1f8c350e006f/users/68af3d99c99eb7bd2ff47bc8/projects/69f80768ca774c668fbaaed8/jobs/6a22c6f27e433821290d8f2b/results/dendrogram_kidney_Young_Science_2018_author_cell_type_X_umap_57f337.svg
distribution_log10_kidney_Han_Nature_2020_author_cell_type_X_umap_5c7ea7.html,s3://lifebit-user-data-6941eed90a4dd7a1d1026d7a/deploit/teams/69d8dd1e5d3e1f8c350e006f/users/68af3d99c99eb7bd2ff47bc8/projects/69f80768ca774c668fbaaed8/jobs/6a22c6f27e433821290d8f2b/results/distribution_log10_kidney_Han_Nature_2020_author_cell_type_X_umap_5c7ea7.html
distribution_log10_kidney_Han_Nature_2020_author_cell_type_X_umap_5c7ea7.svg,s3://lifebit-user-data-6941eed90a4dd7a1d1026d7a/deploit/teams/69d8dd1e5d3e1f8c350e006f/users/68af3d99c99eb7bd2ff47bc8/projects/69f80768ca774c668fbaaed8/jobs/6a22c6f27e433821290d8f2b/results/distribution_log10_kidney_Han_Nature_2020_author_cell_type_X_umap_5c7ea7.svg
distribution_log10_kidney_Lake_Nature_2023_subclass.full_X_umap_4af23f.html,s3://lifebit-user-data-6941eed90a4dd7a1d1026d7a/deploit/teams/69d8dd1e5d3e1f8c350e006f/users/68af3d99c99eb7bd2ff47bc8/projects/69f80768ca774c668fbaaed8/jobs/6a22c6f27e433821290d8f2b/results/distribution_log10_kidney_Lake_Nature_2023_subclass.full_X_umap_4af23f.html
distribution_log10_kidney_Lake_Nature_2023_subclass.full_X_umap_4af23f.svg,s3://lifebit-user-data-6941eed90a4dd7a1d1026d7a/deploit/teams/69d8dd1e5d3e1f8c350e006f/users/68af3d99c99eb7bd2ff47bc8/projects/69f80768ca774c668fbaaed8/jobs/6a22c6f27e433821290d8f2b/results/distribution_log10_kidney_Lake_Nature_2023_subclass.full_X_umap_4af23f.svg
distribution_log10_kidney_McEvoy_Nat_Commun_2022_author_cell_type_X_umap_01cfaa.html,s3://lifebit-user-data-6941eed90a4dd7a1d1026d7a/deploit/teams/69d8dd1e5d3e1f8c350e006f/users/68af3d99c99eb7bd2ff47bc8/projects/69f80768ca774c668fbaaed8/jobs/6a22c6f27e433821290d8f2b/results/distribution_log10_kidney_McEvoy_Nat_Commun_2022_author_cell_type_X_umap_01cfaa.html
distribution_log10_kidney_McEvoy_Nat_Commun_2022_author_cell_type_X_umap_01cfaa.svg,s3://lifebit-user-data-6941eed90a4dd7a1d1026d7a/deploit/teams/69d8dd1e5d3e1f8c350e006f/users/68af3d99c99eb7bd2ff47bc8/projects/69f80768ca774c668fbaaed8/jobs/6a22c6f27e433821290d8f2b/results/distribution_log10_kidney_McEvoy_Nat_Commun_2022_author_cell_type_X_umap_01cfaa.svg
distribution_log10_kidney_Muto_Nat_Commun_2021_author_cell_type_X_umap_ec4b39.html,s3://lifebit-user-data-6941eed90a4dd7a1d1026d7a/deploit/teams/69d8dd1e5d3e1f8c350e006f/users/68af3d99c99eb7bd2ff47bc8/projects/69f80768ca774c668fbaaed8/jobs/6a22c6f27e433821290d8f2b/results/distribution_log10_kidney_Muto_Nat_Commun_2021_author_cell_type_X_umap_ec4b39.html
distribution_log10_kidney_Muto_Nat_Commun_2021_author_cell_type_X_umap_ec4b39.svg,s3://lifebit-user-data-6941eed90a4dd7a1d1026d7a/deploit/teams/69d8dd1e5d3e1f8c350e006f/users/68af3d99c99eb7bd2ff47bc8/projects/69f80768ca774c668fbaaed8/jobs/6a22c6f27e433821290d8f2b/results/distribution_log10_kidney_Muto_Nat_Commun_2021_author_cell_type_X_umap_ec4b39.svg
distribution_log10_kidney_Reck_Nat_Commun_2025_celltype_l2_X_umap_ffd4ba.html,s3://lifebit-user-data-6941eed90a4dd7a1d1026d7a/deploit/teams/69d8dd1e5d3e1f8c350e006f/users/68af3d99c99eb7bd2ff47bc8/projects/69f80768ca774c668fbaaed8/jobs/6a22c6f27e433821290d8f2b/results/distribution_log10_kidney_Reck_Nat_Commun_2025_celltype_l2_X_umap_ffd4ba.html
distribution_log10_kidney_Reck_Nat_Commun_2025_celltype_l2_X_umap_ffd4ba.svg,s3://lifebit-user-data-6941eed90a4dd7a1d1026d7a/deploit/teams/69d8dd1e5d3e1f8c350e006f/users/68af3d99c99eb7bd2ff47bc8/projects/69f80768ca774c668fbaaed8/jobs/6a22c6f27e433821290d8f2b/results/distribution_log10_kidney_Reck_Nat_Commun_2025_celltype_l2_X_umap_ffd4ba.svg
distribution_log10_kidney_Stewart_Science_2019_author_cell_type_X_umap_de3575.html,s3://lifebit-user-data-6941eed90a4dd7a1d1026d7a/deploit/teams/69d8dd1e5d3e1f8c350e006f/users/68af3d99c99eb7bd2ff47bc8/projects/69f80768ca774c668fbaaed8/jobs/6a22c6f27e433821290d8f2b/results/distribution_log10_kidney_Stewart_Science_2019_author_cell_type_X_umap_de3575.html
distribution_log10_kidney_Stewart_Science_2019_author_cell_type_X_umap_de3575.svg,s3://lifebit-user-data-6941eed90a4dd7a1d1026d7a/deploit/teams/69d8dd1e5d3e1f8c350e006f/users/68af3d99c99eb7bd2ff47bc8/projects/69f80768ca774c668fbaaed8/jobs/6a22c6f27e433821290d8f2b/results/distribution_log10_kidney_Stewart_Science_2019_author_cell_type_X_umap_de3575.svg
distribution_log10_kidney_Wilson_Nat_Commun_2022_author_cell_type_X_umap_9c7fc3.html,s3://lifebit-user-data-6941eed90a4dd7a1d1026d7a/deploit/teams/69d8dd1e5d3e1f8c350e006f/users/68af3d99c99eb7bd2ff47bc8/projects/69f80768ca774c668fbaaed8/jobs/6a22c6f27e433821290d8f2b/results/distribution_log10_kidney_Wilson_Nat_Commun_2022_author_cell_type_X_umap_9c7fc3.html
distribution_log10_kidney_Wilson_Nat_Commun_2022_author_cell_type_X_umap_9c7fc3.svg,s3://lifebit-user-data-6941eed90a4dd7a1d1026d7a/deploit/teams/69d8dd1e5d3e1f8c350e006f/users/68af3d99c99eb7bd2ff47bc8/projects/69f80768ca774c668fbaaed8/jobs/6a22c6f27e433821290d8f2b/results/distribution_log10_kidney_Wilson_Nat_Commun_2022_author_cell_type_X_umap_9c7fc3.svg
distribution_log10_kidney_Xu_Cell_2023_Curated_annotation_X_umap_71ffd1.html,s3://lifebit-user-data-6941eed90a4dd7a1d1026d7a/deploit/teams/69d8dd1e5d3e1f8c350e006f/users/68af3d99c99eb7bd2ff47bc8/projects/69f80768ca774c668fbaaed8/jobs/6a22c6f27e433821290d8f2b/results/distribution_log10_kidney_Xu_Cell_2023_Curated_annotation_X_umap_71ffd1.html
distribution_log10_kidney_Xu_Cell_2023_Curated_annotation_X_umap_71ffd1.svg,s3://lifebit-user-data-6941eed90a4dd7a1d1026d7a/deploit/teams/69d8dd1e5d3e1f8c350e006f/users/68af3d99c99eb7bd2ff47bc8/projects/69f80768ca774c668fbaaed8/jobs/6a22c6f27e433821290d8f2b/results/distribution_log10_kidney_Xu_Cell_2023_Curated_annotation_X_umap_71ffd1.svg
distribution_log10_kidney_Young_Science_2018_author_cell_type_X_umap_57f337.html,s3://lifebit-user-data-6941eed90a4dd7a1d1026d7a/deploit/teams/69d8dd1e5d3e1f8c350e006f/users/68af3d99c99eb7bd2ff47bc8/projects/69f80768ca774c668fbaaed8/jobs/6a22c6f27e433821290d8f2b/results/distribution_log10_kidney_Young_Science_2018_author_cell_type_X_umap_57f337.html
distribution_log10_kidney_Young_Science_2018_author_cell_type_X_umap_57f337.svg,s3://lifebit-user-data-6941eed90a4dd7a1d1026d7a/deploit/teams/69d8dd1e5d3e1f8c350e006f/users/68af3d99c99eb7bd2ff47bc8/projects/69f80768ca774c668fbaaed8/jobs/6a22c6f27e433821290d8f2b/results/distribution_log10_kidney_Young_Science_2018_author_cell_type_X_umap_57f337.svg
distribution_raw_kidney_Han_Nature_2020_author_cell_type_X_umap_5c7ea7.html,s3://lifebit-user-data-6941eed90a4dd7a1d1026d7a/deploit/teams/69d8dd1e5d3e1f8c350e006f/users/68af3d99c99eb7bd2ff47bc8/projects/69f80768ca774c668fbaaed8/jobs/6a22c6f27e433821290d8f2b/results/distribution_raw_kidney_Han_Nature_2020_author_cell_type_X_umap_5c7ea7.html
distribution_raw_kidney_Han_Nature_2020_author_cell_type_X_umap_5c7ea7.svg,s3://lifebit-user-data-6941eed90a4dd7a1d1026d7a/deploit/teams/69d8dd1e5d3e1f8c350e006f/users/68af3d99c99eb7bd2ff47bc8/projects/69f80768ca774c668fbaaed8/jobs/6a22c6f27e433821290d8f2b/results/distribution_raw_kidney_Han_Nature_2020_author_cell_type_X_umap_5c7ea7.svg
distribution_raw_kidney_Lake_Nature_2023_subclass.full_X_umap_4af23f.html,s3://lifebit-user-data-6941eed90a4dd7a1d1026d7a/deploit/teams/69d8dd1e5d3e1f8c350e006f/users/68af3d99c99eb7bd2ff47bc8/projects/69f80768ca774c668fbaaed8/jobs/6a22c6f27e433821290d8f2b/results/distribution_raw_kidney_Lake_Nature_2023_subclass.full_X_umap_4af23f.html
distribution_raw_kidney_Lake_Nature_2023_subclass.full_X_umap_4af23f.svg,s3://lifebit-user-data-6941eed90a4dd7a1d1026d7a/deploit/teams/69d8dd1e5d3e1f8c350e006f/users/68af3d99c99eb7bd2ff47bc8/projects/69f80768ca774c668fbaaed8/jobs/6a22c6f27e433821290d8f2b/results/distribution_raw_kidney_Lake_Nature_2023_subclass.full_X_umap_4af23f.svg
distribution_raw_kidney_McEvoy_Nat_Commun_2022_author_cell_type_X_umap_01cfaa.html,s3://lifebit-user-data-6941eed90a4dd7a1d1026d7a/deploit/teams/69d8dd1e5d3e1f8c350e006f/users/68af3d99c99eb7bd2ff47bc8/projects/69f80768ca774c668fbaaed8/jobs/6a22c6f27e433821290d8f2b/results/distribution_raw_kidney_McEvoy_Nat_Commun_2022_author_cell_type_X_umap_01cfaa.html
distribution_raw_kidney_McEvoy_Nat_Commun_2022_author_cell_type_X_umap_01cfaa.svg,s3://lifebit-user-data-6941eed90a4dd7a1d1026d7a/deploit/teams/69d8dd1e5d3e1f8c350e006f/users/68af3d99c99eb7bd2ff47bc8/projects/69f80768ca774c668fbaaed8/jobs/6a22c6f27e433821290d8f2b/results/distribution_raw_kidney_McEvoy_Nat_Commun_2022_author_cell_type_X_umap_01cfaa.svg
distribution_raw_kidney_Muto_Nat_Commun_2021_author_cell_type_X_umap_ec4b39.html,s3://lifebit-user-data-6941eed90a4dd7a1d1026d7a/deploit/teams/69d8dd1e5d3e1f8c350e006f/users/68af3d99c99eb7bd2ff47bc8/projects/69f80768ca774c668fbaaed8/jobs/6a22c6f27e433821290d8f2b/results/distribution_raw_kidney_Muto_Nat_Commun_2021_author_cell_type_X_umap_ec4b39.html
distribution_raw_kidney_Muto_Nat_Commun_2021_author_cell_type_X_umap_ec4b39.svg,s3://lifebit-user-data-6941eed90a4dd7a1d1026d7a/deploit/teams/69d8dd1e5d3e1f8c350e006f/users/68af3d99c99eb7bd2ff47bc8/projects/69f80768ca774c668fbaaed8/jobs/6a22c6f27e433821290d8f2b/results/distribution_raw_kidney_Muto_Nat_Commun_2021_author_cell_type_X_umap_ec4b39.svg
distribution_raw_kidney_Reck_Nat_Commun_2025_celltype_l2_X_umap_ffd4ba.html,s3://lifebit-user-data-6941eed90a4dd7a1d1026d7a/deploit/teams/69d8dd1e5d3e1f8c350e006f/users/68af3d99c99eb7bd2ff47bc8/projects/69f80768ca774c668fbaaed8/jobs/6a22c6f27e433821290d8f2b/results/distribution_raw_kidney_Reck_Nat_Commun_2025_celltype_l2_X_umap_ffd4ba.html
distribution_raw_kidney_Reck_Nat_Commun_2025_celltype_l2_X_umap_ffd4ba.svg,s3://lifebit-user-data-6941eed90a4dd7a1d1026d7a/deploit/teams/69d8dd1e5d3e1f8c350e006f/users/68af3d99c99eb7bd2ff47bc8/projects/69f80768ca774c668fbaaed8/jobs/6a22c6f27e433821290d8f2b/results/distribution_raw_kidney_Reck_Nat_Commun_2025_celltype_l2_X_umap_ffd4ba.svg
distribution_raw_kidney_Stewart_Science_2019_author_cell_type_X_umap_de3575.html,s3://lifebit-user-data-6941eed90a4dd7a1d1026d7a/deploit/teams/69d8dd1e5d3e1f8c350e006f/users/68af3d99c99eb7bd2ff47bc8/projects/69f80768ca774c668fbaaed8/jobs/6a22c6f27e433821290d8f2b/results/distribution_raw_kidney_Stewart_Science_2019_author_cell_type_X_umap_de3575.html
distribution_raw_kidney_Stewart_Science_2019_author_cell_type_X_umap_de3575.svg,s3://lifebit-user-data-6941eed90a4dd7a1d1026d7a/deploit/teams/69d8dd1e5d3e1f8c350e006f/users/68af3d99c99eb7bd2ff47bc8/projects/69f80768ca774c668fbaaed8/jobs/6a22c6f27e433821290d8f2b/results/distribution_raw_kidney_Stewart_Science_2019_author_cell_type_X_umap_de3575.svg
distribution_raw_kidney_Wilson_Nat_Commun_2022_author_cell_type_X_umap_9c7fc3.html,s3://lifebit-user-data-6941eed90a4dd7a1d1026d7a/deploit/teams/69d8dd1e5d3e1f8c350e006f/users/68af3d99c99eb7bd2ff47bc8/projects/69f80768ca774c668fbaaed8/jobs/6a22c6f27e433821290d8f2b/results/distribution_raw_kidney_Wilson_Nat_Commun_2022_author_cell_type_X_umap_9c7fc3.html
distribution_raw_kidney_Wilson_Nat_Commun_2022_author_cell_type_X_umap_9c7fc3.svg,s3://lifebit-user-data-6941eed90a4dd7a1d1026d7a/deploit/teams/69d8dd1e5d3e1f8c350e006f/users/68af3d99c99eb7bd2ff47bc8/projects/69f80768ca774c668fbaaed8/jobs/6a22c6f27e433821290d8f2b/results/distribution_raw_kidney_Wilson_Nat_Commun_2022_author_cell_type_X_umap_9c7fc3.svg
distribution_raw_kidney_Xu_Cell_2023_Curated_annotation_X_umap_71ffd1.html,s3://lifebit-user-data-6941eed90a4dd7a1d1026d7a/deploit/teams/69d8dd1e5d3e1f8c350e006f/users/68af3d99c99eb7bd2ff47bc8/projects/69f80768ca774c668fbaaed8/jobs/6a22c6f27e433821290d8f2b/results/distribution_raw_kidney_Xu_Cell_2023_Curated_annotation_X_umap_71ffd1.html
distribution_raw_kidney_Xu_Cell_2023_Curated_annotation_X_umap_71ffd1.svg,s3://lifebit-user-data-6941eed90a4dd7a1d1026d7a/deploit/teams/69d8dd1e5d3e1f8c350e006f/users/68af3d99c99eb7bd2ff47bc8/projects/69f80768ca774c668fbaaed8/jobs/6a22c6f27e433821290d8f2b/results/distribution_raw_kidney_Xu_Cell_2023_Curated_annotation_X_umap_71ffd1.svg
distribution_raw_kidney_Young_Science_2018_author_cell_type_X_umap_57f337.html,s3://lifebit-user-data-6941eed90a4dd7a1d1026d7a/deploit/teams/69d8dd1e5d3e1f8c350e006f/users/68af3d99c99eb7bd2ff47bc8/projects/69f80768ca774c668fbaaed8/jobs/6a22c6f27e433821290d8f2b/results/distribution_raw_kidney_Young_Science_2018_author_cell_type_X_umap_57f337.html
distribution_raw_kidney_Young_Science_2018_author_cell_type_X_umap_57f337.svg,s3://lifebit-user-data-6941eed90a4dd7a1d1026d7a/deploit/teams/69d8dd1e5d3e1f8c350e006f/users/68af3d99c99eb7bd2ff47bc8/projects/69f80768ca774c668fbaaed8/jobs/6a22c6f27e433821290d8f2b/results/distribution_raw_kidney_Young_Science_2018_author_cell_type_X_umap_57f337.svg
dotplot__scaledkidney_Han_Nature_2020_author_cell_type_X_umap_5c7ea7.svg,s3://lifebit-user-data-6941eed90a4dd7a1d1026d7a/deploit/teams/69d8dd1e5d3e1f8c350e006f/users/68af3d99c99eb7bd2ff47bc8/projects/69f80768ca774c668fbaaed8/jobs/6a22c6f27e433821290d8f2b/results/dotplot__scaledkidney_Han_Nature_2020_author_cell_type_X_umap_5c7ea7.svg
dotplot__scaledkidney_Lake_Nature_2023_subclass.full_X_umap_4af23f.svg,s3://lifebit-user-data-6941eed90a4dd7a1d1026d7a/deploit/teams/69d8dd1e5d3e1f8c350e006f/users/68af3d99c99eb7bd2ff47bc8/projects/69f80768ca774c668fbaaed8/jobs/6a22c6f27e433821290d8f2b/results/dotplot__scaledkidney_Lake_Nature_2023_subclass.full_X_umap_4af23f.svg
dotplot__scaledkidney_McEvoy_Nat_Commun_2022_author_cell_type_X_umap_01cfaa.svg,s3://lifebit-user-data-6941eed90a4dd7a1d1026d7a/deploit/teams/69d8dd1e5d3e1f8c350e006f/users/68af3d99c99eb7bd2ff47bc8/projects/69f80768ca774c668fbaaed8/jobs/6a22c6f27e433821290d8f2b/results/dotplot__scaledkidney_McEvoy_Nat_Commun_2022_author_cell_type_X_umap_01cfaa.svg
dotplot__scaledkidney_Muto_Nat_Commun_2021_author_cell_type_X_umap_ec4b39.svg,s3://lifebit-user-data-6941eed90a4dd7a1d1026d7a/deploit/teams/69d8dd1e5d3e1f8c350e006f/users/68af3d99c99eb7bd2ff47bc8/projects/69f80768ca774c668fbaaed8/jobs/6a22c6f27e433821290d8f2b/results/dotplot__scaledkidney_Muto_Nat_Commun_2021_author_cell_type_X_umap_ec4b39.svg
dotplot__scaledkidney_Reck_Nat_Commun_2025_celltype_l2_X_umap_ffd4ba.svg,s3://lifebit-user-data-6941eed90a4dd7a1d1026d7a/deploit/teams/69d8dd1e5d3e1f8c350e006f/users/68af3d99c99eb7bd2ff47bc8/projects/69f80768ca774c668fbaaed8/jobs/6a22c6f27e433821290d8f2b/results/dotplot__scaledkidney_Reck_Nat_Commun_2025_celltype_l2_X_umap_ffd4ba.svg
dotplot__scaledkidney_Stewart_Science_2019_author_cell_type_X_umap_de3575.svg,s3://lifebit-user-data-6941eed90a4dd7a1d1026d7a/deploit/teams/69d8dd1e5d3e1f8c350e006f/users/68af3d99c99eb7bd2ff47bc8/projects/69f80768ca774c668fbaaed8/jobs/6a22c6f27e433821290d8f2b/results/dotplot__scaledkidney_Stewart_Science_2019_author_cell_type_X_umap_de3575.svg
dotplot__scaledkidney_Wilson_Nat_Commun_2022_author_cell_type_X_umap_9c7fc3.svg,s3://lifebit-user-data-6941eed90a4dd7a1d1026d7a/deploit/teams/69d8dd1e5d3e1f8c350e006f/users/68af3d99c99eb7bd2ff47bc8/projects/69f80768ca774c668fbaaed8/jobs/6a22c6f27e433821290d8f2b/results/dotplot__scaledkidney_Wilson_Nat_Commun_2022_author_cell_type_X_umap_9c7fc3.svg
dotplot__scaledkidney_Xu_Cell_2023_Curated_annotation_X_umap_71ffd1.svg,s3://lifebit-user-data-6941eed90a4dd7a1d1026d7a/deploit/teams/69d8dd1e5d3e1f8c350e006f/users/68af3d99c99eb7bd2ff47bc8/projects/69f80768ca774c668fbaaed8/jobs/6a22c6f27e433821290d8f2b/results/dotplot__scaledkidney_Xu_Cell_2023_Curated_annotation_X_umap_71ffd1.svg
dotplot__scaledkidney_Young_Science_2018_author_cell_type_X_umap_57f337.svg,s3://lifebit-user-data-6941eed90a4dd7a1d1026d7a/deploit/teams/69d8dd1e5d3e1f8c350e006f/users/68af3d99c99eb7bd2ff47bc8/projects/69f80768ca774c668fbaaed8/jobs/6a22c6f27e433821290d8f2b/results/dotplot__scaledkidney_Young_Science_2018_author_cell_type_X_umap_57f337.svg
dotplot_kidney_Han_Nature_2020_author_cell_type_X_umap_5c7ea7.svg,s3://lifebit-user-data-6941eed90a4dd7a1d1026d7a/deploit/teams/69d8dd1e5d3e1f8c350e006f/users/68af3d99c99eb7bd2ff47bc8/projects/69f80768ca774c668fbaaed8/jobs/6a22c6f27e433821290d8f2b/results/dotplot_kidney_Han_Nature_2020_author_cell_type_X_umap_5c7ea7.svg
dotplot_kidney_Lake_Nature_2023_subclass.full_X_umap_4af23f.svg,s3://lifebit-user-data-6941eed90a4dd7a1d1026d7a/deploit/teams/69d8dd1e5d3e1f8c350e006f/users/68af3d99c99eb7bd2ff47bc8/projects/69f80768ca774c668fbaaed8/jobs/6a22c6f27e433821290d8f2b/results/dotplot_kidney_Lake_Nature_2023_subclass.full_X_umap_4af23f.svg
dotplot_kidney_McEvoy_Nat_Commun_2022_author_cell_type_X_umap_01cfaa.svg,s3://lifebit-user-data-6941eed90a4dd7a1d1026d7a/deploit/teams/69d8dd1e5d3e1f8c350e006f/users/68af3d99c99eb7bd2ff47bc8/projects/69f80768ca774c668fbaaed8/jobs/6a22c6f27e433821290d8f2b/results/dotplot_kidney_McEvoy_Nat_Commun_2022_author_cell_type_X_umap_01cfaa.svg
dotplot_kidney_Muto_Nat_Commun_2021_author_cell_type_X_umap_ec4b39.svg,s3://lifebit-user-data-6941eed90a4dd7a1d1026d7a/deploit/teams/69d8dd1e5d3e1f8c350e006f/users/68af3d99c99eb7bd2ff47bc8/projects/69f80768ca774c668fbaaed8/jobs/6a22c6f27e433821290d8f2b/results/dotplot_kidney_Muto_Nat_Commun_2021_author_cell_type_X_umap_ec4b39.svg
dotplot_kidney_Reck_Nat_Commun_2025_celltype_l2_X_umap_ffd4ba.svg,s3://lifebit-user-data-6941eed90a4dd7a1d1026d7a/deploit/teams/69d8dd1e5d3e1f8c350e006f/users/68af3d99c99eb7bd2ff47bc8/projects/69f80768ca774c668fbaaed8/jobs/6a22c6f27e433821290d8f2b/results/dotplot_kidney_Reck_Nat_Commun_2025_celltype_l2_X_umap_ffd4ba.svg
dotplot_kidney_Stewart_Science_2019_author_cell_type_X_umap_de3575.svg,s3://lifebit-user-data-6941eed90a4dd7a1d1026d7a/deploit/teams/69d8dd1e5d3e1f8c350e006f/users/68af3d99c99eb7bd2ff47bc8/projects/69f80768ca774c668fbaaed8/jobs/6a22c6f27e433821290d8f2b/results/dotplot_kidney_Stewart_Science_2019_author_cell_type_X_umap_de3575.svg
dotplot_kidney_Wilson_Nat_Commun_2022_author_cell_type_X_umap_9c7fc3.svg,s3://lifebit-user-data-6941eed90a4dd7a1d1026d7a/deploit/teams/69d8dd1e5d3e1f8c350e006f/users/68af3d99c99eb7bd2ff47bc8/projects/69f80768ca774c668fbaaed8/jobs/6a22c6f27e433821290d8f2b/results/dotplot_kidney_Wilson_Nat_Commun_2022_author_cell_type_X_umap_9c7fc3.svg
dotplot_kidney_Xu_Cell_2023_Curated_annotation_X_umap_71ffd1.svg,s3://lifebit-user-data-6941eed90a4dd7a1d1026d7a/deploit/teams/69d8dd1e5d3e1f8c350e006f/users/68af3d99c99eb7bd2ff47bc8/projects/69f80768ca774c668fbaaed8/jobs/6a22c6f27e433821290d8f2b/results/dotplot_kidney_Xu_Cell_2023_Curated_annotation_X_umap_71ffd1.svg
dotplot_kidney_Young_Science_2018_author_cell_type_X_umap_57f337.svg,s3://lifebit-user-data-6941eed90a4dd7a1d1026d7a/deploit/teams/69d8dd1e5d3e1f8c350e006f/users/68af3d99c99eb7bd2ff47bc8/projects/69f80768ca774c668fbaaed8/jobs/6a22c6f27e433821290d8f2b/results/dotplot_kidney_Young_Science_2018_author_cell_type_X_umap_57f337.svg
gene_selection_ensg_kidney_Han_Nature_2020_author_cell_type_X_umap_5c7ea7.csv,s3://lifebit-user-data-6941eed90a4dd7a1d1026d7a/deploit/teams/69d8dd1e5d3e1f8c350e006f/users/68af3d99c99eb7bd2ff47bc8/projects/69f80768ca774c668fbaaed8/jobs/6a22c6f27e433821290d8f2b/results/gene_selection_ensg_kidney_Han_Nature_2020_author_cell_type_X_umap_5c7ea7.csv
gene_selection_ensg_kidney_Lake_Nature_2023_subclass.full_X_umap_4af23f.csv,s3://lifebit-user-data-6941eed90a4dd7a1d1026d7a/deploit/teams/69d8dd1e5d3e1f8c350e006f/users/68af3d99c99eb7bd2ff47bc8/projects/69f80768ca774c668fbaaed8/jobs/6a22c6f27e433821290d8f2b/results/gene_selection_ensg_kidney_Lake_Nature_2023_subclass.full_X_umap_4af23f.csv
gene_selection_ensg_kidney_McEvoy_Nat_Commun_2022_author_cell_type_X_umap_01cfaa.csv,s3://lifebit-user-data-6941eed90a4dd7a1d1026d7a/deploit/teams/69d8dd1e5d3e1f8c350e006f/users/68af3d99c99eb7bd2ff47bc8/projects/69f80768ca774c668fbaaed8/jobs/6a22c6f27e433821290d8f2b/results/gene_selection_ensg_kidney_McEvoy_Nat_Commun_2022_author_cell_type_X_umap_01cfaa.csv
gene_selection_ensg_kidney_Muto_Nat_Commun_2021_author_cell_type_X_umap_ec4b39.csv,s3://lifebit-user-data-6941eed90a4dd7a1d1026d7a/deploit/teams/69d8dd1e5d3e1f8c350e006f/users/68af3d99c99eb7bd2ff47bc8/projects/69f80768ca774c668fbaaed8/jobs/6a22c6f27e433821290d8f2b/results/gene_selection_ensg_kidney_Muto_Nat_Commun_2021_author_cell_type_X_umap_ec4b39.csv
gene_selection_ensg_kidney_Reck_Nat_Commun_2025_celltype_l2_X_umap_ffd4ba.csv,s3://lifebit-user-data-6941eed90a4dd7a1d1026d7a/deploit/teams/69d8dd1e5d3e1f8c350e006f/users/68af3d99c99eb7bd2ff47bc8/projects/69f80768ca774c668fbaaed8/jobs/6a22c6f27e433821290d8f2b/results/gene_selection_ensg_kidney_Reck_Nat_Commun_2025_celltype_l2_X_umap_ffd4ba.csv
gene_selection_ensg_kidney_Stewart_Science_2019_author_cell_type_X_umap_de3575.csv,s3://lifebit-user-data-6941eed90a4dd7a1d1026d7a/deploit/teams/69d8dd1e5d3e1f8c350e006f/users/68af3d99c99eb7bd2ff47bc8/projects/69f80768ca774c668fbaaed8/jobs/6a22c6f27e433821290d8f2b/results/gene_selection_ensg_kidney_Stewart_Science_2019_author_cell_type_X_umap_de3575.csv
gene_selection_ensg_kidney_Wilson_Nat_Commun_2022_author_cell_type_X_umap_9c7fc3.csv,s3://lifebit-user-data-6941eed90a4dd7a1d1026d7a/deploit/teams/69d8dd1e5d3e1f8c350e006f/users/68af3d99c99eb7bd2ff47bc8/projects/69f80768ca774c668fbaaed8/jobs/6a22c6f27e433821290d8f2b/results/gene_selection_ensg_kidney_Wilson_Nat_Commun_2022_author_cell_type_X_umap_9c7fc3.csv
gene_selection_ensg_kidney_Xu_Cell_2023_Curated_annotation_X_umap_71ffd1.csv,s3://lifebit-user-data-6941eed90a4dd7a1d1026d7a/deploit/teams/69d8dd1e5d3e1f8c350e006f/users/68af3d99c99eb7bd2ff47bc8/projects/69f80768ca774c668fbaaed8/jobs/6a22c6f27e433821290d8f2b/results/gene_selection_ensg_kidney_Xu_Cell_2023_Curated_annotation_X_umap_71ffd1.csv
gene_selection_ensg_kidney_Young_Science_2018_author_cell_type_X_umap_57f337.csv,s3://lifebit-user-data-6941eed90a4dd7a1d1026d7a/deploit/teams/69d8dd1e5d3e1f8c350e006f/users/68af3d99c99eb7bd2ff47bc8/projects/69f80768ca774c668fbaaed8/jobs/6a22c6f27e433821290d8f2b/results/gene_selection_ensg_kidney_Young_Science_2018_author_cell_type_X_umap_57f337.csv
gene_selection_symbols_kidney_Han_Nature_2020_author_cell_type_X_umap_5c7ea7.csv,s3://lifebit-user-data-6941eed90a4dd7a1d1026d7a/deploit/teams/69d8dd1e5d3e1f8c350e006f/users/68af3d99c99eb7bd2ff47bc8/projects/69f80768ca774c668fbaaed8/jobs/6a22c6f27e433821290d8f2b/results/gene_selection_symbols_kidney_Han_Nature_2020_author_cell_type_X_umap_5c7ea7.csv
gene_selection_symbols_kidney_Lake_Nature_2023_subclass.full_X_umap_4af23f.csv,s3://lifebit-user-data-6941eed90a4dd7a1d1026d7a/deploit/teams/69d8dd1e5d3e1f8c350e006f/users/68af3d99c99eb7bd2ff47bc8/projects/69f80768ca774c668fbaaed8/jobs/6a22c6f27e433821290d8f2b/results/gene_selection_symbols_kidney_Lake_Nature_2023_subclass.full_X_umap_4af23f.csv
gene_selection_symbols_kidney_McEvoy_Nat_Commun_2022_author_cell_type_X_umap_01cfaa.csv,s3://lifebit-user-data-6941eed90a4dd7a1d1026d7a/deploit/teams/69d8dd1e5d3e1f8c350e006f/users/68af3d99c99eb7bd2ff47bc8/projects/69f80768ca774c668fbaaed8/jobs/6a22c6f27e433821290d8f2b/results/gene_selection_symbols_kidney_McEvoy_Nat_Commun_2022_author_cell_type_X_umap_01cfaa.csv
gene_selection_symbols_kidney_Muto_Nat_Commun_2021_author_cell_type_X_umap_ec4b39.csv,s3://lifebit-user-data-6941eed90a4dd7a1d1026d7a/deploit/teams/69d8dd1e5d3e1f8c350e006f/users/68af3d99c99eb7bd2ff47bc8/projects/69f80768ca774c668fbaaed8/jobs/6a22c6f27e433821290d8f2b/results/gene_selection_symbols_kidney_Muto_Nat_Commun_2021_author_cell_type_X_umap_ec4b39.csv
gene_selection_symbols_kidney_Reck_Nat_Commun_2025_celltype_l2_X_umap_ffd4ba.csv,s3://lifebit-user-data-6941eed90a4dd7a1d1026d7a/deploit/teams/69d8dd1e5d3e1f8c350e006f/users/68af3d99c99eb7bd2ff47bc8/projects/69f80768ca774c668fbaaed8/jobs/6a22c6f27e433821290d8f2b/results/gene_selection_symbols_kidney_Reck_Nat_Commun_2025_celltype_l2_X_umap_ffd4ba.csv
gene_selection_symbols_kidney_Stewart_Science_2019_author_cell_type_X_umap_de3575.csv,s3://lifebit-user-data-6941eed90a4dd7a1d1026d7a/deploit/teams/69d8dd1e5d3e1f8c350e006f/users/68af3d99c99eb7bd2ff47bc8/projects/69f80768ca774c668fbaaed8/jobs/6a22c6f27e433821290d8f2b/results/gene_selection_symbols_kidney_Stewart_Science_2019_author_cell_type_X_umap_de3575.csv
gene_selection_symbols_kidney_Wilson_Nat_Commun_2022_author_cell_type_X_umap_9c7fc3.csv,s3://lifebit-user-data-6941eed90a4dd7a1d1026d7a/deploit/teams/69d8dd1e5d3e1f8c350e006f/users/68af3d99c99eb7bd2ff47bc8/projects/69f80768ca774c668fbaaed8/jobs/6a22c6f27e433821290d8f2b/results/gene_selection_symbols_kidney_Wilson_Nat_Commun_2022_author_cell_type_X_umap_9c7fc3.csv
gene_selection_symbols_kidney_Xu_Cell_2023_Curated_annotation_X_umap_71ffd1.csv,s3://lifebit-user-data-6941eed90a4dd7a1d1026d7a/deploit/teams/69d8dd1e5d3e1f8c350e006f/users/68af3d99c99eb7bd2ff47bc8/projects/69f80768ca774c668fbaaed8/jobs/6a22c6f27e433821290d8f2b/results/gene_selection_symbols_kidney_Xu_Cell_2023_Curated_annotation_X_umap_71ffd1.csv
gene_selection_symbols_kidney_Young_Science_2018_author_cell_type_X_umap_57f337.csv,s3://lifebit-user-data-6941eed90a4dd7a1d1026d7a/deploit/teams/69d8dd1e5d3e1f8c350e006f/users/68af3d99c99eb7bd2ff47bc8/projects/69f80768ca774c668fbaaed8/jobs/6a22c6f27e433821290d8f2b/results/gene_selection_symbols_kidney_Young_Science_2018_author_cell_type_X_umap_57f337.csv
hist_nonzero_binary_scores_kidney_Han_Nature_2020_author_cell_type_X_umap_5c7ea7.svg,s3://lifebit-user-data-6941eed90a4dd7a1d1026d7a/deploit/teams/69d8dd1e5d3e1f8c350e006f/users/68af3d99c99eb7bd2ff47bc8/projects/69f80768ca774c668fbaaed8/jobs/6a22c6f27e433821290d8f2b/results/hist_nonzero_binary_scores_kidney_Han_Nature_2020_author_cell_type_X_umap_5c7ea7.svg
hist_nonzero_binary_scores_kidney_Lake_Nature_2023_subclass.full_X_umap_4af23f.svg,s3://lifebit-user-data-6941eed90a4dd7a1d1026d7a/deploit/teams/69d8dd1e5d3e1f8c350e006f/users/68af3d99c99eb7bd2ff47bc8/projects/69f80768ca774c668fbaaed8/jobs/6a22c6f27e433821290d8f2b/results/hist_nonzero_binary_scores_kidney_Lake_Nature_2023_subclass.full_X_umap_4af23f.svg
hist_nonzero_binary_scores_kidney_McEvoy_Nat_Commun_2022_author_cell_type_X_umap_01cfaa.svg,s3://lifebit-user-data-6941eed90a4dd7a1d1026d7a/deploit/teams/69d8dd1e5d3e1f8c350e006f/users/68af3d99c99eb7bd2ff47bc8/projects/69f80768ca774c668fbaaed8/jobs/6a22c6f27e433821290d8f2b/results/hist_nonzero_binary_scores_kidney_McEvoy_Nat_Commun_2022_author_cell_type_X_umap_01cfaa.svg
hist_nonzero_binary_scores_kidney_Muto_Nat_Commun_2021_author_cell_type_X_umap_ec4b39.svg,s3://lifebit-user-data-6941eed90a4dd7a1d1026d7a/deploit/teams/69d8dd1e5d3e1f8c350e006f/users/68af3d99c99eb7bd2ff47bc8/projects/69f80768ca774c668fbaaed8/jobs/6a22c6f27e433821290d8f2b/results/hist_nonzero_binary_scores_kidney_Muto_Nat_Commun_2021_author_cell_type_X_umap_ec4b39.svg
hist_nonzero_binary_scores_kidney_Reck_Nat_Commun_2025_celltype_l2_X_umap_ffd4ba.svg,s3://lifebit-user-data-6941eed90a4dd7a1d1026d7a/deploit/teams/69d8dd1e5d3e1f8c350e006f/users/68af3d99c99eb7bd2ff47bc8/projects/69f80768ca774c668fbaaed8/jobs/6a22c6f27e433821290d8f2b/results/hist_nonzero_binary_scores_kidney_Reck_Nat_Commun_2025_celltype_l2_X_umap_ffd4ba.svg
hist_nonzero_binary_scores_kidney_Stewart_Science_2019_author_cell_type_X_umap_de3575.svg,s3://lifebit-user-data-6941eed90a4dd7a1d1026d7a/deploit/teams/69d8dd1e5d3e1f8c350e006f/users/68af3d99c99eb7bd2ff47bc8/projects/69f80768ca774c668fbaaed8/jobs/6a22c6f27e433821290d8f2b/results/hist_nonzero_binary_scores_kidney_Stewart_Science_2019_author_cell_type_X_umap_de3575.svg
hist_nonzero_binary_scores_kidney_Wilson_Nat_Commun_2022_author_cell_type_X_umap_9c7fc3.svg,s3://lifebit-user-data-6941eed90a4dd7a1d1026d7a/deploit/teams/69d8dd1e5d3e1f8c350e006f/users/68af3d99c99eb7bd2ff47bc8/projects/69f80768ca774c668fbaaed8/jobs/6a22c6f27e433821290d8f2b/results/hist_nonzero_binary_scores_kidney_Wilson_Nat_Commun_2022_author_cell_type_X_umap_9c7fc3.svg
hist_nonzero_binary_scores_kidney_Xu_Cell_2023_Curated_annotation_X_umap_71ffd1.svg,s3://lifebit-user-data-6941eed90a4dd7a1d1026d7a/deploit/teams/69d8dd1e5d3e1f8c350e006f/users/68af3d99c99eb7bd2ff47bc8/projects/69f80768ca774c668fbaaed8/jobs/6a22c6f27e433821290d8f2b/results/hist_nonzero_binary_scores_kidney_Xu_Cell_2023_Curated_annotation_X_umap_71ffd1.svg
hist_nonzero_binary_scores_kidney_Young_Science_2018_author_cell_type_X_umap_57f337.svg,s3://lifebit-user-data-6941eed90a4dd7a1d1026d7a/deploit/teams/69d8dd1e5d3e1f8c350e006f/users/68af3d99c99eb7bd2ff47bc8/projects/69f80768ca774c668fbaaed8/jobs/6a22c6f27e433821290d8f2b/results/hist_nonzero_binary_scores_kidney_Young_Science_2018_author_cell_type_X_umap_57f337.svg
hist_nonzero_medians_kidney_Han_Nature_2020_author_cell_type_X_umap_5c7ea7.svg,s3://lifebit-user-data-6941eed90a4dd7a1d1026d7a/deploit/teams/69d8dd1e5d3e1f8c350e006f/users/68af3d99c99eb7bd2ff47bc8/projects/69f80768ca774c668fbaaed8/jobs/6a22c6f27e433821290d8f2b/results/hist_nonzero_medians_kidney_Han_Nature_2020_author_cell_type_X_umap_5c7ea7.svg
hist_nonzero_medians_kidney_Lake_Nature_2023_subclass.full_X_umap_4af23f.svg,s3://lifebit-user-data-6941eed90a4dd7a1d1026d7a/deploit/teams/69d8dd1e5d3e1f8c350e006f/users/68af3d99c99eb7bd2ff47bc8/projects/69f80768ca774c668fbaaed8/jobs/6a22c6f27e433821290d8f2b/results/hist_nonzero_medians_kidney_Lake_Nature_2023_subclass.full_X_umap_4af23f.svg
hist_nonzero_medians_kidney_McEvoy_Nat_Commun_2022_author_cell_type_X_umap_01cfaa.svg,s3://lifebit-user-data-6941eed90a4dd7a1d1026d7a/deploit/teams/69d8dd1e5d3e1f8c350e006f/users/68af3d99c99eb7bd2ff47bc8/projects/69f80768ca774c668fbaaed8/jobs/6a22c6f27e433821290d8f2b/results/hist_nonzero_medians_kidney_McEvoy_Nat_Commun_2022_author_cell_type_X_umap_01cfaa.svg
hist_nonzero_medians_kidney_Muto_Nat_Commun_2021_author_cell_type_X_umap_ec4b39.svg,s3://lifebit-user-data-6941eed90a4dd7a1d1026d7a/deploit/teams/69d8dd1e5d3e1f8c350e006f/users/68af3d99c99eb7bd2ff47bc8/projects/69f80768ca774c668fbaaed8/jobs/6a22c6f27e433821290d8f2b/results/hist_nonzero_medians_kidney_Muto_Nat_Commun_2021_author_cell_type_X_umap_ec4b39.svg
hist_nonzero_medians_kidney_Reck_Nat_Commun_2025_celltype_l2_X_umap_ffd4ba.svg,s3://lifebit-user-data-6941eed90a4dd7a1d1026d7a/deploit/teams/69d8dd1e5d3e1f8c350e006f/users/68af3d99c99eb7bd2ff47bc8/projects/69f80768ca774c668fbaaed8/jobs/6a22c6f27e433821290d8f2b/results/hist_nonzero_medians_kidney_Reck_Nat_Commun_2025_celltype_l2_X_umap_ffd4ba.svg
hist_nonzero_medians_kidney_Stewart_Science_2019_author_cell_type_X_umap_de3575.svg,s3://lifebit-user-data-6941eed90a4dd7a1d1026d7a/deploit/teams/69d8dd1e5d3e1f8c350e006f/users/68af3d99c99eb7bd2ff47bc8/projects/69f80768ca774c668fbaaed8/jobs/6a22c6f27e433821290d8f2b/results/hist_nonzero_medians_kidney_Stewart_Science_2019_author_cell_type_X_umap_de3575.svg
hist_nonzero_medians_kidney_Wilson_Nat_Commun_2022_author_cell_type_X_umap_9c7fc3.svg,s3://lifebit-user-data-6941eed90a4dd7a1d1026d7a/deploit/teams/69d8dd1e5d3e1f8c350e006f/users/68af3d99c99eb7bd2ff47bc8/projects/69f80768ca774c668fbaaed8/jobs/6a22c6f27e433821290d8f2b/results/hist_nonzero_medians_kidney_Wilson_Nat_Commun_2022_author_cell_type_X_umap_9c7fc3.svg
hist_nonzero_medians_kidney_Xu_Cell_2023_Curated_annotation_X_umap_71ffd1.svg,s3://lifebit-user-data-6941eed90a4dd7a1d1026d7a/deploit/teams/69d8dd1e5d3e1f8c350e006f/users/68af3d99c99eb7bd2ff47bc8/projects/69f80768ca774c668fbaaed8/jobs/6a22c6f27e433821290d8f2b/results/hist_nonzero_medians_kidney_Xu_Cell_2023_Curated_annotation_X_umap_71ffd1.svg
hist_nonzero_medians_kidney_Young_Science_2018_author_cell_type_X_umap_57f337.svg,s3://lifebit-user-data-6941eed90a4dd7a1d1026d7a/deploit/teams/69d8dd1e5d3e1f8c350e006f/users/68af3d99c99eb7bd2ff47bc8/projects/69f80768ca774c668fbaaed8/jobs/6a22c6f27e433821290d8f2b/results/hist_nonzero_medians_kidney_Young_Science_2018_author_cell_type_X_umap_57f337.svg
markers_ensg_kidney_Han_Nature_2020_author_cell_type_X_umap_5c7ea7.csv,s3://lifebit-user-data-6941eed90a4dd7a1d1026d7a/deploit/teams/69d8dd1e5d3e1f8c350e006f/users/68af3d99c99eb7bd2ff47bc8/projects/69f80768ca774c668fbaaed8/jobs/6a22c6f27e433821290d8f2b/results/markers_ensg_kidney_Han_Nature_2020_author_cell_type_X_umap_5c7ea7.csv
markers_ensg_kidney_Lake_Nature_2023_subclass.full_X_umap_4af23f.csv,s3://lifebit-user-data-6941eed90a4dd7a1d1026d7a/deploit/teams/69d8dd1e5d3e1f8c350e006f/users/68af3d99c99eb7bd2ff47bc8/projects/69f80768ca774c668fbaaed8/jobs/6a22c6f27e433821290d8f2b/results/markers_ensg_kidney_Lake_Nature_2023_subclass.full_X_umap_4af23f.csv
markers_ensg_kidney_McEvoy_Nat_Commun_2022_author_cell_type_X_umap_01cfaa.csv,s3://lifebit-user-data-6941eed90a4dd7a1d1026d7a/deploit/teams/69d8dd1e5d3e1f8c350e006f/users/68af3d99c99eb7bd2ff47bc8/projects/69f80768ca774c668fbaaed8/jobs/6a22c6f27e433821290d8f2b/results/markers_ensg_kidney_McEvoy_Nat_Commun_2022_author_cell_type_X_umap_01cfaa.csv
markers_ensg_kidney_Muto_Nat_Commun_2021_author_cell_type_X_umap_ec4b39.csv,s3://lifebit-user-data-6941eed90a4dd7a1d1026d7a/deploit/teams/69d8dd1e5d3e1f8c350e006f/users/68af3d99c99eb7bd2ff47bc8/projects/69f80768ca774c668fbaaed8/jobs/6a22c6f27e433821290d8f2b/results/markers_ensg_kidney_Muto_Nat_Commun_2021_author_cell_type_X_umap_ec4b39.csv
markers_ensg_kidney_Reck_Nat_Commun_2025_celltype_l2_X_umap_ffd4ba.csv,s3://lifebit-user-data-6941eed90a4dd7a1d1026d7a/deploit/teams/69d8dd1e5d3e1f8c350e006f/users/68af3d99c99eb7bd2ff47bc8/projects/69f80768ca774c668fbaaed8/jobs/6a22c6f27e433821290d8f2b/results/markers_ensg_kidney_Reck_Nat_Commun_2025_celltype_l2_X_umap_ffd4ba.csv
markers_ensg_kidney_Stewart_Science_2019_author_cell_type_X_umap_de3575.csv,s3://lifebit-user-data-6941eed90a4dd7a1d1026d7a/deploit/teams/69d8dd1e5d3e1f8c350e006f/users/68af3d99c99eb7bd2ff47bc8/projects/69f80768ca774c668fbaaed8/jobs/6a22c6f27e433821290d8f2b/results/markers_ensg_kidney_Stewart_Science_2019_author_cell_type_X_umap_de3575.csv
markers_ensg_kidney_Wilson_Nat_Commun_2022_author_cell_type_X_umap_9c7fc3.csv,s3://lifebit-user-data-6941eed90a4dd7a1d1026d7a/deploit/teams/69d8dd1e5d3e1f8c350e006f/users/68af3d99c99eb7bd2ff47bc8/projects/69f80768ca774c668fbaaed8/jobs/6a22c6f27e433821290d8f2b/results/markers_ensg_kidney_Wilson_Nat_Commun_2022_author_cell_type_X_umap_9c7fc3.csv
markers_ensg_kidney_Xu_Cell_2023_Curated_annotation_X_umap_71ffd1.csv,s3://lifebit-user-data-6941eed90a4dd7a1d1026d7a/deploit/teams/69d8dd1e5d3e1f8c350e006f/users/68af3d99c99eb7bd2ff47bc8/projects/69f80768ca774c668fbaaed8/jobs/6a22c6f27e433821290d8f2b/results/markers_ensg_kidney_Xu_Cell_2023_Curated_annotation_X_umap_71ffd1.csv
markers_ensg_kidney_Young_Science_2018_author_cell_type_X_umap_57f337.csv,s3://lifebit-user-data-6941eed90a4dd7a1d1026d7a/deploit/teams/69d8dd1e5d3e1f8c350e006f/users/68af3d99c99eb7bd2ff47bc8/projects/69f80768ca774c668fbaaed8/jobs/6a22c6f27e433821290d8f2b/results/markers_ensg_kidney_Young_Science_2018_author_cell_type_X_umap_57f337.csv
markers_onTarget_ensg_kidney_Han_Nature_2020_author_cell_type_X_umap_5c7ea7.csv,s3://lifebit-user-data-6941eed90a4dd7a1d1026d7a/deploit/teams/69d8dd1e5d3e1f8c350e006f/users/68af3d99c99eb7bd2ff47bc8/projects/69f80768ca774c668fbaaed8/jobs/6a22c6f27e433821290d8f2b/results/markers_onTarget_ensg_kidney_Han_Nature_2020_author_cell_type_X_umap_5c7ea7.csv
markers_onTarget_ensg_kidney_Lake_Nature_2023_subclass.full_X_umap_4af23f.csv,s3://lifebit-user-data-6941eed90a4dd7a1d1026d7a/deploit/teams/69d8dd1e5d3e1f8c350e006f/users/68af3d99c99eb7bd2ff47bc8/projects/69f80768ca774c668fbaaed8/jobs/6a22c6f27e433821290d8f2b/results/markers_onTarget_ensg_kidney_Lake_Nature_2023_subclass.full_X_umap_4af23f.csv
markers_onTarget_ensg_kidney_McEvoy_Nat_Commun_2022_author_cell_type_X_umap_01cfaa.csv,s3://lifebit-user-data-6941eed90a4dd7a1d1026d7a/deploit/teams/69d8dd1e5d3e1f8c350e006f/users/68af3d99c99eb7bd2ff47bc8/projects/69f80768ca774c668fbaaed8/jobs/6a22c6f27e433821290d8f2b/results/markers_onTarget_ensg_kidney_McEvoy_Nat_Commun_2022_author_cell_type_X_umap_01cfaa.csv
markers_onTarget_ensg_kidney_Muto_Nat_Commun_2021_author_cell_type_X_umap_ec4b39.csv,s3://lifebit-user-data-6941eed90a4dd7a1d1026d7a/deploit/teams/69d8dd1e5d3e1f8c350e006f/users/68af3d99c99eb7bd2ff47bc8/projects/69f80768ca774c668fbaaed8/jobs/6a22c6f27e433821290d8f2b/results/markers_onTarget_ensg_kidney_Muto_Nat_Commun_2021_author_cell_type_X_umap_ec4b39.csv
markers_onTarget_ensg_kidney_Reck_Nat_Commun_2025_celltype_l2_X_umap_ffd4ba.csv,s3://lifebit-user-data-6941eed90a4dd7a1d1026d7a/deploit/teams/69d8dd1e5d3e1f8c350e006f/users/68af3d99c99eb7bd2ff47bc8/projects/69f80768ca774c668fbaaed8/jobs/6a22c6f27e433821290d8f2b/results/markers_onTarget_ensg_kidney_Reck_Nat_Commun_2025_celltype_l2_X_umap_ffd4ba.csv
markers_onTarget_ensg_kidney_Stewart_Science_2019_author_cell_type_X_umap_de3575.csv,s3://lifebit-user-data-6941eed90a4dd7a1d1026d7a/deploit/teams/69d8dd1e5d3e1f8c350e006f/users/68af3d99c99eb7bd2ff47bc8/projects/69f80768ca774c668fbaaed8/jobs/6a22c6f27e433821290d8f2b/results/markers_onTarget_ensg_kidney_Stewart_Science_2019_author_cell_type_X_umap_de3575.csv
markers_onTarget_ensg_kidney_Wilson_Nat_Commun_2022_author_cell_type_X_umap_9c7fc3.csv,s3://lifebit-user-data-6941eed90a4dd7a1d1026d7a/deploit/teams/69d8dd1e5d3e1f8c350e006f/users/68af3d99c99eb7bd2ff47bc8/projects/69f80768ca774c668fbaaed8/jobs/6a22c6f27e433821290d8f2b/results/markers_onTarget_ensg_kidney_Wilson_Nat_Commun_2022_author_cell_type_X_umap_9c7fc3.csv
markers_onTarget_ensg_kidney_Xu_Cell_2023_Curated_annotation_X_umap_71ffd1.csv,s3://lifebit-user-data-6941eed90a4dd7a1d1026d7a/deploit/teams/69d8dd1e5d3e1f8c350e006f/users/68af3d99c99eb7bd2ff47bc8/projects/69f80768ca774c668fbaaed8/jobs/6a22c6f27e433821290d8f2b/results/markers_onTarget_ensg_kidney_Xu_Cell_2023_Curated_annotation_X_umap_71ffd1.csv
markers_onTarget_ensg_kidney_Young_Science_2018_author_cell_type_X_umap_57f337.csv,s3://lifebit-user-data-6941eed90a4dd7a1d1026d7a/deploit/teams/69d8dd1e5d3e1f8c350e006f/users/68af3d99c99eb7bd2ff47bc8/projects/69f80768ca774c668fbaaed8/jobs/6a22c6f27e433821290d8f2b/results/markers_onTarget_ensg_kidney_Young_Science_2018_author_cell_type_X_umap_57f337.csv
markers_onTarget_supp_ensg_kidney_Han_Nature_2020_author_cell_type_X_umap_5c7ea7.csv,s3://lifebit-user-data-6941eed90a4dd7a1d1026d7a/deploit/teams/69d8dd1e5d3e1f8c350e006f/users/68af3d99c99eb7bd2ff47bc8/projects/69f80768ca774c668fbaaed8/jobs/6a22c6f27e433821290d8f2b/results/markers_onTarget_supp_ensg_kidney_Han_Nature_2020_author_cell_type_X_umap_5c7ea7.csv
markers_onTarget_supp_ensg_kidney_Lake_Nature_2023_subclass.full_X_umap_4af23f.csv,s3://lifebit-user-data-6941eed90a4dd7a1d1026d7a/deploit/teams/69d8dd1e5d3e1f8c350e006f/users/68af3d99c99eb7bd2ff47bc8/projects/69f80768ca774c668fbaaed8/jobs/6a22c6f27e433821290d8f2b/results/markers_onTarget_supp_ensg_kidney_Lake_Nature_2023_subclass.full_X_umap_4af23f.csv
markers_onTarget_supp_ensg_kidney_McEvoy_Nat_Commun_2022_author_cell_type_X_umap_01cfaa.csv,s3://lifebit-user-data-6941eed90a4dd7a1d1026d7a/deploit/teams/69d8dd1e5d3e1f8c350e006f/users/68af3d99c99eb7bd2ff47bc8/projects/69f80768ca774c668fbaaed8/jobs/6a22c6f27e433821290d8f2b/results/markers_onTarget_supp_ensg_kidney_McEvoy_Nat_Commun_2022_author_cell_type_X_umap_01cfaa.csv
markers_onTarget_supp_ensg_kidney_Muto_Nat_Commun_2021_author_cell_type_X_umap_ec4b39.csv,s3://lifebit-user-data-6941eed90a4dd7a1d1026d7a/deploit/teams/69d8dd1e5d3e1f8c350e006f/users/68af3d99c99eb7bd2ff47bc8/projects/69f80768ca774c668fbaaed8/jobs/6a22c6f27e433821290d8f2b/results/markers_onTarget_supp_ensg_kidney_Muto_Nat_Commun_2021_author_cell_type_X_umap_ec4b39.csv
markers_onTarget_supp_ensg_kidney_Reck_Nat_Commun_2025_celltype_l2_X_umap_ffd4ba.csv,s3://lifebit-user-data-6941eed90a4dd7a1d1026d7a/deploit/teams/69d8dd1e5d3e1f8c350e006f/users/68af3d99c99eb7bd2ff47bc8/projects/69f80768ca774c668fbaaed8/jobs/6a22c6f27e433821290d8f2b/results/markers_onTarget_supp_ensg_kidney_Reck_Nat_Commun_2025_celltype_l2_X_umap_ffd4ba.csv
markers_onTarget_supp_ensg_kidney_Stewart_Science_2019_author_cell_type_X_umap_de3575.csv,s3://lifebit-user-data-6941eed90a4dd7a1d1026d7a/deploit/teams/69d8dd1e5d3e1f8c350e006f/users/68af3d99c99eb7bd2ff47bc8/projects/69f80768ca774c668fbaaed8/jobs/6a22c6f27e433821290d8f2b/results/markers_onTarget_supp_ensg_kidney_Stewart_Science_2019_author_cell_type_X_umap_de3575.csv
markers_onTarget_supp_ensg_kidney_Wilson_Nat_Commun_2022_author_cell_type_X_umap_9c7fc3.csv,s3://lifebit-user-data-6941eed90a4dd7a1d1026d7a/deploit/teams/69d8dd1e5d3e1f8c350e006f/users/68af3d99c99eb7bd2ff47bc8/projects/69f80768ca774c668fbaaed8/jobs/6a22c6f27e433821290d8f2b/results/markers_onTarget_supp_ensg_kidney_Wilson_Nat_Commun_2022_author_cell_type_X_umap_9c7fc3.csv
markers_onTarget_supp_ensg_kidney_Xu_Cell_2023_Curated_annotation_X_umap_71ffd1.csv,s3://lifebit-user-data-6941eed90a4dd7a1d1026d7a/deploit/teams/69d8dd1e5d3e1f8c350e006f/users/68af3d99c99eb7bd2ff47bc8/projects/69f80768ca774c668fbaaed8/jobs/6a22c6f27e433821290d8f2b/results/markers_onTarget_supp_ensg_kidney_Xu_Cell_2023_Curated_annotation_X_umap_71ffd1.csv
markers_onTarget_supp_ensg_kidney_Young_Science_2018_author_cell_type_X_umap_57f337.csv,s3://lifebit-user-data-6941eed90a4dd7a1d1026d7a/deploit/teams/69d8dd1e5d3e1f8c350e006f/users/68af3d99c99eb7bd2ff47bc8/projects/69f80768ca774c668fbaaed8/jobs/6a22c6f27e433821290d8f2b/results/markers_onTarget_supp_ensg_kidney_Young_Science_2018_author_cell_type_X_umap_57f337.csv
markers_onTarget_supp_symbols_kidney_Han_Nature_2020_author_cell_type_X_umap_5c7ea7.csv,s3://lifebit-user-data-6941eed90a4dd7a1d1026d7a/deploit/teams/69d8dd1e5d3e1f8c350e006f/users/68af3d99c99eb7bd2ff47bc8/projects/69f80768ca774c668fbaaed8/jobs/6a22c6f27e433821290d8f2b/results/markers_onTarget_supp_symbols_kidney_Han_Nature_2020_author_cell_type_X_umap_5c7ea7.csv
markers_onTarget_supp_symbols_kidney_Lake_Nature_2023_subclass.full_X_umap_4af23f.csv,s3://lifebit-user-data-6941eed90a4dd7a1d1026d7a/deploit/teams/69d8dd1e5d3e1f8c350e006f/users/68af3d99c99eb7bd2ff47bc8/projects/69f80768ca774c668fbaaed8/jobs/6a22c6f27e433821290d8f2b/results/markers_onTarget_supp_symbols_kidney_Lake_Nature_2023_subclass.full_X_umap_4af23f.csv
markers_onTarget_supp_symbols_kidney_McEvoy_Nat_Commun_2022_author_cell_type_X_umap_01cfaa.csv,s3://lifebit-user-data-6941eed90a4dd7a1d1026d7a/deploit/teams/69d8dd1e5d3e1f8c350e006f/users/68af3d99c99eb7bd2ff47bc8/projects/69f80768ca774c668fbaaed8/jobs/6a22c6f27e433821290d8f2b/results/markers_onTarget_supp_symbols_kidney_McEvoy_Nat_Commun_2022_author_cell_type_X_umap_01cfaa.csv
markers_onTarget_supp_symbols_kidney_Muto_Nat_Commun_2021_author_cell_type_X_umap_ec4b39.csv,s3://lifebit-user-data-6941eed90a4dd7a1d1026d7a/deploit/teams/69d8dd1e5d3e1f8c350e006f/users/68af3d99c99eb7bd2ff47bc8/projects/69f80768ca774c668fbaaed8/jobs/6a22c6f27e433821290d8f2b/results/markers_onTarget_supp_symbols_kidney_Muto_Nat_Commun_2021_author_cell_type_X_umap_ec4b39.csv
markers_onTarget_supp_symbols_kidney_Reck_Nat_Commun_2025_celltype_l2_X_umap_ffd4ba.csv,s3://lifebit-user-data-6941eed90a4dd7a1d1026d7a/deploit/teams/69d8dd1e5d3e1f8c350e006f/users/68af3d99c99eb7bd2ff47bc8/projects/69f80768ca774c668fbaaed8/jobs/6a22c6f27e433821290d8f2b/results/markers_onTarget_supp_symbols_kidney_Reck_Nat_Commun_2025_celltype_l2_X_umap_ffd4ba.csv
markers_onTarget_supp_symbols_kidney_Stewart_Science_2019_author_cell_type_X_umap_de3575.csv,s3://lifebit-user-data-6941eed90a4dd7a1d1026d7a/deploit/teams/69d8dd1e5d3e1f8c350e006f/users/68af3d99c99eb7bd2ff47bc8/projects/69f80768ca774c668fbaaed8/jobs/6a22c6f27e433821290d8f2b/results/markers_onTarget_supp_symbols_kidney_Stewart_Science_2019_author_cell_type_X_umap_de3575.csv
markers_onTarget_supp_symbols_kidney_Wilson_Nat_Commun_2022_author_cell_type_X_umap_9c7fc3.csv,s3://lifebit-user-data-6941eed90a4dd7a1d1026d7a/deploit/teams/69d8dd1e5d3e1f8c350e006f/users/68af3d99c99eb7bd2ff47bc8/projects/69f80768ca774c668fbaaed8/jobs/6a22c6f27e433821290d8f2b/results/markers_onTarget_supp_symbols_kidney_Wilson_Nat_Commun_2022_author_cell_type_X_umap_9c7fc3.csv
markers_onTarget_supp_symbols_kidney_Xu_Cell_2023_Curated_annotation_X_umap_71ffd1.csv,s3://lifebit-user-data-6941eed90a4dd7a1d1026d7a/deploit/teams/69d8dd1e5d3e1f8c350e006f/users/68af3d99c99eb7bd2ff47bc8/projects/69f80768ca774c668fbaaed8/jobs/6a22c6f27e433821290d8f2b/results/markers_onTarget_supp_symbols_kidney_Xu_Cell_2023_Curated_annotation_X_umap_71ffd1.csv
markers_onTarget_supp_symbols_kidney_Young_Science_2018_author_cell_type_X_umap_57f337.csv,s3://lifebit-user-data-6941eed90a4dd7a1d1026d7a/deploit/teams/69d8dd1e5d3e1f8c350e006f/users/68af3d99c99eb7bd2ff47bc8/projects/69f80768ca774c668fbaaed8/jobs/6a22c6f27e433821290d8f2b/results/markers_onTarget_supp_symbols_kidney_Young_Science_2018_author_cell_type_X_umap_57f337.csv
markers_onTarget_symbols_kidney_Han_Nature_2020_author_cell_type_X_umap_5c7ea7.csv,s3://lifebit-user-data-6941eed90a4dd7a1d1026d7a/deploit/teams/69d8dd1e5d3e1f8c350e006f/users/68af3d99c99eb7bd2ff47bc8/projects/69f80768ca774c668fbaaed8/jobs/6a22c6f27e433821290d8f2b/results/markers_onTarget_symbols_kidney_Han_Nature_2020_author_cell_type_X_umap_5c7ea7.csv
markers_onTarget_symbols_kidney_Lake_Nature_2023_subclass.full_X_umap_4af23f.csv,s3://lifebit-user-data-6941eed90a4dd7a1d1026d7a/deploit/teams/69d8dd1e5d3e1f8c350e006f/users/68af3d99c99eb7bd2ff47bc8/projects/69f80768ca774c668fbaaed8/jobs/6a22c6f27e433821290d8f2b/results/markers_onTarget_symbols_kidney_Lake_Nature_2023_subclass.full_X_umap_4af23f.csv
markers_onTarget_symbols_kidney_McEvoy_Nat_Commun_2022_author_cell_type_X_umap_01cfaa.csv,s3://lifebit-user-data-6941eed90a4dd7a1d1026d7a/deploit/teams/69d8dd1e5d3e1f8c350e006f/users/68af3d99c99eb7bd2ff47bc8/projects/69f80768ca774c668fbaaed8/jobs/6a22c6f27e433821290d8f2b/results/markers_onTarget_symbols_kidney_McEvoy_Nat_Commun_2022_author_cell_type_X_umap_01cfaa.csv
markers_onTarget_symbols_kidney_Muto_Nat_Commun_2021_author_cell_type_X_umap_ec4b39.csv,s3://lifebit-user-data-6941eed90a4dd7a1d1026d7a/deploit/teams/69d8dd1e5d3e1f8c350e006f/users/68af3d99c99eb7bd2ff47bc8/projects/69f80768ca774c668fbaaed8/jobs/6a22c6f27e433821290d8f2b/results/markers_onTarget_symbols_kidney_Muto_Nat_Commun_2021_author_cell_type_X_umap_ec4b39.csv
markers_onTarget_symbols_kidney_Reck_Nat_Commun_2025_celltype_l2_X_umap_ffd4ba.csv,s3://lifebit-user-data-6941eed90a4dd7a1d1026d7a/deploit/teams/69d8dd1e5d3e1f8c350e006f/users/68af3d99c99eb7bd2ff47bc8/projects/69f80768ca774c668fbaaed8/jobs/6a22c6f27e433821290d8f2b/results/markers_onTarget_symbols_kidney_Reck_Nat_Commun_2025_celltype_l2_X_umap_ffd4ba.csv
markers_onTarget_symbols_kidney_Stewart_Science_2019_author_cell_type_X_umap_de3575.csv,s3://lifebit-user-data-6941eed90a4dd7a1d1026d7a/deploit/teams/69d8dd1e5d3e1f8c350e006f/users/68af3d99c99eb7bd2ff47bc8/projects/69f80768ca774c668fbaaed8/jobs/6a22c6f27e433821290d8f2b/results/markers_onTarget_symbols_kidney_Stewart_Science_2019_author_cell_type_X_umap_de3575.csv
markers_onTarget_symbols_kidney_Wilson_Nat_Commun_2022_author_cell_type_X_umap_9c7fc3.csv,s3://lifebit-user-data-6941eed90a4dd7a1d1026d7a/deploit/teams/69d8dd1e5d3e1f8c350e006f/users/68af3d99c99eb7bd2ff47bc8/projects/69f80768ca774c668fbaaed8/jobs/6a22c6f27e433821290d8f2b/results/markers_onTarget_symbols_kidney_Wilson_Nat_Commun_2022_author_cell_type_X_umap_9c7fc3.csv
markers_onTarget_symbols_kidney_Xu_Cell_2023_Curated_annotation_X_umap_71ffd1.csv,s3://lifebit-user-data-6941eed90a4dd7a1d1026d7a/deploit/teams/69d8dd1e5d3e1f8c350e006f/users/68af3d99c99eb7bd2ff47bc8/projects/69f80768ca774c668fbaaed8/jobs/6a22c6f27e433821290d8f2b/results/markers_onTarget_symbols_kidney_Xu_Cell_2023_Curated_annotation_X_umap_71ffd1.csv
markers_onTarget_symbols_kidney_Young_Science_2018_author_cell_type_X_umap_57f337.csv,s3://lifebit-user-data-6941eed90a4dd7a1d1026d7a/deploit/teams/69d8dd1e5d3e1f8c350e006f/users/68af3d99c99eb7bd2ff47bc8/projects/69f80768ca774c668fbaaed8/jobs/6a22c6f27e433821290d8f2b/results/markers_onTarget_symbols_kidney_Young_Science_2018_author_cell_type_X_umap_57f337.csv
markers_symbols_kidney_Han_Nature_2020_author_cell_type_X_umap_5c7ea7.csv,s3://lifebit-user-data-6941eed90a4dd7a1d1026d7a/deploit/teams/69d8dd1e5d3e1f8c350e006f/users/68af3d99c99eb7bd2ff47bc8/projects/69f80768ca774c668fbaaed8/jobs/6a22c6f27e433821290d8f2b/results/markers_symbols_kidney_Han_Nature_2020_author_cell_type_X_umap_5c7ea7.csv
markers_symbols_kidney_Lake_Nature_2023_subclass.full_X_umap_4af23f.csv,s3://lifebit-user-data-6941eed90a4dd7a1d1026d7a/deploit/teams/69d8dd1e5d3e1f8c350e006f/users/68af3d99c99eb7bd2ff47bc8/projects/69f80768ca774c668fbaaed8/jobs/6a22c6f27e433821290d8f2b/results/markers_symbols_kidney_Lake_Nature_2023_subclass.full_X_umap_4af23f.csv
markers_symbols_kidney_McEvoy_Nat_Commun_2022_author_cell_type_X_umap_01cfaa.csv,s3://lifebit-user-data-6941eed90a4dd7a1d1026d7a/deploit/teams/69d8dd1e5d3e1f8c350e006f/users/68af3d99c99eb7bd2ff47bc8/projects/69f80768ca774c668fbaaed8/jobs/6a22c6f27e433821290d8f2b/results/markers_symbols_kidney_McEvoy_Nat_Commun_2022_author_cell_type_X_umap_01cfaa.csv
markers_symbols_kidney_Muto_Nat_Commun_2021_author_cell_type_X_umap_ec4b39.csv,s3://lifebit-user-data-6941eed90a4dd7a1d1026d7a/deploit/teams/69d8dd1e5d3e1f8c350e006f/users/68af3d99c99eb7bd2ff47bc8/projects/69f80768ca774c668fbaaed8/jobs/6a22c6f27e433821290d8f2b/results/markers_symbols_kidney_Muto_Nat_Commun_2021_author_cell_type_X_umap_ec4b39.csv
markers_symbols_kidney_Reck_Nat_Commun_2025_celltype_l2_X_umap_ffd4ba.csv,s3://lifebit-user-data-6941eed90a4dd7a1d1026d7a/deploit/teams/69d8dd1e5d3e1f8c350e006f/users/68af3d99c99eb7bd2ff47bc8/projects/69f80768ca774c668fbaaed8/jobs/6a22c6f27e433821290d8f2b/results/markers_symbols_kidney_Reck_Nat_Commun_2025_celltype_l2_X_umap_ffd4ba.csv
markers_symbols_kidney_Stewart_Science_2019_author_cell_type_X_umap_de3575.csv,s3://lifebit-user-data-6941eed90a4dd7a1d1026d7a/deploit/teams/69d8dd1e5d3e1f8c350e006f/users/68af3d99c99eb7bd2ff47bc8/projects/69f80768ca774c668fbaaed8/jobs/6a22c6f27e433821290d8f2b/results/markers_symbols_kidney_Stewart_Science_2019_author_cell_type_X_umap_de3575.csv
markers_symbols_kidney_Wilson_Nat_Commun_2022_author_cell_type_X_umap_9c7fc3.csv,s3://lifebit-user-data-6941eed90a4dd7a1d1026d7a/deploit/teams/69d8dd1e5d3e1f8c350e006f/users/68af3d99c99eb7bd2ff47bc8/projects/69f80768ca774c668fbaaed8/jobs/6a22c6f27e433821290d8f2b/results/markers_symbols_kidney_Wilson_Nat_Commun_2022_author_cell_type_X_umap_9c7fc3.csv
markers_symbols_kidney_Xu_Cell_2023_Curated_annotation_X_umap_71ffd1.csv,s3://lifebit-user-data-6941eed90a4dd7a1d1026d7a/deploit/teams/69d8dd1e5d3e1f8c350e006f/users/68af3d99c99eb7bd2ff47bc8/projects/69f80768ca774c668fbaaed8/jobs/6a22c6f27e433821290d8f2b/results/markers_symbols_kidney_Xu_Cell_2023_Curated_annotation_X_umap_71ffd1.csv
markers_symbols_kidney_Young_Science_2018_author_cell_type_X_umap_57f337.csv,s3://lifebit-user-data-6941eed90a4dd7a1d1026d7a/deploit/teams/69d8dd1e5d3e1f8c350e006f/users/68af3d99c99eb7bd2ff47bc8/projects/69f80768ca774c668fbaaed8/jobs/6a22c6f27e433821290d8f2b/results/markers_symbols_kidney_Young_Science_2018_author_cell_type_X_umap_57f337.csv
master_dataset_summary_kidney_Han_Nature_2020_author_cell_type_X_umap_5c7ea7.csv,s3://lifebit-user-data-6941eed90a4dd7a1d1026d7a/deploit/teams/69d8dd1e5d3e1f8c350e006f/users/68af3d99c99eb7bd2ff47bc8/projects/69f80768ca774c668fbaaed8/jobs/6a22c6f27e433821290d8f2b/results/master_dataset_summary_kidney_Han_Nature_2020_author_cell_type_X_umap_5c7ea7.csv
master_dataset_summary_kidney_Lake_Nature_2023_subclass.full_X_umap_4af23f.csv,s3://lifebit-user-data-6941eed90a4dd7a1d1026d7a/deploit/teams/69d8dd1e5d3e1f8c350e006f/users/68af3d99c99eb7bd2ff47bc8/projects/69f80768ca774c668fbaaed8/jobs/6a22c6f27e433821290d8f2b/results/master_dataset_summary_kidney_Lake_Nature_2023_subclass.full_X_umap_4af23f.csv
master_dataset_summary_kidney_McEvoy_Nat_Commun_2022_author_cell_type_X_umap_01cfaa.csv,s3://lifebit-user-data-6941eed90a4dd7a1d1026d7a/deploit/teams/69d8dd1e5d3e1f8c350e006f/users/68af3d99c99eb7bd2ff47bc8/projects/69f80768ca774c668fbaaed8/jobs/6a22c6f27e433821290d8f2b/results/master_dataset_summary_kidney_McEvoy_Nat_Commun_2022_author_cell_type_X_umap_01cfaa.csv
master_dataset_summary_kidney_Muto_Nat_Commun_2021_author_cell_type_X_umap_ec4b39.csv,s3://lifebit-user-data-6941eed90a4dd7a1d1026d7a/deploit/teams/69d8dd1e5d3e1f8c350e006f/users/68af3d99c99eb7bd2ff47bc8/projects/69f80768ca774c668fbaaed8/jobs/6a22c6f27e433821290d8f2b/results/master_dataset_summary_kidney_Muto_Nat_Commun_2021_author_cell_type_X_umap_ec4b39.csv
master_dataset_summary_kidney_Reck_Nat_Commun_2025_celltype_l2_X_umap_ffd4ba.csv,s3://lifebit-user-data-6941eed90a4dd7a1d1026d7a/deploit/teams/69d8dd1e5d3e1f8c350e006f/users/68af3d99c99eb7bd2ff47bc8/projects/69f80768ca774c668fbaaed8/jobs/6a22c6f27e433821290d8f2b/results/master_dataset_summary_kidney_Reck_Nat_Commun_2025_celltype_l2_X_umap_ffd4ba.csv
master_dataset_summary_kidney_Stewart_Science_2019_author_cell_type_X_umap_de3575.csv,s3://lifebit-user-data-6941eed90a4dd7a1d1026d7a/deploit/teams/69d8dd1e5d3e1f8c350e006f/users/68af3d99c99eb7bd2ff47bc8/projects/69f80768ca774c668fbaaed8/jobs/6a22c6f27e433821290d8f2b/results/master_dataset_summary_kidney_Stewart_Science_2019_author_cell_type_X_umap_de3575.csv
master_dataset_summary_kidney_Wilson_Nat_Commun_2022_author_cell_type_X_umap_9c7fc3.csv,s3://lifebit-user-data-6941eed90a4dd7a1d1026d7a/deploit/teams/69d8dd1e5d3e1f8c350e006f/users/68af3d99c99eb7bd2ff47bc8/projects/69f80768ca774c668fbaaed8/jobs/6a22c6f27e433821290d8f2b/results/master_dataset_summary_kidney_Wilson_Nat_Commun_2022_author_cell_type_X_umap_9c7fc3.csv
master_dataset_summary_kidney_Xu_Cell_2023_Curated_annotation_X_umap_71ffd1.csv,s3://lifebit-user-data-6941eed90a4dd7a1d1026d7a/deploit/teams/69d8dd1e5d3e1f8c350e006f/users/68af3d99c99eb7bd2ff47bc8/projects/69f80768ca774c668fbaaed8/jobs/6a22c6f27e433821290d8f2b/results/master_dataset_summary_kidney_Xu_Cell_2023_Curated_annotation_X_umap_71ffd1.csv
master_dataset_summary_kidney_Young_Science_2018_author_cell_type_X_umap_57f337.csv,s3://lifebit-user-data-6941eed90a4dd7a1d1026d7a/deploit/teams/69d8dd1e5d3e1f8c350e006f/users/68af3d99c99eb7bd2ff47bc8/projects/69f80768ca774c668fbaaed8/jobs/6a22c6f27e433821290d8f2b/results/master_dataset_summary_kidney_Young_Science_2018_author_cell_type_X_umap_57f337.csv
matrixplot__scaledkidney_Han_Nature_2020_author_cell_type_X_umap_5c7ea7.svg,s3://lifebit-user-data-6941eed90a4dd7a1d1026d7a/deploit/teams/69d8dd1e5d3e1f8c350e006f/users/68af3d99c99eb7bd2ff47bc8/projects/69f80768ca774c668fbaaed8/jobs/6a22c6f27e433821290d8f2b/results/matrixplot__scaledkidney_Han_Nature_2020_author_cell_type_X_umap_5c7ea7.svg
matrixplot__scaledkidney_Lake_Nature_2023_subclass.full_X_umap_4af23f.svg,s3://lifebit-user-data-6941eed90a4dd7a1d1026d7a/deploit/teams/69d8dd1e5d3e1f8c350e006f/users/68af3d99c99eb7bd2ff47bc8/projects/69f80768ca774c668fbaaed8/jobs/6a22c6f27e433821290d8f2b/results/matrixplot__scaledkidney_Lake_Nature_2023_subclass.full_X_umap_4af23f.svg
matrixplot__scaledkidney_McEvoy_Nat_Commun_2022_author_cell_type_X_umap_01cfaa.svg,s3://lifebit-user-data-6941eed90a4dd7a1d1026d7a/deploit/teams/69d8dd1e5d3e1f8c350e006f/users/68af3d99c99eb7bd2ff47bc8/projects/69f80768ca774c668fbaaed8/jobs/6a22c6f27e433821290d8f2b/results/matrixplot__scaledkidney_McEvoy_Nat_Commun_2022_author_cell_type_X_umap_01cfaa.svg
matrixplot__scaledkidney_Muto_Nat_Commun_2021_author_cell_type_X_umap_ec4b39.svg,s3://lifebit-user-data-6941eed90a4dd7a1d1026d7a/deploit/teams/69d8dd1e5d3e1f8c350e006f/users/68af3d99c99eb7bd2ff47bc8/projects/69f80768ca774c668fbaaed8/jobs/6a22c6f27e433821290d8f2b/results/matrixplot__scaledkidney_Muto_Nat_Commun_2021_author_cell_type_X_umap_ec4b39.svg
matrixplot__scaledkidney_Reck_Nat_Commun_2025_celltype_l2_X_umap_ffd4ba.svg,s3://lifebit-user-data-6941eed90a4dd7a1d1026d7a/deploit/teams/69d8dd1e5d3e1f8c350e006f/users/68af3d99c99eb7bd2ff47bc8/projects/69f80768ca774c668fbaaed8/jobs/6a22c6f27e433821290d8f2b/results/matrixplot__scaledkidney_Reck_Nat_Commun_2025_celltype_l2_X_umap_ffd4ba.svg
matrixplot__scaledkidney_Stewart_Science_2019_author_cell_type_X_umap_de3575.svg,s3://lifebit-user-data-6941eed90a4dd7a1d1026d7a/deploit/teams/69d8dd1e5d3e1f8c350e006f/users/68af3d99c99eb7bd2ff47bc8/projects/69f80768ca774c668fbaaed8/jobs/6a22c6f27e433821290d8f2b/results/matrixplot__scaledkidney_Stewart_Science_2019_author_cell_type_X_umap_de3575.svg
matrixplot__scaledkidney_Wilson_Nat_Commun_2022_author_cell_type_X_umap_9c7fc3.svg,s3://lifebit-user-data-6941eed90a4dd7a1d1026d7a/deploit/teams/69d8dd1e5d3e1f8c350e006f/users/68af3d99c99eb7bd2ff47bc8/projects/69f80768ca774c668fbaaed8/jobs/6a22c6f27e433821290d8f2b/results/matrixplot__scaledkidney_Wilson_Nat_Commun_2022_author_cell_type_X_umap_9c7fc3.svg
matrixplot__scaledkidney_Xu_Cell_2023_Curated_annotation_X_umap_71ffd1.svg,s3://lifebit-user-data-6941eed90a4dd7a1d1026d7a/deploit/teams/69d8dd1e5d3e1f8c350e006f/users/68af3d99c99eb7bd2ff47bc8/projects/69f80768ca774c668fbaaed8/jobs/6a22c6f27e433821290d8f2b/results/matrixplot__scaledkidney_Xu_Cell_2023_Curated_annotation_X_umap_71ffd1.svg
matrixplot__scaledkidney_Young_Science_2018_author_cell_type_X_umap_57f337.svg,s3://lifebit-user-data-6941eed90a4dd7a1d1026d7a/deploit/teams/69d8dd1e5d3e1f8c350e006f/users/68af3d99c99eb7bd2ff47bc8/projects/69f80768ca774c668fbaaed8/jobs/6a22c6f27e433821290d8f2b/results/matrixplot__scaledkidney_Young_Science_2018_author_cell_type_X_umap_57f337.svg
matrixplot_kidney_Han_Nature_2020_author_cell_type_X_umap_5c7ea7.svg,s3://lifebit-user-data-6941eed90a4dd7a1d1026d7a/deploit/teams/69d8dd1e5d3e1f8c350e006f/users/68af3d99c99eb7bd2ff47bc8/projects/69f80768ca774c668fbaaed8/jobs/6a22c6f27e433821290d8f2b/results/matrixplot_kidney_Han_Nature_2020_author_cell_type_X_umap_5c7ea7.svg
matrixplot_kidney_Lake_Nature_2023_subclass.full_X_umap_4af23f.svg,s3://lifebit-user-data-6941eed90a4dd7a1d1026d7a/deploit/teams/69d8dd1e5d3e1f8c350e006f/users/68af3d99c99eb7bd2ff47bc8/projects/69f80768ca774c668fbaaed8/jobs/6a22c6f27e433821290d8f2b/results/matrixplot_kidney_Lake_Nature_2023_subclass.full_X_umap_4af23f.svg
matrixplot_kidney_McEvoy_Nat_Commun_2022_author_cell_type_X_umap_01cfaa.svg,s3://lifebit-user-data-6941eed90a4dd7a1d1026d7a/deploit/teams/69d8dd1e5d3e1f8c350e006f/users/68af3d99c99eb7bd2ff47bc8/projects/69f80768ca774c668fbaaed8/jobs/6a22c6f27e433821290d8f2b/results/matrixplot_kidney_McEvoy_Nat_Commun_2022_author_cell_type_X_umap_01cfaa.svg
matrixplot_kidney_Muto_Nat_Commun_2021_author_cell_type_X_umap_ec4b39.svg,s3://lifebit-user-data-6941eed90a4dd7a1d1026d7a/deploit/teams/69d8dd1e5d3e1f8c350e006f/users/68af3d99c99eb7bd2ff47bc8/projects/69f80768ca774c668fbaaed8/jobs/6a22c6f27e433821290d8f2b/results/matrixplot_kidney_Muto_Nat_Commun_2021_author_cell_type_X_umap_ec4b39.svg
matrixplot_kidney_Reck_Nat_Commun_2025_celltype_l2_X_umap_ffd4ba.svg,s3://lifebit-user-data-6941eed90a4dd7a1d1026d7a/deploit/teams/69d8dd1e5d3e1f8c350e006f/users/68af3d99c99eb7bd2ff47bc8/projects/69f80768ca774c668fbaaed8/jobs/6a22c6f27e433821290d8f2b/results/matrixplot_kidney_Reck_Nat_Commun_2025_celltype_l2_X_umap_ffd4ba.svg
matrixplot_kidney_Stewart_Science_2019_author_cell_type_X_umap_de3575.svg,s3://lifebit-user-data-6941eed90a4dd7a1d1026d7a/deploit/teams/69d8dd1e5d3e1f8c350e006f/users/68af3d99c99eb7bd2ff47bc8/projects/69f80768ca774c668fbaaed8/jobs/6a22c6f27e433821290d8f2b/results/matrixplot_kidney_Stewart_Science_2019_author_cell_type_X_umap_de3575.svg
matrixplot_kidney_Wilson_Nat_Commun_2022_author_cell_type_X_umap_9c7fc3.svg,s3://lifebit-user-data-6941eed90a4dd7a1d1026d7a/deploit/teams/69d8dd1e5d3e1f8c350e006f/users/68af3d99c99eb7bd2ff47bc8/projects/69f80768ca774c668fbaaed8/jobs/6a22c6f27e433821290d8f2b/results/matrixplot_kidney_Wilson_Nat_Commun_2022_author_cell_type_X_umap_9c7fc3.svg
matrixplot_kidney_Xu_Cell_2023_Curated_annotation_X_umap_71ffd1.svg,s3://lifebit-user-data-6941eed90a4dd7a1d1026d7a/deploit/teams/69d8dd1e5d3e1f8c350e006f/users/68af3d99c99eb7bd2ff47bc8/projects/69f80768ca774c668fbaaed8/jobs/6a22c6f27e433821290d8f2b/results/matrixplot_kidney_Xu_Cell_2023_Curated_annotation_X_umap_71ffd1.svg
matrixplot_kidney_Young_Science_2018_author_cell_type_X_umap_57f337.svg,s3://lifebit-user-data-6941eed90a4dd7a1d1026d7a/deploit/teams/69d8dd1e5d3e1f8c350e006f/users/68af3d99c99eb7bd2ff47bc8/projects/69f80768ca774c668fbaaed8/jobs/6a22c6f27e433821290d8f2b/results/matrixplot_kidney_Young_Science_2018_author_cell_type_X_umap_57f337.svg
medians_ensg_kidney_Han_Nature_2020_author_cell_type_X_umap_5c7ea7.csv,s3://lifebit-user-data-6941eed90a4dd7a1d1026d7a/deploit/teams/69d8dd1e5d3e1f8c350e006f/users/68af3d99c99eb7bd2ff47bc8/projects/69f80768ca774c668fbaaed8/jobs/6a22c6f27e433821290d8f2b/results/medians_ensg_kidney_Han_Nature_2020_author_cell_type_X_umap_5c7ea7.csv
medians_ensg_kidney_Han_Nature_2020_author_cell_type_X_umap_5c7ea7.pkl,s3://lifebit-user-data-6941eed90a4dd7a1d1026d7a/deploit/teams/69d8dd1e5d3e1f8c350e006f/users/68af3d99c99eb7bd2ff47bc8/projects/69f80768ca774c668fbaaed8/jobs/6a22c6f27e433821290d8f2b/results/medians_ensg_kidney_Han_Nature_2020_author_cell_type_X_umap_5c7ea7.pkl
medians_ensg_kidney_Lake_Nature_2023_subclass.full_X_umap_4af23f.csv,s3://lifebit-user-data-6941eed90a4dd7a1d1026d7a/deploit/teams/69d8dd1e5d3e1f8c350e006f/users/68af3d99c99eb7bd2ff47bc8/projects/69f80768ca774c668fbaaed8/jobs/6a22c6f27e433821290d8f2b/results/medians_ensg_kidney_Lake_Nature_2023_subclass.full_X_umap_4af23f.csv
medians_ensg_kidney_Lake_Nature_2023_subclass.full_X_umap_4af23f.pkl,s3://lifebit-user-data-6941eed90a4dd7a1d1026d7a/deploit/teams/69d8dd1e5d3e1f8c350e006f/users/68af3d99c99eb7bd2ff47bc8/projects/69f80768ca774c668fbaaed8/jobs/6a22c6f27e433821290d8f2b/results/medians_ensg_kidney_Lake_Nature_2023_subclass.full_X_umap_4af23f.pkl
medians_ensg_kidney_McEvoy_Nat_Commun_2022_author_cell_type_X_umap_01cfaa.csv,s3://lifebit-user-data-6941eed90a4dd7a1d1026d7a/deploit/teams/69d8dd1e5d3e1f8c350e006f/users/68af3d99c99eb7bd2ff47bc8/projects/69f80768ca774c668fbaaed8/jobs/6a22c6f27e433821290d8f2b/results/medians_ensg_kidney_McEvoy_Nat_Commun_2022_author_cell_type_X_umap_01cfaa.csv
medians_ensg_kidney_McEvoy_Nat_Commun_2022_author_cell_type_X_umap_01cfaa.pkl,s3://lifebit-user-data-6941eed90a4dd7a1d1026d7a/deploit/teams/69d8dd1e5d3e1f8c350e006f/users/68af3d99c99eb7bd2ff47bc8/projects/69f80768ca774c668fbaaed8/jobs/6a22c6f27e433821290d8f2b/results/medians_ensg_kidney_McEvoy_Nat_Commun_2022_author_cell_type_X_umap_01cfaa.pkl
medians_ensg_kidney_Muto_Nat_Commun_2021_author_cell_type_X_umap_ec4b39.csv,s3://lifebit-user-data-6941eed90a4dd7a1d1026d7a/deploit/teams/69d8dd1e5d3e1f8c350e006f/users/68af3d99c99eb7bd2ff47bc8/projects/69f80768ca774c668fbaaed8/jobs/6a22c6f27e433821290d8f2b/results/medians_ensg_kidney_Muto_Nat_Commun_2021_author_cell_type_X_umap_ec4b39.csv
medians_ensg_kidney_Muto_Nat_Commun_2021_author_cell_type_X_umap_ec4b39.pkl,s3://lifebit-user-data-6941eed90a4dd7a1d1026d7a/deploit/teams/69d8dd1e5d3e1f8c350e006f/users/68af3d99c99eb7bd2ff47bc8/projects/69f80768ca774c668fbaaed8/jobs/6a22c6f27e433821290d8f2b/results/medians_ensg_kidney_Muto_Nat_Commun_2021_author_cell_type_X_umap_ec4b39.pkl
medians_ensg_kidney_Reck_Nat_Commun_2025_celltype_l2_X_umap_ffd4ba.csv,s3://lifebit-user-data-6941eed90a4dd7a1d1026d7a/deploit/teams/69d8dd1e5d3e1f8c350e006f/users/68af3d99c99eb7bd2ff47bc8/projects/69f80768ca774c668fbaaed8/jobs/6a22c6f27e433821290d8f2b/results/medians_ensg_kidney_Reck_Nat_Commun_2025_celltype_l2_X_umap_ffd4ba.csv
medians_ensg_kidney_Reck_Nat_Commun_2025_celltype_l2_X_umap_ffd4ba.pkl,s3://lifebit-user-data-6941eed90a4dd7a1d1026d7a/deploit/teams/69d8dd1e5d3e1f8c350e006f/users/68af3d99c99eb7bd2ff47bc8/projects/69f80768ca774c668fbaaed8/jobs/6a22c6f27e433821290d8f2b/results/medians_ensg_kidney_Reck_Nat_Commun_2025_celltype_l2_X_umap_ffd4ba.pkl
medians_ensg_kidney_Stewart_Science_2019_author_cell_type_X_umap_de3575.csv,s3://lifebit-user-data-6941eed90a4dd7a1d1026d7a/deploit/teams/69d8dd1e5d3e1f8c350e006f/users/68af3d99c99eb7bd2ff47bc8/projects/69f80768ca774c668fbaaed8/jobs/6a22c6f27e433821290d8f2b/results/medians_ensg_kidney_Stewart_Science_2019_author_cell_type_X_umap_de3575.csv
medians_ensg_kidney_Stewart_Science_2019_author_cell_type_X_umap_de3575.pkl,s3://lifebit-user-data-6941eed90a4dd7a1d1026d7a/deploit/teams/69d8dd1e5d3e1f8c350e006f/users/68af3d99c99eb7bd2ff47bc8/projects/69f80768ca774c668fbaaed8/jobs/6a22c6f27e433821290d8f2b/results/medians_ensg_kidney_Stewart_Science_2019_author_cell_type_X_umap_de3575.pkl
medians_ensg_kidney_Wilson_Nat_Commun_2022_author_cell_type_X_umap_9c7fc3.csv,s3://lifebit-user-data-6941eed90a4dd7a1d1026d7a/deploit/teams/69d8dd1e5d3e1f8c350e006f/users/68af3d99c99eb7bd2ff47bc8/projects/69f80768ca774c668fbaaed8/jobs/6a22c6f27e433821290d8f2b/results/medians_ensg_kidney_Wilson_Nat_Commun_2022_author_cell_type_X_umap_9c7fc3.csv
medians_ensg_kidney_Wilson_Nat_Commun_2022_author_cell_type_X_umap_9c7fc3.pkl,s3://lifebit-user-data-6941eed90a4dd7a1d1026d7a/deploit/teams/69d8dd1e5d3e1f8c350e006f/users/68af3d99c99eb7bd2ff47bc8/projects/69f80768ca774c668fbaaed8/jobs/6a22c6f27e433821290d8f2b/results/medians_ensg_kidney_Wilson_Nat_Commun_2022_author_cell_type_X_umap_9c7fc3.pkl
medians_ensg_kidney_Xu_Cell_2023_Curated_annotation_X_umap_71ffd1.csv,s3://lifebit-user-data-6941eed90a4dd7a1d1026d7a/deploit/teams/69d8dd1e5d3e1f8c350e006f/users/68af3d99c99eb7bd2ff47bc8/projects/69f80768ca774c668fbaaed8/jobs/6a22c6f27e433821290d8f2b/results/medians_ensg_kidney_Xu_Cell_2023_Curated_annotation_X_umap_71ffd1.csv
medians_ensg_kidney_Xu_Cell_2023_Curated_annotation_X_umap_71ffd1.pkl,s3://lifebit-user-data-6941eed90a4dd7a1d1026d7a/deploit/teams/69d8dd1e5d3e1f8c350e006f/users/68af3d99c99eb7bd2ff47bc8/projects/69f80768ca774c668fbaaed8/jobs/6a22c6f27e433821290d8f2b/results/medians_ensg_kidney_Xu_Cell_2023_Curated_annotation_X_umap_71ffd1.pkl
medians_ensg_kidney_Young_Science_2018_author_cell_type_X_umap_57f337.csv,s3://lifebit-user-data-6941eed90a4dd7a1d1026d7a/deploit/teams/69d8dd1e5d3e1f8c350e006f/users/68af3d99c99eb7bd2ff47bc8/projects/69f80768ca774c668fbaaed8/jobs/6a22c6f27e433821290d8f2b/results/medians_ensg_kidney_Young_Science_2018_author_cell_type_X_umap_57f337.csv
medians_ensg_kidney_Young_Science_2018_author_cell_type_X_umap_57f337.pkl,s3://lifebit-user-data-6941eed90a4dd7a1d1026d7a/deploit/teams/69d8dd1e5d3e1f8c350e006f/users/68af3d99c99eb7bd2ff47bc8/projects/69f80768ca774c668fbaaed8/jobs/6a22c6f27e433821290d8f2b/results/medians_ensg_kidney_Young_Science_2018_author_cell_type_X_umap_57f337.pkl
medians_symbols_kidney_Han_Nature_2020_author_cell_type_X_umap_5c7ea7.csv,s3://lifebit-user-data-6941eed90a4dd7a1d1026d7a/deploit/teams/69d8dd1e5d3e1f8c350e006f/users/68af3d99c99eb7bd2ff47bc8/projects/69f80768ca774c668fbaaed8/jobs/6a22c6f27e433821290d8f2b/results/medians_symbols_kidney_Han_Nature_2020_author_cell_type_X_umap_5c7ea7.csv
medians_symbols_kidney_Han_Nature_2020_author_cell_type_X_umap_5c7ea7.pkl,s3://lifebit-user-data-6941eed90a4dd7a1d1026d7a/deploit/teams/69d8dd1e5d3e1f8c350e006f/users/68af3d99c99eb7bd2ff47bc8/projects/69f80768ca774c668fbaaed8/jobs/6a22c6f27e433821290d8f2b/results/medians_symbols_kidney_Han_Nature_2020_author_cell_type_X_umap_5c7ea7.pkl
medians_symbols_kidney_Lake_Nature_2023_subclass.full_X_umap_4af23f.csv,s3://lifebit-user-data-6941eed90a4dd7a1d1026d7a/deploit/teams/69d8dd1e5d3e1f8c350e006f/users/68af3d99c99eb7bd2ff47bc8/projects/69f80768ca774c668fbaaed8/jobs/6a22c6f27e433821290d8f2b/results/medians_symbols_kidney_Lake_Nature_2023_subclass.full_X_umap_4af23f.csv
medians_symbols_kidney_Lake_Nature_2023_subclass.full_X_umap_4af23f.pkl,s3://lifebit-user-data-6941eed90a4dd7a1d1026d7a/deploit/teams/69d8dd1e5d3e1f8c350e006f/users/68af3d99c99eb7bd2ff47bc8/projects/69f80768ca774c668fbaaed8/jobs/6a22c6f27e433821290d8f2b/results/medians_symbols_kidney_Lake_Nature_2023_subclass.full_X_umap_4af23f.pkl
medians_symbols_kidney_McEvoy_Nat_Commun_2022_author_cell_type_X_umap_01cfaa.csv,s3://lifebit-user-data-6941eed90a4dd7a1d1026d7a/deploit/teams/69d8dd1e5d3e1f8c350e006f/users/68af3d99c99eb7bd2ff47bc8/projects/69f80768ca774c668fbaaed8/jobs/6a22c6f27e433821290d8f2b/results/medians_symbols_kidney_McEvoy_Nat_Commun_2022_author_cell_type_X_umap_01cfaa.csv
medians_symbols_kidney_McEvoy_Nat_Commun_2022_author_cell_type_X_umap_01cfaa.pkl,s3://lifebit-user-data-6941eed90a4dd7a1d1026d7a/deploit/teams/69d8dd1e5d3e1f8c350e006f/users/68af3d99c99eb7bd2ff47bc8/projects/69f80768ca774c668fbaaed8/jobs/6a22c6f27e433821290d8f2b/results/medians_symbols_kidney_McEvoy_Nat_Commun_2022_author_cell_type_X_umap_01cfaa.pkl
medians_symbols_kidney_Muto_Nat_Commun_2021_author_cell_type_X_umap_ec4b39.csv,s3://lifebit-user-data-6941eed90a4dd7a1d1026d7a/deploit/teams/69d8dd1e5d3e1f8c350e006f/users/68af3d99c99eb7bd2ff47bc8/projects/69f80768ca774c668fbaaed8/jobs/6a22c6f27e433821290d8f2b/results/medians_symbols_kidney_Muto_Nat_Commun_2021_author_cell_type_X_umap_ec4b39.csv
medians_symbols_kidney_Muto_Nat_Commun_2021_author_cell_type_X_umap_ec4b39.pkl,s3://lifebit-user-data-6941eed90a4dd7a1d1026d7a/deploit/teams/69d8dd1e5d3e1f8c350e006f/users/68af3d99c99eb7bd2ff47bc8/projects/69f80768ca774c668fbaaed8/jobs/6a22c6f27e433821290d8f2b/results/medians_symbols_kidney_Muto_Nat_Commun_2021_author_cell_type_X_umap_ec4b39.pkl
medians_symbols_kidney_Reck_Nat_Commun_2025_celltype_l2_X_umap_ffd4ba.csv,s3://lifebit-user-data-6941eed90a4dd7a1d1026d7a/deploit/teams/69d8dd1e5d3e1f8c350e006f/users/68af3d99c99eb7bd2ff47bc8/projects/69f80768ca774c668fbaaed8/jobs/6a22c6f27e433821290d8f2b/results/medians_symbols_kidney_Reck_Nat_Commun_2025_celltype_l2_X_umap_ffd4ba.csv
medians_symbols_kidney_Reck_Nat_Commun_2025_celltype_l2_X_umap_ffd4ba.pkl,s3://lifebit-user-data-6941eed90a4dd7a1d1026d7a/deploit/teams/69d8dd1e5d3e1f8c350e006f/users/68af3d99c99eb7bd2ff47bc8/projects/69f80768ca774c668fbaaed8/jobs/6a22c6f27e433821290d8f2b/results/medians_symbols_kidney_Reck_Nat_Commun_2025_celltype_l2_X_umap_ffd4ba.pkl
medians_symbols_kidney_Stewart_Science_2019_author_cell_type_X_umap_de3575.csv,s3://lifebit-user-data-6941eed90a4dd7a1d1026d7a/deploit/teams/69d8dd1e5d3e1f8c350e006f/users/68af3d99c99eb7bd2ff47bc8/projects/69f80768ca774c668fbaaed8/jobs/6a22c6f27e433821290d8f2b/results/medians_symbols_kidney_Stewart_Science_2019_author_cell_type_X_umap_de3575.csv
medians_symbols_kidney_Stewart_Science_2019_author_cell_type_X_umap_de3575.pkl,s3://lifebit-user-data-6941eed90a4dd7a1d1026d7a/deploit/teams/69d8dd1e5d3e1f8c350e006f/users/68af3d99c99eb7bd2ff47bc8/projects/69f80768ca774c668fbaaed8/jobs/6a22c6f27e433821290d8f2b/results/medians_symbols_kidney_Stewart_Science_2019_author_cell_type_X_umap_de3575.pkl
medians_symbols_kidney_Wilson_Nat_Commun_2022_author_cell_type_X_umap_9c7fc3.csv,s3://lifebit-user-data-6941eed90a4dd7a1d1026d7a/deploit/teams/69d8dd1e5d3e1f8c350e006f/users/68af3d99c99eb7bd2ff47bc8/projects/69f80768ca774c668fbaaed8/jobs/6a22c6f27e433821290d8f2b/results/medians_symbols_kidney_Wilson_Nat_Commun_2022_author_cell_type_X_umap_9c7fc3.csv
medians_symbols_kidney_Wilson_Nat_Commun_2022_author_cell_type_X_umap_9c7fc3.pkl,s3://lifebit-user-data-6941eed90a4dd7a1d1026d7a/deploit/teams/69d8dd1e5d3e1f8c350e006f/users/68af3d99c99eb7bd2ff47bc8/projects/69f80768ca774c668fbaaed8/jobs/6a22c6f27e433821290d8f2b/results/medians_symbols_kidney_Wilson_Nat_Commun_2022_author_cell_type_X_umap_9c7fc3.pkl
medians_symbols_kidney_Xu_Cell_2023_Curated_annotation_X_umap_71ffd1.csv,s3://lifebit-user-data-6941eed90a4dd7a1d1026d7a/deploit/teams/69d8dd1e5d3e1f8c350e006f/users/68af3d99c99eb7bd2ff47bc8/projects/69f80768ca774c668fbaaed8/jobs/6a22c6f27e433821290d8f2b/results/medians_symbols_kidney_Xu_Cell_2023_Curated_annotation_X_umap_71ffd1.csv
medians_symbols_kidney_Xu_Cell_2023_Curated_annotation_X_umap_71ffd1.pkl,s3://lifebit-user-data-6941eed90a4dd7a1d1026d7a/deploit/teams/69d8dd1e5d3e1f8c350e006f/users/68af3d99c99eb7bd2ff47bc8/projects/69f80768ca774c668fbaaed8/jobs/6a22c6f27e433821290d8f2b/results/medians_symbols_kidney_Xu_Cell_2023_Curated_annotation_X_umap_71ffd1.pkl
medians_symbols_kidney_Young_Science_2018_author_cell_type_X_umap_57f337.csv,s3://lifebit-user-data-6941eed90a4dd7a1d1026d7a/deploit/teams/69d8dd1e5d3e1f8c350e006f/users/68af3d99c99eb7bd2ff47bc8/projects/69f80768ca774c668fbaaed8/jobs/6a22c6f27e433821290d8f2b/results/medians_symbols_kidney_Young_Science_2018_author_cell_type_X_umap_57f337.csv
medians_symbols_kidney_Young_Science_2018_author_cell_type_X_umap_57f337.pkl,s3://lifebit-user-data-6941eed90a4dd7a1d1026d7a/deploit/teams/69d8dd1e5d3e1f8c350e006f/users/68af3d99c99eb7bd2ff47bc8/projects/69f80768ca774c668fbaaed8/jobs/6a22c6f27e433821290d8f2b/results/medians_symbols_kidney_Young_Science_2018_author_cell_type_X_umap_57f337.pkl
results_ensg_kidney_Han_Nature_2020_author_cell_type_X_umap_5c7ea7.csv,s3://lifebit-user-data-6941eed90a4dd7a1d1026d7a/deploit/teams/69d8dd1e5d3e1f8c350e006f/users/68af3d99c99eb7bd2ff47bc8/projects/69f80768ca774c668fbaaed8/jobs/6a22c6f27e433821290d8f2b/results/results_ensg_kidney_Han_Nature_2020_author_cell_type_X_umap_5c7ea7.csv
results_ensg_kidney_Han_Nature_2020_author_cell_type_X_umap_5c7ea7.pkl,s3://lifebit-user-data-6941eed90a4dd7a1d1026d7a/deploit/teams/69d8dd1e5d3e1f8c350e006f/users/68af3d99c99eb7bd2ff47bc8/projects/69f80768ca774c668fbaaed8/jobs/6a22c6f27e433821290d8f2b/results/results_ensg_kidney_Han_Nature_2020_author_cell_type_X_umap_5c7ea7.pkl
results_ensg_kidney_Lake_Nature_2023_subclass.full_X_umap_4af23f.csv,s3://lifebit-user-data-6941eed90a4dd7a1d1026d7a/deploit/teams/69d8dd1e5d3e1f8c350e006f/users/68af3d99c99eb7bd2ff47bc8/projects/69f80768ca774c668fbaaed8/jobs/6a22c6f27e433821290d8f2b/results/results_ensg_kidney_Lake_Nature_2023_subclass.full_X_umap_4af23f.csv
results_ensg_kidney_Lake_Nature_2023_subclass.full_X_umap_4af23f.pkl,s3://lifebit-user-data-6941eed90a4dd7a1d1026d7a/deploit/teams/69d8dd1e5d3e1f8c350e006f/users/68af3d99c99eb7bd2ff47bc8/projects/69f80768ca774c668fbaaed8/jobs/6a22c6f27e433821290d8f2b/results/results_ensg_kidney_Lake_Nature_2023_subclass.full_X_umap_4af23f.pkl
results_ensg_kidney_McEvoy_Nat_Commun_2022_author_cell_type_X_umap_01cfaa.csv,s3://lifebit-user-data-6941eed90a4dd7a1d1026d7a/deploit/teams/69d8dd1e5d3e1f8c350e006f/users/68af3d99c99eb7bd2ff47bc8/projects/69f80768ca774c668fbaaed8/jobs/6a22c6f27e433821290d8f2b/results/results_ensg_kidney_McEvoy_Nat_Commun_2022_author_cell_type_X_umap_01cfaa.csv
results_ensg_kidney_McEvoy_Nat_Commun_2022_author_cell_type_X_umap_01cfaa.pkl,s3://lifebit-user-data-6941eed90a4dd7a1d1026d7a/deploit/teams/69d8dd1e5d3e1f8c350e006f/users/68af3d99c99eb7bd2ff47bc8/projects/69f80768ca774c668fbaaed8/jobs/6a22c6f27e433821290d8f2b/results/results_ensg_kidney_McEvoy_Nat_Commun_2022_author_cell_type_X_umap_01cfaa.pkl
results_ensg_kidney_Muto_Nat_Commun_2021_author_cell_type_X_umap_ec4b39.csv,s3://lifebit-user-data-6941eed90a4dd7a1d1026d7a/deploit/teams/69d8dd1e5d3e1f8c350e006f/users/68af3d99c99eb7bd2ff47bc8/projects/69f80768ca774c668fbaaed8/jobs/6a22c6f27e433821290d8f2b/results/results_ensg_kidney_Muto_Nat_Commun_2021_author_cell_type_X_umap_ec4b39.csv
results_ensg_kidney_Muto_Nat_Commun_2021_author_cell_type_X_umap_ec4b39.pkl,s3://lifebit-user-data-6941eed90a4dd7a1d1026d7a/deploit/teams/69d8dd1e5d3e1f8c350e006f/users/68af3d99c99eb7bd2ff47bc8/projects/69f80768ca774c668fbaaed8/jobs/6a22c6f27e433821290d8f2b/results/results_ensg_kidney_Muto_Nat_Commun_2021_author_cell_type_X_umap_ec4b39.pkl
results_ensg_kidney_Reck_Nat_Commun_2025_celltype_l2_X_umap_ffd4ba.csv,s3://lifebit-user-data-6941eed90a4dd7a1d1026d7a/deploit/teams/69d8dd1e5d3e1f8c350e006f/users/68af3d99c99eb7bd2ff47bc8/projects/69f80768ca774c668fbaaed8/jobs/6a22c6f27e433821290d8f2b/results/results_ensg_kidney_Reck_Nat_Commun_2025_celltype_l2_X_umap_ffd4ba.csv
results_ensg_kidney_Reck_Nat_Commun_2025_celltype_l2_X_umap_ffd4ba.pkl,s3://lifebit-user-data-6941eed90a4dd7a1d1026d7a/deploit/teams/69d8dd1e5d3e1f8c350e006f/users/68af3d99c99eb7bd2ff47bc8/projects/69f80768ca774c668fbaaed8/jobs/6a22c6f27e433821290d8f2b/results/results_ensg_kidney_Reck_Nat_Commun_2025_celltype_l2_X_umap_ffd4ba.pkl
results_ensg_kidney_Stewart_Science_2019_author_cell_type_X_umap_de3575.csv,s3://lifebit-user-data-6941eed90a4dd7a1d1026d7a/deploit/teams/69d8dd1e5d3e1f8c350e006f/users/68af3d99c99eb7bd2ff47bc8/projects/69f80768ca774c668fbaaed8/jobs/6a22c6f27e433821290d8f2b/results/results_ensg_kidney_Stewart_Science_2019_author_cell_type_X_umap_de3575.csv
results_ensg_kidney_Stewart_Science_2019_author_cell_type_X_umap_de3575.pkl,s3://lifebit-user-data-6941eed90a4dd7a1d1026d7a/deploit/teams/69d8dd1e5d3e1f8c350e006f/users/68af3d99c99eb7bd2ff47bc8/projects/69f80768ca774c668fbaaed8/jobs/6a22c6f27e433821290d8f2b/results/results_ensg_kidney_Stewart_Science_2019_author_cell_type_X_umap_de3575.pkl
results_ensg_kidney_Wilson_Nat_Commun_2022_author_cell_type_X_umap_9c7fc3.csv,s3://lifebit-user-data-6941eed90a4dd7a1d1026d7a/deploit/teams/69d8dd1e5d3e1f8c350e006f/users/68af3d99c99eb7bd2ff47bc8/projects/69f80768ca774c668fbaaed8/jobs/6a22c6f27e433821290d8f2b/results/results_ensg_kidney_Wilson_Nat_Commun_2022_author_cell_type_X_umap_9c7fc3.csv
results_ensg_kidney_Wilson_Nat_Commun_2022_author_cell_type_X_umap_9c7fc3.pkl,s3://lifebit-user-data-6941eed90a4dd7a1d1026d7a/deploit/teams/69d8dd1e5d3e1f8c350e006f/users/68af3d99c99eb7bd2ff47bc8/projects/69f80768ca774c668fbaaed8/jobs/6a22c6f27e433821290d8f2b/results/results_ensg_kidney_Wilson_Nat_Commun_2022_author_cell_type_X_umap_9c7fc3.pkl
results_ensg_kidney_Xu_Cell_2023_Curated_annotation_X_umap_71ffd1.csv,s3://lifebit-user-data-6941eed90a4dd7a1d1026d7a/deploit/teams/69d8dd1e5d3e1f8c350e006f/users/68af3d99c99eb7bd2ff47bc8/projects/69f80768ca774c668fbaaed8/jobs/6a22c6f27e433821290d8f2b/results/results_ensg_kidney_Xu_Cell_2023_Curated_annotation_X_umap_71ffd1.csv
results_ensg_kidney_Xu_Cell_2023_Curated_annotation_X_umap_71ffd1.pkl,s3://lifebit-user-data-6941eed90a4dd7a1d1026d7a/deploit/teams/69d8dd1e5d3e1f8c350e006f/users/68af3d99c99eb7bd2ff47bc8/projects/69f80768ca774c668fbaaed8/jobs/6a22c6f27e433821290d8f2b/results/results_ensg_kidney_Xu_Cell_2023_Curated_annotation_X_umap_71ffd1.pkl
results_ensg_kidney_Young_Science_2018_author_cell_type_X_umap_57f337.csv,s3://lifebit-user-data-6941eed90a4dd7a1d1026d7a/deploit/teams/69d8dd1e5d3e1f8c350e006f/users/68af3d99c99eb7bd2ff47bc8/projects/69f80768ca774c668fbaaed8/jobs/6a22c6f27e433821290d8f2b/results/results_ensg_kidney_Young_Science_2018_author_cell_type_X_umap_57f337.csv
results_ensg_kidney_Young_Science_2018_author_cell_type_X_umap_57f337.pkl,s3://lifebit-user-data-6941eed90a4dd7a1d1026d7a/deploit/teams/69d8dd1e5d3e1f8c350e006f/users/68af3d99c99eb7bd2ff47bc8/projects/69f80768ca774c668fbaaed8/jobs/6a22c6f27e433821290d8f2b/results/results_ensg_kidney_Young_Science_2018_author_cell_type_X_umap_57f337.pkl
results_symbols_kidney_Han_Nature_2020_author_cell_type_X_umap_5c7ea7.csv,s3://lifebit-user-data-6941eed90a4dd7a1d1026d7a/deploit/teams/69d8dd1e5d3e1f8c350e006f/users/68af3d99c99eb7bd2ff47bc8/projects/69f80768ca774c668fbaaed8/jobs/6a22c6f27e433821290d8f2b/results/results_symbols_kidney_Han_Nature_2020_author_cell_type_X_umap_5c7ea7.csv
results_symbols_kidney_Han_Nature_2020_author_cell_type_X_umap_5c7ea7.pkl,s3://lifebit-user-data-6941eed90a4dd7a1d1026d7a/deploit/teams/69d8dd1e5d3e1f8c350e006f/users/68af3d99c99eb7bd2ff47bc8/projects/69f80768ca774c668fbaaed8/jobs/6a22c6f27e433821290d8f2b/results/results_symbols_kidney_Han_Nature_2020_author_cell_type_X_umap_5c7ea7.pkl
results_symbols_kidney_Lake_Nature_2023_subclass.full_X_umap_4af23f.csv,s3://lifebit-user-data-6941eed90a4dd7a1d1026d7a/deploit/teams/69d8dd1e5d3e1f8c350e006f/users/68af3d99c99eb7bd2ff47bc8/projects/69f80768ca774c668fbaaed8/jobs/6a22c6f27e433821290d8f2b/results/results_symbols_kidney_Lake_Nature_2023_subclass.full_X_umap_4af23f.csv
results_symbols_kidney_Lake_Nature_2023_subclass.full_X_umap_4af23f.pkl,s3://lifebit-user-data-6941eed90a4dd7a1d1026d7a/deploit/teams/69d8dd1e5d3e1f8c350e006f/users/68af3d99c99eb7bd2ff47bc8/projects/69f80768ca774c668fbaaed8/jobs/6a22c6f27e433821290d8f2b/results/results_symbols_kidney_Lake_Nature_2023_subclass.full_X_umap_4af23f.pkl
results_symbols_kidney_McEvoy_Nat_Commun_2022_author_cell_type_X_umap_01cfaa.csv,s3://lifebit-user-data-6941eed90a4dd7a1d1026d7a/deploit/teams/69d8dd1e5d3e1f8c350e006f/users/68af3d99c99eb7bd2ff47bc8/projects/69f80768ca774c668fbaaed8/jobs/6a22c6f27e433821290d8f2b/results/results_symbols_kidney_McEvoy_Nat_Commun_2022_author_cell_type_X_umap_01cfaa.csv
results_symbols_kidney_McEvoy_Nat_Commun_2022_author_cell_type_X_umap_01cfaa.pkl,s3://lifebit-user-data-6941eed90a4dd7a1d1026d7a/deploit/teams/69d8dd1e5d3e1f8c350e006f/users/68af3d99c99eb7bd2ff47bc8/projects/69f80768ca774c668fbaaed8/jobs/6a22c6f27e433821290d8f2b/results/results_symbols_kidney_McEvoy_Nat_Commun_2022_author_cell_type_X_umap_01cfaa.pkl
results_symbols_kidney_Muto_Nat_Commun_2021_author_cell_type_X_umap_ec4b39.csv,s3://lifebit-user-data-6941eed90a4dd7a1d1026d7a/deploit/teams/69d8dd1e5d3e1f8c350e006f/users/68af3d99c99eb7bd2ff47bc8/projects/69f80768ca774c668fbaaed8/jobs/6a22c6f27e433821290d8f2b/results/results_symbols_kidney_Muto_Nat_Commun_2021_author_cell_type_X_umap_ec4b39.csv
results_symbols_kidney_Muto_Nat_Commun_2021_author_cell_type_X_umap_ec4b39.pkl,s3://lifebit-user-data-6941eed90a4dd7a1d1026d7a/deploit/teams/69d8dd1e5d3e1f8c350e006f/users/68af3d99c99eb7bd2ff47bc8/projects/69f80768ca774c668fbaaed8/jobs/6a22c6f27e433821290d8f2b/results/results_symbols_kidney_Muto_Nat_Commun_2021_author_cell_type_X_umap_ec4b39.pkl
results_symbols_kidney_Reck_Nat_Commun_2025_celltype_l2_X_umap_ffd4ba.csv,s3://lifebit-user-data-6941eed90a4dd7a1d1026d7a/deploit/teams/69d8dd1e5d3e1f8c350e006f/users/68af3d99c99eb7bd2ff47bc8/projects/69f80768ca774c668fbaaed8/jobs/6a22c6f27e433821290d8f2b/results/results_symbols_kidney_Reck_Nat_Commun_2025_celltype_l2_X_umap_ffd4ba.csv
results_symbols_kidney_Reck_Nat_Commun_2025_celltype_l2_X_umap_ffd4ba.pkl,s3://lifebit-user-data-6941eed90a4dd7a1d1026d7a/deploit/teams/69d8dd1e5d3e1f8c350e006f/users/68af3d99c99eb7bd2ff47bc8/projects/69f80768ca774c668fbaaed8/jobs/6a22c6f27e433821290d8f2b/results/results_symbols_kidney_Reck_Nat_Commun_2025_celltype_l2_X_umap_ffd4ba.pkl
results_symbols_kidney_Stewart_Science_2019_author_cell_type_X_umap_de3575.csv,s3://lifebit-user-data-6941eed90a4dd7a1d1026d7a/deploit/teams/69d8dd1e5d3e1f8c350e006f/users/68af3d99c99eb7bd2ff47bc8/projects/69f80768ca774c668fbaaed8/jobs/6a22c6f27e433821290d8f2b/results/results_symbols_kidney_Stewart_Science_2019_author_cell_type_X_umap_de3575.csv
results_symbols_kidney_Stewart_Science_2019_author_cell_type_X_umap_de3575.pkl,s3://lifebit-user-data-6941eed90a4dd7a1d1026d7a/deploit/teams/69d8dd1e5d3e1f8c350e006f/users/68af3d99c99eb7bd2ff47bc8/projects/69f80768ca774c668fbaaed8/jobs/6a22c6f27e433821290d8f2b/results/results_symbols_kidney_Stewart_Science_2019_author_cell_type_X_umap_de3575.pkl
results_symbols_kidney_Wilson_Nat_Commun_2022_author_cell_type_X_umap_9c7fc3.csv,s3://lifebit-user-data-6941eed90a4dd7a1d1026d7a/deploit/teams/69d8dd1e5d3e1f8c350e006f/users/68af3d99c99eb7bd2ff47bc8/projects/69f80768ca774c668fbaaed8/jobs/6a22c6f27e433821290d8f2b/results/results_symbols_kidney_Wilson_Nat_Commun_2022_author_cell_type_X_umap_9c7fc3.csv
results_symbols_kidney_Wilson_Nat_Commun_2022_author_cell_type_X_umap_9c7fc3.pkl,s3://lifebit-user-data-6941eed90a4dd7a1d1026d7a/deploit/teams/69d8dd1e5d3e1f8c350e006f/users/68af3d99c99eb7bd2ff47bc8/projects/69f80768ca774c668fbaaed8/jobs/6a22c6f27e433821290d8f2b/results/results_symbols_kidney_Wilson_Nat_Commun_2022_author_cell_type_X_umap_9c7fc3.pkl
results_symbols_kidney_Xu_Cell_2023_Curated_annotation_X_umap_71ffd1.csv,s3://lifebit-user-data-6941eed90a4dd7a1d1026d7a/deploit/teams/69d8dd1e5d3e1f8c350e006f/users/68af3d99c99eb7bd2ff47bc8/projects/69f80768ca774c668fbaaed8/jobs/6a22c6f27e433821290d8f2b/results/results_symbols_kidney_Xu_Cell_2023_Curated_annotation_X_umap_71ffd1.csv
results_symbols_kidney_Xu_Cell_2023_Curated_annotation_X_umap_71ffd1.pkl,s3://lifebit-user-data-6941eed90a4dd7a1d1026d7a/deploit/teams/69d8dd1e5d3e1f8c350e006f/users/68af3d99c99eb7bd2ff47bc8/projects/69f80768ca774c668fbaaed8/jobs/6a22c6f27e433821290d8f2b/results/results_symbols_kidney_Xu_Cell_2023_Curated_annotation_X_umap_71ffd1.pkl
results_symbols_kidney_Young_Science_2018_author_cell_type_X_umap_57f337.csv,s3://lifebit-user-data-6941eed90a4dd7a1d1026d7a/deploit/teams/69d8dd1e5d3e1f8c350e006f/users/68af3d99c99eb7bd2ff47bc8/projects/69f80768ca774c668fbaaed8/jobs/6a22c6f27e433821290d8f2b/results/results_symbols_kidney_Young_Science_2018_author_cell_type_X_umap_57f337.csv
results_symbols_kidney_Young_Science_2018_author_cell_type_X_umap_57f337.pkl,s3://lifebit-user-data-6941eed90a4dd7a1d1026d7a/deploit/teams/69d8dd1e5d3e1f8c350e006f/users/68af3d99c99eb7bd2ff47bc8/projects/69f80768ca774c668fbaaed8/jobs/6a22c6f27e433821290d8f2b/results/results_symbols_kidney_Young_Science_2018_author_cell_type_X_umap_57f337.pkl
scatter_kidney_Han_Nature_2020_author_cell_type_X_umap_5c7ea7_f_score.html,s3://lifebit-user-data-6941eed90a4dd7a1d1026d7a/deploit/teams/69d8dd1e5d3e1f8c350e006f/users/68af3d99c99eb7bd2ff47bc8/projects/69f80768ca774c668fbaaed8/jobs/6a22c6f27e433821290d8f2b/results/scatter_kidney_Han_Nature_2020_author_cell_type_X_umap_5c7ea7_f_score.html
scatter_kidney_Han_Nature_2020_author_cell_type_X_umap_5c7ea7_f_score.svg,s3://lifebit-user-data-6941eed90a4dd7a1d1026d7a/deploit/teams/69d8dd1e5d3e1f8c350e006f/users/68af3d99c99eb7bd2ff47bc8/projects/69f80768ca774c668fbaaed8/jobs/6a22c6f27e433821290d8f2b/results/scatter_kidney_Han_Nature_2020_author_cell_type_X_umap_5c7ea7_f_score.svg
scatter_kidney_Han_Nature_2020_author_cell_type_X_umap_5c7ea7_onTarget.html,s3://lifebit-user-data-6941eed90a4dd7a1d1026d7a/deploit/teams/69d8dd1e5d3e1f8c350e006f/users/68af3d99c99eb7bd2ff47bc8/projects/69f80768ca774c668fbaaed8/jobs/6a22c6f27e433821290d8f2b/results/scatter_kidney_Han_Nature_2020_author_cell_type_X_umap_5c7ea7_onTarget.html
scatter_kidney_Han_Nature_2020_author_cell_type_X_umap_5c7ea7_onTarget.svg,s3://lifebit-user-data-6941eed90a4dd7a1d1026d7a/deploit/teams/69d8dd1e5d3e1f8c350e006f/users/68af3d99c99eb7bd2ff47bc8/projects/69f80768ca774c668fbaaed8/jobs/6a22c6f27e433821290d8f2b/results/scatter_kidney_Han_Nature_2020_author_cell_type_X_umap_5c7ea7_onTarget.svg
scatter_kidney_Han_Nature_2020_author_cell_type_X_umap_5c7ea7_precision.html,s3://lifebit-user-data-6941eed90a4dd7a1d1026d7a/deploit/teams/69d8dd1e5d3e1f8c350e006f/users/68af3d99c99eb7bd2ff47bc8/projects/69f80768ca774c668fbaaed8/jobs/6a22c6f27e433821290d8f2b/results/scatter_kidney_Han_Nature_2020_author_cell_type_X_umap_5c7ea7_precision.html
scatter_kidney_Han_Nature_2020_author_cell_type_X_umap_5c7ea7_precision.svg,s3://lifebit-user-data-6941eed90a4dd7a1d1026d7a/deploit/teams/69d8dd1e5d3e1f8c350e006f/users/68af3d99c99eb7bd2ff47bc8/projects/69f80768ca774c668fbaaed8/jobs/6a22c6f27e433821290d8f2b/results/scatter_kidney_Han_Nature_2020_author_cell_type_X_umap_5c7ea7_precision.svg
scatter_kidney_Han_Nature_2020_author_cell_type_X_umap_5c7ea7_recall.html,s3://lifebit-user-data-6941eed90a4dd7a1d1026d7a/deploit/teams/69d8dd1e5d3e1f8c350e006f/users/68af3d99c99eb7bd2ff47bc8/projects/69f80768ca774c668fbaaed8/jobs/6a22c6f27e433821290d8f2b/results/scatter_kidney_Han_Nature_2020_author_cell_type_X_umap_5c7ea7_recall.html
scatter_kidney_Han_Nature_2020_author_cell_type_X_umap_5c7ea7_recall.svg,s3://lifebit-user-data-6941eed90a4dd7a1d1026d7a/deploit/teams/69d8dd1e5d3e1f8c350e006f/users/68af3d99c99eb7bd2ff47bc8/projects/69f80768ca774c668fbaaed8/jobs/6a22c6f27e433821290d8f2b/results/scatter_kidney_Han_Nature_2020_author_cell_type_X_umap_5c7ea7_recall.svg
scatter_kidney_Lake_Nature_2023_subclass.full_X_umap_4af23f_f_score.html,s3://lifebit-user-data-6941eed90a4dd7a1d1026d7a/deploit/teams/69d8dd1e5d3e1f8c350e006f/users/68af3d99c99eb7bd2ff47bc8/projects/69f80768ca774c668fbaaed8/jobs/6a22c6f27e433821290d8f2b/results/scatter_kidney_Lake_Nature_2023_subclass.full_X_umap_4af23f_f_score.html
scatter_kidney_Lake_Nature_2023_subclass.full_X_umap_4af23f_f_score.svg,s3://lifebit-user-data-6941eed90a4dd7a1d1026d7a/deploit/teams/69d8dd1e5d3e1f8c350e006f/users/68af3d99c99eb7bd2ff47bc8/projects/69f80768ca774c668fbaaed8/jobs/6a22c6f27e433821290d8f2b/results/scatter_kidney_Lake_Nature_2023_subclass.full_X_umap_4af23f_f_score.svg
scatter_kidney_Lake_Nature_2023_subclass.full_X_umap_4af23f_onTarget.html,s3://lifebit-user-data-6941eed90a4dd7a1d1026d7a/deploit/teams/69d8dd1e5d3e1f8c350e006f/users/68af3d99c99eb7bd2ff47bc8/projects/69f80768ca774c668fbaaed8/jobs/6a22c6f27e433821290d8f2b/results/scatter_kidney_Lake_Nature_2023_subclass.full_X_umap_4af23f_onTarget.html
scatter_kidney_Lake_Nature_2023_subclass.full_X_umap_4af23f_onTarget.svg,s3://lifebit-user-data-6941eed90a4dd7a1d1026d7a/deploit/teams/69d8dd1e5d3e1f8c350e006f/users/68af3d99c99eb7bd2ff47bc8/projects/69f80768ca774c668fbaaed8/jobs/6a22c6f27e433821290d8f2b/results/scatter_kidney_Lake_Nature_2023_subclass.full_X_umap_4af23f_onTarget.svg
scatter_kidney_Lake_Nature_2023_subclass.full_X_umap_4af23f_precision.html,s3://lifebit-user-data-6941eed90a4dd7a1d1026d7a/deploit/teams/69d8dd1e5d3e1f8c350e006f/users/68af3d99c99eb7bd2ff47bc8/projects/69f80768ca774c668fbaaed8/jobs/6a22c6f27e433821290d8f2b/results/scatter_kidney_Lake_Nature_2023_subclass.full_X_umap_4af23f_precision.html
scatter_kidney_Lake_Nature_2023_subclass.full_X_umap_4af23f_precision.svg,s3://lifebit-user-data-6941eed90a4dd7a1d1026d7a/deploit/teams/69d8dd1e5d3e1f8c350e006f/users/68af3d99c99eb7bd2ff47bc8/projects/69f80768ca774c668fbaaed8/jobs/6a22c6f27e433821290d8f2b/results/scatter_kidney_Lake_Nature_2023_subclass.full_X_umap_4af23f_precision.svg
scatter_kidney_Lake_Nature_2023_subclass.full_X_umap_4af23f_recall.html,s3://lifebit-user-data-6941eed90a4dd7a1d1026d7a/deploit/teams/69d8dd1e5d3e1f8c350e006f/users/68af3d99c99eb7bd2ff47bc8/projects/69f80768ca774c668fbaaed8/jobs/6a22c6f27e433821290d8f2b/results/scatter_kidney_Lake_Nature_2023_subclass.full_X_umap_4af23f_recall.html
scatter_kidney_Lake_Nature_2023_subclass.full_X_umap_4af23f_recall.svg,s3://lifebit-user-data-6941eed90a4dd7a1d1026d7a/deploit/teams/69d8dd1e5d3e1f8c350e006f/users/68af3d99c99eb7bd2ff47bc8/projects/69f80768ca774c668fbaaed8/jobs/6a22c6f27e433821290d8f2b/results/scatter_kidney_Lake_Nature_2023_subclass.full_X_umap_4af23f_recall.svg
scatter_kidney_McEvoy_Nat_Commun_2022_author_cell_type_X_umap_01cfaa_f_score.html,s3://lifebit-user-data-6941eed90a4dd7a1d1026d7a/deploit/teams/69d8dd1e5d3e1f8c350e006f/users/68af3d99c99eb7bd2ff47bc8/projects/69f80768ca774c668fbaaed8/jobs/6a22c6f27e433821290d8f2b/results/scatter_kidney_McEvoy_Nat_Commun_2022_author_cell_type_X_umap_01cfaa_f_score.html
scatter_kidney_McEvoy_Nat_Commun_2022_author_cell_type_X_umap_01cfaa_f_score.svg,s3://lifebit-user-data-6941eed90a4dd7a1d1026d7a/deploit/teams/69d8dd1e5d3e1f8c350e006f/users/68af3d99c99eb7bd2ff47bc8/projects/69f80768ca774c668fbaaed8/jobs/6a22c6f27e433821290d8f2b/results/scatter_kidney_McEvoy_Nat_Commun_2022_author_cell_type_X_umap_01cfaa_f_score.svg
scatter_kidney_McEvoy_Nat_Commun_2022_author_cell_type_X_umap_01cfaa_onTarget.html,s3://lifebit-user-data-6941eed90a4dd7a1d1026d7a/deploit/teams/69d8dd1e5d3e1f8c350e006f/users/68af3d99c99eb7bd2ff47bc8/projects/69f80768ca774c668fbaaed8/jobs/6a22c6f27e433821290d8f2b/results/scatter_kidney_McEvoy_Nat_Commun_2022_author_cell_type_X_umap_01cfaa_onTarget.html
scatter_kidney_McEvoy_Nat_Commun_2022_author_cell_type_X_umap_01cfaa_onTarget.svg,s3://lifebit-user-data-6941eed90a4dd7a1d1026d7a/deploit/teams/69d8dd1e5d3e1f8c350e006f/users/68af3d99c99eb7bd2ff47bc8/projects/69f80768ca774c668fbaaed8/jobs/6a22c6f27e433821290d8f2b/results/scatter_kidney_McEvoy_Nat_Commun_2022_author_cell_type_X_umap_01cfaa_onTarget.svg
scatter_kidney_McEvoy_Nat_Commun_2022_author_cell_type_X_umap_01cfaa_precision.html,s3://lifebit-user-data-6941eed90a4dd7a1d1026d7a/deploit/teams/69d8dd1e5d3e1f8c350e006f/users/68af3d99c99eb7bd2ff47bc8/projects/69f80768ca774c668fbaaed8/jobs/6a22c6f27e433821290d8f2b/results/scatter_kidney_McEvoy_Nat_Commun_2022_author_cell_type_X_umap_01cfaa_precision.html
scatter_kidney_McEvoy_Nat_Commun_2022_author_cell_type_X_umap_01cfaa_precision.svg,s3://lifebit-user-data-6941eed90a4dd7a1d1026d7a/deploit/teams/69d8dd1e5d3e1f8c350e006f/users/68af3d99c99eb7bd2ff47bc8/projects/69f80768ca774c668fbaaed8/jobs/6a22c6f27e433821290d8f2b/results/scatter_kidney_McEvoy_Nat_Commun_2022_author_cell_type_X_umap_01cfaa_precision.svg
scatter_kidney_McEvoy_Nat_Commun_2022_author_cell_type_X_umap_01cfaa_recall.html,s3://lifebit-user-data-6941eed90a4dd7a1d1026d7a/deploit/teams/69d8dd1e5d3e1f8c350e006f/users/68af3d99c99eb7bd2ff47bc8/projects/69f80768ca774c668fbaaed8/jobs/6a22c6f27e433821290d8f2b/results/scatter_kidney_McEvoy_Nat_Commun_2022_author_cell_type_X_umap_01cfaa_recall.html
scatter_kidney_McEvoy_Nat_Commun_2022_author_cell_type_X_umap_01cfaa_recall.svg,s3://lifebit-user-data-6941eed90a4dd7a1d1026d7a/deploit/teams/69d8dd1e5d3e1f8c350e006f/users/68af3d99c99eb7bd2ff47bc8/projects/69f80768ca774c668fbaaed8/jobs/6a22c6f27e433821290d8f2b/results/scatter_kidney_McEvoy_Nat_Commun_2022_author_cell_type_X_umap_01cfaa_recall.svg
scatter_kidney_Muto_Nat_Commun_2021_author_cell_type_X_umap_ec4b39_f_score.html,s3://lifebit-user-data-6941eed90a4dd7a1d1026d7a/deploit/teams/69d8dd1e5d3e1f8c350e006f/users/68af3d99c99eb7bd2ff47bc8/projects/69f80768ca774c668fbaaed8/jobs/6a22c6f27e433821290d8f2b/results/scatter_kidney_Muto_Nat_Commun_2021_author_cell_type_X_umap_ec4b39_f_score.html
scatter_kidney_Muto_Nat_Commun_2021_author_cell_type_X_umap_ec4b39_f_score.svg,s3://lifebit-user-data-6941eed90a4dd7a1d1026d7a/deploit/teams/69d8dd1e5d3e1f8c350e006f/users/68af3d99c99eb7bd2ff47bc8/projects/69f80768ca774c668fbaaed8/jobs/6a22c6f27e433821290d8f2b/results/scatter_kidney_Muto_Nat_Commun_2021_author_cell_type_X_umap_ec4b39_f_score.svg
scatter_kidney_Muto_Nat_Commun_2021_author_cell_type_X_umap_ec4b39_onTarget.html,s3://lifebit-user-data-6941eed90a4dd7a1d1026d7a/deploit/teams/69d8dd1e5d3e1f8c350e006f/users/68af3d99c99eb7bd2ff47bc8/projects/69f80768ca774c668fbaaed8/jobs/6a22c6f27e433821290d8f2b/results/scatter_kidney_Muto_Nat_Commun_2021_author_cell_type_X_umap_ec4b39_onTarget.html
scatter_kidney_Muto_Nat_Commun_2021_author_cell_type_X_umap_ec4b39_onTarget.svg,s3://lifebit-user-data-6941eed90a4dd7a1d1026d7a/deploit/teams/69d8dd1e5d3e1f8c350e006f/users/68af3d99c99eb7bd2ff47bc8/projects/69f80768ca774c668fbaaed8/jobs/6a22c6f27e433821290d8f2b/results/scatter_kidney_Muto_Nat_Commun_2021_author_cell_type_X_umap_ec4b39_onTarget.svg
scatter_kidney_Muto_Nat_Commun_2021_author_cell_type_X_umap_ec4b39_precision.html,s3://lifebit-user-data-6941eed90a4dd7a1d1026d7a/deploit/teams/69d8dd1e5d3e1f8c350e006f/users/68af3d99c99eb7bd2ff47bc8/projects/69f80768ca774c668fbaaed8/jobs/6a22c6f27e433821290d8f2b/results/scatter_kidney_Muto_Nat_Commun_2021_author_cell_type_X_umap_ec4b39_precision.html
scatter_kidney_Muto_Nat_Commun_2021_author_cell_type_X_umap_ec4b39_precision.svg,s3://lifebit-user-data-6941eed90a4dd7a1d1026d7a/deploit/teams/69d8dd1e5d3e1f8c350e006f/users/68af3d99c99eb7bd2ff47bc8/projects/69f80768ca774c668fbaaed8/jobs/6a22c6f27e433821290d8f2b/results/scatter_kidney_Muto_Nat_Commun_2021_author_cell_type_X_umap_ec4b39_precision.svg
scatter_kidney_Muto_Nat_Commun_2021_author_cell_type_X_umap_ec4b39_recall.html,s3://lifebit-user-data-6941eed90a4dd7a1d1026d7a/deploit/teams/69d8dd1e5d3e1f8c350e006f/users/68af3d99c99eb7bd2ff47bc8/projects/69f80768ca774c668fbaaed8/jobs/6a22c6f27e433821290d8f2b/results/scatter_kidney_Muto_Nat_Commun_2021_author_cell_type_X_umap_ec4b39_recall.html
scatter_kidney_Muto_Nat_Commun_2021_author_cell_type_X_umap_ec4b39_recall.svg,s3://lifebit-user-data-6941eed90a4dd7a1d1026d7a/deploit/teams/69d8dd1e5d3e1f8c350e006f/users/68af3d99c99eb7bd2ff47bc8/projects/69f80768ca774c668fbaaed8/jobs/6a22c6f27e433821290d8f2b/results/scatter_kidney_Muto_Nat_Commun_2021_author_cell_type_X_umap_ec4b39_recall.svg
scatter_kidney_Reck_Nat_Commun_2025_celltype_l2_X_umap_ffd4ba_f_score.html,s3://lifebit-user-data-6941eed90a4dd7a1d1026d7a/deploit/teams/69d8dd1e5d3e1f8c350e006f/users/68af3d99c99eb7bd2ff47bc8/projects/69f80768ca774c668fbaaed8/jobs/6a22c6f27e433821290d8f2b/results/scatter_kidney_Reck_Nat_Commun_2025_celltype_l2_X_umap_ffd4ba_f_score.html
scatter_kidney_Reck_Nat_Commun_2025_celltype_l2_X_umap_ffd4ba_f_score.svg,s3://lifebit-user-data-6941eed90a4dd7a1d1026d7a/deploit/teams/69d8dd1e5d3e1f8c350e006f/users/68af3d99c99eb7bd2ff47bc8/projects/69f80768ca774c668fbaaed8/jobs/6a22c6f27e433821290d8f2b/results/scatter_kidney_Reck_Nat_Commun_2025_celltype_l2_X_umap_ffd4ba_f_score.svg
scatter_kidney_Reck_Nat_Commun_2025_celltype_l2_X_umap_ffd4ba_onTarget.html,s3://lifebit-user-data-6941eed90a4dd7a1d1026d7a/deploit/teams/69d8dd1e5d3e1f8c350e006f/users/68af3d99c99eb7bd2ff47bc8/projects/69f80768ca774c668fbaaed8/jobs/6a22c6f27e433821290d8f2b/results/scatter_kidney_Reck_Nat_Commun_2025_celltype_l2_X_umap_ffd4ba_onTarget.html
scatter_kidney_Reck_Nat_Commun_2025_celltype_l2_X_umap_ffd4ba_onTarget.svg,s3://lifebit-user-data-6941eed90a4dd7a1d1026d7a/deploit/teams/69d8dd1e5d3e1f8c350e006f/users/68af3d99c99eb7bd2ff47bc8/projects/69f80768ca774c668fbaaed8/jobs/6a22c6f27e433821290d8f2b/results/scatter_kidney_Reck_Nat_Commun_2025_celltype_l2_X_umap_ffd4ba_onTarget.svg
scatter_kidney_Reck_Nat_Commun_2025_celltype_l2_X_umap_ffd4ba_precision.html,s3://lifebit-user-data-6941eed90a4dd7a1d1026d7a/deploit/teams/69d8dd1e5d3e1f8c350e006f/users/68af3d99c99eb7bd2ff47bc8/projects/69f80768ca774c668fbaaed8/jobs/6a22c6f27e433821290d8f2b/results/scatter_kidney_Reck_Nat_Commun_2025_celltype_l2_X_umap_ffd4ba_precision.html
scatter_kidney_Reck_Nat_Commun_2025_celltype_l2_X_umap_ffd4ba_precision.svg,s3://lifebit-user-data-6941eed90a4dd7a1d1026d7a/deploit/teams/69d8dd1e5d3e1f8c350e006f/users/68af3d99c99eb7bd2ff47bc8/projects/69f80768ca774c668fbaaed8/jobs/6a22c6f27e433821290d8f2b/results/scatter_kidney_Reck_Nat_Commun_2025_celltype_l2_X_umap_ffd4ba_precision.svg
scatter_kidney_Reck_Nat_Commun_2025_celltype_l2_X_umap_ffd4ba_recall.html,s3://lifebit-user-data-6941eed90a4dd7a1d1026d7a/deploit/teams/69d8dd1e5d3e1f8c350e006f/users/68af3d99c99eb7bd2ff47bc8/projects/69f80768ca774c668fbaaed8/jobs/6a22c6f27e433821290d8f2b/results/scatter_kidney_Reck_Nat_Commun_2025_celltype_l2_X_umap_ffd4ba_recall.html
scatter_kidney_Reck_Nat_Commun_2025_celltype_l2_X_umap_ffd4ba_recall.svg,s3://lifebit-user-data-6941eed90a4dd7a1d1026d7a/deploit/teams/69d8dd1e5d3e1f8c350e006f/users/68af3d99c99eb7bd2ff47bc8/projects/69f80768ca774c668fbaaed8/jobs/6a22c6f27e433821290d8f2b/results/scatter_kidney_Reck_Nat_Commun_2025_celltype_l2_X_umap_ffd4ba_recall.svg
scatter_kidney_Stewart_Science_2019_author_cell_type_X_umap_de3575_f_score.html,s3://lifebit-user-data-6941eed90a4dd7a1d1026d7a/deploit/teams/69d8dd1e5d3e1f8c350e006f/users/68af3d99c99eb7bd2ff47bc8/projects/69f80768ca774c668fbaaed8/jobs/6a22c6f27e433821290d8f2b/results/scatter_kidney_Stewart_Science_2019_author_cell_type_X_umap_de3575_f_score.html
scatter_kidney_Stewart_Science_2019_author_cell_type_X_umap_de3575_f_score.svg,s3://lifebit-user-data-6941eed90a4dd7a1d1026d7a/deploit/teams/69d8dd1e5d3e1f8c350e006f/users/68af3d99c99eb7bd2ff47bc8/projects/69f80768ca774c668fbaaed8/jobs/6a22c6f27e433821290d8f2b/results/scatter_kidney_Stewart_Science_2019_author_cell_type_X_umap_de3575_f_score.svg
scatter_kidney_Stewart_Science_2019_author_cell_type_X_umap_de3575_onTarget.html,s3://lifebit-user-data-6941eed90a4dd7a1d1026d7a/deploit/teams/69d8dd1e5d3e1f8c350e006f/users/68af3d99c99eb7bd2ff47bc8/projects/69f80768ca774c668fbaaed8/jobs/6a22c6f27e433821290d8f2b/results/scatter_kidney_Stewart_Science_2019_author_cell_type_X_umap_de3575_onTarget.html
scatter_kidney_Stewart_Science_2019_author_cell_type_X_umap_de3575_onTarget.svg,s3://lifebit-user-data-6941eed90a4dd7a1d1026d7a/deploit/teams/69d8dd1e5d3e1f8c350e006f/users/68af3d99c99eb7bd2ff47bc8/projects/69f80768ca774c668fbaaed8/jobs/6a22c6f27e433821290d8f2b/results/scatter_kidney_Stewart_Science_2019_author_cell_type_X_umap_de3575_onTarget.svg
scatter_kidney_Stewart_Science_2019_author_cell_type_X_umap_de3575_precision.html,s3://lifebit-user-data-6941eed90a4dd7a1d1026d7a/deploit/teams/69d8dd1e5d3e1f8c350e006f/users/68af3d99c99eb7bd2ff47bc8/projects/69f80768ca774c668fbaaed8/jobs/6a22c6f27e433821290d8f2b/results/scatter_kidney_Stewart_Science_2019_author_cell_type_X_umap_de3575_precision.html
scatter_kidney_Stewart_Science_2019_author_cell_type_X_umap_de3575_precision.svg,s3://lifebit-user-data-6941eed90a4dd7a1d1026d7a/deploit/teams/69d8dd1e5d3e1f8c350e006f/users/68af3d99c99eb7bd2ff47bc8/projects/69f80768ca774c668fbaaed8/jobs/6a22c6f27e433821290d8f2b/results/scatter_kidney_Stewart_Science_2019_author_cell_type_X_umap_de3575_precision.svg
scatter_kidney_Stewart_Science_2019_author_cell_type_X_umap_de3575_recall.html,s3://lifebit-user-data-6941eed90a4dd7a1d1026d7a/deploit/teams/69d8dd1e5d3e1f8c350e006f/users/68af3d99c99eb7bd2ff47bc8/projects/69f80768ca774c668fbaaed8/jobs/6a22c6f27e433821290d8f2b/results/scatter_kidney_Stewart_Science_2019_author_cell_type_X_umap_de3575_recall.html
scatter_kidney_Stewart_Science_2019_author_cell_type_X_umap_de3575_recall.svg,s3://lifebit-user-data-6941eed90a4dd7a1d1026d7a/deploit/teams/69d8dd1e5d3e1f8c350e006f/users/68af3d99c99eb7bd2ff47bc8/projects/69f80768ca774c668fbaaed8/jobs/6a22c6f27e433821290d8f2b/results/scatter_kidney_Stewart_Science_2019_author_cell_type_X_umap_de3575_recall.svg
scatter_kidney_Wilson_Nat_Commun_2022_author_cell_type_X_umap_9c7fc3_f_score.html,s3://lifebit-user-data-6941eed90a4dd7a1d1026d7a/deploit/teams/69d8dd1e5d3e1f8c350e006f/users/68af3d99c99eb7bd2ff47bc8/projects/69f80768ca774c668fbaaed8/jobs/6a22c6f27e433821290d8f2b/results/scatter_kidney_Wilson_Nat_Commun_2022_author_cell_type_X_umap_9c7fc3_f_score.html
scatter_kidney_Wilson_Nat_Commun_2022_author_cell_type_X_umap_9c7fc3_f_score.svg,s3://lifebit-user-data-6941eed90a4dd7a1d1026d7a/deploit/teams/69d8dd1e5d3e1f8c350e006f/users/68af3d99c99eb7bd2ff47bc8/projects/69f80768ca774c668fbaaed8/jobs/6a22c6f27e433821290d8f2b/results/scatter_kidney_Wilson_Nat_Commun_2022_author_cell_type_X_umap_9c7fc3_f_score.svg
scatter_kidney_Wilson_Nat_Commun_2022_author_cell_type_X_umap_9c7fc3_onTarget.html,s3://lifebit-user-data-6941eed90a4dd7a1d1026d7a/deploit/teams/69d8dd1e5d3e1f8c350e006f/users/68af3d99c99eb7bd2ff47bc8/projects/69f80768ca774c668fbaaed8/jobs/6a22c6f27e433821290d8f2b/results/scatter_kidney_Wilson_Nat_Commun_2022_author_cell_type_X_umap_9c7fc3_onTarget.html
scatter_kidney_Wilson_Nat_Commun_2022_author_cell_type_X_umap_9c7fc3_onTarget.svg,s3://lifebit-user-data-6941eed90a4dd7a1d1026d7a/deploit/teams/69d8dd1e5d3e1f8c350e006f/users/68af3d99c99eb7bd2ff47bc8/projects/69f80768ca774c668fbaaed8/jobs/6a22c6f27e433821290d8f2b/results/scatter_kidney_Wilson_Nat_Commun_2022_author_cell_type_X_umap_9c7fc3_onTarget.svg
scatter_kidney_Wilson_Nat_Commun_2022_author_cell_type_X_umap_9c7fc3_precision.html,s3://lifebit-user-data-6941eed90a4dd7a1d1026d7a/deploit/teams/69d8dd1e5d3e1f8c350e006f/users/68af3d99c99eb7bd2ff47bc8/projects/69f80768ca774c668fbaaed8/jobs/6a22c6f27e433821290d8f2b/results/scatter_kidney_Wilson_Nat_Commun_2022_author_cell_type_X_umap_9c7fc3_precision.html
scatter_kidney_Wilson_Nat_Commun_2022_author_cell_type_X_umap_9c7fc3_precision.svg,s3://lifebit-user-data-6941eed90a4dd7a1d1026d7a/deploit/teams/69d8dd1e5d3e1f8c350e006f/users/68af3d99c99eb7bd2ff47bc8/projects/69f80768ca774c668fbaaed8/jobs/6a22c6f27e433821290d8f2b/results/scatter_kidney_Wilson_Nat_Commun_2022_author_cell_type_X_umap_9c7fc3_precision.svg
scatter_kidney_Wilson_Nat_Commun_2022_author_cell_type_X_umap_9c7fc3_recall.html,s3://lifebit-user-data-6941eed90a4dd7a1d1026d7a/deploit/teams/69d8dd1e5d3e1f8c350e006f/users/68af3d99c99eb7bd2ff47bc8/projects/69f80768ca774c668fbaaed8/jobs/6a22c6f27e433821290d8f2b/results/scatter_kidney_Wilson_Nat_Commun_2022_author_cell_type_X_umap_9c7fc3_recall.html
scatter_kidney_Wilson_Nat_Commun_2022_author_cell_type_X_umap_9c7fc3_recall.svg,s3://lifebit-user-data-6941eed90a4dd7a1d1026d7a/deploit/teams/69d8dd1e5d3e1f8c350e006f/users/68af3d99c99eb7bd2ff47bc8/projects/69f80768ca774c668fbaaed8/jobs/6a22c6f27e433821290d8f2b/results/scatter_kidney_Wilson_Nat_Commun_2022_author_cell_type_X_umap_9c7fc3_recall.svg
scatter_kidney_Xu_Cell_2023_Curated_annotation_X_umap_71ffd1_f_score.html,s3://lifebit-user-data-6941eed90a4dd7a1d1026d7a/deploit/teams/69d8dd1e5d3e1f8c350e006f/users/68af3d99c99eb7bd2ff47bc8/projects/69f80768ca774c668fbaaed8/jobs/6a22c6f27e433821290d8f2b/results/scatter_kidney_Xu_Cell_2023_Curated_annotation_X_umap_71ffd1_f_score.html
scatter_kidney_Xu_Cell_2023_Curated_annotation_X_umap_71ffd1_f_score.svg,s3://lifebit-user-data-6941eed90a4dd7a1d1026d7a/deploit/teams/69d8dd1e5d3e1f8c350e006f/users/68af3d99c99eb7bd2ff47bc8/projects/69f80768ca774c668fbaaed8/jobs/6a22c6f27e433821290d8f2b/results/scatter_kidney_Xu_Cell_2023_Curated_annotation_X_umap_71ffd1_f_score.svg
scatter_kidney_Xu_Cell_2023_Curated_annotation_X_umap_71ffd1_onTarget.html,s3://lifebit-user-data-6941eed90a4dd7a1d1026d7a/deploit/teams/69d8dd1e5d3e1f8c350e006f/users/68af3d99c99eb7bd2ff47bc8/projects/69f80768ca774c668fbaaed8/jobs/6a22c6f27e433821290d8f2b/results/scatter_kidney_Xu_Cell_2023_Curated_annotation_X_umap_71ffd1_onTarget.html
scatter_kidney_Xu_Cell_2023_Curated_annotation_X_umap_71ffd1_onTarget.svg,s3://lifebit-user-data-6941eed90a4dd7a1d1026d7a/deploit/teams/69d8dd1e5d3e1f8c350e006f/users/68af3d99c99eb7bd2ff47bc8/projects/69f80768ca774c668fbaaed8/jobs/6a22c6f27e433821290d8f2b/results/scatter_kidney_Xu_Cell_2023_Curated_annotation_X_umap_71ffd1_onTarget.svg
scatter_kidney_Xu_Cell_2023_Curated_annotation_X_umap_71ffd1_precision.html,s3://lifebit-user-data-6941eed90a4dd7a1d1026d7a/deploit/teams/69d8dd1e5d3e1f8c350e006f/users/68af3d99c99eb7bd2ff47bc8/projects/69f80768ca774c668fbaaed8/jobs/6a22c6f27e433821290d8f2b/results/scatter_kidney_Xu_Cell_2023_Curated_annotation_X_umap_71ffd1_precision.html
scatter_kidney_Xu_Cell_2023_Curated_annotation_X_umap_71ffd1_precision.svg,s3://lifebit-user-data-6941eed90a4dd7a1d1026d7a/deploit/teams/69d8dd1e5d3e1f8c350e006f/users/68af3d99c99eb7bd2ff47bc8/projects/69f80768ca774c668fbaaed8/jobs/6a22c6f27e433821290d8f2b/results/scatter_kidney_Xu_Cell_2023_Curated_annotation_X_umap_71ffd1_precision.svg
scatter_kidney_Xu_Cell_2023_Curated_annotation_X_umap_71ffd1_recall.html,s3://lifebit-user-data-6941eed90a4dd7a1d1026d7a/deploit/teams/69d8dd1e5d3e1f8c350e006f/users/68af3d99c99eb7bd2ff47bc8/projects/69f80768ca774c668fbaaed8/jobs/6a22c6f27e433821290d8f2b/results/scatter_kidney_Xu_Cell_2023_Curated_annotation_X_umap_71ffd1_recall.html
scatter_kidney_Xu_Cell_2023_Curated_annotation_X_umap_71ffd1_recall.svg,s3://lifebit-user-data-6941eed90a4dd7a1d1026d7a/deploit/teams/69d8dd1e5d3e1f8c350e006f/users/68af3d99c99eb7bd2ff47bc8/projects/69f80768ca774c668fbaaed8/jobs/6a22c6f27e433821290d8f2b/results/scatter_kidney_Xu_Cell_2023_Curated_annotation_X_umap_71ffd1_recall.svg
scatter_kidney_Young_Science_2018_author_cell_type_X_umap_57f337_f_score.html,s3://lifebit-user-data-6941eed90a4dd7a1d1026d7a/deploit/teams/69d8dd1e5d3e1f8c350e006f/users/68af3d99c99eb7bd2ff47bc8/projects/69f80768ca774c668fbaaed8/jobs/6a22c6f27e433821290d8f2b/results/scatter_kidney_Young_Science_2018_author_cell_type_X_umap_57f337_f_score.html
scatter_kidney_Young_Science_2018_author_cell_type_X_umap_57f337_f_score.svg,s3://lifebit-user-data-6941eed90a4dd7a1d1026d7a/deploit/teams/69d8dd1e5d3e1f8c350e006f/users/68af3d99c99eb7bd2ff47bc8/projects/69f80768ca774c668fbaaed8/jobs/6a22c6f27e433821290d8f2b/results/scatter_kidney_Young_Science_2018_author_cell_type_X_umap_57f337_f_score.svg
scatter_kidney_Young_Science_2018_author_cell_type_X_umap_57f337_onTarget.html,s3://lifebit-user-data-6941eed90a4dd7a1d1026d7a/deploit/teams/69d8dd1e5d3e1f8c350e006f/users/68af3d99c99eb7bd2ff47bc8/projects/69f80768ca774c668fbaaed8/jobs/6a22c6f27e433821290d8f2b/results/scatter_kidney_Young_Science_2018_author_cell_type_X_umap_57f337_onTarget.html
scatter_kidney_Young_Science_2018_author_cell_type_X_umap_57f337_onTarget.svg,s3://lifebit-user-data-6941eed90a4dd7a1d1026d7a/deploit/teams/69d8dd1e5d3e1f8c350e006f/users/68af3d99c99eb7bd2ff47bc8/projects/69f80768ca774c668fbaaed8/jobs/6a22c6f27e433821290d8f2b/results/scatter_kidney_Young_Science_2018_author_cell_type_X_umap_57f337_onTarget.svg
scatter_kidney_Young_Science_2018_author_cell_type_X_umap_57f337_precision.html,s3://lifebit-user-data-6941eed90a4dd7a1d1026d7a/deploit/teams/69d8dd1e5d3e1f8c350e006f/users/68af3d99c99eb7bd2ff47bc8/projects/69f80768ca774c668fbaaed8/jobs/6a22c6f27e433821290d8f2b/results/scatter_kidney_Young_Science_2018_author_cell_type_X_umap_57f337_precision.html
scatter_kidney_Young_Science_2018_author_cell_type_X_umap_57f337_precision.svg,s3://lifebit-user-data-6941eed90a4dd7a1d1026d7a/deploit/teams/69d8dd1e5d3e1f8c350e006f/users/68af3d99c99eb7bd2ff47bc8/projects/69f80768ca774c668fbaaed8/jobs/6a22c6f27e433821290d8f2b/results/scatter_kidney_Young_Science_2018_author_cell_type_X_umap_57f337_precision.svg
scatter_kidney_Young_Science_2018_author_cell_type_X_umap_57f337_recall.html,s3://lifebit-user-data-6941eed90a4dd7a1d1026d7a/deploit/teams/69d8dd1e5d3e1f8c350e006f/users/68af3d99c99eb7bd2ff47bc8/projects/69f80768ca774c668fbaaed8/jobs/6a22c6f27e433821290d8f2b/results/scatter_kidney_Young_Science_2018_author_cell_type_X_umap_57f337_recall.html
scatter_kidney_Young_Science_2018_author_cell_type_X_umap_57f337_recall.svg,s3://lifebit-user-data-6941eed90a4dd7a1d1026d7a/deploit/teams/69d8dd1e5d3e1f8c350e006f/users/68af3d99c99eb7bd2ff47bc8/projects/69f80768ca774c668fbaaed8/jobs/6a22c6f27e433821290d8f2b/results/scatter_kidney_Young_Science_2018_author_cell_type_X_umap_57f337_recall.svg
scsilhouette_cluster_summary_kidney_Han_Nature_2020_author_cell_type_X_umap_5c7ea7.csv,s3://lifebit-user-data-6941eed90a4dd7a1d1026d7a/deploit/teams/69d8dd1e5d3e1f8c350e006f/users/68af3d99c99eb7bd2ff47bc8/projects/69f80768ca774c668fbaaed8/jobs/6a22c6f27e433821290d8f2b/results/scsilhouette_cluster_summary_kidney_Han_Nature_2020_author_cell_type_X_umap_5c7ea7.csv
scsilhouette_cluster_summary_kidney_Lake_Nature_2023_subclass.full_X_umap_4af23f.csv,s3://lifebit-user-data-6941eed90a4dd7a1d1026d7a/deploit/teams/69d8dd1e5d3e1f8c350e006f/users/68af3d99c99eb7bd2ff47bc8/projects/69f80768ca774c668fbaaed8/jobs/6a22c6f27e433821290d8f2b/results/scsilhouette_cluster_summary_kidney_Lake_Nature_2023_subclass.full_X_umap_4af23f.csv
scsilhouette_cluster_summary_kidney_McEvoy_Nat_Commun_2022_author_cell_type_X_umap_01cfaa.csv,s3://lifebit-user-data-6941eed90a4dd7a1d1026d7a/deploit/teams/69d8dd1e5d3e1f8c350e006f/users/68af3d99c99eb7bd2ff47bc8/projects/69f80768ca774c668fbaaed8/jobs/6a22c6f27e433821290d8f2b/results/scsilhouette_cluster_summary_kidney_McEvoy_Nat_Commun_2022_author_cell_type_X_umap_01cfaa.csv
scsilhouette_cluster_summary_kidney_Muto_Nat_Commun_2021_author_cell_type_X_umap_ec4b39.csv,s3://lifebit-user-data-6941eed90a4dd7a1d1026d7a/deploit/teams/69d8dd1e5d3e1f8c350e006f/users/68af3d99c99eb7bd2ff47bc8/projects/69f80768ca774c668fbaaed8/jobs/6a22c6f27e433821290d8f2b/results/scsilhouette_cluster_summary_kidney_Muto_Nat_Commun_2021_author_cell_type_X_umap_ec4b39.csv
scsilhouette_cluster_summary_kidney_Reck_Nat_Commun_2025_celltype_l2_X_umap_ffd4ba.csv,s3://lifebit-user-data-6941eed90a4dd7a1d1026d7a/deploit/teams/69d8dd1e5d3e1f8c350e006f/users/68af3d99c99eb7bd2ff47bc8/projects/69f80768ca774c668fbaaed8/jobs/6a22c6f27e433821290d8f2b/results/scsilhouette_cluster_summary_kidney_Reck_Nat_Commun_2025_celltype_l2_X_umap_ffd4ba.csv
scsilhouette_cluster_summary_kidney_Stewart_Science_2019_author_cell_type_X_umap_de3575.csv,s3://lifebit-user-data-6941eed90a4dd7a1d1026d7a/deploit/teams/69d8dd1e5d3e1f8c350e006f/users/68af3d99c99eb7bd2ff47bc8/projects/69f80768ca774c668fbaaed8/jobs/6a22c6f27e433821290d8f2b/results/scsilhouette_cluster_summary_kidney_Stewart_Science_2019_author_cell_type_X_umap_de3575.csv
scsilhouette_cluster_summary_kidney_Wilson_Nat_Commun_2022_author_cell_type_X_umap_9c7fc3.csv,s3://lifebit-user-data-6941eed90a4dd7a1d1026d7a/deploit/teams/69d8dd1e5d3e1f8c350e006f/users/68af3d99c99eb7bd2ff47bc8/projects/69f80768ca774c668fbaaed8/jobs/6a22c6f27e433821290d8f2b/results/scsilhouette_cluster_summary_kidney_Wilson_Nat_Commun_2022_author_cell_type_X_umap_9c7fc3.csv
scsilhouette_cluster_summary_kidney_Xu_Cell_2023_Curated_annotation_X_umap_71ffd1.csv,s3://lifebit-user-data-6941eed90a4dd7a1d1026d7a/deploit/teams/69d8dd1e5d3e1f8c350e006f/users/68af3d99c99eb7bd2ff47bc8/projects/69f80768ca774c668fbaaed8/jobs/6a22c6f27e433821290d8f2b/results/scsilhouette_cluster_summary_kidney_Xu_Cell_2023_Curated_annotation_X_umap_71ffd1.csv
scsilhouette_cluster_summary_kidney_Young_Science_2018_author_cell_type_X_umap_57f337.csv,s3://lifebit-user-data-6941eed90a4dd7a1d1026d7a/deploit/teams/69d8dd1e5d3e1f8c350e006f/users/68af3d99c99eb7bd2ff47bc8/projects/69f80768ca774c668fbaaed8/jobs/6a22c6f27e433821290d8f2b/results/scsilhouette_cluster_summary_kidney_Young_Science_2018_author_cell_type_X_umap_57f337.csv
silhouette_fscore_summary_kidney_Han_Nature_2020_author_cell_type_X_umap_5c7ea7.csv,s3://lifebit-user-data-6941eed90a4dd7a1d1026d7a/deploit/teams/69d8dd1e5d3e1f8c350e006f/users/68af3d99c99eb7bd2ff47bc8/projects/69f80768ca774c668fbaaed8/jobs/6a22c6f27e433821290d8f2b/results/silhouette_fscore_summary_kidney_Han_Nature_2020_author_cell_type_X_umap_5c7ea7.csv
silhouette_fscore_summary_kidney_Han_Nature_2020_author_cell_type_X_umap_5c7ea7.html,s3://lifebit-user-data-6941eed90a4dd7a1d1026d7a/deploit/teams/69d8dd1e5d3e1f8c350e006f/users/68af3d99c99eb7bd2ff47bc8/projects/69f80768ca774c668fbaaed8/jobs/6a22c6f27e433821290d8f2b/results/silhouette_fscore_summary_kidney_Han_Nature_2020_author_cell_type_X_umap_5c7ea7.html
silhouette_fscore_summary_kidney_Han_Nature_2020_author_cell_type_X_umap_5c7ea7.svg,s3://lifebit-user-data-6941eed90a4dd7a1d1026d7a/deploit/teams/69d8dd1e5d3e1f8c350e006f/users/68af3d99c99eb7bd2ff47bc8/projects/69f80768ca774c668fbaaed8/jobs/6a22c6f27e433821290d8f2b/results/silhouette_fscore_summary_kidney_Han_Nature_2020_author_cell_type_X_umap_5c7ea7.svg
silhouette_fscore_summary_kidney_Lake_Nature_2023_subclass.full_X_umap_4af23f.csv,s3://lifebit-user-data-6941eed90a4dd7a1d1026d7a/deploit/teams/69d8dd1e5d3e1f8c350e006f/users/68af3d99c99eb7bd2ff47bc8/projects/69f80768ca774c668fbaaed8/jobs/6a22c6f27e433821290d8f2b/results/silhouette_fscore_summary_kidney_Lake_Nature_2023_subclass.full_X_umap_4af23f.csv
silhouette_fscore_summary_kidney_Lake_Nature_2023_subclass.full_X_umap_4af23f.html,s3://lifebit-user-data-6941eed90a4dd7a1d1026d7a/deploit/teams/69d8dd1e5d3e1f8c350e006f/users/68af3d99c99eb7bd2ff47bc8/projects/69f80768ca774c668fbaaed8/jobs/6a22c6f27e433821290d8f2b/results/silhouette_fscore_summary_kidney_Lake_Nature_2023_subclass.full_X_umap_4af23f.html
silhouette_fscore_summary_kidney_Lake_Nature_2023_subclass.full_X_umap_4af23f.svg,s3://lifebit-user-data-6941eed90a4dd7a1d1026d7a/deploit/teams/69d8dd1e5d3e1f8c350e006f/users/68af3d99c99eb7bd2ff47bc8/projects/69f80768ca774c668fbaaed8/jobs/6a22c6f27e433821290d8f2b/results/silhouette_fscore_summary_kidney_Lake_Nature_2023_subclass.full_X_umap_4af23f.svg
silhouette_fscore_summary_kidney_McEvoy_Nat_Commun_2022_author_cell_type_X_umap_01cfaa.csv,s3://lifebit-user-data-6941eed90a4dd7a1d1026d7a/deploit/teams/69d8dd1e5d3e1f8c350e006f/users/68af3d99c99eb7bd2ff47bc8/projects/69f80768ca774c668fbaaed8/jobs/6a22c6f27e433821290d8f2b/results/silhouette_fscore_summary_kidney_McEvoy_Nat_Commun_2022_author_cell_type_X_umap_01cfaa.csv
silhouette_fscore_summary_kidney_McEvoy_Nat_Commun_2022_author_cell_type_X_umap_01cfaa.html,s3://lifebit-user-data-6941eed90a4dd7a1d1026d7a/deploit/teams/69d8dd1e5d3e1f8c350e006f/users/68af3d99c99eb7bd2ff47bc8/projects/69f80768ca774c668fbaaed8/jobs/6a22c6f27e433821290d8f2b/results/silhouette_fscore_summary_kidney_McEvoy_Nat_Commun_2022_author_cell_type_X_umap_01cfaa.html
silhouette_fscore_summary_kidney_McEvoy_Nat_Commun_2022_author_cell_type_X_umap_01cfaa.svg,s3://lifebit-user-data-6941eed90a4dd7a1d1026d7a/deploit/teams/69d8dd1e5d3e1f8c350e006f/users/68af3d99c99eb7bd2ff47bc8/projects/69f80768ca774c668fbaaed8/jobs/6a22c6f27e433821290d8f2b/results/silhouette_fscore_summary_kidney_McEvoy_Nat_Commun_2022_author_cell_type_X_umap_01cfaa.svg
silhouette_fscore_summary_kidney_Muto_Nat_Commun_2021_author_cell_type_X_umap_ec4b39.csv,s3://lifebit-user-data-6941eed90a4dd7a1d1026d7a/deploit/teams/69d8dd1e5d3e1f8c350e006f/users/68af3d99c99eb7bd2ff47bc8/projects/69f80768ca774c668fbaaed8/jobs/6a22c6f27e433821290d8f2b/results/silhouette_fscore_summary_kidney_Muto_Nat_Commun_2021_author_cell_type_X_umap_ec4b39.csv
silhouette_fscore_summary_kidney_Muto_Nat_Commun_2021_author_cell_type_X_umap_ec4b39.html,s3://lifebit-user-data-6941eed90a4dd7a1d1026d7a/deploit/teams/69d8dd1e5d3e1f8c350e006f/users/68af3d99c99eb7bd2ff47bc8/projects/69f80768ca774c668fbaaed8/jobs/6a22c6f27e433821290d8f2b/results/silhouette_fscore_summary_kidney_Muto_Nat_Commun_2021_author_cell_type_X_umap_ec4b39.html
silhouette_fscore_summary_kidney_Muto_Nat_Commun_2021_author_cell_type_X_umap_ec4b39.svg,s3://lifebit-user-data-6941eed90a4dd7a1d1026d7a/deploit/teams/69d8dd1e5d3e1f8c350e006f/users/68af3d99c99eb7bd2ff47bc8/projects/69f80768ca774c668fbaaed8/jobs/6a22c6f27e433821290d8f2b/results/silhouette_fscore_summary_kidney_Muto_Nat_Commun_2021_author_cell_type_X_umap_ec4b39.svg
silhouette_fscore_summary_kidney_Reck_Nat_Commun_2025_celltype_l2_X_umap_ffd4ba.csv,s3://lifebit-user-data-6941eed90a4dd7a1d1026d7a/deploit/teams/69d8dd1e5d3e1f8c350e006f/users/68af3d99c99eb7bd2ff47bc8/projects/69f80768ca774c668fbaaed8/jobs/6a22c6f27e433821290d8f2b/results/silhouette_fscore_summary_kidney_Reck_Nat_Commun_2025_celltype_l2_X_umap_ffd4ba.csv
silhouette_fscore_summary_kidney_Reck_Nat_Commun_2025_celltype_l2_X_umap_ffd4ba.html,s3://lifebit-user-data-6941eed90a4dd7a1d1026d7a/deploit/teams/69d8dd1e5d3e1f8c350e006f/users/68af3d99c99eb7bd2ff47bc8/projects/69f80768ca774c668fbaaed8/jobs/6a22c6f27e433821290d8f2b/results/silhouette_fscore_summary_kidney_Reck_Nat_Commun_2025_celltype_l2_X_umap_ffd4ba.html
silhouette_fscore_summary_kidney_Reck_Nat_Commun_2025_celltype_l2_X_umap_ffd4ba.svg,s3://lifebit-user-data-6941eed90a4dd7a1d1026d7a/deploit/teams/69d8dd1e5d3e1f8c350e006f/users/68af3d99c99eb7bd2ff47bc8/projects/69f80768ca774c668fbaaed8/jobs/6a22c6f27e433821290d8f2b/results/silhouette_fscore_summary_kidney_Reck_Nat_Commun_2025_celltype_l2_X_umap_ffd4ba.svg
silhouette_fscore_summary_kidney_Stewart_Science_2019_author_cell_type_X_umap_de3575.csv,s3://lifebit-user-data-6941eed90a4dd7a1d1026d7a/deploit/teams/69d8dd1e5d3e1f8c350e006f/users/68af3d99c99eb7bd2ff47bc8/projects/69f80768ca774c668fbaaed8/jobs/6a22c6f27e433821290d8f2b/results/silhouette_fscore_summary_kidney_Stewart_Science_2019_author_cell_type_X_umap_de3575.csv
silhouette_fscore_summary_kidney_Stewart_Science_2019_author_cell_type_X_umap_de3575.html,s3://lifebit-user-data-6941eed90a4dd7a1d1026d7a/deploit/teams/69d8dd1e5d3e1f8c350e006f/users/68af3d99c99eb7bd2ff47bc8/projects/69f80768ca774c668fbaaed8/jobs/6a22c6f27e433821290d8f2b/results/silhouette_fscore_summary_kidney_Stewart_Science_2019_author_cell_type_X_umap_de3575.html
silhouette_fscore_summary_kidney_Stewart_Science_2019_author_cell_type_X_umap_de3575.svg,s3://lifebit-user-data-6941eed90a4dd7a1d1026d7a/deploit/teams/69d8dd1e5d3e1f8c350e006f/users/68af3d99c99eb7bd2ff47bc8/projects/69f80768ca774c668fbaaed8/jobs/6a22c6f27e433821290d8f2b/results/silhouette_fscore_summary_kidney_Stewart_Science_2019_author_cell_type_X_umap_de3575.svg
silhouette_fscore_summary_kidney_Wilson_Nat_Commun_2022_author_cell_type_X_umap_9c7fc3.csv,s3://lifebit-user-data-6941eed90a4dd7a1d1026d7a/deploit/teams/69d8dd1e5d3e1f8c350e006f/users/68af3d99c99eb7bd2ff47bc8/projects/69f80768ca774c668fbaaed8/jobs/6a22c6f27e433821290d8f2b/results/silhouette_fscore_summary_kidney_Wilson_Nat_Commun_2022_author_cell_type_X_umap_9c7fc3.csv
silhouette_fscore_summary_kidney_Wilson_Nat_Commun_2022_author_cell_type_X_umap_9c7fc3.html,s3://lifebit-user-data-6941eed90a4dd7a1d1026d7a/deploit/teams/69d8dd1e5d3e1f8c350e006f/users/68af3d99c99eb7bd2ff47bc8/projects/69f80768ca774c668fbaaed8/jobs/6a22c6f27e433821290d8f2b/results/silhouette_fscore_summary_kidney_Wilson_Nat_Commun_2022_author_cell_type_X_umap_9c7fc3.html
silhouette_fscore_summary_kidney_Wilson_Nat_Commun_2022_author_cell_type_X_umap_9c7fc3.svg,s3://lifebit-user-data-6941eed90a4dd7a1d1026d7a/deploit/teams/69d8dd1e5d3e1f8c350e006f/users/68af3d99c99eb7bd2ff47bc8/projects/69f80768ca774c668fbaaed8/jobs/6a22c6f27e433821290d8f2b/results/silhouette_fscore_summary_kidney_Wilson_Nat_Commun_2022_author_cell_type_X_umap_9c7fc3.svg
silhouette_fscore_summary_kidney_Xu_Cell_2023_Curated_annotation_X_umap_71ffd1.csv,s3://lifebit-user-data-6941eed90a4dd7a1d1026d7a/deploit/teams/69d8dd1e5d3e1f8c350e006f/users/68af3d99c99eb7bd2ff47bc8/projects/69f80768ca774c668fbaaed8/jobs/6a22c6f27e433821290d8f2b/results/silhouette_fscore_summary_kidney_Xu_Cell_2023_Curated_annotation_X_umap_71ffd1.csv
silhouette_fscore_summary_kidney_Xu_Cell_2023_Curated_annotation_X_umap_71ffd1.html,s3://lifebit-user-data-6941eed90a4dd7a1d1026d7a/deploit/teams/69d8dd1e5d3e1f8c350e006f/users/68af3d99c99eb7bd2ff47bc8/projects/69f80768ca774c668fbaaed8/jobs/6a22c6f27e433821290d8f2b/results/silhouette_fscore_summary_kidney_Xu_Cell_2023_Curated_annotation_X_umap_71ffd1.html
silhouette_fscore_summary_kidney_Xu_Cell_2023_Curated_annotation_X_umap_71ffd1.svg,s3://lifebit-user-data-6941eed90a4dd7a1d1026d7a/deploit/teams/69d8dd1e5d3e1f8c350e006f/users/68af3d99c99eb7bd2ff47bc8/projects/69f80768ca774c668fbaaed8/jobs/6a22c6f27e433821290d8f2b/results/silhouette_fscore_summary_kidney_Xu_Cell_2023_Curated_annotation_X_umap_71ffd1.svg
silhouette_fscore_summary_kidney_Young_Science_2018_author_cell_type_X_umap_57f337.csv,s3://lifebit-user-data-6941eed90a4dd7a1d1026d7a/deploit/teams/69d8dd1e5d3e1f8c350e006f/users/68af3d99c99eb7bd2ff47bc8/projects/69f80768ca774c668fbaaed8/jobs/6a22c6f27e433821290d8f2b/results/silhouette_fscore_summary_kidney_Young_Science_2018_author_cell_type_X_umap_57f337.csv
silhouette_fscore_summary_kidney_Young_Science_2018_author_cell_type_X_umap_57f337.html,s3://lifebit-user-data-6941eed90a4dd7a1d1026d7a/deploit/teams/69d8dd1e5d3e1f8c350e006f/users/68af3d99c99eb7bd2ff47bc8/projects/69f80768ca774c668fbaaed8/jobs/6a22c6f27e433821290d8f2b/results/silhouette_fscore_summary_kidney_Young_Science_2018_author_cell_type_X_umap_57f337.html
silhouette_fscore_summary_kidney_Young_Science_2018_author_cell_type_X_umap_57f337.svg,s3://lifebit-user-data-6941eed90a4dd7a1d1026d7a/deploit/teams/69d8dd1e5d3e1f8c350e006f/users/68af3d99c99eb7bd2ff47bc8/projects/69f80768ca774c668fbaaed8/jobs/6a22c6f27e433821290d8f2b/results/silhouette_fscore_summary_kidney_Young_Science_2018_author_cell_type_X_umap_57f337.svg
silhouette_scores_kidney_Han_Nature_2020_author_cell_type_X_umap_5c7ea7.csv,s3://lifebit-user-data-6941eed90a4dd7a1d1026d7a/deploit/teams/69d8dd1e5d3e1f8c350e006f/users/68af3d99c99eb7bd2ff47bc8/projects/69f80768ca774c668fbaaed8/jobs/6a22c6f27e433821290d8f2b/results/silhouette_scores_kidney_Han_Nature_2020_author_cell_type_X_umap_5c7ea7.csv
silhouette_scores_kidney_Lake_Nature_2023_subclass.full_X_umap_4af23f.csv,s3://lifebit-user-data-6941eed90a4dd7a1d1026d7a/deploit/teams/69d8dd1e5d3e1f8c350e006f/users/68af3d99c99eb7bd2ff47bc8/projects/69f80768ca774c668fbaaed8/jobs/6a22c6f27e433821290d8f2b/results/silhouette_scores_kidney_Lake_Nature_2023_subclass.full_X_umap_4af23f.csv
silhouette_scores_kidney_McEvoy_Nat_Commun_2022_author_cell_type_X_umap_01cfaa.csv,s3://lifebit-user-data-6941eed90a4dd7a1d1026d7a/deploit/teams/69d8dd1e5d3e1f8c350e006f/users/68af3d99c99eb7bd2ff47bc8/projects/69f80768ca774c668fbaaed8/jobs/6a22c6f27e433821290d8f2b/results/silhouette_scores_kidney_McEvoy_Nat_Commun_2022_author_cell_type_X_umap_01cfaa.csv
silhouette_scores_kidney_Muto_Nat_Commun_2021_author_cell_type_X_umap_ec4b39.csv,s3://lifebit-user-data-6941eed90a4dd7a1d1026d7a/deploit/teams/69d8dd1e5d3e1f8c350e006f/users/68af3d99c99eb7bd2ff47bc8/projects/69f80768ca774c668fbaaed8/jobs/6a22c6f27e433821290d8f2b/results/silhouette_scores_kidney_Muto_Nat_Commun_2021_author_cell_type_X_umap_ec4b39.csv
silhouette_scores_kidney_Reck_Nat_Commun_2025_celltype_l2_X_umap_ffd4ba.csv,s3://lifebit-user-data-6941eed90a4dd7a1d1026d7a/deploit/teams/69d8dd1e5d3e1f8c350e006f/users/68af3d99c99eb7bd2ff47bc8/projects/69f80768ca774c668fbaaed8/jobs/6a22c6f27e433821290d8f2b/results/silhouette_scores_kidney_Reck_Nat_Commun_2025_celltype_l2_X_umap_ffd4ba.csv
silhouette_scores_kidney_Stewart_Science_2019_author_cell_type_X_umap_de3575.csv,s3://lifebit-user-data-6941eed90a4dd7a1d1026d7a/deploit/teams/69d8dd1e5d3e1f8c350e006f/users/68af3d99c99eb7bd2ff47bc8/projects/69f80768ca774c668fbaaed8/jobs/6a22c6f27e433821290d8f2b/results/silhouette_scores_kidney_Stewart_Science_2019_author_cell_type_X_umap_de3575.csv
silhouette_scores_kidney_Wilson_Nat_Commun_2022_author_cell_type_X_umap_9c7fc3.csv,s3://lifebit-user-data-6941eed90a4dd7a1d1026d7a/deploit/teams/69d8dd1e5d3e1f8c350e006f/users/68af3d99c99eb7bd2ff47bc8/projects/69f80768ca774c668fbaaed8/jobs/6a22c6f27e433821290d8f2b/results/silhouette_scores_kidney_Wilson_Nat_Commun_2022_author_cell_type_X_umap_9c7fc3.csv
silhouette_scores_kidney_Xu_Cell_2023_Curated_annotation_X_umap_71ffd1.csv,s3://lifebit-user-data-6941eed90a4dd7a1d1026d7a/deploit/teams/69d8dd1e5d3e1f8c350e006f/users/68af3d99c99eb7bd2ff47bc8/projects/69f80768ca774c668fbaaed8/jobs/6a22c6f27e433821290d8f2b/results/silhouette_scores_kidney_Xu_Cell_2023_Curated_annotation_X_umap_71ffd1.csv
silhouette_scores_kidney_Young_Science_2018_author_cell_type_X_umap_57f337.csv,s3://lifebit-user-data-6941eed90a4dd7a1d1026d7a/deploit/teams/69d8dd1e5d3e1f8c350e006f/users/68af3d99c99eb7bd2ff47bc8/projects/69f80768ca774c668fbaaed8/jobs/6a22c6f27e433821290d8f2b/results/silhouette_scores_kidney_Young_Science_2018_author_cell_type_X_umap_57f337.csv
stacked_violin__scaledkidney_Han_Nature_2020_author_cell_type_X_umap_5c7ea7.svg,s3://lifebit-user-data-6941eed90a4dd7a1d1026d7a/deploit/teams/69d8dd1e5d3e1f8c350e006f/users/68af3d99c99eb7bd2ff47bc8/projects/69f80768ca774c668fbaaed8/jobs/6a22c6f27e433821290d8f2b/results/stacked_violin__scaledkidney_Han_Nature_2020_author_cell_type_X_umap_5c7ea7.svg
stacked_violin__scaledkidney_Lake_Nature_2023_subclass.full_X_umap_4af23f.svg,s3://lifebit-user-data-6941eed90a4dd7a1d1026d7a/deploit/teams/69d8dd1e5d3e1f8c350e006f/users/68af3d99c99eb7bd2ff47bc8/projects/69f80768ca774c668fbaaed8/jobs/6a22c6f27e433821290d8f2b/results/stacked_violin__scaledkidney_Lake_Nature_2023_subclass.full_X_umap_4af23f.svg
stacked_violin__scaledkidney_McEvoy_Nat_Commun_2022_author_cell_type_X_umap_01cfaa.svg,s3://lifebit-user-data-6941eed90a4dd7a1d1026d7a/deploit/teams/69d8dd1e5d3e1f8c350e006f/users/68af3d99c99eb7bd2ff47bc8/projects/69f80768ca774c668fbaaed8/jobs/6a22c6f27e433821290d8f2b/results/stacked_violin__scaledkidney_McEvoy_Nat_Commun_2022_author_cell_type_X_umap_01cfaa.svg
stacked_violin__scaledkidney_Muto_Nat_Commun_2021_author_cell_type_X_umap_ec4b39.svg,s3://lifebit-user-data-6941eed90a4dd7a1d1026d7a/deploit/teams/69d8dd1e5d3e1f8c350e006f/users/68af3d99c99eb7bd2ff47bc8/projects/69f80768ca774c668fbaaed8/jobs/6a22c6f27e433821290d8f2b/results/stacked_violin__scaledkidney_Muto_Nat_Commun_2021_author_cell_type_X_umap_ec4b39.svg
stacked_violin__scaledkidney_Reck_Nat_Commun_2025_celltype_l2_X_umap_ffd4ba.svg,s3://lifebit-user-data-6941eed90a4dd7a1d1026d7a/deploit/teams/69d8dd1e5d3e1f8c350e006f/users/68af3d99c99eb7bd2ff47bc8/projects/69f80768ca774c668fbaaed8/jobs/6a22c6f27e433821290d8f2b/results/stacked_violin__scaledkidney_Reck_Nat_Commun_2025_celltype_l2_X_umap_ffd4ba.svg
stacked_violin__scaledkidney_Stewart_Science_2019_author_cell_type_X_umap_de3575.svg,s3://lifebit-user-data-6941eed90a4dd7a1d1026d7a/deploit/teams/69d8dd1e5d3e1f8c350e006f/users/68af3d99c99eb7bd2ff47bc8/projects/69f80768ca774c668fbaaed8/jobs/6a22c6f27e433821290d8f2b/results/stacked_violin__scaledkidney_Stewart_Science_2019_author_cell_type_X_umap_de3575.svg
stacked_violin__scaledkidney_Wilson_Nat_Commun_2022_author_cell_type_X_umap_9c7fc3.svg,s3://lifebit-user-data-6941eed90a4dd7a1d1026d7a/deploit/teams/69d8dd1e5d3e1f8c350e006f/users/68af3d99c99eb7bd2ff47bc8/projects/69f80768ca774c668fbaaed8/jobs/6a22c6f27e433821290d8f2b/results/stacked_violin__scaledkidney_Wilson_Nat_Commun_2022_author_cell_type_X_umap_9c7fc3.svg
stacked_violin__scaledkidney_Xu_Cell_2023_Curated_annotation_X_umap_71ffd1.svg,s3://lifebit-user-data-6941eed90a4dd7a1d1026d7a/deploit/teams/69d8dd1e5d3e1f8c350e006f/users/68af3d99c99eb7bd2ff47bc8/projects/69f80768ca774c668fbaaed8/jobs/6a22c6f27e433821290d8f2b/results/stacked_violin__scaledkidney_Xu_Cell_2023_Curated_annotation_X_umap_71ffd1.svg
stacked_violin__scaledkidney_Young_Science_2018_author_cell_type_X_umap_57f337.svg,s3://lifebit-user-data-6941eed90a4dd7a1d1026d7a/deploit/teams/69d8dd1e5d3e1f8c350e006f/users/68af3d99c99eb7bd2ff47bc8/projects/69f80768ca774c668fbaaed8/jobs/6a22c6f27e433821290d8f2b/results/stacked_violin__scaledkidney_Young_Science_2018_author_cell_type_X_umap_57f337.svg
stacked_violin_kidney_Han_Nature_2020_author_cell_type_X_umap_5c7ea7.svg,s3://lifebit-user-data-6941eed90a4dd7a1d1026d7a/deploit/teams/69d8dd1e5d3e1f8c350e006f/users/68af3d99c99eb7bd2ff47bc8/projects/69f80768ca774c668fbaaed8/jobs/6a22c6f27e433821290d8f2b/results/stacked_violin_kidney_Han_Nature_2020_author_cell_type_X_umap_5c7ea7.svg
stacked_violin_kidney_Lake_Nature_2023_subclass.full_X_umap_4af23f.svg,s3://lifebit-user-data-6941eed90a4dd7a1d1026d7a/deploit/teams/69d8dd1e5d3e1f8c350e006f/users/68af3d99c99eb7bd2ff47bc8/projects/69f80768ca774c668fbaaed8/jobs/6a22c6f27e433821290d8f2b/results/stacked_violin_kidney_Lake_Nature_2023_subclass.full_X_umap_4af23f.svg
stacked_violin_kidney_McEvoy_Nat_Commun_2022_author_cell_type_X_umap_01cfaa.svg,s3://lifebit-user-data-6941eed90a4dd7a1d1026d7a/deploit/teams/69d8dd1e5d3e1f8c350e006f/users/68af3d99c99eb7bd2ff47bc8/projects/69f80768ca774c668fbaaed8/jobs/6a22c6f27e433821290d8f2b/results/stacked_violin_kidney_McEvoy_Nat_Commun_2022_author_cell_type_X_umap_01cfaa.svg
stacked_violin_kidney_Muto_Nat_Commun_2021_author_cell_type_X_umap_ec4b39.svg,s3://lifebit-user-data-6941eed90a4dd7a1d1026d7a/deploit/teams/69d8dd1e5d3e1f8c350e006f/users/68af3d99c99eb7bd2ff47bc8/projects/69f80768ca774c668fbaaed8/jobs/6a22c6f27e433821290d8f2b/results/stacked_violin_kidney_Muto_Nat_Commun_2021_author_cell_type_X_umap_ec4b39.svg
stacked_violin_kidney_Reck_Nat_Commun_2025_celltype_l2_X_umap_ffd4ba.svg,s3://lifebit-user-data-6941eed90a4dd7a1d1026d7a/deploit/teams/69d8dd1e5d3e1f8c350e006f/users/68af3d99c99eb7bd2ff47bc8/projects/69f80768ca774c668fbaaed8/jobs/6a22c6f27e433821290d8f2b/results/stacked_violin_kidney_Reck_Nat_Commun_2025_celltype_l2_X_umap_ffd4ba.svg
stacked_violin_kidney_Stewart_Science_2019_author_cell_type_X_umap_de3575.svg,s3://lifebit-user-data-6941eed90a4dd7a1d1026d7a/deploit/teams/69d8dd1e5d3e1f8c350e006f/users/68af3d99c99eb7bd2ff47bc8/projects/69f80768ca774c668fbaaed8/jobs/6a22c6f27e433821290d8f2b/results/stacked_violin_kidney_Stewart_Science_2019_author_cell_type_X_umap_de3575.svg
stacked_violin_kidney_Wilson_Nat_Commun_2022_author_cell_type_X_umap_9c7fc3.svg,s3://lifebit-user-data-6941eed90a4dd7a1d1026d7a/deploit/teams/69d8dd1e5d3e1f8c350e006f/users/68af3d99c99eb7bd2ff47bc8/projects/69f80768ca774c668fbaaed8/jobs/6a22c6f27e433821290d8f2b/results/stacked_violin_kidney_Wilson_Nat_Commun_2022_author_cell_type_X_umap_9c7fc3.svg
stacked_violin_kidney_Xu_Cell_2023_Curated_annotation_X_umap_71ffd1.svg,s3://lifebit-user-data-6941eed90a4dd7a1d1026d7a/deploit/teams/69d8dd1e5d3e1f8c350e006f/users/68af3d99c99eb7bd2ff47bc8/projects/69f80768ca774c668fbaaed8/jobs/6a22c6f27e433821290d8f2b/results/stacked_violin_kidney_Xu_Cell_2023_Curated_annotation_X_umap_71ffd1.svg
stacked_violin_kidney_Young_Science_2018_author_cell_type_X_umap_57f337.svg,s3://lifebit-user-data-6941eed90a4dd7a1d1026d7a/deploit/teams/69d8dd1e5d3e1f8c350e006f/users/68af3d99c99eb7bd2ff47bc8/projects/69f80768ca774c668fbaaed8/jobs/6a22c6f27e433821290d8f2b/results/stacked_violin_kidney_Young_Science_2018_author_cell_type_X_umap_57f337.svg
summary_before_filter_kidney_Han_Nature_2020_author_cell_type_X_umap_5c7ea7.csv,s3://lifebit-user-data-6941eed90a4dd7a1d1026d7a/deploit/teams/69d8dd1e5d3e1f8c350e006f/users/68af3d99c99eb7bd2ff47bc8/projects/69f80768ca774c668fbaaed8/jobs/6a22c6f27e433821290d8f2b/results/summary_before_filter_kidney_Han_Nature_2020_author_cell_type_X_umap_5c7ea7.csv
summary_before_filter_kidney_Lake_Nature_2023_subclass.full_X_umap_4af23f.csv,s3://lifebit-user-data-6941eed90a4dd7a1d1026d7a/deploit/teams/69d8dd1e5d3e1f8c350e006f/users/68af3d99c99eb7bd2ff47bc8/projects/69f80768ca774c668fbaaed8/jobs/6a22c6f27e433821290d8f2b/results/summary_before_filter_kidney_Lake_Nature_2023_subclass.full_X_umap_4af23f.csv
summary_before_filter_kidney_McEvoy_Nat_Commun_2022_author_cell_type_X_umap_01cfaa.csv,s3://lifebit-user-data-6941eed90a4dd7a1d1026d7a/deploit/teams/69d8dd1e5d3e1f8c350e006f/users/68af3d99c99eb7bd2ff47bc8/projects/69f80768ca774c668fbaaed8/jobs/6a22c6f27e433821290d8f2b/results/summary_before_filter_kidney_McEvoy_Nat_Commun_2022_author_cell_type_X_umap_01cfaa.csv
summary_before_filter_kidney_Muto_Nat_Commun_2021_author_cell_type_X_umap_ec4b39.csv,s3://lifebit-user-data-6941eed90a4dd7a1d1026d7a/deploit/teams/69d8dd1e5d3e1f8c350e006f/users/68af3d99c99eb7bd2ff47bc8/projects/69f80768ca774c668fbaaed8/jobs/6a22c6f27e433821290d8f2b/results/summary_before_filter_kidney_Muto_Nat_Commun_2021_author_cell_type_X_umap_ec4b39.csv
summary_before_filter_kidney_Reck_Nat_Commun_2025_celltype_l2_X_umap_ffd4ba.csv,s3://lifebit-user-data-6941eed90a4dd7a1d1026d7a/deploit/teams/69d8dd1e5d3e1f8c350e006f/users/68af3d99c99eb7bd2ff47bc8/projects/69f80768ca774c668fbaaed8/jobs/6a22c6f27e433821290d8f2b/results/summary_before_filter_kidney_Reck_Nat_Commun_2025_celltype_l2_X_umap_ffd4ba.csv
summary_before_filter_kidney_Stewart_Science_2019_author_cell_type_X_umap_de3575.csv,s3://lifebit-user-data-6941eed90a4dd7a1d1026d7a/deploit/teams/69d8dd1e5d3e1f8c350e006f/users/68af3d99c99eb7bd2ff47bc8/projects/69f80768ca774c668fbaaed8/jobs/6a22c6f27e433821290d8f2b/results/summary_before_filter_kidney_Stewart_Science_2019_author_cell_type_X_umap_de3575.csv
summary_before_filter_kidney_Wilson_Nat_Commun_2022_author_cell_type_X_umap_9c7fc3.csv,s3://lifebit-user-data-6941eed90a4dd7a1d1026d7a/deploit/teams/69d8dd1e5d3e1f8c350e006f/users/68af3d99c99eb7bd2ff47bc8/projects/69f80768ca774c668fbaaed8/jobs/6a22c6f27e433821290d8f2b/results/summary_before_filter_kidney_Wilson_Nat_Commun_2022_author_cell_type_X_umap_9c7fc3.csv
summary_before_filter_kidney_Xu_Cell_2023_Curated_annotation_X_umap_71ffd1.csv,s3://lifebit-user-data-6941eed90a4dd7a1d1026d7a/deploit/teams/69d8dd1e5d3e1f8c350e006f/users/68af3d99c99eb7bd2ff47bc8/projects/69f80768ca774c668fbaaed8/jobs/6a22c6f27e433821290d8f2b/results/summary_before_filter_kidney_Xu_Cell_2023_Curated_annotation_X_umap_71ffd1.csv
summary_before_filter_kidney_Young_Science_2018_author_cell_type_X_umap_57f337.csv,s3://lifebit-user-data-6941eed90a4dd7a1d1026d7a/deploit/teams/69d8dd1e5d3e1f8c350e006f/users/68af3d99c99eb7bd2ff47bc8/projects/69f80768ca774c668fbaaed8/jobs/6a22c6f27e433821290d8f2b/results/summary_before_filter_kidney_Young_Science_2018_author_cell_type_X_umap_57f337.csv
summary_normal_kidney_Han_Nature_2020_author_cell_type_X_umap_5c7ea7.csv,s3://lifebit-user-data-6941eed90a4dd7a1d1026d7a/deploit/teams/69d8dd1e5d3e1f8c350e006f/users/68af3d99c99eb7bd2ff47bc8/projects/69f80768ca774c668fbaaed8/jobs/6a22c6f27e433821290d8f2b/results/summary_normal_kidney_Han_Nature_2020_author_cell_type_X_umap_5c7ea7.csv
summary_normal_kidney_Lake_Nature_2023_subclass.full_X_umap_4af23f.csv,s3://lifebit-user-data-6941eed90a4dd7a1d1026d7a/deploit/teams/69d8dd1e5d3e1f8c350e006f/users/68af3d99c99eb7bd2ff47bc8/projects/69f80768ca774c668fbaaed8/jobs/6a22c6f27e433821290d8f2b/results/summary_normal_kidney_Lake_Nature_2023_subclass.full_X_umap_4af23f.csv
summary_normal_kidney_McEvoy_Nat_Commun_2022_author_cell_type_X_umap_01cfaa.csv,s3://lifebit-user-data-6941eed90a4dd7a1d1026d7a/deploit/teams/69d8dd1e5d3e1f8c350e006f/users/68af3d99c99eb7bd2ff47bc8/projects/69f80768ca774c668fbaaed8/jobs/6a22c6f27e433821290d8f2b/results/summary_normal_kidney_McEvoy_Nat_Commun_2022_author_cell_type_X_umap_01cfaa.csv
summary_normal_kidney_Muto_Nat_Commun_2021_author_cell_type_X_umap_ec4b39.csv,s3://lifebit-user-data-6941eed90a4dd7a1d1026d7a/deploit/teams/69d8dd1e5d3e1f8c350e006f/users/68af3d99c99eb7bd2ff47bc8/projects/69f80768ca774c668fbaaed8/jobs/6a22c6f27e433821290d8f2b/results/summary_normal_kidney_Muto_Nat_Commun_2021_author_cell_type_X_umap_ec4b39.csv
summary_normal_kidney_Reck_Nat_Commun_2025_celltype_l2_X_umap_ffd4ba.csv,s3://lifebit-user-data-6941eed90a4dd7a1d1026d7a/deploit/teams/69d8dd1e5d3e1f8c350e006f/users/68af3d99c99eb7bd2ff47bc8/projects/69f80768ca774c668fbaaed8/jobs/6a22c6f27e433821290d8f2b/results/summary_normal_kidney_Reck_Nat_Commun_2025_celltype_l2_X_umap_ffd4ba.csv
summary_normal_kidney_Stewart_Science_2019_author_cell_type_X_umap_de3575.csv,s3://lifebit-user-data-6941eed90a4dd7a1d1026d7a/deploit/teams/69d8dd1e5d3e1f8c350e006f/users/68af3d99c99eb7bd2ff47bc8/projects/69f80768ca774c668fbaaed8/jobs/6a22c6f27e433821290d8f2b/results/summary_normal_kidney_Stewart_Science_2019_author_cell_type_X_umap_de3575.csv
summary_normal_kidney_Wilson_Nat_Commun_2022_author_cell_type_X_umap_9c7fc3.csv,s3://lifebit-user-data-6941eed90a4dd7a1d1026d7a/deploit/teams/69d8dd1e5d3e1f8c350e006f/users/68af3d99c99eb7bd2ff47bc8/projects/69f80768ca774c668fbaaed8/jobs/6a22c6f27e433821290d8f2b/results/summary_normal_kidney_Wilson_Nat_Commun_2022_author_cell_type_X_umap_9c7fc3.csv
summary_normal_kidney_Xu_Cell_2023_Curated_annotation_X_umap_71ffd1.csv,s3://lifebit-user-data-6941eed90a4dd7a1d1026d7a/deploit/teams/69d8dd1e5d3e1f8c350e006f/users/68af3d99c99eb7bd2ff47bc8/projects/69f80768ca774c668fbaaed8/jobs/6a22c6f27e433821290d8f2b/results/summary_normal_kidney_Xu_Cell_2023_Curated_annotation_X_umap_71ffd1.csv
summary_normal_kidney_Young_Science_2018_author_cell_type_X_umap_57f337.csv,s3://lifebit-user-data-6941eed90a4dd7a1d1026d7a/deploit/teams/69d8dd1e5d3e1f8c350e006f/users/68af3d99c99eb7bd2ff47bc8/projects/69f80768ca774c668fbaaed8/jobs/6a22c6f27e433821290d8f2b/results/summary_normal_kidney_Young_Science_2018_author_cell_type_X_umap_57f337.csv
