filename,s3_path
2D_projection_bone_marrow_Dominguez_Conde_Science_2022_Manually_curated_celltype_X_umap_04d255.html,s3://lifebit-user-data-6941eed90a4dd7a1d1026d7a/deploit/teams/69d8dd1e5d3e1f8c350e006f/users/68af3d99c99eb7bd2ff47bc8/projects/69f80768ca774c668fbaaed8/jobs/6a22c63e7e433821290d87c7/results/2D_projection_bone_marrow_Dominguez_Conde_Science_2022_Manually_curated_celltype_X_umap_04d255.html
2D_projection_bone_marrow_Dominguez_Conde_Science_2022_Manually_curated_celltype_X_umap_04d255.svg,s3://lifebit-user-data-6941eed90a4dd7a1d1026d7a/deploit/teams/69d8dd1e5d3e1f8c350e006f/users/68af3d99c99eb7bd2ff47bc8/projects/69f80768ca774c668fbaaed8/jobs/6a22c63e7e433821290d87c7/results/2D_projection_bone_marrow_Dominguez_Conde_Science_2022_Manually_curated_celltype_X_umap_04d255.svg
2D_projection_bone_marrow_Han_Nature_2020_author_cell_type_X_umap_5c7ea7.html,s3://lifebit-user-data-6941eed90a4dd7a1d1026d7a/deploit/teams/69d8dd1e5d3e1f8c350e006f/users/68af3d99c99eb7bd2ff47bc8/projects/69f80768ca774c668fbaaed8/jobs/6a22c63e7e433821290d87c7/results/2D_projection_bone_marrow_Han_Nature_2020_author_cell_type_X_umap_5c7ea7.html
2D_projection_bone_marrow_Han_Nature_2020_author_cell_type_X_umap_5c7ea7.svg,s3://lifebit-user-data-6941eed90a4dd7a1d1026d7a/deploit/teams/69d8dd1e5d3e1f8c350e006f/users/68af3d99c99eb7bd2ff47bc8/projects/69f80768ca774c668fbaaed8/jobs/6a22c63e7e433821290d87c7/results/2D_projection_bone_marrow_Han_Nature_2020_author_cell_type_X_umap_5c7ea7.svg
2D_projection_bone_marrow_Triana_Nat_Immunol_2021_Cell_label_X_umap_77f3db.html,s3://lifebit-user-data-6941eed90a4dd7a1d1026d7a/deploit/teams/69d8dd1e5d3e1f8c350e006f/users/68af3d99c99eb7bd2ff47bc8/projects/69f80768ca774c668fbaaed8/jobs/6a22c63e7e433821290d87c7/results/2D_projection_bone_marrow_Triana_Nat_Immunol_2021_Cell_label_X_umap_77f3db.html
2D_projection_bone_marrow_Triana_Nat_Immunol_2021_Cell_label_X_umap_77f3db.svg,s3://lifebit-user-data-6941eed90a4dd7a1d1026d7a/deploit/teams/69d8dd1e5d3e1f8c350e006f/users/68af3d99c99eb7bd2ff47bc8/projects/69f80768ca774c668fbaaed8/jobs/6a22c63e7e433821290d87c7/results/2D_projection_bone_marrow_Triana_Nat_Immunol_2021_Cell_label_X_umap_77f3db.svg
2D_projection_bone_marrow_Wells_Nat_Immunol_2025_author_cell_type_X_umap_74e9e1.html,s3://lifebit-user-data-6941eed90a4dd7a1d1026d7a/deploit/teams/69d8dd1e5d3e1f8c350e006f/users/68af3d99c99eb7bd2ff47bc8/projects/69f80768ca774c668fbaaed8/jobs/6a22c63e7e433821290d87c7/results/2D_projection_bone_marrow_Wells_Nat_Immunol_2025_author_cell_type_X_umap_74e9e1.html
2D_projection_bone_marrow_Wells_Nat_Immunol_2025_author_cell_type_X_umap_74e9e1.svg,s3://lifebit-user-data-6941eed90a4dd7a1d1026d7a/deploit/teams/69d8dd1e5d3e1f8c350e006f/users/68af3d99c99eb7bd2ff47bc8/projects/69f80768ca774c668fbaaed8/jobs/6a22c63e7e433821290d87c7/results/2D_projection_bone_marrow_Wells_Nat_Immunol_2025_author_cell_type_X_umap_74e9e1.svg
2D_projection_bone_marrow_Xu_Cell_2023_Curated_annotation_X_umap_5188c1.html,s3://lifebit-user-data-6941eed90a4dd7a1d1026d7a/deploit/teams/69d8dd1e5d3e1f8c350e006f/users/68af3d99c99eb7bd2ff47bc8/projects/69f80768ca774c668fbaaed8/jobs/6a22c63e7e433821290d87c7/results/2D_projection_bone_marrow_Xu_Cell_2023_Curated_annotation_X_umap_5188c1.html
2D_projection_bone_marrow_Xu_Cell_2023_Curated_annotation_X_umap_5188c1.svg,s3://lifebit-user-data-6941eed90a4dd7a1d1026d7a/deploit/teams/69d8dd1e5d3e1f8c350e006f/users/68af3d99c99eb7bd2ff47bc8/projects/69f80768ca774c668fbaaed8/jobs/6a22c63e7e433821290d87c7/results/2D_projection_bone_marrow_Xu_Cell_2023_Curated_annotation_X_umap_5188c1.svg
2D_projection_bone_marrow_Zeng_Blood_Cancer_Discovery_2025_AuthorCellType_X_umap_bba832.html,s3://lifebit-user-data-6941eed90a4dd7a1d1026d7a/deploit/teams/69d8dd1e5d3e1f8c350e006f/users/68af3d99c99eb7bd2ff47bc8/projects/69f80768ca774c668fbaaed8/jobs/6a22c63e7e433821290d87c7/results/2D_projection_bone_marrow_Zeng_Blood_Cancer_Discovery_2025_AuthorCellType_X_umap_bba832.html
2D_projection_bone_marrow_Zeng_Blood_Cancer_Discovery_2025_AuthorCellType_X_umap_bba832.svg,s3://lifebit-user-data-6941eed90a4dd7a1d1026d7a/deploit/teams/69d8dd1e5d3e1f8c350e006f/users/68af3d99c99eb7bd2ff47bc8/projects/69f80768ca774c668fbaaed8/jobs/6a22c63e7e433821290d87c7/results/2D_projection_bone_marrow_Zeng_Blood_Cancer_Discovery_2025_AuthorCellType_X_umap_bba832.svg
adata_filtered_bone_marrow_Dominguez_Conde_Science_2022_Manually_curated_celltype_X_umap_04d255.h5ad,s3://lifebit-user-data-6941eed90a4dd7a1d1026d7a/deploit/teams/69d8dd1e5d3e1f8c350e006f/users/68af3d99c99eb7bd2ff47bc8/projects/69f80768ca774c668fbaaed8/jobs/6a22c63e7e433821290d87c7/results/adata_filtered_bone_marrow_Dominguez_Conde_Science_2022_Manually_curated_celltype_X_umap_04d255.h5ad
adata_filtered_bone_marrow_Han_Nature_2020_author_cell_type_X_umap_5c7ea7.h5ad,s3://lifebit-user-data-6941eed90a4dd7a1d1026d7a/deploit/teams/69d8dd1e5d3e1f8c350e006f/users/68af3d99c99eb7bd2ff47bc8/projects/69f80768ca774c668fbaaed8/jobs/6a22c63e7e433821290d87c7/results/adata_filtered_bone_marrow_Han_Nature_2020_author_cell_type_X_umap_5c7ea7.h5ad
adata_filtered_bone_marrow_Triana_Nat_Immunol_2021_Cell_label_X_umap_77f3db.h5ad,s3://lifebit-user-data-6941eed90a4dd7a1d1026d7a/deploit/teams/69d8dd1e5d3e1f8c350e006f/users/68af3d99c99eb7bd2ff47bc8/projects/69f80768ca774c668fbaaed8/jobs/6a22c63e7e433821290d87c7/results/adata_filtered_bone_marrow_Triana_Nat_Immunol_2021_Cell_label_X_umap_77f3db.h5ad
adata_filtered_bone_marrow_Wells_Nat_Immunol_2025_author_cell_type_X_umap_74e9e1.h5ad,s3://lifebit-user-data-6941eed90a4dd7a1d1026d7a/deploit/teams/69d8dd1e5d3e1f8c350e006f/users/68af3d99c99eb7bd2ff47bc8/projects/69f80768ca774c668fbaaed8/jobs/6a22c63e7e433821290d87c7/results/adata_filtered_bone_marrow_Wells_Nat_Immunol_2025_author_cell_type_X_umap_74e9e1.h5ad
adata_filtered_bone_marrow_Xu_Cell_2023_Curated_annotation_X_umap_5188c1.h5ad,s3://lifebit-user-data-6941eed90a4dd7a1d1026d7a/deploit/teams/69d8dd1e5d3e1f8c350e006f/users/68af3d99c99eb7bd2ff47bc8/projects/69f80768ca774c668fbaaed8/jobs/6a22c63e7e433821290d87c7/results/adata_filtered_bone_marrow_Xu_Cell_2023_Curated_annotation_X_umap_5188c1.h5ad
adata_filtered_bone_marrow_Zeng_Blood_Cancer_Discovery_2025_AuthorCellType_X_umap_bba832.h5ad,s3://lifebit-user-data-6941eed90a4dd7a1d1026d7a/deploit/teams/69d8dd1e5d3e1f8c350e006f/users/68af3d99c99eb7bd2ff47bc8/projects/69f80768ca774c668fbaaed8/jobs/6a22c63e7e433821290d87c7/results/adata_filtered_bone_marrow_Zeng_Blood_Cancer_Discovery_2025_AuthorCellType_X_umap_bba832.h5ad
annotation_bone_marrow_Dominguez_Conde_Science_2022_Manually_curated_celltype_X_umap_04d255.json,s3://lifebit-user-data-6941eed90a4dd7a1d1026d7a/deploit/teams/69d8dd1e5d3e1f8c350e006f/users/68af3d99c99eb7bd2ff47bc8/projects/69f80768ca774c668fbaaed8/jobs/6a22c63e7e433821290d87c7/results/annotation_bone_marrow_Dominguez_Conde_Science_2022_Manually_curated_celltype_X_umap_04d255.json
annotation_bone_marrow_Han_Nature_2020_author_cell_type_X_umap_5c7ea7.json,s3://lifebit-user-data-6941eed90a4dd7a1d1026d7a/deploit/teams/69d8dd1e5d3e1f8c350e006f/users/68af3d99c99eb7bd2ff47bc8/projects/69f80768ca774c668fbaaed8/jobs/6a22c63e7e433821290d87c7/results/annotation_bone_marrow_Han_Nature_2020_author_cell_type_X_umap_5c7ea7.json
annotation_bone_marrow_Triana_Nat_Immunol_2021_Cell_label_X_umap_77f3db.json,s3://lifebit-user-data-6941eed90a4dd7a1d1026d7a/deploit/teams/69d8dd1e5d3e1f8c350e006f/users/68af3d99c99eb7bd2ff47bc8/projects/69f80768ca774c668fbaaed8/jobs/6a22c63e7e433821290d87c7/results/annotation_bone_marrow_Triana_Nat_Immunol_2021_Cell_label_X_umap_77f3db.json
annotation_bone_marrow_Wells_Nat_Immunol_2025_author_cell_type_X_umap_74e9e1.json,s3://lifebit-user-data-6941eed90a4dd7a1d1026d7a/deploit/teams/69d8dd1e5d3e1f8c350e006f/users/68af3d99c99eb7bd2ff47bc8/projects/69f80768ca774c668fbaaed8/jobs/6a22c63e7e433821290d87c7/results/annotation_bone_marrow_Wells_Nat_Immunol_2025_author_cell_type_X_umap_74e9e1.json
annotation_bone_marrow_Xu_Cell_2023_Curated_annotation_X_umap_5188c1.json,s3://lifebit-user-data-6941eed90a4dd7a1d1026d7a/deploit/teams/69d8dd1e5d3e1f8c350e006f/users/68af3d99c99eb7bd2ff47bc8/projects/69f80768ca774c668fbaaed8/jobs/6a22c63e7e433821290d87c7/results/annotation_bone_marrow_Xu_Cell_2023_Curated_annotation_X_umap_5188c1.json
annotation_bone_marrow_Zeng_Blood_Cancer_Discovery_2025_AuthorCellType_X_umap_bba832.json,s3://lifebit-user-data-6941eed90a4dd7a1d1026d7a/deploit/teams/69d8dd1e5d3e1f8c350e006f/users/68af3d99c99eb7bd2ff47bc8/projects/69f80768ca774c668fbaaed8/jobs/6a22c63e7e433821290d87c7/results/annotation_bone_marrow_Zeng_Blood_Cancer_Discovery_2025_AuthorCellType_X_umap_bba832.json
binary_scores_ensg_bone_marrow_Dominguez_Conde_Science_2022_Manually_curated_celltype_X_umap_04d255.csv,s3://lifebit-user-data-6941eed90a4dd7a1d1026d7a/deploit/teams/69d8dd1e5d3e1f8c350e006f/users/68af3d99c99eb7bd2ff47bc8/projects/69f80768ca774c668fbaaed8/jobs/6a22c63e7e433821290d87c7/results/binary_scores_ensg_bone_marrow_Dominguez_Conde_Science_2022_Manually_curated_celltype_X_umap_04d255.csv
binary_scores_ensg_bone_marrow_Dominguez_Conde_Science_2022_Manually_curated_celltype_X_umap_04d255.pkl,s3://lifebit-user-data-6941eed90a4dd7a1d1026d7a/deploit/teams/69d8dd1e5d3e1f8c350e006f/users/68af3d99c99eb7bd2ff47bc8/projects/69f80768ca774c668fbaaed8/jobs/6a22c63e7e433821290d87c7/results/binary_scores_ensg_bone_marrow_Dominguez_Conde_Science_2022_Manually_curated_celltype_X_umap_04d255.pkl
binary_scores_ensg_bone_marrow_Han_Nature_2020_author_cell_type_X_umap_5c7ea7.csv,s3://lifebit-user-data-6941eed90a4dd7a1d1026d7a/deploit/teams/69d8dd1e5d3e1f8c350e006f/users/68af3d99c99eb7bd2ff47bc8/projects/69f80768ca774c668fbaaed8/jobs/6a22c63e7e433821290d87c7/results/binary_scores_ensg_bone_marrow_Han_Nature_2020_author_cell_type_X_umap_5c7ea7.csv
binary_scores_ensg_bone_marrow_Han_Nature_2020_author_cell_type_X_umap_5c7ea7.pkl,s3://lifebit-user-data-6941eed90a4dd7a1d1026d7a/deploit/teams/69d8dd1e5d3e1f8c350e006f/users/68af3d99c99eb7bd2ff47bc8/projects/69f80768ca774c668fbaaed8/jobs/6a22c63e7e433821290d87c7/results/binary_scores_ensg_bone_marrow_Han_Nature_2020_author_cell_type_X_umap_5c7ea7.pkl
binary_scores_ensg_bone_marrow_Triana_Nat_Immunol_2021_Cell_label_X_umap_77f3db.csv,s3://lifebit-user-data-6941eed90a4dd7a1d1026d7a/deploit/teams/69d8dd1e5d3e1f8c350e006f/users/68af3d99c99eb7bd2ff47bc8/projects/69f80768ca774c668fbaaed8/jobs/6a22c63e7e433821290d87c7/results/binary_scores_ensg_bone_marrow_Triana_Nat_Immunol_2021_Cell_label_X_umap_77f3db.csv
binary_scores_ensg_bone_marrow_Triana_Nat_Immunol_2021_Cell_label_X_umap_77f3db.pkl,s3://lifebit-user-data-6941eed90a4dd7a1d1026d7a/deploit/teams/69d8dd1e5d3e1f8c350e006f/users/68af3d99c99eb7bd2ff47bc8/projects/69f80768ca774c668fbaaed8/jobs/6a22c63e7e433821290d87c7/results/binary_scores_ensg_bone_marrow_Triana_Nat_Immunol_2021_Cell_label_X_umap_77f3db.pkl
binary_scores_ensg_bone_marrow_Wells_Nat_Immunol_2025_author_cell_type_X_umap_74e9e1.csv,s3://lifebit-user-data-6941eed90a4dd7a1d1026d7a/deploit/teams/69d8dd1e5d3e1f8c350e006f/users/68af3d99c99eb7bd2ff47bc8/projects/69f80768ca774c668fbaaed8/jobs/6a22c63e7e433821290d87c7/results/binary_scores_ensg_bone_marrow_Wells_Nat_Immunol_2025_author_cell_type_X_umap_74e9e1.csv
binary_scores_ensg_bone_marrow_Wells_Nat_Immunol_2025_author_cell_type_X_umap_74e9e1.pkl,s3://lifebit-user-data-6941eed90a4dd7a1d1026d7a/deploit/teams/69d8dd1e5d3e1f8c350e006f/users/68af3d99c99eb7bd2ff47bc8/projects/69f80768ca774c668fbaaed8/jobs/6a22c63e7e433821290d87c7/results/binary_scores_ensg_bone_marrow_Wells_Nat_Immunol_2025_author_cell_type_X_umap_74e9e1.pkl
binary_scores_ensg_bone_marrow_Xu_Cell_2023_Curated_annotation_X_umap_5188c1.csv,s3://lifebit-user-data-6941eed90a4dd7a1d1026d7a/deploit/teams/69d8dd1e5d3e1f8c350e006f/users/68af3d99c99eb7bd2ff47bc8/projects/69f80768ca774c668fbaaed8/jobs/6a22c63e7e433821290d87c7/results/binary_scores_ensg_bone_marrow_Xu_Cell_2023_Curated_annotation_X_umap_5188c1.csv
binary_scores_ensg_bone_marrow_Xu_Cell_2023_Curated_annotation_X_umap_5188c1.pkl,s3://lifebit-user-data-6941eed90a4dd7a1d1026d7a/deploit/teams/69d8dd1e5d3e1f8c350e006f/users/68af3d99c99eb7bd2ff47bc8/projects/69f80768ca774c668fbaaed8/jobs/6a22c63e7e433821290d87c7/results/binary_scores_ensg_bone_marrow_Xu_Cell_2023_Curated_annotation_X_umap_5188c1.pkl
binary_scores_ensg_bone_marrow_Zeng_Blood_Cancer_Discovery_2025_AuthorCellType_X_umap_bba832.csv,s3://lifebit-user-data-6941eed90a4dd7a1d1026d7a/deploit/teams/69d8dd1e5d3e1f8c350e006f/users/68af3d99c99eb7bd2ff47bc8/projects/69f80768ca774c668fbaaed8/jobs/6a22c63e7e433821290d87c7/results/binary_scores_ensg_bone_marrow_Zeng_Blood_Cancer_Discovery_2025_AuthorCellType_X_umap_bba832.csv
binary_scores_ensg_bone_marrow_Zeng_Blood_Cancer_Discovery_2025_AuthorCellType_X_umap_bba832.pkl,s3://lifebit-user-data-6941eed90a4dd7a1d1026d7a/deploit/teams/69d8dd1e5d3e1f8c350e006f/users/68af3d99c99eb7bd2ff47bc8/projects/69f80768ca774c668fbaaed8/jobs/6a22c63e7e433821290d87c7/results/binary_scores_ensg_bone_marrow_Zeng_Blood_Cancer_Discovery_2025_AuthorCellType_X_umap_bba832.pkl
binary_scores_symbols_bone_marrow_Dominguez_Conde_Science_2022_Manually_curated_celltype_X_umap_04d255.csv,s3://lifebit-user-data-6941eed90a4dd7a1d1026d7a/deploit/teams/69d8dd1e5d3e1f8c350e006f/users/68af3d99c99eb7bd2ff47bc8/projects/69f80768ca774c668fbaaed8/jobs/6a22c63e7e433821290d87c7/results/binary_scores_symbols_bone_marrow_Dominguez_Conde_Science_2022_Manually_curated_celltype_X_umap_04d255.csv
binary_scores_symbols_bone_marrow_Dominguez_Conde_Science_2022_Manually_curated_celltype_X_umap_04d255.pkl,s3://lifebit-user-data-6941eed90a4dd7a1d1026d7a/deploit/teams/69d8dd1e5d3e1f8c350e006f/users/68af3d99c99eb7bd2ff47bc8/projects/69f80768ca774c668fbaaed8/jobs/6a22c63e7e433821290d87c7/results/binary_scores_symbols_bone_marrow_Dominguez_Conde_Science_2022_Manually_curated_celltype_X_umap_04d255.pkl
binary_scores_symbols_bone_marrow_Han_Nature_2020_author_cell_type_X_umap_5c7ea7.csv,s3://lifebit-user-data-6941eed90a4dd7a1d1026d7a/deploit/teams/69d8dd1e5d3e1f8c350e006f/users/68af3d99c99eb7bd2ff47bc8/projects/69f80768ca774c668fbaaed8/jobs/6a22c63e7e433821290d87c7/results/binary_scores_symbols_bone_marrow_Han_Nature_2020_author_cell_type_X_umap_5c7ea7.csv
binary_scores_symbols_bone_marrow_Han_Nature_2020_author_cell_type_X_umap_5c7ea7.pkl,s3://lifebit-user-data-6941eed90a4dd7a1d1026d7a/deploit/teams/69d8dd1e5d3e1f8c350e006f/users/68af3d99c99eb7bd2ff47bc8/projects/69f80768ca774c668fbaaed8/jobs/6a22c63e7e433821290d87c7/results/binary_scores_symbols_bone_marrow_Han_Nature_2020_author_cell_type_X_umap_5c7ea7.pkl
binary_scores_symbols_bone_marrow_Triana_Nat_Immunol_2021_Cell_label_X_umap_77f3db.csv,s3://lifebit-user-data-6941eed90a4dd7a1d1026d7a/deploit/teams/69d8dd1e5d3e1f8c350e006f/users/68af3d99c99eb7bd2ff47bc8/projects/69f80768ca774c668fbaaed8/jobs/6a22c63e7e433821290d87c7/results/binary_scores_symbols_bone_marrow_Triana_Nat_Immunol_2021_Cell_label_X_umap_77f3db.csv
binary_scores_symbols_bone_marrow_Triana_Nat_Immunol_2021_Cell_label_X_umap_77f3db.pkl,s3://lifebit-user-data-6941eed90a4dd7a1d1026d7a/deploit/teams/69d8dd1e5d3e1f8c350e006f/users/68af3d99c99eb7bd2ff47bc8/projects/69f80768ca774c668fbaaed8/jobs/6a22c63e7e433821290d87c7/results/binary_scores_symbols_bone_marrow_Triana_Nat_Immunol_2021_Cell_label_X_umap_77f3db.pkl
binary_scores_symbols_bone_marrow_Wells_Nat_Immunol_2025_author_cell_type_X_umap_74e9e1.csv,s3://lifebit-user-data-6941eed90a4dd7a1d1026d7a/deploit/teams/69d8dd1e5d3e1f8c350e006f/users/68af3d99c99eb7bd2ff47bc8/projects/69f80768ca774c668fbaaed8/jobs/6a22c63e7e433821290d87c7/results/binary_scores_symbols_bone_marrow_Wells_Nat_Immunol_2025_author_cell_type_X_umap_74e9e1.csv
binary_scores_symbols_bone_marrow_Wells_Nat_Immunol_2025_author_cell_type_X_umap_74e9e1.pkl,s3://lifebit-user-data-6941eed90a4dd7a1d1026d7a/deploit/teams/69d8dd1e5d3e1f8c350e006f/users/68af3d99c99eb7bd2ff47bc8/projects/69f80768ca774c668fbaaed8/jobs/6a22c63e7e433821290d87c7/results/binary_scores_symbols_bone_marrow_Wells_Nat_Immunol_2025_author_cell_type_X_umap_74e9e1.pkl
binary_scores_symbols_bone_marrow_Xu_Cell_2023_Curated_annotation_X_umap_5188c1.csv,s3://lifebit-user-data-6941eed90a4dd7a1d1026d7a/deploit/teams/69d8dd1e5d3e1f8c350e006f/users/68af3d99c99eb7bd2ff47bc8/projects/69f80768ca774c668fbaaed8/jobs/6a22c63e7e433821290d87c7/results/binary_scores_symbols_bone_marrow_Xu_Cell_2023_Curated_annotation_X_umap_5188c1.csv
binary_scores_symbols_bone_marrow_Xu_Cell_2023_Curated_annotation_X_umap_5188c1.pkl,s3://lifebit-user-data-6941eed90a4dd7a1d1026d7a/deploit/teams/69d8dd1e5d3e1f8c350e006f/users/68af3d99c99eb7bd2ff47bc8/projects/69f80768ca774c668fbaaed8/jobs/6a22c63e7e433821290d87c7/results/binary_scores_symbols_bone_marrow_Xu_Cell_2023_Curated_annotation_X_umap_5188c1.pkl
binary_scores_symbols_bone_marrow_Zeng_Blood_Cancer_Discovery_2025_AuthorCellType_X_umap_bba832.csv,s3://lifebit-user-data-6941eed90a4dd7a1d1026d7a/deploit/teams/69d8dd1e5d3e1f8c350e006f/users/68af3d99c99eb7bd2ff47bc8/projects/69f80768ca774c668fbaaed8/jobs/6a22c63e7e433821290d87c7/results/binary_scores_symbols_bone_marrow_Zeng_Blood_Cancer_Discovery_2025_AuthorCellType_X_umap_bba832.csv
binary_scores_symbols_bone_marrow_Zeng_Blood_Cancer_Discovery_2025_AuthorCellType_X_umap_bba832.pkl,s3://lifebit-user-data-6941eed90a4dd7a1d1026d7a/deploit/teams/69d8dd1e5d3e1f8c350e006f/users/68af3d99c99eb7bd2ff47bc8/projects/69f80768ca774c668fbaaed8/jobs/6a22c63e7e433821290d87c7/results/binary_scores_symbols_bone_marrow_Zeng_Blood_Cancer_Discovery_2025_AuthorCellType_X_umap_bba832.pkl
boxplot_bone_marrow_Dominguez_Conde_Science_2022_Manually_curated_celltype_X_umap_04d255_f_score.html,s3://lifebit-user-data-6941eed90a4dd7a1d1026d7a/deploit/teams/69d8dd1e5d3e1f8c350e006f/users/68af3d99c99eb7bd2ff47bc8/projects/69f80768ca774c668fbaaed8/jobs/6a22c63e7e433821290d87c7/results/boxplot_bone_marrow_Dominguez_Conde_Science_2022_Manually_curated_celltype_X_umap_04d255_f_score.html
boxplot_bone_marrow_Dominguez_Conde_Science_2022_Manually_curated_celltype_X_umap_04d255_f_score.svg,s3://lifebit-user-data-6941eed90a4dd7a1d1026d7a/deploit/teams/69d8dd1e5d3e1f8c350e006f/users/68af3d99c99eb7bd2ff47bc8/projects/69f80768ca774c668fbaaed8/jobs/6a22c63e7e433821290d87c7/results/boxplot_bone_marrow_Dominguez_Conde_Science_2022_Manually_curated_celltype_X_umap_04d255_f_score.svg
boxplot_bone_marrow_Dominguez_Conde_Science_2022_Manually_curated_celltype_X_umap_04d255_onTarget.html,s3://lifebit-user-data-6941eed90a4dd7a1d1026d7a/deploit/teams/69d8dd1e5d3e1f8c350e006f/users/68af3d99c99eb7bd2ff47bc8/projects/69f80768ca774c668fbaaed8/jobs/6a22c63e7e433821290d87c7/results/boxplot_bone_marrow_Dominguez_Conde_Science_2022_Manually_curated_celltype_X_umap_04d255_onTarget.html
boxplot_bone_marrow_Dominguez_Conde_Science_2022_Manually_curated_celltype_X_umap_04d255_onTarget.svg,s3://lifebit-user-data-6941eed90a4dd7a1d1026d7a/deploit/teams/69d8dd1e5d3e1f8c350e006f/users/68af3d99c99eb7bd2ff47bc8/projects/69f80768ca774c668fbaaed8/jobs/6a22c63e7e433821290d87c7/results/boxplot_bone_marrow_Dominguez_Conde_Science_2022_Manually_curated_celltype_X_umap_04d255_onTarget.svg
boxplot_bone_marrow_Dominguez_Conde_Science_2022_Manually_curated_celltype_X_umap_04d255_precision.html,s3://lifebit-user-data-6941eed90a4dd7a1d1026d7a/deploit/teams/69d8dd1e5d3e1f8c350e006f/users/68af3d99c99eb7bd2ff47bc8/projects/69f80768ca774c668fbaaed8/jobs/6a22c63e7e433821290d87c7/results/boxplot_bone_marrow_Dominguez_Conde_Science_2022_Manually_curated_celltype_X_umap_04d255_precision.html
boxplot_bone_marrow_Dominguez_Conde_Science_2022_Manually_curated_celltype_X_umap_04d255_precision.svg,s3://lifebit-user-data-6941eed90a4dd7a1d1026d7a/deploit/teams/69d8dd1e5d3e1f8c350e006f/users/68af3d99c99eb7bd2ff47bc8/projects/69f80768ca774c668fbaaed8/jobs/6a22c63e7e433821290d87c7/results/boxplot_bone_marrow_Dominguez_Conde_Science_2022_Manually_curated_celltype_X_umap_04d255_precision.svg
boxplot_bone_marrow_Dominguez_Conde_Science_2022_Manually_curated_celltype_X_umap_04d255_recall.html,s3://lifebit-user-data-6941eed90a4dd7a1d1026d7a/deploit/teams/69d8dd1e5d3e1f8c350e006f/users/68af3d99c99eb7bd2ff47bc8/projects/69f80768ca774c668fbaaed8/jobs/6a22c63e7e433821290d87c7/results/boxplot_bone_marrow_Dominguez_Conde_Science_2022_Manually_curated_celltype_X_umap_04d255_recall.html
boxplot_bone_marrow_Dominguez_Conde_Science_2022_Manually_curated_celltype_X_umap_04d255_recall.svg,s3://lifebit-user-data-6941eed90a4dd7a1d1026d7a/deploit/teams/69d8dd1e5d3e1f8c350e006f/users/68af3d99c99eb7bd2ff47bc8/projects/69f80768ca774c668fbaaed8/jobs/6a22c63e7e433821290d87c7/results/boxplot_bone_marrow_Dominguez_Conde_Science_2022_Manually_curated_celltype_X_umap_04d255_recall.svg
boxplot_bone_marrow_Han_Nature_2020_author_cell_type_X_umap_5c7ea7_f_score.html,s3://lifebit-user-data-6941eed90a4dd7a1d1026d7a/deploit/teams/69d8dd1e5d3e1f8c350e006f/users/68af3d99c99eb7bd2ff47bc8/projects/69f80768ca774c668fbaaed8/jobs/6a22c63e7e433821290d87c7/results/boxplot_bone_marrow_Han_Nature_2020_author_cell_type_X_umap_5c7ea7_f_score.html
boxplot_bone_marrow_Han_Nature_2020_author_cell_type_X_umap_5c7ea7_f_score.svg,s3://lifebit-user-data-6941eed90a4dd7a1d1026d7a/deploit/teams/69d8dd1e5d3e1f8c350e006f/users/68af3d99c99eb7bd2ff47bc8/projects/69f80768ca774c668fbaaed8/jobs/6a22c63e7e433821290d87c7/results/boxplot_bone_marrow_Han_Nature_2020_author_cell_type_X_umap_5c7ea7_f_score.svg
boxplot_bone_marrow_Han_Nature_2020_author_cell_type_X_umap_5c7ea7_onTarget.html,s3://lifebit-user-data-6941eed90a4dd7a1d1026d7a/deploit/teams/69d8dd1e5d3e1f8c350e006f/users/68af3d99c99eb7bd2ff47bc8/projects/69f80768ca774c668fbaaed8/jobs/6a22c63e7e433821290d87c7/results/boxplot_bone_marrow_Han_Nature_2020_author_cell_type_X_umap_5c7ea7_onTarget.html
boxplot_bone_marrow_Han_Nature_2020_author_cell_type_X_umap_5c7ea7_onTarget.svg,s3://lifebit-user-data-6941eed90a4dd7a1d1026d7a/deploit/teams/69d8dd1e5d3e1f8c350e006f/users/68af3d99c99eb7bd2ff47bc8/projects/69f80768ca774c668fbaaed8/jobs/6a22c63e7e433821290d87c7/results/boxplot_bone_marrow_Han_Nature_2020_author_cell_type_X_umap_5c7ea7_onTarget.svg
boxplot_bone_marrow_Han_Nature_2020_author_cell_type_X_umap_5c7ea7_precision.html,s3://lifebit-user-data-6941eed90a4dd7a1d1026d7a/deploit/teams/69d8dd1e5d3e1f8c350e006f/users/68af3d99c99eb7bd2ff47bc8/projects/69f80768ca774c668fbaaed8/jobs/6a22c63e7e433821290d87c7/results/boxplot_bone_marrow_Han_Nature_2020_author_cell_type_X_umap_5c7ea7_precision.html
boxplot_bone_marrow_Han_Nature_2020_author_cell_type_X_umap_5c7ea7_precision.svg,s3://lifebit-user-data-6941eed90a4dd7a1d1026d7a/deploit/teams/69d8dd1e5d3e1f8c350e006f/users/68af3d99c99eb7bd2ff47bc8/projects/69f80768ca774c668fbaaed8/jobs/6a22c63e7e433821290d87c7/results/boxplot_bone_marrow_Han_Nature_2020_author_cell_type_X_umap_5c7ea7_precision.svg
boxplot_bone_marrow_Han_Nature_2020_author_cell_type_X_umap_5c7ea7_recall.html,s3://lifebit-user-data-6941eed90a4dd7a1d1026d7a/deploit/teams/69d8dd1e5d3e1f8c350e006f/users/68af3d99c99eb7bd2ff47bc8/projects/69f80768ca774c668fbaaed8/jobs/6a22c63e7e433821290d87c7/results/boxplot_bone_marrow_Han_Nature_2020_author_cell_type_X_umap_5c7ea7_recall.html
boxplot_bone_marrow_Han_Nature_2020_author_cell_type_X_umap_5c7ea7_recall.svg,s3://lifebit-user-data-6941eed90a4dd7a1d1026d7a/deploit/teams/69d8dd1e5d3e1f8c350e006f/users/68af3d99c99eb7bd2ff47bc8/projects/69f80768ca774c668fbaaed8/jobs/6a22c63e7e433821290d87c7/results/boxplot_bone_marrow_Han_Nature_2020_author_cell_type_X_umap_5c7ea7_recall.svg
boxplot_bone_marrow_Triana_Nat_Immunol_2021_Cell_label_X_umap_77f3db_f_score.html,s3://lifebit-user-data-6941eed90a4dd7a1d1026d7a/deploit/teams/69d8dd1e5d3e1f8c350e006f/users/68af3d99c99eb7bd2ff47bc8/projects/69f80768ca774c668fbaaed8/jobs/6a22c63e7e433821290d87c7/results/boxplot_bone_marrow_Triana_Nat_Immunol_2021_Cell_label_X_umap_77f3db_f_score.html
boxplot_bone_marrow_Triana_Nat_Immunol_2021_Cell_label_X_umap_77f3db_f_score.svg,s3://lifebit-user-data-6941eed90a4dd7a1d1026d7a/deploit/teams/69d8dd1e5d3e1f8c350e006f/users/68af3d99c99eb7bd2ff47bc8/projects/69f80768ca774c668fbaaed8/jobs/6a22c63e7e433821290d87c7/results/boxplot_bone_marrow_Triana_Nat_Immunol_2021_Cell_label_X_umap_77f3db_f_score.svg
boxplot_bone_marrow_Triana_Nat_Immunol_2021_Cell_label_X_umap_77f3db_onTarget.html,s3://lifebit-user-data-6941eed90a4dd7a1d1026d7a/deploit/teams/69d8dd1e5d3e1f8c350e006f/users/68af3d99c99eb7bd2ff47bc8/projects/69f80768ca774c668fbaaed8/jobs/6a22c63e7e433821290d87c7/results/boxplot_bone_marrow_Triana_Nat_Immunol_2021_Cell_label_X_umap_77f3db_onTarget.html
boxplot_bone_marrow_Triana_Nat_Immunol_2021_Cell_label_X_umap_77f3db_onTarget.svg,s3://lifebit-user-data-6941eed90a4dd7a1d1026d7a/deploit/teams/69d8dd1e5d3e1f8c350e006f/users/68af3d99c99eb7bd2ff47bc8/projects/69f80768ca774c668fbaaed8/jobs/6a22c63e7e433821290d87c7/results/boxplot_bone_marrow_Triana_Nat_Immunol_2021_Cell_label_X_umap_77f3db_onTarget.svg
boxplot_bone_marrow_Triana_Nat_Immunol_2021_Cell_label_X_umap_77f3db_precision.html,s3://lifebit-user-data-6941eed90a4dd7a1d1026d7a/deploit/teams/69d8dd1e5d3e1f8c350e006f/users/68af3d99c99eb7bd2ff47bc8/projects/69f80768ca774c668fbaaed8/jobs/6a22c63e7e433821290d87c7/results/boxplot_bone_marrow_Triana_Nat_Immunol_2021_Cell_label_X_umap_77f3db_precision.html
boxplot_bone_marrow_Triana_Nat_Immunol_2021_Cell_label_X_umap_77f3db_precision.svg,s3://lifebit-user-data-6941eed90a4dd7a1d1026d7a/deploit/teams/69d8dd1e5d3e1f8c350e006f/users/68af3d99c99eb7bd2ff47bc8/projects/69f80768ca774c668fbaaed8/jobs/6a22c63e7e433821290d87c7/results/boxplot_bone_marrow_Triana_Nat_Immunol_2021_Cell_label_X_umap_77f3db_precision.svg
boxplot_bone_marrow_Triana_Nat_Immunol_2021_Cell_label_X_umap_77f3db_recall.html,s3://lifebit-user-data-6941eed90a4dd7a1d1026d7a/deploit/teams/69d8dd1e5d3e1f8c350e006f/users/68af3d99c99eb7bd2ff47bc8/projects/69f80768ca774c668fbaaed8/jobs/6a22c63e7e433821290d87c7/results/boxplot_bone_marrow_Triana_Nat_Immunol_2021_Cell_label_X_umap_77f3db_recall.html
boxplot_bone_marrow_Triana_Nat_Immunol_2021_Cell_label_X_umap_77f3db_recall.svg,s3://lifebit-user-data-6941eed90a4dd7a1d1026d7a/deploit/teams/69d8dd1e5d3e1f8c350e006f/users/68af3d99c99eb7bd2ff47bc8/projects/69f80768ca774c668fbaaed8/jobs/6a22c63e7e433821290d87c7/results/boxplot_bone_marrow_Triana_Nat_Immunol_2021_Cell_label_X_umap_77f3db_recall.svg
boxplot_bone_marrow_Wells_Nat_Immunol_2025_author_cell_type_X_umap_74e9e1_f_score.html,s3://lifebit-user-data-6941eed90a4dd7a1d1026d7a/deploit/teams/69d8dd1e5d3e1f8c350e006f/users/68af3d99c99eb7bd2ff47bc8/projects/69f80768ca774c668fbaaed8/jobs/6a22c63e7e433821290d87c7/results/boxplot_bone_marrow_Wells_Nat_Immunol_2025_author_cell_type_X_umap_74e9e1_f_score.html
boxplot_bone_marrow_Wells_Nat_Immunol_2025_author_cell_type_X_umap_74e9e1_f_score.svg,s3://lifebit-user-data-6941eed90a4dd7a1d1026d7a/deploit/teams/69d8dd1e5d3e1f8c350e006f/users/68af3d99c99eb7bd2ff47bc8/projects/69f80768ca774c668fbaaed8/jobs/6a22c63e7e433821290d87c7/results/boxplot_bone_marrow_Wells_Nat_Immunol_2025_author_cell_type_X_umap_74e9e1_f_score.svg
boxplot_bone_marrow_Wells_Nat_Immunol_2025_author_cell_type_X_umap_74e9e1_onTarget.html,s3://lifebit-user-data-6941eed90a4dd7a1d1026d7a/deploit/teams/69d8dd1e5d3e1f8c350e006f/users/68af3d99c99eb7bd2ff47bc8/projects/69f80768ca774c668fbaaed8/jobs/6a22c63e7e433821290d87c7/results/boxplot_bone_marrow_Wells_Nat_Immunol_2025_author_cell_type_X_umap_74e9e1_onTarget.html
boxplot_bone_marrow_Wells_Nat_Immunol_2025_author_cell_type_X_umap_74e9e1_onTarget.svg,s3://lifebit-user-data-6941eed90a4dd7a1d1026d7a/deploit/teams/69d8dd1e5d3e1f8c350e006f/users/68af3d99c99eb7bd2ff47bc8/projects/69f80768ca774c668fbaaed8/jobs/6a22c63e7e433821290d87c7/results/boxplot_bone_marrow_Wells_Nat_Immunol_2025_author_cell_type_X_umap_74e9e1_onTarget.svg
boxplot_bone_marrow_Wells_Nat_Immunol_2025_author_cell_type_X_umap_74e9e1_precision.html,s3://lifebit-user-data-6941eed90a4dd7a1d1026d7a/deploit/teams/69d8dd1e5d3e1f8c350e006f/users/68af3d99c99eb7bd2ff47bc8/projects/69f80768ca774c668fbaaed8/jobs/6a22c63e7e433821290d87c7/results/boxplot_bone_marrow_Wells_Nat_Immunol_2025_author_cell_type_X_umap_74e9e1_precision.html
boxplot_bone_marrow_Wells_Nat_Immunol_2025_author_cell_type_X_umap_74e9e1_precision.svg,s3://lifebit-user-data-6941eed90a4dd7a1d1026d7a/deploit/teams/69d8dd1e5d3e1f8c350e006f/users/68af3d99c99eb7bd2ff47bc8/projects/69f80768ca774c668fbaaed8/jobs/6a22c63e7e433821290d87c7/results/boxplot_bone_marrow_Wells_Nat_Immunol_2025_author_cell_type_X_umap_74e9e1_precision.svg
boxplot_bone_marrow_Wells_Nat_Immunol_2025_author_cell_type_X_umap_74e9e1_recall.html,s3://lifebit-user-data-6941eed90a4dd7a1d1026d7a/deploit/teams/69d8dd1e5d3e1f8c350e006f/users/68af3d99c99eb7bd2ff47bc8/projects/69f80768ca774c668fbaaed8/jobs/6a22c63e7e433821290d87c7/results/boxplot_bone_marrow_Wells_Nat_Immunol_2025_author_cell_type_X_umap_74e9e1_recall.html
boxplot_bone_marrow_Wells_Nat_Immunol_2025_author_cell_type_X_umap_74e9e1_recall.svg,s3://lifebit-user-data-6941eed90a4dd7a1d1026d7a/deploit/teams/69d8dd1e5d3e1f8c350e006f/users/68af3d99c99eb7bd2ff47bc8/projects/69f80768ca774c668fbaaed8/jobs/6a22c63e7e433821290d87c7/results/boxplot_bone_marrow_Wells_Nat_Immunol_2025_author_cell_type_X_umap_74e9e1_recall.svg
boxplot_bone_marrow_Xu_Cell_2023_Curated_annotation_X_umap_5188c1_f_score.html,s3://lifebit-user-data-6941eed90a4dd7a1d1026d7a/deploit/teams/69d8dd1e5d3e1f8c350e006f/users/68af3d99c99eb7bd2ff47bc8/projects/69f80768ca774c668fbaaed8/jobs/6a22c63e7e433821290d87c7/results/boxplot_bone_marrow_Xu_Cell_2023_Curated_annotation_X_umap_5188c1_f_score.html
boxplot_bone_marrow_Xu_Cell_2023_Curated_annotation_X_umap_5188c1_f_score.svg,s3://lifebit-user-data-6941eed90a4dd7a1d1026d7a/deploit/teams/69d8dd1e5d3e1f8c350e006f/users/68af3d99c99eb7bd2ff47bc8/projects/69f80768ca774c668fbaaed8/jobs/6a22c63e7e433821290d87c7/results/boxplot_bone_marrow_Xu_Cell_2023_Curated_annotation_X_umap_5188c1_f_score.svg
boxplot_bone_marrow_Xu_Cell_2023_Curated_annotation_X_umap_5188c1_onTarget.html,s3://lifebit-user-data-6941eed90a4dd7a1d1026d7a/deploit/teams/69d8dd1e5d3e1f8c350e006f/users/68af3d99c99eb7bd2ff47bc8/projects/69f80768ca774c668fbaaed8/jobs/6a22c63e7e433821290d87c7/results/boxplot_bone_marrow_Xu_Cell_2023_Curated_annotation_X_umap_5188c1_onTarget.html
boxplot_bone_marrow_Xu_Cell_2023_Curated_annotation_X_umap_5188c1_onTarget.svg,s3://lifebit-user-data-6941eed90a4dd7a1d1026d7a/deploit/teams/69d8dd1e5d3e1f8c350e006f/users/68af3d99c99eb7bd2ff47bc8/projects/69f80768ca774c668fbaaed8/jobs/6a22c63e7e433821290d87c7/results/boxplot_bone_marrow_Xu_Cell_2023_Curated_annotation_X_umap_5188c1_onTarget.svg
boxplot_bone_marrow_Xu_Cell_2023_Curated_annotation_X_umap_5188c1_precision.html,s3://lifebit-user-data-6941eed90a4dd7a1d1026d7a/deploit/teams/69d8dd1e5d3e1f8c350e006f/users/68af3d99c99eb7bd2ff47bc8/projects/69f80768ca774c668fbaaed8/jobs/6a22c63e7e433821290d87c7/results/boxplot_bone_marrow_Xu_Cell_2023_Curated_annotation_X_umap_5188c1_precision.html
boxplot_bone_marrow_Xu_Cell_2023_Curated_annotation_X_umap_5188c1_precision.svg,s3://lifebit-user-data-6941eed90a4dd7a1d1026d7a/deploit/teams/69d8dd1e5d3e1f8c350e006f/users/68af3d99c99eb7bd2ff47bc8/projects/69f80768ca774c668fbaaed8/jobs/6a22c63e7e433821290d87c7/results/boxplot_bone_marrow_Xu_Cell_2023_Curated_annotation_X_umap_5188c1_precision.svg
boxplot_bone_marrow_Xu_Cell_2023_Curated_annotation_X_umap_5188c1_recall.html,s3://lifebit-user-data-6941eed90a4dd7a1d1026d7a/deploit/teams/69d8dd1e5d3e1f8c350e006f/users/68af3d99c99eb7bd2ff47bc8/projects/69f80768ca774c668fbaaed8/jobs/6a22c63e7e433821290d87c7/results/boxplot_bone_marrow_Xu_Cell_2023_Curated_annotation_X_umap_5188c1_recall.html
boxplot_bone_marrow_Xu_Cell_2023_Curated_annotation_X_umap_5188c1_recall.svg,s3://lifebit-user-data-6941eed90a4dd7a1d1026d7a/deploit/teams/69d8dd1e5d3e1f8c350e006f/users/68af3d99c99eb7bd2ff47bc8/projects/69f80768ca774c668fbaaed8/jobs/6a22c63e7e433821290d87c7/results/boxplot_bone_marrow_Xu_Cell_2023_Curated_annotation_X_umap_5188c1_recall.svg
boxplot_bone_marrow_Zeng_Blood_Cancer_Discovery_2025_AuthorCellType_X_umap_bba832_f_score.html,s3://lifebit-user-data-6941eed90a4dd7a1d1026d7a/deploit/teams/69d8dd1e5d3e1f8c350e006f/users/68af3d99c99eb7bd2ff47bc8/projects/69f80768ca774c668fbaaed8/jobs/6a22c63e7e433821290d87c7/results/boxplot_bone_marrow_Zeng_Blood_Cancer_Discovery_2025_AuthorCellType_X_umap_bba832_f_score.html
boxplot_bone_marrow_Zeng_Blood_Cancer_Discovery_2025_AuthorCellType_X_umap_bba832_f_score.svg,s3://lifebit-user-data-6941eed90a4dd7a1d1026d7a/deploit/teams/69d8dd1e5d3e1f8c350e006f/users/68af3d99c99eb7bd2ff47bc8/projects/69f80768ca774c668fbaaed8/jobs/6a22c63e7e433821290d87c7/results/boxplot_bone_marrow_Zeng_Blood_Cancer_Discovery_2025_AuthorCellType_X_umap_bba832_f_score.svg
boxplot_bone_marrow_Zeng_Blood_Cancer_Discovery_2025_AuthorCellType_X_umap_bba832_onTarget.html,s3://lifebit-user-data-6941eed90a4dd7a1d1026d7a/deploit/teams/69d8dd1e5d3e1f8c350e006f/users/68af3d99c99eb7bd2ff47bc8/projects/69f80768ca774c668fbaaed8/jobs/6a22c63e7e433821290d87c7/results/boxplot_bone_marrow_Zeng_Blood_Cancer_Discovery_2025_AuthorCellType_X_umap_bba832_onTarget.html
boxplot_bone_marrow_Zeng_Blood_Cancer_Discovery_2025_AuthorCellType_X_umap_bba832_onTarget.svg,s3://lifebit-user-data-6941eed90a4dd7a1d1026d7a/deploit/teams/69d8dd1e5d3e1f8c350e006f/users/68af3d99c99eb7bd2ff47bc8/projects/69f80768ca774c668fbaaed8/jobs/6a22c63e7e433821290d87c7/results/boxplot_bone_marrow_Zeng_Blood_Cancer_Discovery_2025_AuthorCellType_X_umap_bba832_onTarget.svg
boxplot_bone_marrow_Zeng_Blood_Cancer_Discovery_2025_AuthorCellType_X_umap_bba832_precision.html,s3://lifebit-user-data-6941eed90a4dd7a1d1026d7a/deploit/teams/69d8dd1e5d3e1f8c350e006f/users/68af3d99c99eb7bd2ff47bc8/projects/69f80768ca774c668fbaaed8/jobs/6a22c63e7e433821290d87c7/results/boxplot_bone_marrow_Zeng_Blood_Cancer_Discovery_2025_AuthorCellType_X_umap_bba832_precision.html
boxplot_bone_marrow_Zeng_Blood_Cancer_Discovery_2025_AuthorCellType_X_umap_bba832_precision.svg,s3://lifebit-user-data-6941eed90a4dd7a1d1026d7a/deploit/teams/69d8dd1e5d3e1f8c350e006f/users/68af3d99c99eb7bd2ff47bc8/projects/69f80768ca774c668fbaaed8/jobs/6a22c63e7e433821290d87c7/results/boxplot_bone_marrow_Zeng_Blood_Cancer_Discovery_2025_AuthorCellType_X_umap_bba832_precision.svg
boxplot_bone_marrow_Zeng_Blood_Cancer_Discovery_2025_AuthorCellType_X_umap_bba832_recall.html,s3://lifebit-user-data-6941eed90a4dd7a1d1026d7a/deploit/teams/69d8dd1e5d3e1f8c350e006f/users/68af3d99c99eb7bd2ff47bc8/projects/69f80768ca774c668fbaaed8/jobs/6a22c63e7e433821290d87c7/results/boxplot_bone_marrow_Zeng_Blood_Cancer_Discovery_2025_AuthorCellType_X_umap_bba832_recall.html
boxplot_bone_marrow_Zeng_Blood_Cancer_Discovery_2025_AuthorCellType_X_umap_bba832_recall.svg,s3://lifebit-user-data-6941eed90a4dd7a1d1026d7a/deploit/teams/69d8dd1e5d3e1f8c350e006f/users/68af3d99c99eb7bd2ff47bc8/projects/69f80768ca774c668fbaaed8/jobs/6a22c63e7e433821290d87c7/results/boxplot_bone_marrow_Zeng_Blood_Cancer_Discovery_2025_AuthorCellType_X_umap_bba832_recall.svg
cluster_cid_mapping_bone_marrow_Dominguez_Conde_Science_2022_Manually_curated_celltype_X_umap_04d255.csv,s3://lifebit-user-data-6941eed90a4dd7a1d1026d7a/deploit/teams/69d8dd1e5d3e1f8c350e006f/users/68af3d99c99eb7bd2ff47bc8/projects/69f80768ca774c668fbaaed8/jobs/6a22c63e7e433821290d87c7/results/cluster_cid_mapping_bone_marrow_Dominguez_Conde_Science_2022_Manually_curated_celltype_X_umap_04d255.csv
cluster_cid_mapping_bone_marrow_Han_Nature_2020_author_cell_type_X_umap_5c7ea7.csv,s3://lifebit-user-data-6941eed90a4dd7a1d1026d7a/deploit/teams/69d8dd1e5d3e1f8c350e006f/users/68af3d99c99eb7bd2ff47bc8/projects/69f80768ca774c668fbaaed8/jobs/6a22c63e7e433821290d87c7/results/cluster_cid_mapping_bone_marrow_Han_Nature_2020_author_cell_type_X_umap_5c7ea7.csv
cluster_cid_mapping_bone_marrow_Triana_Nat_Immunol_2021_Cell_label_X_umap_77f3db.csv,s3://lifebit-user-data-6941eed90a4dd7a1d1026d7a/deploit/teams/69d8dd1e5d3e1f8c350e006f/users/68af3d99c99eb7bd2ff47bc8/projects/69f80768ca774c668fbaaed8/jobs/6a22c63e7e433821290d87c7/results/cluster_cid_mapping_bone_marrow_Triana_Nat_Immunol_2021_Cell_label_X_umap_77f3db.csv
cluster_cid_mapping_bone_marrow_Wells_Nat_Immunol_2025_author_cell_type_X_umap_74e9e1.csv,s3://lifebit-user-data-6941eed90a4dd7a1d1026d7a/deploit/teams/69d8dd1e5d3e1f8c350e006f/users/68af3d99c99eb7bd2ff47bc8/projects/69f80768ca774c668fbaaed8/jobs/6a22c63e7e433821290d87c7/results/cluster_cid_mapping_bone_marrow_Wells_Nat_Immunol_2025_author_cell_type_X_umap_74e9e1.csv
cluster_cid_mapping_bone_marrow_Xu_Cell_2023_Curated_annotation_X_umap_5188c1.csv,s3://lifebit-user-data-6941eed90a4dd7a1d1026d7a/deploit/teams/69d8dd1e5d3e1f8c350e006f/users/68af3d99c99eb7bd2ff47bc8/projects/69f80768ca774c668fbaaed8/jobs/6a22c63e7e433821290d87c7/results/cluster_cid_mapping_bone_marrow_Xu_Cell_2023_Curated_annotation_X_umap_5188c1.csv
cluster_cid_mapping_bone_marrow_Zeng_Blood_Cancer_Discovery_2025_AuthorCellType_X_umap_bba832.csv,s3://lifebit-user-data-6941eed90a4dd7a1d1026d7a/deploit/teams/69d8dd1e5d3e1f8c350e006f/users/68af3d99c99eb7bd2ff47bc8/projects/69f80768ca774c668fbaaed8/jobs/6a22c63e7e433821290d87c7/results/cluster_cid_mapping_bone_marrow_Zeng_Blood_Cancer_Discovery_2025_AuthorCellType_X_umap_bba832.csv
cluster_order_before_filter_bone_marrow_Dominguez_Conde_Science_2022_Manually_curated_celltype_X_umap_04d255.csv,s3://lifebit-user-data-6941eed90a4dd7a1d1026d7a/deploit/teams/69d8dd1e5d3e1f8c350e006f/users/68af3d99c99eb7bd2ff47bc8/projects/69f80768ca774c668fbaaed8/jobs/6a22c63e7e433821290d87c7/results/cluster_order_before_filter_bone_marrow_Dominguez_Conde_Science_2022_Manually_curated_celltype_X_umap_04d255.csv
cluster_order_before_filter_bone_marrow_Han_Nature_2020_author_cell_type_X_umap_5c7ea7.csv,s3://lifebit-user-data-6941eed90a4dd7a1d1026d7a/deploit/teams/69d8dd1e5d3e1f8c350e006f/users/68af3d99c99eb7bd2ff47bc8/projects/69f80768ca774c668fbaaed8/jobs/6a22c63e7e433821290d87c7/results/cluster_order_before_filter_bone_marrow_Han_Nature_2020_author_cell_type_X_umap_5c7ea7.csv
cluster_order_before_filter_bone_marrow_Triana_Nat_Immunol_2021_Cell_label_X_umap_77f3db.csv,s3://lifebit-user-data-6941eed90a4dd7a1d1026d7a/deploit/teams/69d8dd1e5d3e1f8c350e006f/users/68af3d99c99eb7bd2ff47bc8/projects/69f80768ca774c668fbaaed8/jobs/6a22c63e7e433821290d87c7/results/cluster_order_before_filter_bone_marrow_Triana_Nat_Immunol_2021_Cell_label_X_umap_77f3db.csv
cluster_order_before_filter_bone_marrow_Wells_Nat_Immunol_2025_author_cell_type_X_umap_74e9e1.csv,s3://lifebit-user-data-6941eed90a4dd7a1d1026d7a/deploit/teams/69d8dd1e5d3e1f8c350e006f/users/68af3d99c99eb7bd2ff47bc8/projects/69f80768ca774c668fbaaed8/jobs/6a22c63e7e433821290d87c7/results/cluster_order_before_filter_bone_marrow_Wells_Nat_Immunol_2025_author_cell_type_X_umap_74e9e1.csv
cluster_order_before_filter_bone_marrow_Xu_Cell_2023_Curated_annotation_X_umap_5188c1.csv,s3://lifebit-user-data-6941eed90a4dd7a1d1026d7a/deploit/teams/69d8dd1e5d3e1f8c350e006f/users/68af3d99c99eb7bd2ff47bc8/projects/69f80768ca774c668fbaaed8/jobs/6a22c63e7e433821290d87c7/results/cluster_order_before_filter_bone_marrow_Xu_Cell_2023_Curated_annotation_X_umap_5188c1.csv
cluster_order_before_filter_bone_marrow_Zeng_Blood_Cancer_Discovery_2025_AuthorCellType_X_umap_bba832.csv,s3://lifebit-user-data-6941eed90a4dd7a1d1026d7a/deploit/teams/69d8dd1e5d3e1f8c350e006f/users/68af3d99c99eb7bd2ff47bc8/projects/69f80768ca774c668fbaaed8/jobs/6a22c63e7e433821290d87c7/results/cluster_order_before_filter_bone_marrow_Zeng_Blood_Cancer_Discovery_2025_AuthorCellType_X_umap_bba832.csv
cluster_order_bone_marrow_Dominguez_Conde_Science_2022_Manually_curated_celltype_X_umap_04d255.csv,s3://lifebit-user-data-6941eed90a4dd7a1d1026d7a/deploit/teams/69d8dd1e5d3e1f8c350e006f/users/68af3d99c99eb7bd2ff47bc8/projects/69f80768ca774c668fbaaed8/jobs/6a22c63e7e433821290d87c7/results/cluster_order_bone_marrow_Dominguez_Conde_Science_2022_Manually_curated_celltype_X_umap_04d255.csv
cluster_order_bone_marrow_Han_Nature_2020_author_cell_type_X_umap_5c7ea7.csv,s3://lifebit-user-data-6941eed90a4dd7a1d1026d7a/deploit/teams/69d8dd1e5d3e1f8c350e006f/users/68af3d99c99eb7bd2ff47bc8/projects/69f80768ca774c668fbaaed8/jobs/6a22c63e7e433821290d87c7/results/cluster_order_bone_marrow_Han_Nature_2020_author_cell_type_X_umap_5c7ea7.csv
cluster_order_bone_marrow_Triana_Nat_Immunol_2021_Cell_label_X_umap_77f3db.csv,s3://lifebit-user-data-6941eed90a4dd7a1d1026d7a/deploit/teams/69d8dd1e5d3e1f8c350e006f/users/68af3d99c99eb7bd2ff47bc8/projects/69f80768ca774c668fbaaed8/jobs/6a22c63e7e433821290d87c7/results/cluster_order_bone_marrow_Triana_Nat_Immunol_2021_Cell_label_X_umap_77f3db.csv
cluster_order_bone_marrow_Wells_Nat_Immunol_2025_author_cell_type_X_umap_74e9e1.csv,s3://lifebit-user-data-6941eed90a4dd7a1d1026d7a/deploit/teams/69d8dd1e5d3e1f8c350e006f/users/68af3d99c99eb7bd2ff47bc8/projects/69f80768ca774c668fbaaed8/jobs/6a22c63e7e433821290d87c7/results/cluster_order_bone_marrow_Wells_Nat_Immunol_2025_author_cell_type_X_umap_74e9e1.csv
cluster_order_bone_marrow_Xu_Cell_2023_Curated_annotation_X_umap_5188c1.csv,s3://lifebit-user-data-6941eed90a4dd7a1d1026d7a/deploit/teams/69d8dd1e5d3e1f8c350e006f/users/68af3d99c99eb7bd2ff47bc8/projects/69f80768ca774c668fbaaed8/jobs/6a22c63e7e433821290d87c7/results/cluster_order_bone_marrow_Xu_Cell_2023_Curated_annotation_X_umap_5188c1.csv
cluster_order_bone_marrow_Zeng_Blood_Cancer_Discovery_2025_AuthorCellType_X_umap_bba832.csv,s3://lifebit-user-data-6941eed90a4dd7a1d1026d7a/deploit/teams/69d8dd1e5d3e1f8c350e006f/users/68af3d99c99eb7bd2ff47bc8/projects/69f80768ca774c668fbaaed8/jobs/6a22c63e7e433821290d87c7/results/cluster_order_bone_marrow_Zeng_Blood_Cancer_Discovery_2025_AuthorCellType_X_umap_bba832.csv
cluster_sizes_before_filter_bone_marrow_Dominguez_Conde_Science_2022_Manually_curated_celltype_X_umap_04d255.csv,s3://lifebit-user-data-6941eed90a4dd7a1d1026d7a/deploit/teams/69d8dd1e5d3e1f8c350e006f/users/68af3d99c99eb7bd2ff47bc8/projects/69f80768ca774c668fbaaed8/jobs/6a22c63e7e433821290d87c7/results/cluster_sizes_before_filter_bone_marrow_Dominguez_Conde_Science_2022_Manually_curated_celltype_X_umap_04d255.csv
cluster_sizes_before_filter_bone_marrow_Han_Nature_2020_author_cell_type_X_umap_5c7ea7.csv,s3://lifebit-user-data-6941eed90a4dd7a1d1026d7a/deploit/teams/69d8dd1e5d3e1f8c350e006f/users/68af3d99c99eb7bd2ff47bc8/projects/69f80768ca774c668fbaaed8/jobs/6a22c63e7e433821290d87c7/results/cluster_sizes_before_filter_bone_marrow_Han_Nature_2020_author_cell_type_X_umap_5c7ea7.csv
cluster_sizes_before_filter_bone_marrow_Triana_Nat_Immunol_2021_Cell_label_X_umap_77f3db.csv,s3://lifebit-user-data-6941eed90a4dd7a1d1026d7a/deploit/teams/69d8dd1e5d3e1f8c350e006f/users/68af3d99c99eb7bd2ff47bc8/projects/69f80768ca774c668fbaaed8/jobs/6a22c63e7e433821290d87c7/results/cluster_sizes_before_filter_bone_marrow_Triana_Nat_Immunol_2021_Cell_label_X_umap_77f3db.csv
cluster_sizes_before_filter_bone_marrow_Wells_Nat_Immunol_2025_author_cell_type_X_umap_74e9e1.csv,s3://lifebit-user-data-6941eed90a4dd7a1d1026d7a/deploit/teams/69d8dd1e5d3e1f8c350e006f/users/68af3d99c99eb7bd2ff47bc8/projects/69f80768ca774c668fbaaed8/jobs/6a22c63e7e433821290d87c7/results/cluster_sizes_before_filter_bone_marrow_Wells_Nat_Immunol_2025_author_cell_type_X_umap_74e9e1.csv
cluster_sizes_before_filter_bone_marrow_Xu_Cell_2023_Curated_annotation_X_umap_5188c1.csv,s3://lifebit-user-data-6941eed90a4dd7a1d1026d7a/deploit/teams/69d8dd1e5d3e1f8c350e006f/users/68af3d99c99eb7bd2ff47bc8/projects/69f80768ca774c668fbaaed8/jobs/6a22c63e7e433821290d87c7/results/cluster_sizes_before_filter_bone_marrow_Xu_Cell_2023_Curated_annotation_X_umap_5188c1.csv
cluster_sizes_before_filter_bone_marrow_Zeng_Blood_Cancer_Discovery_2025_AuthorCellType_X_umap_bba832.csv,s3://lifebit-user-data-6941eed90a4dd7a1d1026d7a/deploit/teams/69d8dd1e5d3e1f8c350e006f/users/68af3d99c99eb7bd2ff47bc8/projects/69f80768ca774c668fbaaed8/jobs/6a22c63e7e433821290d87c7/results/cluster_sizes_before_filter_bone_marrow_Zeng_Blood_Cancer_Discovery_2025_AuthorCellType_X_umap_bba832.csv
cluster_sizes_bone_marrow_Dominguez_Conde_Science_2022_Manually_curated_celltype_X_umap_04d255.csv,s3://lifebit-user-data-6941eed90a4dd7a1d1026d7a/deploit/teams/69d8dd1e5d3e1f8c350e006f/users/68af3d99c99eb7bd2ff47bc8/projects/69f80768ca774c668fbaaed8/jobs/6a22c63e7e433821290d87c7/results/cluster_sizes_bone_marrow_Dominguez_Conde_Science_2022_Manually_curated_celltype_X_umap_04d255.csv
cluster_sizes_bone_marrow_Han_Nature_2020_author_cell_type_X_umap_5c7ea7.csv,s3://lifebit-user-data-6941eed90a4dd7a1d1026d7a/deploit/teams/69d8dd1e5d3e1f8c350e006f/users/68af3d99c99eb7bd2ff47bc8/projects/69f80768ca774c668fbaaed8/jobs/6a22c63e7e433821290d87c7/results/cluster_sizes_bone_marrow_Han_Nature_2020_author_cell_type_X_umap_5c7ea7.csv
cluster_sizes_bone_marrow_Triana_Nat_Immunol_2021_Cell_label_X_umap_77f3db.csv,s3://lifebit-user-data-6941eed90a4dd7a1d1026d7a/deploit/teams/69d8dd1e5d3e1f8c350e006f/users/68af3d99c99eb7bd2ff47bc8/projects/69f80768ca774c668fbaaed8/jobs/6a22c63e7e433821290d87c7/results/cluster_sizes_bone_marrow_Triana_Nat_Immunol_2021_Cell_label_X_umap_77f3db.csv
cluster_sizes_bone_marrow_Wells_Nat_Immunol_2025_author_cell_type_X_umap_74e9e1.csv,s3://lifebit-user-data-6941eed90a4dd7a1d1026d7a/deploit/teams/69d8dd1e5d3e1f8c350e006f/users/68af3d99c99eb7bd2ff47bc8/projects/69f80768ca774c668fbaaed8/jobs/6a22c63e7e433821290d87c7/results/cluster_sizes_bone_marrow_Wells_Nat_Immunol_2025_author_cell_type_X_umap_74e9e1.csv
cluster_sizes_bone_marrow_Xu_Cell_2023_Curated_annotation_X_umap_5188c1.csv,s3://lifebit-user-data-6941eed90a4dd7a1d1026d7a/deploit/teams/69d8dd1e5d3e1f8c350e006f/users/68af3d99c99eb7bd2ff47bc8/projects/69f80768ca774c668fbaaed8/jobs/6a22c63e7e433821290d87c7/results/cluster_sizes_bone_marrow_Xu_Cell_2023_Curated_annotation_X_umap_5188c1.csv
cluster_sizes_bone_marrow_Zeng_Blood_Cancer_Discovery_2025_AuthorCellType_X_umap_bba832.csv,s3://lifebit-user-data-6941eed90a4dd7a1d1026d7a/deploit/teams/69d8dd1e5d3e1f8c350e006f/users/68af3d99c99eb7bd2ff47bc8/projects/69f80768ca774c668fbaaed8/jobs/6a22c63e7e433821290d87c7/results/cluster_sizes_bone_marrow_Zeng_Blood_Cancer_Discovery_2025_AuthorCellType_X_umap_bba832.csv
cluster_statistics_bone_marrow_Dominguez_Conde_Science_2022_Manually_curated_celltype_X_umap_04d255.csv,s3://lifebit-user-data-6941eed90a4dd7a1d1026d7a/deploit/teams/69d8dd1e5d3e1f8c350e006f/users/68af3d99c99eb7bd2ff47bc8/projects/69f80768ca774c668fbaaed8/jobs/6a22c63e7e433821290d87c7/results/cluster_statistics_bone_marrow_Dominguez_Conde_Science_2022_Manually_curated_celltype_X_umap_04d255.csv
cluster_statistics_bone_marrow_Han_Nature_2020_author_cell_type_X_umap_5c7ea7.csv,s3://lifebit-user-data-6941eed90a4dd7a1d1026d7a/deploit/teams/69d8dd1e5d3e1f8c350e006f/users/68af3d99c99eb7bd2ff47bc8/projects/69f80768ca774c668fbaaed8/jobs/6a22c63e7e433821290d87c7/results/cluster_statistics_bone_marrow_Han_Nature_2020_author_cell_type_X_umap_5c7ea7.csv
cluster_statistics_bone_marrow_Triana_Nat_Immunol_2021_Cell_label_X_umap_77f3db.csv,s3://lifebit-user-data-6941eed90a4dd7a1d1026d7a/deploit/teams/69d8dd1e5d3e1f8c350e006f/users/68af3d99c99eb7bd2ff47bc8/projects/69f80768ca774c668fbaaed8/jobs/6a22c63e7e433821290d87c7/results/cluster_statistics_bone_marrow_Triana_Nat_Immunol_2021_Cell_label_X_umap_77f3db.csv
cluster_statistics_bone_marrow_Wells_Nat_Immunol_2025_author_cell_type_X_umap_74e9e1.csv,s3://lifebit-user-data-6941eed90a4dd7a1d1026d7a/deploit/teams/69d8dd1e5d3e1f8c350e006f/users/68af3d99c99eb7bd2ff47bc8/projects/69f80768ca774c668fbaaed8/jobs/6a22c63e7e433821290d87c7/results/cluster_statistics_bone_marrow_Wells_Nat_Immunol_2025_author_cell_type_X_umap_74e9e1.csv
cluster_statistics_bone_marrow_Xu_Cell_2023_Curated_annotation_X_umap_5188c1.csv,s3://lifebit-user-data-6941eed90a4dd7a1d1026d7a/deploit/teams/69d8dd1e5d3e1f8c350e006f/users/68af3d99c99eb7bd2ff47bc8/projects/69f80768ca774c668fbaaed8/jobs/6a22c63e7e433821290d87c7/results/cluster_statistics_bone_marrow_Xu_Cell_2023_Curated_annotation_X_umap_5188c1.csv
cluster_statistics_bone_marrow_Zeng_Blood_Cancer_Discovery_2025_AuthorCellType_X_umap_bba832.csv,s3://lifebit-user-data-6941eed90a4dd7a1d1026d7a/deploit/teams/69d8dd1e5d3e1f8c350e006f/users/68af3d99c99eb7bd2ff47bc8/projects/69f80768ca774c668fbaaed8/jobs/6a22c63e7e433821290d87c7/results/cluster_statistics_bone_marrow_Zeng_Blood_Cancer_Discovery_2025_AuthorCellType_X_umap_bba832.csv
cluster_stats.log,s3://lifebit-user-data-6941eed90a4dd7a1d1026d7a/deploit/teams/69d8dd1e5d3e1f8c350e006f/users/68af3d99c99eb7bd2ff47bc8/projects/69f80768ca774c668fbaaed8/jobs/6a22c63e7e433821290d87c7/results/cluster_stats.log
dataset_summary_bone_marrow_Dominguez_Conde_Science_2022_Manually_curated_celltype_X_umap_04d255.csv,s3://lifebit-user-data-6941eed90a4dd7a1d1026d7a/deploit/teams/69d8dd1e5d3e1f8c350e006f/users/68af3d99c99eb7bd2ff47bc8/projects/69f80768ca774c668fbaaed8/jobs/6a22c63e7e433821290d87c7/results/dataset_summary_bone_marrow_Dominguez_Conde_Science_2022_Manually_curated_celltype_X_umap_04d255.csv
dataset_summary_bone_marrow_Han_Nature_2020_author_cell_type_X_umap_5c7ea7.csv,s3://lifebit-user-data-6941eed90a4dd7a1d1026d7a/deploit/teams/69d8dd1e5d3e1f8c350e006f/users/68af3d99c99eb7bd2ff47bc8/projects/69f80768ca774c668fbaaed8/jobs/6a22c63e7e433821290d87c7/results/dataset_summary_bone_marrow_Han_Nature_2020_author_cell_type_X_umap_5c7ea7.csv
dataset_summary_bone_marrow_Triana_Nat_Immunol_2021_Cell_label_X_umap_77f3db.csv,s3://lifebit-user-data-6941eed90a4dd7a1d1026d7a/deploit/teams/69d8dd1e5d3e1f8c350e006f/users/68af3d99c99eb7bd2ff47bc8/projects/69f80768ca774c668fbaaed8/jobs/6a22c63e7e433821290d87c7/results/dataset_summary_bone_marrow_Triana_Nat_Immunol_2021_Cell_label_X_umap_77f3db.csv
dataset_summary_bone_marrow_Wells_Nat_Immunol_2025_author_cell_type_X_umap_74e9e1.csv,s3://lifebit-user-data-6941eed90a4dd7a1d1026d7a/deploit/teams/69d8dd1e5d3e1f8c350e006f/users/68af3d99c99eb7bd2ff47bc8/projects/69f80768ca774c668fbaaed8/jobs/6a22c63e7e433821290d87c7/results/dataset_summary_bone_marrow_Wells_Nat_Immunol_2025_author_cell_type_X_umap_74e9e1.csv
dataset_summary_bone_marrow_Xu_Cell_2023_Curated_annotation_X_umap_5188c1.csv,s3://lifebit-user-data-6941eed90a4dd7a1d1026d7a/deploit/teams/69d8dd1e5d3e1f8c350e006f/users/68af3d99c99eb7bd2ff47bc8/projects/69f80768ca774c668fbaaed8/jobs/6a22c63e7e433821290d87c7/results/dataset_summary_bone_marrow_Xu_Cell_2023_Curated_annotation_X_umap_5188c1.csv
dataset_summary_bone_marrow_Zeng_Blood_Cancer_Discovery_2025_AuthorCellType_X_umap_bba832.csv,s3://lifebit-user-data-6941eed90a4dd7a1d1026d7a/deploit/teams/69d8dd1e5d3e1f8c350e006f/users/68af3d99c99eb7bd2ff47bc8/projects/69f80768ca774c668fbaaed8/jobs/6a22c63e7e433821290d87c7/results/dataset_summary_bone_marrow_Zeng_Blood_Cancer_Discovery_2025_AuthorCellType_X_umap_bba832.csv
dendrogram_before_filter_bone_marrow_Dominguez_Conde_Science_2022_Manually_curated_celltype_X_umap_04d255.svg,s3://lifebit-user-data-6941eed90a4dd7a1d1026d7a/deploit/teams/69d8dd1e5d3e1f8c350e006f/users/68af3d99c99eb7bd2ff47bc8/projects/69f80768ca774c668fbaaed8/jobs/6a22c63e7e433821290d87c7/results/dendrogram_before_filter_bone_marrow_Dominguez_Conde_Science_2022_Manually_curated_celltype_X_umap_04d255.svg
dendrogram_before_filter_bone_marrow_Han_Nature_2020_author_cell_type_X_umap_5c7ea7.svg,s3://lifebit-user-data-6941eed90a4dd7a1d1026d7a/deploit/teams/69d8dd1e5d3e1f8c350e006f/users/68af3d99c99eb7bd2ff47bc8/projects/69f80768ca774c668fbaaed8/jobs/6a22c63e7e433821290d87c7/results/dendrogram_before_filter_bone_marrow_Han_Nature_2020_author_cell_type_X_umap_5c7ea7.svg
dendrogram_before_filter_bone_marrow_Triana_Nat_Immunol_2021_Cell_label_X_umap_77f3db.svg,s3://lifebit-user-data-6941eed90a4dd7a1d1026d7a/deploit/teams/69d8dd1e5d3e1f8c350e006f/users/68af3d99c99eb7bd2ff47bc8/projects/69f80768ca774c668fbaaed8/jobs/6a22c63e7e433821290d87c7/results/dendrogram_before_filter_bone_marrow_Triana_Nat_Immunol_2021_Cell_label_X_umap_77f3db.svg
dendrogram_before_filter_bone_marrow_Wells_Nat_Immunol_2025_author_cell_type_X_umap_74e9e1.svg,s3://lifebit-user-data-6941eed90a4dd7a1d1026d7a/deploit/teams/69d8dd1e5d3e1f8c350e006f/users/68af3d99c99eb7bd2ff47bc8/projects/69f80768ca774c668fbaaed8/jobs/6a22c63e7e433821290d87c7/results/dendrogram_before_filter_bone_marrow_Wells_Nat_Immunol_2025_author_cell_type_X_umap_74e9e1.svg
dendrogram_before_filter_bone_marrow_Xu_Cell_2023_Curated_annotation_X_umap_5188c1.svg,s3://lifebit-user-data-6941eed90a4dd7a1d1026d7a/deploit/teams/69d8dd1e5d3e1f8c350e006f/users/68af3d99c99eb7bd2ff47bc8/projects/69f80768ca774c668fbaaed8/jobs/6a22c63e7e433821290d87c7/results/dendrogram_before_filter_bone_marrow_Xu_Cell_2023_Curated_annotation_X_umap_5188c1.svg
dendrogram_before_filter_bone_marrow_Zeng_Blood_Cancer_Discovery_2025_AuthorCellType_X_umap_bba832.svg,s3://lifebit-user-data-6941eed90a4dd7a1d1026d7a/deploit/teams/69d8dd1e5d3e1f8c350e006f/users/68af3d99c99eb7bd2ff47bc8/projects/69f80768ca774c668fbaaed8/jobs/6a22c63e7e433821290d87c7/results/dendrogram_before_filter_bone_marrow_Zeng_Blood_Cancer_Discovery_2025_AuthorCellType_X_umap_bba832.svg
dendrogram_bone_marrow_Dominguez_Conde_Science_2022_Manually_curated_celltype_X_umap_04d255.svg,s3://lifebit-user-data-6941eed90a4dd7a1d1026d7a/deploit/teams/69d8dd1e5d3e1f8c350e006f/users/68af3d99c99eb7bd2ff47bc8/projects/69f80768ca774c668fbaaed8/jobs/6a22c63e7e433821290d87c7/results/dendrogram_bone_marrow_Dominguez_Conde_Science_2022_Manually_curated_celltype_X_umap_04d255.svg
dendrogram_bone_marrow_Han_Nature_2020_author_cell_type_X_umap_5c7ea7.svg,s3://lifebit-user-data-6941eed90a4dd7a1d1026d7a/deploit/teams/69d8dd1e5d3e1f8c350e006f/users/68af3d99c99eb7bd2ff47bc8/projects/69f80768ca774c668fbaaed8/jobs/6a22c63e7e433821290d87c7/results/dendrogram_bone_marrow_Han_Nature_2020_author_cell_type_X_umap_5c7ea7.svg
dendrogram_bone_marrow_Triana_Nat_Immunol_2021_Cell_label_X_umap_77f3db.svg,s3://lifebit-user-data-6941eed90a4dd7a1d1026d7a/deploit/teams/69d8dd1e5d3e1f8c350e006f/users/68af3d99c99eb7bd2ff47bc8/projects/69f80768ca774c668fbaaed8/jobs/6a22c63e7e433821290d87c7/results/dendrogram_bone_marrow_Triana_Nat_Immunol_2021_Cell_label_X_umap_77f3db.svg
dendrogram_bone_marrow_Wells_Nat_Immunol_2025_author_cell_type_X_umap_74e9e1.svg,s3://lifebit-user-data-6941eed90a4dd7a1d1026d7a/deploit/teams/69d8dd1e5d3e1f8c350e006f/users/68af3d99c99eb7bd2ff47bc8/projects/69f80768ca774c668fbaaed8/jobs/6a22c63e7e433821290d87c7/results/dendrogram_bone_marrow_Wells_Nat_Immunol_2025_author_cell_type_X_umap_74e9e1.svg
dendrogram_bone_marrow_Xu_Cell_2023_Curated_annotation_X_umap_5188c1.svg,s3://lifebit-user-data-6941eed90a4dd7a1d1026d7a/deploit/teams/69d8dd1e5d3e1f8c350e006f/users/68af3d99c99eb7bd2ff47bc8/projects/69f80768ca774c668fbaaed8/jobs/6a22c63e7e433821290d87c7/results/dendrogram_bone_marrow_Xu_Cell_2023_Curated_annotation_X_umap_5188c1.svg
dendrogram_bone_marrow_Zeng_Blood_Cancer_Discovery_2025_AuthorCellType_X_umap_bba832.svg,s3://lifebit-user-data-6941eed90a4dd7a1d1026d7a/deploit/teams/69d8dd1e5d3e1f8c350e006f/users/68af3d99c99eb7bd2ff47bc8/projects/69f80768ca774c668fbaaed8/jobs/6a22c63e7e433821290d87c7/results/dendrogram_bone_marrow_Zeng_Blood_Cancer_Discovery_2025_AuthorCellType_X_umap_bba832.svg
distribution_log10_bone_marrow_Dominguez_Conde_Science_2022_Manually_curated_celltype_X_umap_04d255.html,s3://lifebit-user-data-6941eed90a4dd7a1d1026d7a/deploit/teams/69d8dd1e5d3e1f8c350e006f/users/68af3d99c99eb7bd2ff47bc8/projects/69f80768ca774c668fbaaed8/jobs/6a22c63e7e433821290d87c7/results/distribution_log10_bone_marrow_Dominguez_Conde_Science_2022_Manually_curated_celltype_X_umap_04d255.html
distribution_log10_bone_marrow_Dominguez_Conde_Science_2022_Manually_curated_celltype_X_umap_04d255.svg,s3://lifebit-user-data-6941eed90a4dd7a1d1026d7a/deploit/teams/69d8dd1e5d3e1f8c350e006f/users/68af3d99c99eb7bd2ff47bc8/projects/69f80768ca774c668fbaaed8/jobs/6a22c63e7e433821290d87c7/results/distribution_log10_bone_marrow_Dominguez_Conde_Science_2022_Manually_curated_celltype_X_umap_04d255.svg
distribution_log10_bone_marrow_Han_Nature_2020_author_cell_type_X_umap_5c7ea7.html,s3://lifebit-user-data-6941eed90a4dd7a1d1026d7a/deploit/teams/69d8dd1e5d3e1f8c350e006f/users/68af3d99c99eb7bd2ff47bc8/projects/69f80768ca774c668fbaaed8/jobs/6a22c63e7e433821290d87c7/results/distribution_log10_bone_marrow_Han_Nature_2020_author_cell_type_X_umap_5c7ea7.html
distribution_log10_bone_marrow_Han_Nature_2020_author_cell_type_X_umap_5c7ea7.svg,s3://lifebit-user-data-6941eed90a4dd7a1d1026d7a/deploit/teams/69d8dd1e5d3e1f8c350e006f/users/68af3d99c99eb7bd2ff47bc8/projects/69f80768ca774c668fbaaed8/jobs/6a22c63e7e433821290d87c7/results/distribution_log10_bone_marrow_Han_Nature_2020_author_cell_type_X_umap_5c7ea7.svg
distribution_log10_bone_marrow_Triana_Nat_Immunol_2021_Cell_label_X_umap_77f3db.html,s3://lifebit-user-data-6941eed90a4dd7a1d1026d7a/deploit/teams/69d8dd1e5d3e1f8c350e006f/users/68af3d99c99eb7bd2ff47bc8/projects/69f80768ca774c668fbaaed8/jobs/6a22c63e7e433821290d87c7/results/distribution_log10_bone_marrow_Triana_Nat_Immunol_2021_Cell_label_X_umap_77f3db.html
distribution_log10_bone_marrow_Triana_Nat_Immunol_2021_Cell_label_X_umap_77f3db.svg,s3://lifebit-user-data-6941eed90a4dd7a1d1026d7a/deploit/teams/69d8dd1e5d3e1f8c350e006f/users/68af3d99c99eb7bd2ff47bc8/projects/69f80768ca774c668fbaaed8/jobs/6a22c63e7e433821290d87c7/results/distribution_log10_bone_marrow_Triana_Nat_Immunol_2021_Cell_label_X_umap_77f3db.svg
distribution_log10_bone_marrow_Wells_Nat_Immunol_2025_author_cell_type_X_umap_74e9e1.html,s3://lifebit-user-data-6941eed90a4dd7a1d1026d7a/deploit/teams/69d8dd1e5d3e1f8c350e006f/users/68af3d99c99eb7bd2ff47bc8/projects/69f80768ca774c668fbaaed8/jobs/6a22c63e7e433821290d87c7/results/distribution_log10_bone_marrow_Wells_Nat_Immunol_2025_author_cell_type_X_umap_74e9e1.html
distribution_log10_bone_marrow_Wells_Nat_Immunol_2025_author_cell_type_X_umap_74e9e1.svg,s3://lifebit-user-data-6941eed90a4dd7a1d1026d7a/deploit/teams/69d8dd1e5d3e1f8c350e006f/users/68af3d99c99eb7bd2ff47bc8/projects/69f80768ca774c668fbaaed8/jobs/6a22c63e7e433821290d87c7/results/distribution_log10_bone_marrow_Wells_Nat_Immunol_2025_author_cell_type_X_umap_74e9e1.svg
distribution_log10_bone_marrow_Xu_Cell_2023_Curated_annotation_X_umap_5188c1.html,s3://lifebit-user-data-6941eed90a4dd7a1d1026d7a/deploit/teams/69d8dd1e5d3e1f8c350e006f/users/68af3d99c99eb7bd2ff47bc8/projects/69f80768ca774c668fbaaed8/jobs/6a22c63e7e433821290d87c7/results/distribution_log10_bone_marrow_Xu_Cell_2023_Curated_annotation_X_umap_5188c1.html
distribution_log10_bone_marrow_Xu_Cell_2023_Curated_annotation_X_umap_5188c1.svg,s3://lifebit-user-data-6941eed90a4dd7a1d1026d7a/deploit/teams/69d8dd1e5d3e1f8c350e006f/users/68af3d99c99eb7bd2ff47bc8/projects/69f80768ca774c668fbaaed8/jobs/6a22c63e7e433821290d87c7/results/distribution_log10_bone_marrow_Xu_Cell_2023_Curated_annotation_X_umap_5188c1.svg
distribution_log10_bone_marrow_Zeng_Blood_Cancer_Discovery_2025_AuthorCellType_X_umap_bba832.html,s3://lifebit-user-data-6941eed90a4dd7a1d1026d7a/deploit/teams/69d8dd1e5d3e1f8c350e006f/users/68af3d99c99eb7bd2ff47bc8/projects/69f80768ca774c668fbaaed8/jobs/6a22c63e7e433821290d87c7/results/distribution_log10_bone_marrow_Zeng_Blood_Cancer_Discovery_2025_AuthorCellType_X_umap_bba832.html
distribution_log10_bone_marrow_Zeng_Blood_Cancer_Discovery_2025_AuthorCellType_X_umap_bba832.svg,s3://lifebit-user-data-6941eed90a4dd7a1d1026d7a/deploit/teams/69d8dd1e5d3e1f8c350e006f/users/68af3d99c99eb7bd2ff47bc8/projects/69f80768ca774c668fbaaed8/jobs/6a22c63e7e433821290d87c7/results/distribution_log10_bone_marrow_Zeng_Blood_Cancer_Discovery_2025_AuthorCellType_X_umap_bba832.svg
distribution_raw_bone_marrow_Dominguez_Conde_Science_2022_Manually_curated_celltype_X_umap_04d255.html,s3://lifebit-user-data-6941eed90a4dd7a1d1026d7a/deploit/teams/69d8dd1e5d3e1f8c350e006f/users/68af3d99c99eb7bd2ff47bc8/projects/69f80768ca774c668fbaaed8/jobs/6a22c63e7e433821290d87c7/results/distribution_raw_bone_marrow_Dominguez_Conde_Science_2022_Manually_curated_celltype_X_umap_04d255.html
distribution_raw_bone_marrow_Dominguez_Conde_Science_2022_Manually_curated_celltype_X_umap_04d255.svg,s3://lifebit-user-data-6941eed90a4dd7a1d1026d7a/deploit/teams/69d8dd1e5d3e1f8c350e006f/users/68af3d99c99eb7bd2ff47bc8/projects/69f80768ca774c668fbaaed8/jobs/6a22c63e7e433821290d87c7/results/distribution_raw_bone_marrow_Dominguez_Conde_Science_2022_Manually_curated_celltype_X_umap_04d255.svg
distribution_raw_bone_marrow_Han_Nature_2020_author_cell_type_X_umap_5c7ea7.html,s3://lifebit-user-data-6941eed90a4dd7a1d1026d7a/deploit/teams/69d8dd1e5d3e1f8c350e006f/users/68af3d99c99eb7bd2ff47bc8/projects/69f80768ca774c668fbaaed8/jobs/6a22c63e7e433821290d87c7/results/distribution_raw_bone_marrow_Han_Nature_2020_author_cell_type_X_umap_5c7ea7.html
distribution_raw_bone_marrow_Han_Nature_2020_author_cell_type_X_umap_5c7ea7.svg,s3://lifebit-user-data-6941eed90a4dd7a1d1026d7a/deploit/teams/69d8dd1e5d3e1f8c350e006f/users/68af3d99c99eb7bd2ff47bc8/projects/69f80768ca774c668fbaaed8/jobs/6a22c63e7e433821290d87c7/results/distribution_raw_bone_marrow_Han_Nature_2020_author_cell_type_X_umap_5c7ea7.svg
distribution_raw_bone_marrow_Triana_Nat_Immunol_2021_Cell_label_X_umap_77f3db.html,s3://lifebit-user-data-6941eed90a4dd7a1d1026d7a/deploit/teams/69d8dd1e5d3e1f8c350e006f/users/68af3d99c99eb7bd2ff47bc8/projects/69f80768ca774c668fbaaed8/jobs/6a22c63e7e433821290d87c7/results/distribution_raw_bone_marrow_Triana_Nat_Immunol_2021_Cell_label_X_umap_77f3db.html
distribution_raw_bone_marrow_Triana_Nat_Immunol_2021_Cell_label_X_umap_77f3db.svg,s3://lifebit-user-data-6941eed90a4dd7a1d1026d7a/deploit/teams/69d8dd1e5d3e1f8c350e006f/users/68af3d99c99eb7bd2ff47bc8/projects/69f80768ca774c668fbaaed8/jobs/6a22c63e7e433821290d87c7/results/distribution_raw_bone_marrow_Triana_Nat_Immunol_2021_Cell_label_X_umap_77f3db.svg
distribution_raw_bone_marrow_Wells_Nat_Immunol_2025_author_cell_type_X_umap_74e9e1.html,s3://lifebit-user-data-6941eed90a4dd7a1d1026d7a/deploit/teams/69d8dd1e5d3e1f8c350e006f/users/68af3d99c99eb7bd2ff47bc8/projects/69f80768ca774c668fbaaed8/jobs/6a22c63e7e433821290d87c7/results/distribution_raw_bone_marrow_Wells_Nat_Immunol_2025_author_cell_type_X_umap_74e9e1.html
distribution_raw_bone_marrow_Wells_Nat_Immunol_2025_author_cell_type_X_umap_74e9e1.svg,s3://lifebit-user-data-6941eed90a4dd7a1d1026d7a/deploit/teams/69d8dd1e5d3e1f8c350e006f/users/68af3d99c99eb7bd2ff47bc8/projects/69f80768ca774c668fbaaed8/jobs/6a22c63e7e433821290d87c7/results/distribution_raw_bone_marrow_Wells_Nat_Immunol_2025_author_cell_type_X_umap_74e9e1.svg
distribution_raw_bone_marrow_Xu_Cell_2023_Curated_annotation_X_umap_5188c1.html,s3://lifebit-user-data-6941eed90a4dd7a1d1026d7a/deploit/teams/69d8dd1e5d3e1f8c350e006f/users/68af3d99c99eb7bd2ff47bc8/projects/69f80768ca774c668fbaaed8/jobs/6a22c63e7e433821290d87c7/results/distribution_raw_bone_marrow_Xu_Cell_2023_Curated_annotation_X_umap_5188c1.html
distribution_raw_bone_marrow_Xu_Cell_2023_Curated_annotation_X_umap_5188c1.svg,s3://lifebit-user-data-6941eed90a4dd7a1d1026d7a/deploit/teams/69d8dd1e5d3e1f8c350e006f/users/68af3d99c99eb7bd2ff47bc8/projects/69f80768ca774c668fbaaed8/jobs/6a22c63e7e433821290d87c7/results/distribution_raw_bone_marrow_Xu_Cell_2023_Curated_annotation_X_umap_5188c1.svg
distribution_raw_bone_marrow_Zeng_Blood_Cancer_Discovery_2025_AuthorCellType_X_umap_bba832.html,s3://lifebit-user-data-6941eed90a4dd7a1d1026d7a/deploit/teams/69d8dd1e5d3e1f8c350e006f/users/68af3d99c99eb7bd2ff47bc8/projects/69f80768ca774c668fbaaed8/jobs/6a22c63e7e433821290d87c7/results/distribution_raw_bone_marrow_Zeng_Blood_Cancer_Discovery_2025_AuthorCellType_X_umap_bba832.html
distribution_raw_bone_marrow_Zeng_Blood_Cancer_Discovery_2025_AuthorCellType_X_umap_bba832.svg,s3://lifebit-user-data-6941eed90a4dd7a1d1026d7a/deploit/teams/69d8dd1e5d3e1f8c350e006f/users/68af3d99c99eb7bd2ff47bc8/projects/69f80768ca774c668fbaaed8/jobs/6a22c63e7e433821290d87c7/results/distribution_raw_bone_marrow_Zeng_Blood_Cancer_Discovery_2025_AuthorCellType_X_umap_bba832.svg
dotplot__scaledbone_marrow_Dominguez_Conde_Science_2022_Manually_curated_celltype_X_umap_04d255.svg,s3://lifebit-user-data-6941eed90a4dd7a1d1026d7a/deploit/teams/69d8dd1e5d3e1f8c350e006f/users/68af3d99c99eb7bd2ff47bc8/projects/69f80768ca774c668fbaaed8/jobs/6a22c63e7e433821290d87c7/results/dotplot__scaledbone_marrow_Dominguez_Conde_Science_2022_Manually_curated_celltype_X_umap_04d255.svg
dotplot__scaledbone_marrow_Han_Nature_2020_author_cell_type_X_umap_5c7ea7.svg,s3://lifebit-user-data-6941eed90a4dd7a1d1026d7a/deploit/teams/69d8dd1e5d3e1f8c350e006f/users/68af3d99c99eb7bd2ff47bc8/projects/69f80768ca774c668fbaaed8/jobs/6a22c63e7e433821290d87c7/results/dotplot__scaledbone_marrow_Han_Nature_2020_author_cell_type_X_umap_5c7ea7.svg
dotplot__scaledbone_marrow_Triana_Nat_Immunol_2021_Cell_label_X_umap_77f3db.svg,s3://lifebit-user-data-6941eed90a4dd7a1d1026d7a/deploit/teams/69d8dd1e5d3e1f8c350e006f/users/68af3d99c99eb7bd2ff47bc8/projects/69f80768ca774c668fbaaed8/jobs/6a22c63e7e433821290d87c7/results/dotplot__scaledbone_marrow_Triana_Nat_Immunol_2021_Cell_label_X_umap_77f3db.svg
dotplot__scaledbone_marrow_Wells_Nat_Immunol_2025_author_cell_type_X_umap_74e9e1.svg,s3://lifebit-user-data-6941eed90a4dd7a1d1026d7a/deploit/teams/69d8dd1e5d3e1f8c350e006f/users/68af3d99c99eb7bd2ff47bc8/projects/69f80768ca774c668fbaaed8/jobs/6a22c63e7e433821290d87c7/results/dotplot__scaledbone_marrow_Wells_Nat_Immunol_2025_author_cell_type_X_umap_74e9e1.svg
dotplot__scaledbone_marrow_Xu_Cell_2023_Curated_annotation_X_umap_5188c1.svg,s3://lifebit-user-data-6941eed90a4dd7a1d1026d7a/deploit/teams/69d8dd1e5d3e1f8c350e006f/users/68af3d99c99eb7bd2ff47bc8/projects/69f80768ca774c668fbaaed8/jobs/6a22c63e7e433821290d87c7/results/dotplot__scaledbone_marrow_Xu_Cell_2023_Curated_annotation_X_umap_5188c1.svg
dotplot__scaledbone_marrow_Zeng_Blood_Cancer_Discovery_2025_AuthorCellType_X_umap_bba832.svg,s3://lifebit-user-data-6941eed90a4dd7a1d1026d7a/deploit/teams/69d8dd1e5d3e1f8c350e006f/users/68af3d99c99eb7bd2ff47bc8/projects/69f80768ca774c668fbaaed8/jobs/6a22c63e7e433821290d87c7/results/dotplot__scaledbone_marrow_Zeng_Blood_Cancer_Discovery_2025_AuthorCellType_X_umap_bba832.svg
dotplot_bone_marrow_Dominguez_Conde_Science_2022_Manually_curated_celltype_X_umap_04d255.svg,s3://lifebit-user-data-6941eed90a4dd7a1d1026d7a/deploit/teams/69d8dd1e5d3e1f8c350e006f/users/68af3d99c99eb7bd2ff47bc8/projects/69f80768ca774c668fbaaed8/jobs/6a22c63e7e433821290d87c7/results/dotplot_bone_marrow_Dominguez_Conde_Science_2022_Manually_curated_celltype_X_umap_04d255.svg
dotplot_bone_marrow_Han_Nature_2020_author_cell_type_X_umap_5c7ea7.svg,s3://lifebit-user-data-6941eed90a4dd7a1d1026d7a/deploit/teams/69d8dd1e5d3e1f8c350e006f/users/68af3d99c99eb7bd2ff47bc8/projects/69f80768ca774c668fbaaed8/jobs/6a22c63e7e433821290d87c7/results/dotplot_bone_marrow_Han_Nature_2020_author_cell_type_X_umap_5c7ea7.svg
dotplot_bone_marrow_Triana_Nat_Immunol_2021_Cell_label_X_umap_77f3db.svg,s3://lifebit-user-data-6941eed90a4dd7a1d1026d7a/deploit/teams/69d8dd1e5d3e1f8c350e006f/users/68af3d99c99eb7bd2ff47bc8/projects/69f80768ca774c668fbaaed8/jobs/6a22c63e7e433821290d87c7/results/dotplot_bone_marrow_Triana_Nat_Immunol_2021_Cell_label_X_umap_77f3db.svg
dotplot_bone_marrow_Wells_Nat_Immunol_2025_author_cell_type_X_umap_74e9e1.svg,s3://lifebit-user-data-6941eed90a4dd7a1d1026d7a/deploit/teams/69d8dd1e5d3e1f8c350e006f/users/68af3d99c99eb7bd2ff47bc8/projects/69f80768ca774c668fbaaed8/jobs/6a22c63e7e433821290d87c7/results/dotplot_bone_marrow_Wells_Nat_Immunol_2025_author_cell_type_X_umap_74e9e1.svg
dotplot_bone_marrow_Xu_Cell_2023_Curated_annotation_X_umap_5188c1.svg,s3://lifebit-user-data-6941eed90a4dd7a1d1026d7a/deploit/teams/69d8dd1e5d3e1f8c350e006f/users/68af3d99c99eb7bd2ff47bc8/projects/69f80768ca774c668fbaaed8/jobs/6a22c63e7e433821290d87c7/results/dotplot_bone_marrow_Xu_Cell_2023_Curated_annotation_X_umap_5188c1.svg
dotplot_bone_marrow_Zeng_Blood_Cancer_Discovery_2025_AuthorCellType_X_umap_bba832.svg,s3://lifebit-user-data-6941eed90a4dd7a1d1026d7a/deploit/teams/69d8dd1e5d3e1f8c350e006f/users/68af3d99c99eb7bd2ff47bc8/projects/69f80768ca774c668fbaaed8/jobs/6a22c63e7e433821290d87c7/results/dotplot_bone_marrow_Zeng_Blood_Cancer_Discovery_2025_AuthorCellType_X_umap_bba832.svg
gene_selection_ensg_bone_marrow_Dominguez_Conde_Science_2022_Manually_curated_celltype_X_umap_04d255.csv,s3://lifebit-user-data-6941eed90a4dd7a1d1026d7a/deploit/teams/69d8dd1e5d3e1f8c350e006f/users/68af3d99c99eb7bd2ff47bc8/projects/69f80768ca774c668fbaaed8/jobs/6a22c63e7e433821290d87c7/results/gene_selection_ensg_bone_marrow_Dominguez_Conde_Science_2022_Manually_curated_celltype_X_umap_04d255.csv
gene_selection_ensg_bone_marrow_Han_Nature_2020_author_cell_type_X_umap_5c7ea7.csv,s3://lifebit-user-data-6941eed90a4dd7a1d1026d7a/deploit/teams/69d8dd1e5d3e1f8c350e006f/users/68af3d99c99eb7bd2ff47bc8/projects/69f80768ca774c668fbaaed8/jobs/6a22c63e7e433821290d87c7/results/gene_selection_ensg_bone_marrow_Han_Nature_2020_author_cell_type_X_umap_5c7ea7.csv
gene_selection_ensg_bone_marrow_Triana_Nat_Immunol_2021_Cell_label_X_umap_77f3db.csv,s3://lifebit-user-data-6941eed90a4dd7a1d1026d7a/deploit/teams/69d8dd1e5d3e1f8c350e006f/users/68af3d99c99eb7bd2ff47bc8/projects/69f80768ca774c668fbaaed8/jobs/6a22c63e7e433821290d87c7/results/gene_selection_ensg_bone_marrow_Triana_Nat_Immunol_2021_Cell_label_X_umap_77f3db.csv
gene_selection_ensg_bone_marrow_Wells_Nat_Immunol_2025_author_cell_type_X_umap_74e9e1.csv,s3://lifebit-user-data-6941eed90a4dd7a1d1026d7a/deploit/teams/69d8dd1e5d3e1f8c350e006f/users/68af3d99c99eb7bd2ff47bc8/projects/69f80768ca774c668fbaaed8/jobs/6a22c63e7e433821290d87c7/results/gene_selection_ensg_bone_marrow_Wells_Nat_Immunol_2025_author_cell_type_X_umap_74e9e1.csv
gene_selection_ensg_bone_marrow_Xu_Cell_2023_Curated_annotation_X_umap_5188c1.csv,s3://lifebit-user-data-6941eed90a4dd7a1d1026d7a/deploit/teams/69d8dd1e5d3e1f8c350e006f/users/68af3d99c99eb7bd2ff47bc8/projects/69f80768ca774c668fbaaed8/jobs/6a22c63e7e433821290d87c7/results/gene_selection_ensg_bone_marrow_Xu_Cell_2023_Curated_annotation_X_umap_5188c1.csv
gene_selection_ensg_bone_marrow_Zeng_Blood_Cancer_Discovery_2025_AuthorCellType_X_umap_bba832.csv,s3://lifebit-user-data-6941eed90a4dd7a1d1026d7a/deploit/teams/69d8dd1e5d3e1f8c350e006f/users/68af3d99c99eb7bd2ff47bc8/projects/69f80768ca774c668fbaaed8/jobs/6a22c63e7e433821290d87c7/results/gene_selection_ensg_bone_marrow_Zeng_Blood_Cancer_Discovery_2025_AuthorCellType_X_umap_bba832.csv
gene_selection_symbols_bone_marrow_Dominguez_Conde_Science_2022_Manually_curated_celltype_X_umap_04d255.csv,s3://lifebit-user-data-6941eed90a4dd7a1d1026d7a/deploit/teams/69d8dd1e5d3e1f8c350e006f/users/68af3d99c99eb7bd2ff47bc8/projects/69f80768ca774c668fbaaed8/jobs/6a22c63e7e433821290d87c7/results/gene_selection_symbols_bone_marrow_Dominguez_Conde_Science_2022_Manually_curated_celltype_X_umap_04d255.csv
gene_selection_symbols_bone_marrow_Han_Nature_2020_author_cell_type_X_umap_5c7ea7.csv,s3://lifebit-user-data-6941eed90a4dd7a1d1026d7a/deploit/teams/69d8dd1e5d3e1f8c350e006f/users/68af3d99c99eb7bd2ff47bc8/projects/69f80768ca774c668fbaaed8/jobs/6a22c63e7e433821290d87c7/results/gene_selection_symbols_bone_marrow_Han_Nature_2020_author_cell_type_X_umap_5c7ea7.csv
gene_selection_symbols_bone_marrow_Triana_Nat_Immunol_2021_Cell_label_X_umap_77f3db.csv,s3://lifebit-user-data-6941eed90a4dd7a1d1026d7a/deploit/teams/69d8dd1e5d3e1f8c350e006f/users/68af3d99c99eb7bd2ff47bc8/projects/69f80768ca774c668fbaaed8/jobs/6a22c63e7e433821290d87c7/results/gene_selection_symbols_bone_marrow_Triana_Nat_Immunol_2021_Cell_label_X_umap_77f3db.csv
gene_selection_symbols_bone_marrow_Wells_Nat_Immunol_2025_author_cell_type_X_umap_74e9e1.csv,s3://lifebit-user-data-6941eed90a4dd7a1d1026d7a/deploit/teams/69d8dd1e5d3e1f8c350e006f/users/68af3d99c99eb7bd2ff47bc8/projects/69f80768ca774c668fbaaed8/jobs/6a22c63e7e433821290d87c7/results/gene_selection_symbols_bone_marrow_Wells_Nat_Immunol_2025_author_cell_type_X_umap_74e9e1.csv
gene_selection_symbols_bone_marrow_Xu_Cell_2023_Curated_annotation_X_umap_5188c1.csv,s3://lifebit-user-data-6941eed90a4dd7a1d1026d7a/deploit/teams/69d8dd1e5d3e1f8c350e006f/users/68af3d99c99eb7bd2ff47bc8/projects/69f80768ca774c668fbaaed8/jobs/6a22c63e7e433821290d87c7/results/gene_selection_symbols_bone_marrow_Xu_Cell_2023_Curated_annotation_X_umap_5188c1.csv
gene_selection_symbols_bone_marrow_Zeng_Blood_Cancer_Discovery_2025_AuthorCellType_X_umap_bba832.csv,s3://lifebit-user-data-6941eed90a4dd7a1d1026d7a/deploit/teams/69d8dd1e5d3e1f8c350e006f/users/68af3d99c99eb7bd2ff47bc8/projects/69f80768ca774c668fbaaed8/jobs/6a22c63e7e433821290d87c7/results/gene_selection_symbols_bone_marrow_Zeng_Blood_Cancer_Discovery_2025_AuthorCellType_X_umap_bba832.csv
hist_nonzero_binary_scores_bone_marrow_Dominguez_Conde_Science_2022_Manually_curated_celltype_X_umap_04d255.svg,s3://lifebit-user-data-6941eed90a4dd7a1d1026d7a/deploit/teams/69d8dd1e5d3e1f8c350e006f/users/68af3d99c99eb7bd2ff47bc8/projects/69f80768ca774c668fbaaed8/jobs/6a22c63e7e433821290d87c7/results/hist_nonzero_binary_scores_bone_marrow_Dominguez_Conde_Science_2022_Manually_curated_celltype_X_umap_04d255.svg
hist_nonzero_binary_scores_bone_marrow_Han_Nature_2020_author_cell_type_X_umap_5c7ea7.svg,s3://lifebit-user-data-6941eed90a4dd7a1d1026d7a/deploit/teams/69d8dd1e5d3e1f8c350e006f/users/68af3d99c99eb7bd2ff47bc8/projects/69f80768ca774c668fbaaed8/jobs/6a22c63e7e433821290d87c7/results/hist_nonzero_binary_scores_bone_marrow_Han_Nature_2020_author_cell_type_X_umap_5c7ea7.svg
hist_nonzero_binary_scores_bone_marrow_Triana_Nat_Immunol_2021_Cell_label_X_umap_77f3db.svg,s3://lifebit-user-data-6941eed90a4dd7a1d1026d7a/deploit/teams/69d8dd1e5d3e1f8c350e006f/users/68af3d99c99eb7bd2ff47bc8/projects/69f80768ca774c668fbaaed8/jobs/6a22c63e7e433821290d87c7/results/hist_nonzero_binary_scores_bone_marrow_Triana_Nat_Immunol_2021_Cell_label_X_umap_77f3db.svg
hist_nonzero_binary_scores_bone_marrow_Wells_Nat_Immunol_2025_author_cell_type_X_umap_74e9e1.svg,s3://lifebit-user-data-6941eed90a4dd7a1d1026d7a/deploit/teams/69d8dd1e5d3e1f8c350e006f/users/68af3d99c99eb7bd2ff47bc8/projects/69f80768ca774c668fbaaed8/jobs/6a22c63e7e433821290d87c7/results/hist_nonzero_binary_scores_bone_marrow_Wells_Nat_Immunol_2025_author_cell_type_X_umap_74e9e1.svg
hist_nonzero_binary_scores_bone_marrow_Xu_Cell_2023_Curated_annotation_X_umap_5188c1.svg,s3://lifebit-user-data-6941eed90a4dd7a1d1026d7a/deploit/teams/69d8dd1e5d3e1f8c350e006f/users/68af3d99c99eb7bd2ff47bc8/projects/69f80768ca774c668fbaaed8/jobs/6a22c63e7e433821290d87c7/results/hist_nonzero_binary_scores_bone_marrow_Xu_Cell_2023_Curated_annotation_X_umap_5188c1.svg
hist_nonzero_binary_scores_bone_marrow_Zeng_Blood_Cancer_Discovery_2025_AuthorCellType_X_umap_bba832.svg,s3://lifebit-user-data-6941eed90a4dd7a1d1026d7a/deploit/teams/69d8dd1e5d3e1f8c350e006f/users/68af3d99c99eb7bd2ff47bc8/projects/69f80768ca774c668fbaaed8/jobs/6a22c63e7e433821290d87c7/results/hist_nonzero_binary_scores_bone_marrow_Zeng_Blood_Cancer_Discovery_2025_AuthorCellType_X_umap_bba832.svg
hist_nonzero_medians_bone_marrow_Dominguez_Conde_Science_2022_Manually_curated_celltype_X_umap_04d255.svg,s3://lifebit-user-data-6941eed90a4dd7a1d1026d7a/deploit/teams/69d8dd1e5d3e1f8c350e006f/users/68af3d99c99eb7bd2ff47bc8/projects/69f80768ca774c668fbaaed8/jobs/6a22c63e7e433821290d87c7/results/hist_nonzero_medians_bone_marrow_Dominguez_Conde_Science_2022_Manually_curated_celltype_X_umap_04d255.svg
hist_nonzero_medians_bone_marrow_Han_Nature_2020_author_cell_type_X_umap_5c7ea7.svg,s3://lifebit-user-data-6941eed90a4dd7a1d1026d7a/deploit/teams/69d8dd1e5d3e1f8c350e006f/users/68af3d99c99eb7bd2ff47bc8/projects/69f80768ca774c668fbaaed8/jobs/6a22c63e7e433821290d87c7/results/hist_nonzero_medians_bone_marrow_Han_Nature_2020_author_cell_type_X_umap_5c7ea7.svg
hist_nonzero_medians_bone_marrow_Triana_Nat_Immunol_2021_Cell_label_X_umap_77f3db.svg,s3://lifebit-user-data-6941eed90a4dd7a1d1026d7a/deploit/teams/69d8dd1e5d3e1f8c350e006f/users/68af3d99c99eb7bd2ff47bc8/projects/69f80768ca774c668fbaaed8/jobs/6a22c63e7e433821290d87c7/results/hist_nonzero_medians_bone_marrow_Triana_Nat_Immunol_2021_Cell_label_X_umap_77f3db.svg
hist_nonzero_medians_bone_marrow_Wells_Nat_Immunol_2025_author_cell_type_X_umap_74e9e1.svg,s3://lifebit-user-data-6941eed90a4dd7a1d1026d7a/deploit/teams/69d8dd1e5d3e1f8c350e006f/users/68af3d99c99eb7bd2ff47bc8/projects/69f80768ca774c668fbaaed8/jobs/6a22c63e7e433821290d87c7/results/hist_nonzero_medians_bone_marrow_Wells_Nat_Immunol_2025_author_cell_type_X_umap_74e9e1.svg
hist_nonzero_medians_bone_marrow_Xu_Cell_2023_Curated_annotation_X_umap_5188c1.svg,s3://lifebit-user-data-6941eed90a4dd7a1d1026d7a/deploit/teams/69d8dd1e5d3e1f8c350e006f/users/68af3d99c99eb7bd2ff47bc8/projects/69f80768ca774c668fbaaed8/jobs/6a22c63e7e433821290d87c7/results/hist_nonzero_medians_bone_marrow_Xu_Cell_2023_Curated_annotation_X_umap_5188c1.svg
hist_nonzero_medians_bone_marrow_Zeng_Blood_Cancer_Discovery_2025_AuthorCellType_X_umap_bba832.svg,s3://lifebit-user-data-6941eed90a4dd7a1d1026d7a/deploit/teams/69d8dd1e5d3e1f8c350e006f/users/68af3d99c99eb7bd2ff47bc8/projects/69f80768ca774c668fbaaed8/jobs/6a22c63e7e433821290d87c7/results/hist_nonzero_medians_bone_marrow_Zeng_Blood_Cancer_Discovery_2025_AuthorCellType_X_umap_bba832.svg
markers_ensg_bone_marrow_Dominguez_Conde_Science_2022_Manually_curated_celltype_X_umap_04d255.csv,s3://lifebit-user-data-6941eed90a4dd7a1d1026d7a/deploit/teams/69d8dd1e5d3e1f8c350e006f/users/68af3d99c99eb7bd2ff47bc8/projects/69f80768ca774c668fbaaed8/jobs/6a22c63e7e433821290d87c7/results/markers_ensg_bone_marrow_Dominguez_Conde_Science_2022_Manually_curated_celltype_X_umap_04d255.csv
markers_ensg_bone_marrow_Han_Nature_2020_author_cell_type_X_umap_5c7ea7.csv,s3://lifebit-user-data-6941eed90a4dd7a1d1026d7a/deploit/teams/69d8dd1e5d3e1f8c350e006f/users/68af3d99c99eb7bd2ff47bc8/projects/69f80768ca774c668fbaaed8/jobs/6a22c63e7e433821290d87c7/results/markers_ensg_bone_marrow_Han_Nature_2020_author_cell_type_X_umap_5c7ea7.csv
markers_ensg_bone_marrow_Triana_Nat_Immunol_2021_Cell_label_X_umap_77f3db.csv,s3://lifebit-user-data-6941eed90a4dd7a1d1026d7a/deploit/teams/69d8dd1e5d3e1f8c350e006f/users/68af3d99c99eb7bd2ff47bc8/projects/69f80768ca774c668fbaaed8/jobs/6a22c63e7e433821290d87c7/results/markers_ensg_bone_marrow_Triana_Nat_Immunol_2021_Cell_label_X_umap_77f3db.csv
markers_ensg_bone_marrow_Wells_Nat_Immunol_2025_author_cell_type_X_umap_74e9e1.csv,s3://lifebit-user-data-6941eed90a4dd7a1d1026d7a/deploit/teams/69d8dd1e5d3e1f8c350e006f/users/68af3d99c99eb7bd2ff47bc8/projects/69f80768ca774c668fbaaed8/jobs/6a22c63e7e433821290d87c7/results/markers_ensg_bone_marrow_Wells_Nat_Immunol_2025_author_cell_type_X_umap_74e9e1.csv
markers_ensg_bone_marrow_Xu_Cell_2023_Curated_annotation_X_umap_5188c1.csv,s3://lifebit-user-data-6941eed90a4dd7a1d1026d7a/deploit/teams/69d8dd1e5d3e1f8c350e006f/users/68af3d99c99eb7bd2ff47bc8/projects/69f80768ca774c668fbaaed8/jobs/6a22c63e7e433821290d87c7/results/markers_ensg_bone_marrow_Xu_Cell_2023_Curated_annotation_X_umap_5188c1.csv
markers_ensg_bone_marrow_Zeng_Blood_Cancer_Discovery_2025_AuthorCellType_X_umap_bba832.csv,s3://lifebit-user-data-6941eed90a4dd7a1d1026d7a/deploit/teams/69d8dd1e5d3e1f8c350e006f/users/68af3d99c99eb7bd2ff47bc8/projects/69f80768ca774c668fbaaed8/jobs/6a22c63e7e433821290d87c7/results/markers_ensg_bone_marrow_Zeng_Blood_Cancer_Discovery_2025_AuthorCellType_X_umap_bba832.csv
markers_onTarget_ensg_bone_marrow_Dominguez_Conde_Science_2022_Manually_curated_celltype_X_umap_04d255.csv,s3://lifebit-user-data-6941eed90a4dd7a1d1026d7a/deploit/teams/69d8dd1e5d3e1f8c350e006f/users/68af3d99c99eb7bd2ff47bc8/projects/69f80768ca774c668fbaaed8/jobs/6a22c63e7e433821290d87c7/results/markers_onTarget_ensg_bone_marrow_Dominguez_Conde_Science_2022_Manually_curated_celltype_X_umap_04d255.csv
markers_onTarget_ensg_bone_marrow_Han_Nature_2020_author_cell_type_X_umap_5c7ea7.csv,s3://lifebit-user-data-6941eed90a4dd7a1d1026d7a/deploit/teams/69d8dd1e5d3e1f8c350e006f/users/68af3d99c99eb7bd2ff47bc8/projects/69f80768ca774c668fbaaed8/jobs/6a22c63e7e433821290d87c7/results/markers_onTarget_ensg_bone_marrow_Han_Nature_2020_author_cell_type_X_umap_5c7ea7.csv
markers_onTarget_ensg_bone_marrow_Triana_Nat_Immunol_2021_Cell_label_X_umap_77f3db.csv,s3://lifebit-user-data-6941eed90a4dd7a1d1026d7a/deploit/teams/69d8dd1e5d3e1f8c350e006f/users/68af3d99c99eb7bd2ff47bc8/projects/69f80768ca774c668fbaaed8/jobs/6a22c63e7e433821290d87c7/results/markers_onTarget_ensg_bone_marrow_Triana_Nat_Immunol_2021_Cell_label_X_umap_77f3db.csv
markers_onTarget_ensg_bone_marrow_Wells_Nat_Immunol_2025_author_cell_type_X_umap_74e9e1.csv,s3://lifebit-user-data-6941eed90a4dd7a1d1026d7a/deploit/teams/69d8dd1e5d3e1f8c350e006f/users/68af3d99c99eb7bd2ff47bc8/projects/69f80768ca774c668fbaaed8/jobs/6a22c63e7e433821290d87c7/results/markers_onTarget_ensg_bone_marrow_Wells_Nat_Immunol_2025_author_cell_type_X_umap_74e9e1.csv
markers_onTarget_ensg_bone_marrow_Xu_Cell_2023_Curated_annotation_X_umap_5188c1.csv,s3://lifebit-user-data-6941eed90a4dd7a1d1026d7a/deploit/teams/69d8dd1e5d3e1f8c350e006f/users/68af3d99c99eb7bd2ff47bc8/projects/69f80768ca774c668fbaaed8/jobs/6a22c63e7e433821290d87c7/results/markers_onTarget_ensg_bone_marrow_Xu_Cell_2023_Curated_annotation_X_umap_5188c1.csv
markers_onTarget_ensg_bone_marrow_Zeng_Blood_Cancer_Discovery_2025_AuthorCellType_X_umap_bba832.csv,s3://lifebit-user-data-6941eed90a4dd7a1d1026d7a/deploit/teams/69d8dd1e5d3e1f8c350e006f/users/68af3d99c99eb7bd2ff47bc8/projects/69f80768ca774c668fbaaed8/jobs/6a22c63e7e433821290d87c7/results/markers_onTarget_ensg_bone_marrow_Zeng_Blood_Cancer_Discovery_2025_AuthorCellType_X_umap_bba832.csv
markers_onTarget_supp_ensg_bone_marrow_Dominguez_Conde_Science_2022_Manually_curated_celltype_X_umap_04d255.csv,s3://lifebit-user-data-6941eed90a4dd7a1d1026d7a/deploit/teams/69d8dd1e5d3e1f8c350e006f/users/68af3d99c99eb7bd2ff47bc8/projects/69f80768ca774c668fbaaed8/jobs/6a22c63e7e433821290d87c7/results/markers_onTarget_supp_ensg_bone_marrow_Dominguez_Conde_Science_2022_Manually_curated_celltype_X_umap_04d255.csv
markers_onTarget_supp_ensg_bone_marrow_Han_Nature_2020_author_cell_type_X_umap_5c7ea7.csv,s3://lifebit-user-data-6941eed90a4dd7a1d1026d7a/deploit/teams/69d8dd1e5d3e1f8c350e006f/users/68af3d99c99eb7bd2ff47bc8/projects/69f80768ca774c668fbaaed8/jobs/6a22c63e7e433821290d87c7/results/markers_onTarget_supp_ensg_bone_marrow_Han_Nature_2020_author_cell_type_X_umap_5c7ea7.csv
markers_onTarget_supp_ensg_bone_marrow_Triana_Nat_Immunol_2021_Cell_label_X_umap_77f3db.csv,s3://lifebit-user-data-6941eed90a4dd7a1d1026d7a/deploit/teams/69d8dd1e5d3e1f8c350e006f/users/68af3d99c99eb7bd2ff47bc8/projects/69f80768ca774c668fbaaed8/jobs/6a22c63e7e433821290d87c7/results/markers_onTarget_supp_ensg_bone_marrow_Triana_Nat_Immunol_2021_Cell_label_X_umap_77f3db.csv
markers_onTarget_supp_ensg_bone_marrow_Wells_Nat_Immunol_2025_author_cell_type_X_umap_74e9e1.csv,s3://lifebit-user-data-6941eed90a4dd7a1d1026d7a/deploit/teams/69d8dd1e5d3e1f8c350e006f/users/68af3d99c99eb7bd2ff47bc8/projects/69f80768ca774c668fbaaed8/jobs/6a22c63e7e433821290d87c7/results/markers_onTarget_supp_ensg_bone_marrow_Wells_Nat_Immunol_2025_author_cell_type_X_umap_74e9e1.csv
markers_onTarget_supp_ensg_bone_marrow_Xu_Cell_2023_Curated_annotation_X_umap_5188c1.csv,s3://lifebit-user-data-6941eed90a4dd7a1d1026d7a/deploit/teams/69d8dd1e5d3e1f8c350e006f/users/68af3d99c99eb7bd2ff47bc8/projects/69f80768ca774c668fbaaed8/jobs/6a22c63e7e433821290d87c7/results/markers_onTarget_supp_ensg_bone_marrow_Xu_Cell_2023_Curated_annotation_X_umap_5188c1.csv
markers_onTarget_supp_ensg_bone_marrow_Zeng_Blood_Cancer_Discovery_2025_AuthorCellType_X_umap_bba832.csv,s3://lifebit-user-data-6941eed90a4dd7a1d1026d7a/deploit/teams/69d8dd1e5d3e1f8c350e006f/users/68af3d99c99eb7bd2ff47bc8/projects/69f80768ca774c668fbaaed8/jobs/6a22c63e7e433821290d87c7/results/markers_onTarget_supp_ensg_bone_marrow_Zeng_Blood_Cancer_Discovery_2025_AuthorCellType_X_umap_bba832.csv
markers_onTarget_supp_symbols_bone_marrow_Dominguez_Conde_Science_2022_Manually_curated_celltype_X_umap_04d255.csv,s3://lifebit-user-data-6941eed90a4dd7a1d1026d7a/deploit/teams/69d8dd1e5d3e1f8c350e006f/users/68af3d99c99eb7bd2ff47bc8/projects/69f80768ca774c668fbaaed8/jobs/6a22c63e7e433821290d87c7/results/markers_onTarget_supp_symbols_bone_marrow_Dominguez_Conde_Science_2022_Manually_curated_celltype_X_umap_04d255.csv
markers_onTarget_supp_symbols_bone_marrow_Han_Nature_2020_author_cell_type_X_umap_5c7ea7.csv,s3://lifebit-user-data-6941eed90a4dd7a1d1026d7a/deploit/teams/69d8dd1e5d3e1f8c350e006f/users/68af3d99c99eb7bd2ff47bc8/projects/69f80768ca774c668fbaaed8/jobs/6a22c63e7e433821290d87c7/results/markers_onTarget_supp_symbols_bone_marrow_Han_Nature_2020_author_cell_type_X_umap_5c7ea7.csv
markers_onTarget_supp_symbols_bone_marrow_Triana_Nat_Immunol_2021_Cell_label_X_umap_77f3db.csv,s3://lifebit-user-data-6941eed90a4dd7a1d1026d7a/deploit/teams/69d8dd1e5d3e1f8c350e006f/users/68af3d99c99eb7bd2ff47bc8/projects/69f80768ca774c668fbaaed8/jobs/6a22c63e7e433821290d87c7/results/markers_onTarget_supp_symbols_bone_marrow_Triana_Nat_Immunol_2021_Cell_label_X_umap_77f3db.csv
markers_onTarget_supp_symbols_bone_marrow_Wells_Nat_Immunol_2025_author_cell_type_X_umap_74e9e1.csv,s3://lifebit-user-data-6941eed90a4dd7a1d1026d7a/deploit/teams/69d8dd1e5d3e1f8c350e006f/users/68af3d99c99eb7bd2ff47bc8/projects/69f80768ca774c668fbaaed8/jobs/6a22c63e7e433821290d87c7/results/markers_onTarget_supp_symbols_bone_marrow_Wells_Nat_Immunol_2025_author_cell_type_X_umap_74e9e1.csv
markers_onTarget_supp_symbols_bone_marrow_Xu_Cell_2023_Curated_annotation_X_umap_5188c1.csv,s3://lifebit-user-data-6941eed90a4dd7a1d1026d7a/deploit/teams/69d8dd1e5d3e1f8c350e006f/users/68af3d99c99eb7bd2ff47bc8/projects/69f80768ca774c668fbaaed8/jobs/6a22c63e7e433821290d87c7/results/markers_onTarget_supp_symbols_bone_marrow_Xu_Cell_2023_Curated_annotation_X_umap_5188c1.csv
markers_onTarget_supp_symbols_bone_marrow_Zeng_Blood_Cancer_Discovery_2025_AuthorCellType_X_umap_bba832.csv,s3://lifebit-user-data-6941eed90a4dd7a1d1026d7a/deploit/teams/69d8dd1e5d3e1f8c350e006f/users/68af3d99c99eb7bd2ff47bc8/projects/69f80768ca774c668fbaaed8/jobs/6a22c63e7e433821290d87c7/results/markers_onTarget_supp_symbols_bone_marrow_Zeng_Blood_Cancer_Discovery_2025_AuthorCellType_X_umap_bba832.csv
markers_onTarget_symbols_bone_marrow_Dominguez_Conde_Science_2022_Manually_curated_celltype_X_umap_04d255.csv,s3://lifebit-user-data-6941eed90a4dd7a1d1026d7a/deploit/teams/69d8dd1e5d3e1f8c350e006f/users/68af3d99c99eb7bd2ff47bc8/projects/69f80768ca774c668fbaaed8/jobs/6a22c63e7e433821290d87c7/results/markers_onTarget_symbols_bone_marrow_Dominguez_Conde_Science_2022_Manually_curated_celltype_X_umap_04d255.csv
markers_onTarget_symbols_bone_marrow_Han_Nature_2020_author_cell_type_X_umap_5c7ea7.csv,s3://lifebit-user-data-6941eed90a4dd7a1d1026d7a/deploit/teams/69d8dd1e5d3e1f8c350e006f/users/68af3d99c99eb7bd2ff47bc8/projects/69f80768ca774c668fbaaed8/jobs/6a22c63e7e433821290d87c7/results/markers_onTarget_symbols_bone_marrow_Han_Nature_2020_author_cell_type_X_umap_5c7ea7.csv
markers_onTarget_symbols_bone_marrow_Triana_Nat_Immunol_2021_Cell_label_X_umap_77f3db.csv,s3://lifebit-user-data-6941eed90a4dd7a1d1026d7a/deploit/teams/69d8dd1e5d3e1f8c350e006f/users/68af3d99c99eb7bd2ff47bc8/projects/69f80768ca774c668fbaaed8/jobs/6a22c63e7e433821290d87c7/results/markers_onTarget_symbols_bone_marrow_Triana_Nat_Immunol_2021_Cell_label_X_umap_77f3db.csv
markers_onTarget_symbols_bone_marrow_Wells_Nat_Immunol_2025_author_cell_type_X_umap_74e9e1.csv,s3://lifebit-user-data-6941eed90a4dd7a1d1026d7a/deploit/teams/69d8dd1e5d3e1f8c350e006f/users/68af3d99c99eb7bd2ff47bc8/projects/69f80768ca774c668fbaaed8/jobs/6a22c63e7e433821290d87c7/results/markers_onTarget_symbols_bone_marrow_Wells_Nat_Immunol_2025_author_cell_type_X_umap_74e9e1.csv
markers_onTarget_symbols_bone_marrow_Xu_Cell_2023_Curated_annotation_X_umap_5188c1.csv,s3://lifebit-user-data-6941eed90a4dd7a1d1026d7a/deploit/teams/69d8dd1e5d3e1f8c350e006f/users/68af3d99c99eb7bd2ff47bc8/projects/69f80768ca774c668fbaaed8/jobs/6a22c63e7e433821290d87c7/results/markers_onTarget_symbols_bone_marrow_Xu_Cell_2023_Curated_annotation_X_umap_5188c1.csv
markers_onTarget_symbols_bone_marrow_Zeng_Blood_Cancer_Discovery_2025_AuthorCellType_X_umap_bba832.csv,s3://lifebit-user-data-6941eed90a4dd7a1d1026d7a/deploit/teams/69d8dd1e5d3e1f8c350e006f/users/68af3d99c99eb7bd2ff47bc8/projects/69f80768ca774c668fbaaed8/jobs/6a22c63e7e433821290d87c7/results/markers_onTarget_symbols_bone_marrow_Zeng_Blood_Cancer_Discovery_2025_AuthorCellType_X_umap_bba832.csv
markers_symbols_bone_marrow_Dominguez_Conde_Science_2022_Manually_curated_celltype_X_umap_04d255.csv,s3://lifebit-user-data-6941eed90a4dd7a1d1026d7a/deploit/teams/69d8dd1e5d3e1f8c350e006f/users/68af3d99c99eb7bd2ff47bc8/projects/69f80768ca774c668fbaaed8/jobs/6a22c63e7e433821290d87c7/results/markers_symbols_bone_marrow_Dominguez_Conde_Science_2022_Manually_curated_celltype_X_umap_04d255.csv
markers_symbols_bone_marrow_Han_Nature_2020_author_cell_type_X_umap_5c7ea7.csv,s3://lifebit-user-data-6941eed90a4dd7a1d1026d7a/deploit/teams/69d8dd1e5d3e1f8c350e006f/users/68af3d99c99eb7bd2ff47bc8/projects/69f80768ca774c668fbaaed8/jobs/6a22c63e7e433821290d87c7/results/markers_symbols_bone_marrow_Han_Nature_2020_author_cell_type_X_umap_5c7ea7.csv
markers_symbols_bone_marrow_Triana_Nat_Immunol_2021_Cell_label_X_umap_77f3db.csv,s3://lifebit-user-data-6941eed90a4dd7a1d1026d7a/deploit/teams/69d8dd1e5d3e1f8c350e006f/users/68af3d99c99eb7bd2ff47bc8/projects/69f80768ca774c668fbaaed8/jobs/6a22c63e7e433821290d87c7/results/markers_symbols_bone_marrow_Triana_Nat_Immunol_2021_Cell_label_X_umap_77f3db.csv
markers_symbols_bone_marrow_Wells_Nat_Immunol_2025_author_cell_type_X_umap_74e9e1.csv,s3://lifebit-user-data-6941eed90a4dd7a1d1026d7a/deploit/teams/69d8dd1e5d3e1f8c350e006f/users/68af3d99c99eb7bd2ff47bc8/projects/69f80768ca774c668fbaaed8/jobs/6a22c63e7e433821290d87c7/results/markers_symbols_bone_marrow_Wells_Nat_Immunol_2025_author_cell_type_X_umap_74e9e1.csv
markers_symbols_bone_marrow_Xu_Cell_2023_Curated_annotation_X_umap_5188c1.csv,s3://lifebit-user-data-6941eed90a4dd7a1d1026d7a/deploit/teams/69d8dd1e5d3e1f8c350e006f/users/68af3d99c99eb7bd2ff47bc8/projects/69f80768ca774c668fbaaed8/jobs/6a22c63e7e433821290d87c7/results/markers_symbols_bone_marrow_Xu_Cell_2023_Curated_annotation_X_umap_5188c1.csv
markers_symbols_bone_marrow_Zeng_Blood_Cancer_Discovery_2025_AuthorCellType_X_umap_bba832.csv,s3://lifebit-user-data-6941eed90a4dd7a1d1026d7a/deploit/teams/69d8dd1e5d3e1f8c350e006f/users/68af3d99c99eb7bd2ff47bc8/projects/69f80768ca774c668fbaaed8/jobs/6a22c63e7e433821290d87c7/results/markers_symbols_bone_marrow_Zeng_Blood_Cancer_Discovery_2025_AuthorCellType_X_umap_bba832.csv
master_dataset_summary_bone_marrow_Dominguez_Conde_Science_2022_Manually_curated_celltype_X_umap_04d255.csv,s3://lifebit-user-data-6941eed90a4dd7a1d1026d7a/deploit/teams/69d8dd1e5d3e1f8c350e006f/users/68af3d99c99eb7bd2ff47bc8/projects/69f80768ca774c668fbaaed8/jobs/6a22c63e7e433821290d87c7/results/master_dataset_summary_bone_marrow_Dominguez_Conde_Science_2022_Manually_curated_celltype_X_umap_04d255.csv
master_dataset_summary_bone_marrow_Han_Nature_2020_author_cell_type_X_umap_5c7ea7.csv,s3://lifebit-user-data-6941eed90a4dd7a1d1026d7a/deploit/teams/69d8dd1e5d3e1f8c350e006f/users/68af3d99c99eb7bd2ff47bc8/projects/69f80768ca774c668fbaaed8/jobs/6a22c63e7e433821290d87c7/results/master_dataset_summary_bone_marrow_Han_Nature_2020_author_cell_type_X_umap_5c7ea7.csv
master_dataset_summary_bone_marrow_Triana_Nat_Immunol_2021_Cell_label_X_umap_77f3db.csv,s3://lifebit-user-data-6941eed90a4dd7a1d1026d7a/deploit/teams/69d8dd1e5d3e1f8c350e006f/users/68af3d99c99eb7bd2ff47bc8/projects/69f80768ca774c668fbaaed8/jobs/6a22c63e7e433821290d87c7/results/master_dataset_summary_bone_marrow_Triana_Nat_Immunol_2021_Cell_label_X_umap_77f3db.csv
master_dataset_summary_bone_marrow_Wells_Nat_Immunol_2025_author_cell_type_X_umap_74e9e1.csv,s3://lifebit-user-data-6941eed90a4dd7a1d1026d7a/deploit/teams/69d8dd1e5d3e1f8c350e006f/users/68af3d99c99eb7bd2ff47bc8/projects/69f80768ca774c668fbaaed8/jobs/6a22c63e7e433821290d87c7/results/master_dataset_summary_bone_marrow_Wells_Nat_Immunol_2025_author_cell_type_X_umap_74e9e1.csv
master_dataset_summary_bone_marrow_Xu_Cell_2023_Curated_annotation_X_umap_5188c1.csv,s3://lifebit-user-data-6941eed90a4dd7a1d1026d7a/deploit/teams/69d8dd1e5d3e1f8c350e006f/users/68af3d99c99eb7bd2ff47bc8/projects/69f80768ca774c668fbaaed8/jobs/6a22c63e7e433821290d87c7/results/master_dataset_summary_bone_marrow_Xu_Cell_2023_Curated_annotation_X_umap_5188c1.csv
master_dataset_summary_bone_marrow_Zeng_Blood_Cancer_Discovery_2025_AuthorCellType_X_umap_bba832.csv,s3://lifebit-user-data-6941eed90a4dd7a1d1026d7a/deploit/teams/69d8dd1e5d3e1f8c350e006f/users/68af3d99c99eb7bd2ff47bc8/projects/69f80768ca774c668fbaaed8/jobs/6a22c63e7e433821290d87c7/results/master_dataset_summary_bone_marrow_Zeng_Blood_Cancer_Discovery_2025_AuthorCellType_X_umap_bba832.csv
matrixplot__scaledbone_marrow_Dominguez_Conde_Science_2022_Manually_curated_celltype_X_umap_04d255.svg,s3://lifebit-user-data-6941eed90a4dd7a1d1026d7a/deploit/teams/69d8dd1e5d3e1f8c350e006f/users/68af3d99c99eb7bd2ff47bc8/projects/69f80768ca774c668fbaaed8/jobs/6a22c63e7e433821290d87c7/results/matrixplot__scaledbone_marrow_Dominguez_Conde_Science_2022_Manually_curated_celltype_X_umap_04d255.svg
matrixplot__scaledbone_marrow_Han_Nature_2020_author_cell_type_X_umap_5c7ea7.svg,s3://lifebit-user-data-6941eed90a4dd7a1d1026d7a/deploit/teams/69d8dd1e5d3e1f8c350e006f/users/68af3d99c99eb7bd2ff47bc8/projects/69f80768ca774c668fbaaed8/jobs/6a22c63e7e433821290d87c7/results/matrixplot__scaledbone_marrow_Han_Nature_2020_author_cell_type_X_umap_5c7ea7.svg
matrixplot__scaledbone_marrow_Triana_Nat_Immunol_2021_Cell_label_X_umap_77f3db.svg,s3://lifebit-user-data-6941eed90a4dd7a1d1026d7a/deploit/teams/69d8dd1e5d3e1f8c350e006f/users/68af3d99c99eb7bd2ff47bc8/projects/69f80768ca774c668fbaaed8/jobs/6a22c63e7e433821290d87c7/results/matrixplot__scaledbone_marrow_Triana_Nat_Immunol_2021_Cell_label_X_umap_77f3db.svg
matrixplot__scaledbone_marrow_Wells_Nat_Immunol_2025_author_cell_type_X_umap_74e9e1.svg,s3://lifebit-user-data-6941eed90a4dd7a1d1026d7a/deploit/teams/69d8dd1e5d3e1f8c350e006f/users/68af3d99c99eb7bd2ff47bc8/projects/69f80768ca774c668fbaaed8/jobs/6a22c63e7e433821290d87c7/results/matrixplot__scaledbone_marrow_Wells_Nat_Immunol_2025_author_cell_type_X_umap_74e9e1.svg
matrixplot__scaledbone_marrow_Xu_Cell_2023_Curated_annotation_X_umap_5188c1.svg,s3://lifebit-user-data-6941eed90a4dd7a1d1026d7a/deploit/teams/69d8dd1e5d3e1f8c350e006f/users/68af3d99c99eb7bd2ff47bc8/projects/69f80768ca774c668fbaaed8/jobs/6a22c63e7e433821290d87c7/results/matrixplot__scaledbone_marrow_Xu_Cell_2023_Curated_annotation_X_umap_5188c1.svg
matrixplot__scaledbone_marrow_Zeng_Blood_Cancer_Discovery_2025_AuthorCellType_X_umap_bba832.svg,s3://lifebit-user-data-6941eed90a4dd7a1d1026d7a/deploit/teams/69d8dd1e5d3e1f8c350e006f/users/68af3d99c99eb7bd2ff47bc8/projects/69f80768ca774c668fbaaed8/jobs/6a22c63e7e433821290d87c7/results/matrixplot__scaledbone_marrow_Zeng_Blood_Cancer_Discovery_2025_AuthorCellType_X_umap_bba832.svg
matrixplot_bone_marrow_Dominguez_Conde_Science_2022_Manually_curated_celltype_X_umap_04d255.svg,s3://lifebit-user-data-6941eed90a4dd7a1d1026d7a/deploit/teams/69d8dd1e5d3e1f8c350e006f/users/68af3d99c99eb7bd2ff47bc8/projects/69f80768ca774c668fbaaed8/jobs/6a22c63e7e433821290d87c7/results/matrixplot_bone_marrow_Dominguez_Conde_Science_2022_Manually_curated_celltype_X_umap_04d255.svg
matrixplot_bone_marrow_Han_Nature_2020_author_cell_type_X_umap_5c7ea7.svg,s3://lifebit-user-data-6941eed90a4dd7a1d1026d7a/deploit/teams/69d8dd1e5d3e1f8c350e006f/users/68af3d99c99eb7bd2ff47bc8/projects/69f80768ca774c668fbaaed8/jobs/6a22c63e7e433821290d87c7/results/matrixplot_bone_marrow_Han_Nature_2020_author_cell_type_X_umap_5c7ea7.svg
matrixplot_bone_marrow_Triana_Nat_Immunol_2021_Cell_label_X_umap_77f3db.svg,s3://lifebit-user-data-6941eed90a4dd7a1d1026d7a/deploit/teams/69d8dd1e5d3e1f8c350e006f/users/68af3d99c99eb7bd2ff47bc8/projects/69f80768ca774c668fbaaed8/jobs/6a22c63e7e433821290d87c7/results/matrixplot_bone_marrow_Triana_Nat_Immunol_2021_Cell_label_X_umap_77f3db.svg
matrixplot_bone_marrow_Wells_Nat_Immunol_2025_author_cell_type_X_umap_74e9e1.svg,s3://lifebit-user-data-6941eed90a4dd7a1d1026d7a/deploit/teams/69d8dd1e5d3e1f8c350e006f/users/68af3d99c99eb7bd2ff47bc8/projects/69f80768ca774c668fbaaed8/jobs/6a22c63e7e433821290d87c7/results/matrixplot_bone_marrow_Wells_Nat_Immunol_2025_author_cell_type_X_umap_74e9e1.svg
matrixplot_bone_marrow_Xu_Cell_2023_Curated_annotation_X_umap_5188c1.svg,s3://lifebit-user-data-6941eed90a4dd7a1d1026d7a/deploit/teams/69d8dd1e5d3e1f8c350e006f/users/68af3d99c99eb7bd2ff47bc8/projects/69f80768ca774c668fbaaed8/jobs/6a22c63e7e433821290d87c7/results/matrixplot_bone_marrow_Xu_Cell_2023_Curated_annotation_X_umap_5188c1.svg
matrixplot_bone_marrow_Zeng_Blood_Cancer_Discovery_2025_AuthorCellType_X_umap_bba832.svg,s3://lifebit-user-data-6941eed90a4dd7a1d1026d7a/deploit/teams/69d8dd1e5d3e1f8c350e006f/users/68af3d99c99eb7bd2ff47bc8/projects/69f80768ca774c668fbaaed8/jobs/6a22c63e7e433821290d87c7/results/matrixplot_bone_marrow_Zeng_Blood_Cancer_Discovery_2025_AuthorCellType_X_umap_bba832.svg
medians_ensg_bone_marrow_Dominguez_Conde_Science_2022_Manually_curated_celltype_X_umap_04d255.csv,s3://lifebit-user-data-6941eed90a4dd7a1d1026d7a/deploit/teams/69d8dd1e5d3e1f8c350e006f/users/68af3d99c99eb7bd2ff47bc8/projects/69f80768ca774c668fbaaed8/jobs/6a22c63e7e433821290d87c7/results/medians_ensg_bone_marrow_Dominguez_Conde_Science_2022_Manually_curated_celltype_X_umap_04d255.csv
medians_ensg_bone_marrow_Dominguez_Conde_Science_2022_Manually_curated_celltype_X_umap_04d255.pkl,s3://lifebit-user-data-6941eed90a4dd7a1d1026d7a/deploit/teams/69d8dd1e5d3e1f8c350e006f/users/68af3d99c99eb7bd2ff47bc8/projects/69f80768ca774c668fbaaed8/jobs/6a22c63e7e433821290d87c7/results/medians_ensg_bone_marrow_Dominguez_Conde_Science_2022_Manually_curated_celltype_X_umap_04d255.pkl
medians_ensg_bone_marrow_Han_Nature_2020_author_cell_type_X_umap_5c7ea7.csv,s3://lifebit-user-data-6941eed90a4dd7a1d1026d7a/deploit/teams/69d8dd1e5d3e1f8c350e006f/users/68af3d99c99eb7bd2ff47bc8/projects/69f80768ca774c668fbaaed8/jobs/6a22c63e7e433821290d87c7/results/medians_ensg_bone_marrow_Han_Nature_2020_author_cell_type_X_umap_5c7ea7.csv
medians_ensg_bone_marrow_Han_Nature_2020_author_cell_type_X_umap_5c7ea7.pkl,s3://lifebit-user-data-6941eed90a4dd7a1d1026d7a/deploit/teams/69d8dd1e5d3e1f8c350e006f/users/68af3d99c99eb7bd2ff47bc8/projects/69f80768ca774c668fbaaed8/jobs/6a22c63e7e433821290d87c7/results/medians_ensg_bone_marrow_Han_Nature_2020_author_cell_type_X_umap_5c7ea7.pkl
medians_ensg_bone_marrow_Triana_Nat_Immunol_2021_Cell_label_X_umap_77f3db.csv,s3://lifebit-user-data-6941eed90a4dd7a1d1026d7a/deploit/teams/69d8dd1e5d3e1f8c350e006f/users/68af3d99c99eb7bd2ff47bc8/projects/69f80768ca774c668fbaaed8/jobs/6a22c63e7e433821290d87c7/results/medians_ensg_bone_marrow_Triana_Nat_Immunol_2021_Cell_label_X_umap_77f3db.csv
medians_ensg_bone_marrow_Triana_Nat_Immunol_2021_Cell_label_X_umap_77f3db.pkl,s3://lifebit-user-data-6941eed90a4dd7a1d1026d7a/deploit/teams/69d8dd1e5d3e1f8c350e006f/users/68af3d99c99eb7bd2ff47bc8/projects/69f80768ca774c668fbaaed8/jobs/6a22c63e7e433821290d87c7/results/medians_ensg_bone_marrow_Triana_Nat_Immunol_2021_Cell_label_X_umap_77f3db.pkl
medians_ensg_bone_marrow_Wells_Nat_Immunol_2025_author_cell_type_X_umap_74e9e1.csv,s3://lifebit-user-data-6941eed90a4dd7a1d1026d7a/deploit/teams/69d8dd1e5d3e1f8c350e006f/users/68af3d99c99eb7bd2ff47bc8/projects/69f80768ca774c668fbaaed8/jobs/6a22c63e7e433821290d87c7/results/medians_ensg_bone_marrow_Wells_Nat_Immunol_2025_author_cell_type_X_umap_74e9e1.csv
medians_ensg_bone_marrow_Wells_Nat_Immunol_2025_author_cell_type_X_umap_74e9e1.pkl,s3://lifebit-user-data-6941eed90a4dd7a1d1026d7a/deploit/teams/69d8dd1e5d3e1f8c350e006f/users/68af3d99c99eb7bd2ff47bc8/projects/69f80768ca774c668fbaaed8/jobs/6a22c63e7e433821290d87c7/results/medians_ensg_bone_marrow_Wells_Nat_Immunol_2025_author_cell_type_X_umap_74e9e1.pkl
medians_ensg_bone_marrow_Xu_Cell_2023_Curated_annotation_X_umap_5188c1.csv,s3://lifebit-user-data-6941eed90a4dd7a1d1026d7a/deploit/teams/69d8dd1e5d3e1f8c350e006f/users/68af3d99c99eb7bd2ff47bc8/projects/69f80768ca774c668fbaaed8/jobs/6a22c63e7e433821290d87c7/results/medians_ensg_bone_marrow_Xu_Cell_2023_Curated_annotation_X_umap_5188c1.csv
medians_ensg_bone_marrow_Xu_Cell_2023_Curated_annotation_X_umap_5188c1.pkl,s3://lifebit-user-data-6941eed90a4dd7a1d1026d7a/deploit/teams/69d8dd1e5d3e1f8c350e006f/users/68af3d99c99eb7bd2ff47bc8/projects/69f80768ca774c668fbaaed8/jobs/6a22c63e7e433821290d87c7/results/medians_ensg_bone_marrow_Xu_Cell_2023_Curated_annotation_X_umap_5188c1.pkl
medians_ensg_bone_marrow_Zeng_Blood_Cancer_Discovery_2025_AuthorCellType_X_umap_bba832.csv,s3://lifebit-user-data-6941eed90a4dd7a1d1026d7a/deploit/teams/69d8dd1e5d3e1f8c350e006f/users/68af3d99c99eb7bd2ff47bc8/projects/69f80768ca774c668fbaaed8/jobs/6a22c63e7e433821290d87c7/results/medians_ensg_bone_marrow_Zeng_Blood_Cancer_Discovery_2025_AuthorCellType_X_umap_bba832.csv
medians_ensg_bone_marrow_Zeng_Blood_Cancer_Discovery_2025_AuthorCellType_X_umap_bba832.pkl,s3://lifebit-user-data-6941eed90a4dd7a1d1026d7a/deploit/teams/69d8dd1e5d3e1f8c350e006f/users/68af3d99c99eb7bd2ff47bc8/projects/69f80768ca774c668fbaaed8/jobs/6a22c63e7e433821290d87c7/results/medians_ensg_bone_marrow_Zeng_Blood_Cancer_Discovery_2025_AuthorCellType_X_umap_bba832.pkl
medians_symbols_bone_marrow_Dominguez_Conde_Science_2022_Manually_curated_celltype_X_umap_04d255.csv,s3://lifebit-user-data-6941eed90a4dd7a1d1026d7a/deploit/teams/69d8dd1e5d3e1f8c350e006f/users/68af3d99c99eb7bd2ff47bc8/projects/69f80768ca774c668fbaaed8/jobs/6a22c63e7e433821290d87c7/results/medians_symbols_bone_marrow_Dominguez_Conde_Science_2022_Manually_curated_celltype_X_umap_04d255.csv
medians_symbols_bone_marrow_Dominguez_Conde_Science_2022_Manually_curated_celltype_X_umap_04d255.pkl,s3://lifebit-user-data-6941eed90a4dd7a1d1026d7a/deploit/teams/69d8dd1e5d3e1f8c350e006f/users/68af3d99c99eb7bd2ff47bc8/projects/69f80768ca774c668fbaaed8/jobs/6a22c63e7e433821290d87c7/results/medians_symbols_bone_marrow_Dominguez_Conde_Science_2022_Manually_curated_celltype_X_umap_04d255.pkl
medians_symbols_bone_marrow_Han_Nature_2020_author_cell_type_X_umap_5c7ea7.csv,s3://lifebit-user-data-6941eed90a4dd7a1d1026d7a/deploit/teams/69d8dd1e5d3e1f8c350e006f/users/68af3d99c99eb7bd2ff47bc8/projects/69f80768ca774c668fbaaed8/jobs/6a22c63e7e433821290d87c7/results/medians_symbols_bone_marrow_Han_Nature_2020_author_cell_type_X_umap_5c7ea7.csv
medians_symbols_bone_marrow_Han_Nature_2020_author_cell_type_X_umap_5c7ea7.pkl,s3://lifebit-user-data-6941eed90a4dd7a1d1026d7a/deploit/teams/69d8dd1e5d3e1f8c350e006f/users/68af3d99c99eb7bd2ff47bc8/projects/69f80768ca774c668fbaaed8/jobs/6a22c63e7e433821290d87c7/results/medians_symbols_bone_marrow_Han_Nature_2020_author_cell_type_X_umap_5c7ea7.pkl
medians_symbols_bone_marrow_Triana_Nat_Immunol_2021_Cell_label_X_umap_77f3db.csv,s3://lifebit-user-data-6941eed90a4dd7a1d1026d7a/deploit/teams/69d8dd1e5d3e1f8c350e006f/users/68af3d99c99eb7bd2ff47bc8/projects/69f80768ca774c668fbaaed8/jobs/6a22c63e7e433821290d87c7/results/medians_symbols_bone_marrow_Triana_Nat_Immunol_2021_Cell_label_X_umap_77f3db.csv
medians_symbols_bone_marrow_Triana_Nat_Immunol_2021_Cell_label_X_umap_77f3db.pkl,s3://lifebit-user-data-6941eed90a4dd7a1d1026d7a/deploit/teams/69d8dd1e5d3e1f8c350e006f/users/68af3d99c99eb7bd2ff47bc8/projects/69f80768ca774c668fbaaed8/jobs/6a22c63e7e433821290d87c7/results/medians_symbols_bone_marrow_Triana_Nat_Immunol_2021_Cell_label_X_umap_77f3db.pkl
medians_symbols_bone_marrow_Wells_Nat_Immunol_2025_author_cell_type_X_umap_74e9e1.csv,s3://lifebit-user-data-6941eed90a4dd7a1d1026d7a/deploit/teams/69d8dd1e5d3e1f8c350e006f/users/68af3d99c99eb7bd2ff47bc8/projects/69f80768ca774c668fbaaed8/jobs/6a22c63e7e433821290d87c7/results/medians_symbols_bone_marrow_Wells_Nat_Immunol_2025_author_cell_type_X_umap_74e9e1.csv
medians_symbols_bone_marrow_Wells_Nat_Immunol_2025_author_cell_type_X_umap_74e9e1.pkl,s3://lifebit-user-data-6941eed90a4dd7a1d1026d7a/deploit/teams/69d8dd1e5d3e1f8c350e006f/users/68af3d99c99eb7bd2ff47bc8/projects/69f80768ca774c668fbaaed8/jobs/6a22c63e7e433821290d87c7/results/medians_symbols_bone_marrow_Wells_Nat_Immunol_2025_author_cell_type_X_umap_74e9e1.pkl
medians_symbols_bone_marrow_Xu_Cell_2023_Curated_annotation_X_umap_5188c1.csv,s3://lifebit-user-data-6941eed90a4dd7a1d1026d7a/deploit/teams/69d8dd1e5d3e1f8c350e006f/users/68af3d99c99eb7bd2ff47bc8/projects/69f80768ca774c668fbaaed8/jobs/6a22c63e7e433821290d87c7/results/medians_symbols_bone_marrow_Xu_Cell_2023_Curated_annotation_X_umap_5188c1.csv
medians_symbols_bone_marrow_Xu_Cell_2023_Curated_annotation_X_umap_5188c1.pkl,s3://lifebit-user-data-6941eed90a4dd7a1d1026d7a/deploit/teams/69d8dd1e5d3e1f8c350e006f/users/68af3d99c99eb7bd2ff47bc8/projects/69f80768ca774c668fbaaed8/jobs/6a22c63e7e433821290d87c7/results/medians_symbols_bone_marrow_Xu_Cell_2023_Curated_annotation_X_umap_5188c1.pkl
medians_symbols_bone_marrow_Zeng_Blood_Cancer_Discovery_2025_AuthorCellType_X_umap_bba832.csv,s3://lifebit-user-data-6941eed90a4dd7a1d1026d7a/deploit/teams/69d8dd1e5d3e1f8c350e006f/users/68af3d99c99eb7bd2ff47bc8/projects/69f80768ca774c668fbaaed8/jobs/6a22c63e7e433821290d87c7/results/medians_symbols_bone_marrow_Zeng_Blood_Cancer_Discovery_2025_AuthorCellType_X_umap_bba832.csv
medians_symbols_bone_marrow_Zeng_Blood_Cancer_Discovery_2025_AuthorCellType_X_umap_bba832.pkl,s3://lifebit-user-data-6941eed90a4dd7a1d1026d7a/deploit/teams/69d8dd1e5d3e1f8c350e006f/users/68af3d99c99eb7bd2ff47bc8/projects/69f80768ca774c668fbaaed8/jobs/6a22c63e7e433821290d87c7/results/medians_symbols_bone_marrow_Zeng_Blood_Cancer_Discovery_2025_AuthorCellType_X_umap_bba832.pkl
results_ensg_bone_marrow_Dominguez_Conde_Science_2022_Manually_curated_celltype_X_umap_04d255.csv,s3://lifebit-user-data-6941eed90a4dd7a1d1026d7a/deploit/teams/69d8dd1e5d3e1f8c350e006f/users/68af3d99c99eb7bd2ff47bc8/projects/69f80768ca774c668fbaaed8/jobs/6a22c63e7e433821290d87c7/results/results_ensg_bone_marrow_Dominguez_Conde_Science_2022_Manually_curated_celltype_X_umap_04d255.csv
results_ensg_bone_marrow_Dominguez_Conde_Science_2022_Manually_curated_celltype_X_umap_04d255.pkl,s3://lifebit-user-data-6941eed90a4dd7a1d1026d7a/deploit/teams/69d8dd1e5d3e1f8c350e006f/users/68af3d99c99eb7bd2ff47bc8/projects/69f80768ca774c668fbaaed8/jobs/6a22c63e7e433821290d87c7/results/results_ensg_bone_marrow_Dominguez_Conde_Science_2022_Manually_curated_celltype_X_umap_04d255.pkl
results_ensg_bone_marrow_Han_Nature_2020_author_cell_type_X_umap_5c7ea7.csv,s3://lifebit-user-data-6941eed90a4dd7a1d1026d7a/deploit/teams/69d8dd1e5d3e1f8c350e006f/users/68af3d99c99eb7bd2ff47bc8/projects/69f80768ca774c668fbaaed8/jobs/6a22c63e7e433821290d87c7/results/results_ensg_bone_marrow_Han_Nature_2020_author_cell_type_X_umap_5c7ea7.csv
results_ensg_bone_marrow_Han_Nature_2020_author_cell_type_X_umap_5c7ea7.pkl,s3://lifebit-user-data-6941eed90a4dd7a1d1026d7a/deploit/teams/69d8dd1e5d3e1f8c350e006f/users/68af3d99c99eb7bd2ff47bc8/projects/69f80768ca774c668fbaaed8/jobs/6a22c63e7e433821290d87c7/results/results_ensg_bone_marrow_Han_Nature_2020_author_cell_type_X_umap_5c7ea7.pkl
results_ensg_bone_marrow_Triana_Nat_Immunol_2021_Cell_label_X_umap_77f3db.csv,s3://lifebit-user-data-6941eed90a4dd7a1d1026d7a/deploit/teams/69d8dd1e5d3e1f8c350e006f/users/68af3d99c99eb7bd2ff47bc8/projects/69f80768ca774c668fbaaed8/jobs/6a22c63e7e433821290d87c7/results/results_ensg_bone_marrow_Triana_Nat_Immunol_2021_Cell_label_X_umap_77f3db.csv
results_ensg_bone_marrow_Triana_Nat_Immunol_2021_Cell_label_X_umap_77f3db.pkl,s3://lifebit-user-data-6941eed90a4dd7a1d1026d7a/deploit/teams/69d8dd1e5d3e1f8c350e006f/users/68af3d99c99eb7bd2ff47bc8/projects/69f80768ca774c668fbaaed8/jobs/6a22c63e7e433821290d87c7/results/results_ensg_bone_marrow_Triana_Nat_Immunol_2021_Cell_label_X_umap_77f3db.pkl
results_ensg_bone_marrow_Wells_Nat_Immunol_2025_author_cell_type_X_umap_74e9e1.csv,s3://lifebit-user-data-6941eed90a4dd7a1d1026d7a/deploit/teams/69d8dd1e5d3e1f8c350e006f/users/68af3d99c99eb7bd2ff47bc8/projects/69f80768ca774c668fbaaed8/jobs/6a22c63e7e433821290d87c7/results/results_ensg_bone_marrow_Wells_Nat_Immunol_2025_author_cell_type_X_umap_74e9e1.csv
results_ensg_bone_marrow_Wells_Nat_Immunol_2025_author_cell_type_X_umap_74e9e1.pkl,s3://lifebit-user-data-6941eed90a4dd7a1d1026d7a/deploit/teams/69d8dd1e5d3e1f8c350e006f/users/68af3d99c99eb7bd2ff47bc8/projects/69f80768ca774c668fbaaed8/jobs/6a22c63e7e433821290d87c7/results/results_ensg_bone_marrow_Wells_Nat_Immunol_2025_author_cell_type_X_umap_74e9e1.pkl
results_ensg_bone_marrow_Xu_Cell_2023_Curated_annotation_X_umap_5188c1.csv,s3://lifebit-user-data-6941eed90a4dd7a1d1026d7a/deploit/teams/69d8dd1e5d3e1f8c350e006f/users/68af3d99c99eb7bd2ff47bc8/projects/69f80768ca774c668fbaaed8/jobs/6a22c63e7e433821290d87c7/results/results_ensg_bone_marrow_Xu_Cell_2023_Curated_annotation_X_umap_5188c1.csv
results_ensg_bone_marrow_Xu_Cell_2023_Curated_annotation_X_umap_5188c1.pkl,s3://lifebit-user-data-6941eed90a4dd7a1d1026d7a/deploit/teams/69d8dd1e5d3e1f8c350e006f/users/68af3d99c99eb7bd2ff47bc8/projects/69f80768ca774c668fbaaed8/jobs/6a22c63e7e433821290d87c7/results/results_ensg_bone_marrow_Xu_Cell_2023_Curated_annotation_X_umap_5188c1.pkl
results_ensg_bone_marrow_Zeng_Blood_Cancer_Discovery_2025_AuthorCellType_X_umap_bba832.csv,s3://lifebit-user-data-6941eed90a4dd7a1d1026d7a/deploit/teams/69d8dd1e5d3e1f8c350e006f/users/68af3d99c99eb7bd2ff47bc8/projects/69f80768ca774c668fbaaed8/jobs/6a22c63e7e433821290d87c7/results/results_ensg_bone_marrow_Zeng_Blood_Cancer_Discovery_2025_AuthorCellType_X_umap_bba832.csv
results_ensg_bone_marrow_Zeng_Blood_Cancer_Discovery_2025_AuthorCellType_X_umap_bba832.pkl,s3://lifebit-user-data-6941eed90a4dd7a1d1026d7a/deploit/teams/69d8dd1e5d3e1f8c350e006f/users/68af3d99c99eb7bd2ff47bc8/projects/69f80768ca774c668fbaaed8/jobs/6a22c63e7e433821290d87c7/results/results_ensg_bone_marrow_Zeng_Blood_Cancer_Discovery_2025_AuthorCellType_X_umap_bba832.pkl
results_symbols_bone_marrow_Dominguez_Conde_Science_2022_Manually_curated_celltype_X_umap_04d255.csv,s3://lifebit-user-data-6941eed90a4dd7a1d1026d7a/deploit/teams/69d8dd1e5d3e1f8c350e006f/users/68af3d99c99eb7bd2ff47bc8/projects/69f80768ca774c668fbaaed8/jobs/6a22c63e7e433821290d87c7/results/results_symbols_bone_marrow_Dominguez_Conde_Science_2022_Manually_curated_celltype_X_umap_04d255.csv
results_symbols_bone_marrow_Dominguez_Conde_Science_2022_Manually_curated_celltype_X_umap_04d255.pkl,s3://lifebit-user-data-6941eed90a4dd7a1d1026d7a/deploit/teams/69d8dd1e5d3e1f8c350e006f/users/68af3d99c99eb7bd2ff47bc8/projects/69f80768ca774c668fbaaed8/jobs/6a22c63e7e433821290d87c7/results/results_symbols_bone_marrow_Dominguez_Conde_Science_2022_Manually_curated_celltype_X_umap_04d255.pkl
results_symbols_bone_marrow_Han_Nature_2020_author_cell_type_X_umap_5c7ea7.csv,s3://lifebit-user-data-6941eed90a4dd7a1d1026d7a/deploit/teams/69d8dd1e5d3e1f8c350e006f/users/68af3d99c99eb7bd2ff47bc8/projects/69f80768ca774c668fbaaed8/jobs/6a22c63e7e433821290d87c7/results/results_symbols_bone_marrow_Han_Nature_2020_author_cell_type_X_umap_5c7ea7.csv
results_symbols_bone_marrow_Han_Nature_2020_author_cell_type_X_umap_5c7ea7.pkl,s3://lifebit-user-data-6941eed90a4dd7a1d1026d7a/deploit/teams/69d8dd1e5d3e1f8c350e006f/users/68af3d99c99eb7bd2ff47bc8/projects/69f80768ca774c668fbaaed8/jobs/6a22c63e7e433821290d87c7/results/results_symbols_bone_marrow_Han_Nature_2020_author_cell_type_X_umap_5c7ea7.pkl
results_symbols_bone_marrow_Triana_Nat_Immunol_2021_Cell_label_X_umap_77f3db.csv,s3://lifebit-user-data-6941eed90a4dd7a1d1026d7a/deploit/teams/69d8dd1e5d3e1f8c350e006f/users/68af3d99c99eb7bd2ff47bc8/projects/69f80768ca774c668fbaaed8/jobs/6a22c63e7e433821290d87c7/results/results_symbols_bone_marrow_Triana_Nat_Immunol_2021_Cell_label_X_umap_77f3db.csv
results_symbols_bone_marrow_Triana_Nat_Immunol_2021_Cell_label_X_umap_77f3db.pkl,s3://lifebit-user-data-6941eed90a4dd7a1d1026d7a/deploit/teams/69d8dd1e5d3e1f8c350e006f/users/68af3d99c99eb7bd2ff47bc8/projects/69f80768ca774c668fbaaed8/jobs/6a22c63e7e433821290d87c7/results/results_symbols_bone_marrow_Triana_Nat_Immunol_2021_Cell_label_X_umap_77f3db.pkl
results_symbols_bone_marrow_Wells_Nat_Immunol_2025_author_cell_type_X_umap_74e9e1.csv,s3://lifebit-user-data-6941eed90a4dd7a1d1026d7a/deploit/teams/69d8dd1e5d3e1f8c350e006f/users/68af3d99c99eb7bd2ff47bc8/projects/69f80768ca774c668fbaaed8/jobs/6a22c63e7e433821290d87c7/results/results_symbols_bone_marrow_Wells_Nat_Immunol_2025_author_cell_type_X_umap_74e9e1.csv
results_symbols_bone_marrow_Wells_Nat_Immunol_2025_author_cell_type_X_umap_74e9e1.pkl,s3://lifebit-user-data-6941eed90a4dd7a1d1026d7a/deploit/teams/69d8dd1e5d3e1f8c350e006f/users/68af3d99c99eb7bd2ff47bc8/projects/69f80768ca774c668fbaaed8/jobs/6a22c63e7e433821290d87c7/results/results_symbols_bone_marrow_Wells_Nat_Immunol_2025_author_cell_type_X_umap_74e9e1.pkl
results_symbols_bone_marrow_Xu_Cell_2023_Curated_annotation_X_umap_5188c1.csv,s3://lifebit-user-data-6941eed90a4dd7a1d1026d7a/deploit/teams/69d8dd1e5d3e1f8c350e006f/users/68af3d99c99eb7bd2ff47bc8/projects/69f80768ca774c668fbaaed8/jobs/6a22c63e7e433821290d87c7/results/results_symbols_bone_marrow_Xu_Cell_2023_Curated_annotation_X_umap_5188c1.csv
results_symbols_bone_marrow_Xu_Cell_2023_Curated_annotation_X_umap_5188c1.pkl,s3://lifebit-user-data-6941eed90a4dd7a1d1026d7a/deploit/teams/69d8dd1e5d3e1f8c350e006f/users/68af3d99c99eb7bd2ff47bc8/projects/69f80768ca774c668fbaaed8/jobs/6a22c63e7e433821290d87c7/results/results_symbols_bone_marrow_Xu_Cell_2023_Curated_annotation_X_umap_5188c1.pkl
results_symbols_bone_marrow_Zeng_Blood_Cancer_Discovery_2025_AuthorCellType_X_umap_bba832.csv,s3://lifebit-user-data-6941eed90a4dd7a1d1026d7a/deploit/teams/69d8dd1e5d3e1f8c350e006f/users/68af3d99c99eb7bd2ff47bc8/projects/69f80768ca774c668fbaaed8/jobs/6a22c63e7e433821290d87c7/results/results_symbols_bone_marrow_Zeng_Blood_Cancer_Discovery_2025_AuthorCellType_X_umap_bba832.csv
results_symbols_bone_marrow_Zeng_Blood_Cancer_Discovery_2025_AuthorCellType_X_umap_bba832.pkl,s3://lifebit-user-data-6941eed90a4dd7a1d1026d7a/deploit/teams/69d8dd1e5d3e1f8c350e006f/users/68af3d99c99eb7bd2ff47bc8/projects/69f80768ca774c668fbaaed8/jobs/6a22c63e7e433821290d87c7/results/results_symbols_bone_marrow_Zeng_Blood_Cancer_Discovery_2025_AuthorCellType_X_umap_bba832.pkl
scatter_bone_marrow_Dominguez_Conde_Science_2022_Manually_curated_celltype_X_umap_04d255_f_score.html,s3://lifebit-user-data-6941eed90a4dd7a1d1026d7a/deploit/teams/69d8dd1e5d3e1f8c350e006f/users/68af3d99c99eb7bd2ff47bc8/projects/69f80768ca774c668fbaaed8/jobs/6a22c63e7e433821290d87c7/results/scatter_bone_marrow_Dominguez_Conde_Science_2022_Manually_curated_celltype_X_umap_04d255_f_score.html
scatter_bone_marrow_Dominguez_Conde_Science_2022_Manually_curated_celltype_X_umap_04d255_f_score.svg,s3://lifebit-user-data-6941eed90a4dd7a1d1026d7a/deploit/teams/69d8dd1e5d3e1f8c350e006f/users/68af3d99c99eb7bd2ff47bc8/projects/69f80768ca774c668fbaaed8/jobs/6a22c63e7e433821290d87c7/results/scatter_bone_marrow_Dominguez_Conde_Science_2022_Manually_curated_celltype_X_umap_04d255_f_score.svg
scatter_bone_marrow_Dominguez_Conde_Science_2022_Manually_curated_celltype_X_umap_04d255_onTarget.html,s3://lifebit-user-data-6941eed90a4dd7a1d1026d7a/deploit/teams/69d8dd1e5d3e1f8c350e006f/users/68af3d99c99eb7bd2ff47bc8/projects/69f80768ca774c668fbaaed8/jobs/6a22c63e7e433821290d87c7/results/scatter_bone_marrow_Dominguez_Conde_Science_2022_Manually_curated_celltype_X_umap_04d255_onTarget.html
scatter_bone_marrow_Dominguez_Conde_Science_2022_Manually_curated_celltype_X_umap_04d255_onTarget.svg,s3://lifebit-user-data-6941eed90a4dd7a1d1026d7a/deploit/teams/69d8dd1e5d3e1f8c350e006f/users/68af3d99c99eb7bd2ff47bc8/projects/69f80768ca774c668fbaaed8/jobs/6a22c63e7e433821290d87c7/results/scatter_bone_marrow_Dominguez_Conde_Science_2022_Manually_curated_celltype_X_umap_04d255_onTarget.svg
scatter_bone_marrow_Dominguez_Conde_Science_2022_Manually_curated_celltype_X_umap_04d255_precision.html,s3://lifebit-user-data-6941eed90a4dd7a1d1026d7a/deploit/teams/69d8dd1e5d3e1f8c350e006f/users/68af3d99c99eb7bd2ff47bc8/projects/69f80768ca774c668fbaaed8/jobs/6a22c63e7e433821290d87c7/results/scatter_bone_marrow_Dominguez_Conde_Science_2022_Manually_curated_celltype_X_umap_04d255_precision.html
scatter_bone_marrow_Dominguez_Conde_Science_2022_Manually_curated_celltype_X_umap_04d255_precision.svg,s3://lifebit-user-data-6941eed90a4dd7a1d1026d7a/deploit/teams/69d8dd1e5d3e1f8c350e006f/users/68af3d99c99eb7bd2ff47bc8/projects/69f80768ca774c668fbaaed8/jobs/6a22c63e7e433821290d87c7/results/scatter_bone_marrow_Dominguez_Conde_Science_2022_Manually_curated_celltype_X_umap_04d255_precision.svg
scatter_bone_marrow_Dominguez_Conde_Science_2022_Manually_curated_celltype_X_umap_04d255_recall.html,s3://lifebit-user-data-6941eed90a4dd7a1d1026d7a/deploit/teams/69d8dd1e5d3e1f8c350e006f/users/68af3d99c99eb7bd2ff47bc8/projects/69f80768ca774c668fbaaed8/jobs/6a22c63e7e433821290d87c7/results/scatter_bone_marrow_Dominguez_Conde_Science_2022_Manually_curated_celltype_X_umap_04d255_recall.html
scatter_bone_marrow_Dominguez_Conde_Science_2022_Manually_curated_celltype_X_umap_04d255_recall.svg,s3://lifebit-user-data-6941eed90a4dd7a1d1026d7a/deploit/teams/69d8dd1e5d3e1f8c350e006f/users/68af3d99c99eb7bd2ff47bc8/projects/69f80768ca774c668fbaaed8/jobs/6a22c63e7e433821290d87c7/results/scatter_bone_marrow_Dominguez_Conde_Science_2022_Manually_curated_celltype_X_umap_04d255_recall.svg
scatter_bone_marrow_Han_Nature_2020_author_cell_type_X_umap_5c7ea7_f_score.html,s3://lifebit-user-data-6941eed90a4dd7a1d1026d7a/deploit/teams/69d8dd1e5d3e1f8c350e006f/users/68af3d99c99eb7bd2ff47bc8/projects/69f80768ca774c668fbaaed8/jobs/6a22c63e7e433821290d87c7/results/scatter_bone_marrow_Han_Nature_2020_author_cell_type_X_umap_5c7ea7_f_score.html
scatter_bone_marrow_Han_Nature_2020_author_cell_type_X_umap_5c7ea7_f_score.svg,s3://lifebit-user-data-6941eed90a4dd7a1d1026d7a/deploit/teams/69d8dd1e5d3e1f8c350e006f/users/68af3d99c99eb7bd2ff47bc8/projects/69f80768ca774c668fbaaed8/jobs/6a22c63e7e433821290d87c7/results/scatter_bone_marrow_Han_Nature_2020_author_cell_type_X_umap_5c7ea7_f_score.svg
scatter_bone_marrow_Han_Nature_2020_author_cell_type_X_umap_5c7ea7_onTarget.html,s3://lifebit-user-data-6941eed90a4dd7a1d1026d7a/deploit/teams/69d8dd1e5d3e1f8c350e006f/users/68af3d99c99eb7bd2ff47bc8/projects/69f80768ca774c668fbaaed8/jobs/6a22c63e7e433821290d87c7/results/scatter_bone_marrow_Han_Nature_2020_author_cell_type_X_umap_5c7ea7_onTarget.html
scatter_bone_marrow_Han_Nature_2020_author_cell_type_X_umap_5c7ea7_onTarget.svg,s3://lifebit-user-data-6941eed90a4dd7a1d1026d7a/deploit/teams/69d8dd1e5d3e1f8c350e006f/users/68af3d99c99eb7bd2ff47bc8/projects/69f80768ca774c668fbaaed8/jobs/6a22c63e7e433821290d87c7/results/scatter_bone_marrow_Han_Nature_2020_author_cell_type_X_umap_5c7ea7_onTarget.svg
scatter_bone_marrow_Han_Nature_2020_author_cell_type_X_umap_5c7ea7_precision.html,s3://lifebit-user-data-6941eed90a4dd7a1d1026d7a/deploit/teams/69d8dd1e5d3e1f8c350e006f/users/68af3d99c99eb7bd2ff47bc8/projects/69f80768ca774c668fbaaed8/jobs/6a22c63e7e433821290d87c7/results/scatter_bone_marrow_Han_Nature_2020_author_cell_type_X_umap_5c7ea7_precision.html
scatter_bone_marrow_Han_Nature_2020_author_cell_type_X_umap_5c7ea7_precision.svg,s3://lifebit-user-data-6941eed90a4dd7a1d1026d7a/deploit/teams/69d8dd1e5d3e1f8c350e006f/users/68af3d99c99eb7bd2ff47bc8/projects/69f80768ca774c668fbaaed8/jobs/6a22c63e7e433821290d87c7/results/scatter_bone_marrow_Han_Nature_2020_author_cell_type_X_umap_5c7ea7_precision.svg
scatter_bone_marrow_Han_Nature_2020_author_cell_type_X_umap_5c7ea7_recall.html,s3://lifebit-user-data-6941eed90a4dd7a1d1026d7a/deploit/teams/69d8dd1e5d3e1f8c350e006f/users/68af3d99c99eb7bd2ff47bc8/projects/69f80768ca774c668fbaaed8/jobs/6a22c63e7e433821290d87c7/results/scatter_bone_marrow_Han_Nature_2020_author_cell_type_X_umap_5c7ea7_recall.html
scatter_bone_marrow_Han_Nature_2020_author_cell_type_X_umap_5c7ea7_recall.svg,s3://lifebit-user-data-6941eed90a4dd7a1d1026d7a/deploit/teams/69d8dd1e5d3e1f8c350e006f/users/68af3d99c99eb7bd2ff47bc8/projects/69f80768ca774c668fbaaed8/jobs/6a22c63e7e433821290d87c7/results/scatter_bone_marrow_Han_Nature_2020_author_cell_type_X_umap_5c7ea7_recall.svg
scatter_bone_marrow_Triana_Nat_Immunol_2021_Cell_label_X_umap_77f3db_f_score.html,s3://lifebit-user-data-6941eed90a4dd7a1d1026d7a/deploit/teams/69d8dd1e5d3e1f8c350e006f/users/68af3d99c99eb7bd2ff47bc8/projects/69f80768ca774c668fbaaed8/jobs/6a22c63e7e433821290d87c7/results/scatter_bone_marrow_Triana_Nat_Immunol_2021_Cell_label_X_umap_77f3db_f_score.html
scatter_bone_marrow_Triana_Nat_Immunol_2021_Cell_label_X_umap_77f3db_f_score.svg,s3://lifebit-user-data-6941eed90a4dd7a1d1026d7a/deploit/teams/69d8dd1e5d3e1f8c350e006f/users/68af3d99c99eb7bd2ff47bc8/projects/69f80768ca774c668fbaaed8/jobs/6a22c63e7e433821290d87c7/results/scatter_bone_marrow_Triana_Nat_Immunol_2021_Cell_label_X_umap_77f3db_f_score.svg
scatter_bone_marrow_Triana_Nat_Immunol_2021_Cell_label_X_umap_77f3db_onTarget.html,s3://lifebit-user-data-6941eed90a4dd7a1d1026d7a/deploit/teams/69d8dd1e5d3e1f8c350e006f/users/68af3d99c99eb7bd2ff47bc8/projects/69f80768ca774c668fbaaed8/jobs/6a22c63e7e433821290d87c7/results/scatter_bone_marrow_Triana_Nat_Immunol_2021_Cell_label_X_umap_77f3db_onTarget.html
scatter_bone_marrow_Triana_Nat_Immunol_2021_Cell_label_X_umap_77f3db_onTarget.svg,s3://lifebit-user-data-6941eed90a4dd7a1d1026d7a/deploit/teams/69d8dd1e5d3e1f8c350e006f/users/68af3d99c99eb7bd2ff47bc8/projects/69f80768ca774c668fbaaed8/jobs/6a22c63e7e433821290d87c7/results/scatter_bone_marrow_Triana_Nat_Immunol_2021_Cell_label_X_umap_77f3db_onTarget.svg
scatter_bone_marrow_Triana_Nat_Immunol_2021_Cell_label_X_umap_77f3db_precision.html,s3://lifebit-user-data-6941eed90a4dd7a1d1026d7a/deploit/teams/69d8dd1e5d3e1f8c350e006f/users/68af3d99c99eb7bd2ff47bc8/projects/69f80768ca774c668fbaaed8/jobs/6a22c63e7e433821290d87c7/results/scatter_bone_marrow_Triana_Nat_Immunol_2021_Cell_label_X_umap_77f3db_precision.html
scatter_bone_marrow_Triana_Nat_Immunol_2021_Cell_label_X_umap_77f3db_precision.svg,s3://lifebit-user-data-6941eed90a4dd7a1d1026d7a/deploit/teams/69d8dd1e5d3e1f8c350e006f/users/68af3d99c99eb7bd2ff47bc8/projects/69f80768ca774c668fbaaed8/jobs/6a22c63e7e433821290d87c7/results/scatter_bone_marrow_Triana_Nat_Immunol_2021_Cell_label_X_umap_77f3db_precision.svg
scatter_bone_marrow_Triana_Nat_Immunol_2021_Cell_label_X_umap_77f3db_recall.html,s3://lifebit-user-data-6941eed90a4dd7a1d1026d7a/deploit/teams/69d8dd1e5d3e1f8c350e006f/users/68af3d99c99eb7bd2ff47bc8/projects/69f80768ca774c668fbaaed8/jobs/6a22c63e7e433821290d87c7/results/scatter_bone_marrow_Triana_Nat_Immunol_2021_Cell_label_X_umap_77f3db_recall.html
scatter_bone_marrow_Triana_Nat_Immunol_2021_Cell_label_X_umap_77f3db_recall.svg,s3://lifebit-user-data-6941eed90a4dd7a1d1026d7a/deploit/teams/69d8dd1e5d3e1f8c350e006f/users/68af3d99c99eb7bd2ff47bc8/projects/69f80768ca774c668fbaaed8/jobs/6a22c63e7e433821290d87c7/results/scatter_bone_marrow_Triana_Nat_Immunol_2021_Cell_label_X_umap_77f3db_recall.svg
scatter_bone_marrow_Wells_Nat_Immunol_2025_author_cell_type_X_umap_74e9e1_f_score.html,s3://lifebit-user-data-6941eed90a4dd7a1d1026d7a/deploit/teams/69d8dd1e5d3e1f8c350e006f/users/68af3d99c99eb7bd2ff47bc8/projects/69f80768ca774c668fbaaed8/jobs/6a22c63e7e433821290d87c7/results/scatter_bone_marrow_Wells_Nat_Immunol_2025_author_cell_type_X_umap_74e9e1_f_score.html
scatter_bone_marrow_Wells_Nat_Immunol_2025_author_cell_type_X_umap_74e9e1_f_score.svg,s3://lifebit-user-data-6941eed90a4dd7a1d1026d7a/deploit/teams/69d8dd1e5d3e1f8c350e006f/users/68af3d99c99eb7bd2ff47bc8/projects/69f80768ca774c668fbaaed8/jobs/6a22c63e7e433821290d87c7/results/scatter_bone_marrow_Wells_Nat_Immunol_2025_author_cell_type_X_umap_74e9e1_f_score.svg
scatter_bone_marrow_Wells_Nat_Immunol_2025_author_cell_type_X_umap_74e9e1_onTarget.html,s3://lifebit-user-data-6941eed90a4dd7a1d1026d7a/deploit/teams/69d8dd1e5d3e1f8c350e006f/users/68af3d99c99eb7bd2ff47bc8/projects/69f80768ca774c668fbaaed8/jobs/6a22c63e7e433821290d87c7/results/scatter_bone_marrow_Wells_Nat_Immunol_2025_author_cell_type_X_umap_74e9e1_onTarget.html
scatter_bone_marrow_Wells_Nat_Immunol_2025_author_cell_type_X_umap_74e9e1_onTarget.svg,s3://lifebit-user-data-6941eed90a4dd7a1d1026d7a/deploit/teams/69d8dd1e5d3e1f8c350e006f/users/68af3d99c99eb7bd2ff47bc8/projects/69f80768ca774c668fbaaed8/jobs/6a22c63e7e433821290d87c7/results/scatter_bone_marrow_Wells_Nat_Immunol_2025_author_cell_type_X_umap_74e9e1_onTarget.svg
scatter_bone_marrow_Wells_Nat_Immunol_2025_author_cell_type_X_umap_74e9e1_precision.html,s3://lifebit-user-data-6941eed90a4dd7a1d1026d7a/deploit/teams/69d8dd1e5d3e1f8c350e006f/users/68af3d99c99eb7bd2ff47bc8/projects/69f80768ca774c668fbaaed8/jobs/6a22c63e7e433821290d87c7/results/scatter_bone_marrow_Wells_Nat_Immunol_2025_author_cell_type_X_umap_74e9e1_precision.html
scatter_bone_marrow_Wells_Nat_Immunol_2025_author_cell_type_X_umap_74e9e1_precision.svg,s3://lifebit-user-data-6941eed90a4dd7a1d1026d7a/deploit/teams/69d8dd1e5d3e1f8c350e006f/users/68af3d99c99eb7bd2ff47bc8/projects/69f80768ca774c668fbaaed8/jobs/6a22c63e7e433821290d87c7/results/scatter_bone_marrow_Wells_Nat_Immunol_2025_author_cell_type_X_umap_74e9e1_precision.svg
scatter_bone_marrow_Wells_Nat_Immunol_2025_author_cell_type_X_umap_74e9e1_recall.html,s3://lifebit-user-data-6941eed90a4dd7a1d1026d7a/deploit/teams/69d8dd1e5d3e1f8c350e006f/users/68af3d99c99eb7bd2ff47bc8/projects/69f80768ca774c668fbaaed8/jobs/6a22c63e7e433821290d87c7/results/scatter_bone_marrow_Wells_Nat_Immunol_2025_author_cell_type_X_umap_74e9e1_recall.html
scatter_bone_marrow_Wells_Nat_Immunol_2025_author_cell_type_X_umap_74e9e1_recall.svg,s3://lifebit-user-data-6941eed90a4dd7a1d1026d7a/deploit/teams/69d8dd1e5d3e1f8c350e006f/users/68af3d99c99eb7bd2ff47bc8/projects/69f80768ca774c668fbaaed8/jobs/6a22c63e7e433821290d87c7/results/scatter_bone_marrow_Wells_Nat_Immunol_2025_author_cell_type_X_umap_74e9e1_recall.svg
scatter_bone_marrow_Xu_Cell_2023_Curated_annotation_X_umap_5188c1_f_score.html,s3://lifebit-user-data-6941eed90a4dd7a1d1026d7a/deploit/teams/69d8dd1e5d3e1f8c350e006f/users/68af3d99c99eb7bd2ff47bc8/projects/69f80768ca774c668fbaaed8/jobs/6a22c63e7e433821290d87c7/results/scatter_bone_marrow_Xu_Cell_2023_Curated_annotation_X_umap_5188c1_f_score.html
scatter_bone_marrow_Xu_Cell_2023_Curated_annotation_X_umap_5188c1_f_score.svg,s3://lifebit-user-data-6941eed90a4dd7a1d1026d7a/deploit/teams/69d8dd1e5d3e1f8c350e006f/users/68af3d99c99eb7bd2ff47bc8/projects/69f80768ca774c668fbaaed8/jobs/6a22c63e7e433821290d87c7/results/scatter_bone_marrow_Xu_Cell_2023_Curated_annotation_X_umap_5188c1_f_score.svg
scatter_bone_marrow_Xu_Cell_2023_Curated_annotation_X_umap_5188c1_onTarget.html,s3://lifebit-user-data-6941eed90a4dd7a1d1026d7a/deploit/teams/69d8dd1e5d3e1f8c350e006f/users/68af3d99c99eb7bd2ff47bc8/projects/69f80768ca774c668fbaaed8/jobs/6a22c63e7e433821290d87c7/results/scatter_bone_marrow_Xu_Cell_2023_Curated_annotation_X_umap_5188c1_onTarget.html
scatter_bone_marrow_Xu_Cell_2023_Curated_annotation_X_umap_5188c1_onTarget.svg,s3://lifebit-user-data-6941eed90a4dd7a1d1026d7a/deploit/teams/69d8dd1e5d3e1f8c350e006f/users/68af3d99c99eb7bd2ff47bc8/projects/69f80768ca774c668fbaaed8/jobs/6a22c63e7e433821290d87c7/results/scatter_bone_marrow_Xu_Cell_2023_Curated_annotation_X_umap_5188c1_onTarget.svg
scatter_bone_marrow_Xu_Cell_2023_Curated_annotation_X_umap_5188c1_precision.html,s3://lifebit-user-data-6941eed90a4dd7a1d1026d7a/deploit/teams/69d8dd1e5d3e1f8c350e006f/users/68af3d99c99eb7bd2ff47bc8/projects/69f80768ca774c668fbaaed8/jobs/6a22c63e7e433821290d87c7/results/scatter_bone_marrow_Xu_Cell_2023_Curated_annotation_X_umap_5188c1_precision.html
scatter_bone_marrow_Xu_Cell_2023_Curated_annotation_X_umap_5188c1_precision.svg,s3://lifebit-user-data-6941eed90a4dd7a1d1026d7a/deploit/teams/69d8dd1e5d3e1f8c350e006f/users/68af3d99c99eb7bd2ff47bc8/projects/69f80768ca774c668fbaaed8/jobs/6a22c63e7e433821290d87c7/results/scatter_bone_marrow_Xu_Cell_2023_Curated_annotation_X_umap_5188c1_precision.svg
scatter_bone_marrow_Xu_Cell_2023_Curated_annotation_X_umap_5188c1_recall.html,s3://lifebit-user-data-6941eed90a4dd7a1d1026d7a/deploit/teams/69d8dd1e5d3e1f8c350e006f/users/68af3d99c99eb7bd2ff47bc8/projects/69f80768ca774c668fbaaed8/jobs/6a22c63e7e433821290d87c7/results/scatter_bone_marrow_Xu_Cell_2023_Curated_annotation_X_umap_5188c1_recall.html
scatter_bone_marrow_Xu_Cell_2023_Curated_annotation_X_umap_5188c1_recall.svg,s3://lifebit-user-data-6941eed90a4dd7a1d1026d7a/deploit/teams/69d8dd1e5d3e1f8c350e006f/users/68af3d99c99eb7bd2ff47bc8/projects/69f80768ca774c668fbaaed8/jobs/6a22c63e7e433821290d87c7/results/scatter_bone_marrow_Xu_Cell_2023_Curated_annotation_X_umap_5188c1_recall.svg
scatter_bone_marrow_Zeng_Blood_Cancer_Discovery_2025_AuthorCellType_X_umap_bba832_f_score.html,s3://lifebit-user-data-6941eed90a4dd7a1d1026d7a/deploit/teams/69d8dd1e5d3e1f8c350e006f/users/68af3d99c99eb7bd2ff47bc8/projects/69f80768ca774c668fbaaed8/jobs/6a22c63e7e433821290d87c7/results/scatter_bone_marrow_Zeng_Blood_Cancer_Discovery_2025_AuthorCellType_X_umap_bba832_f_score.html
scatter_bone_marrow_Zeng_Blood_Cancer_Discovery_2025_AuthorCellType_X_umap_bba832_f_score.svg,s3://lifebit-user-data-6941eed90a4dd7a1d1026d7a/deploit/teams/69d8dd1e5d3e1f8c350e006f/users/68af3d99c99eb7bd2ff47bc8/projects/69f80768ca774c668fbaaed8/jobs/6a22c63e7e433821290d87c7/results/scatter_bone_marrow_Zeng_Blood_Cancer_Discovery_2025_AuthorCellType_X_umap_bba832_f_score.svg
scatter_bone_marrow_Zeng_Blood_Cancer_Discovery_2025_AuthorCellType_X_umap_bba832_onTarget.html,s3://lifebit-user-data-6941eed90a4dd7a1d1026d7a/deploit/teams/69d8dd1e5d3e1f8c350e006f/users/68af3d99c99eb7bd2ff47bc8/projects/69f80768ca774c668fbaaed8/jobs/6a22c63e7e433821290d87c7/results/scatter_bone_marrow_Zeng_Blood_Cancer_Discovery_2025_AuthorCellType_X_umap_bba832_onTarget.html
scatter_bone_marrow_Zeng_Blood_Cancer_Discovery_2025_AuthorCellType_X_umap_bba832_onTarget.svg,s3://lifebit-user-data-6941eed90a4dd7a1d1026d7a/deploit/teams/69d8dd1e5d3e1f8c350e006f/users/68af3d99c99eb7bd2ff47bc8/projects/69f80768ca774c668fbaaed8/jobs/6a22c63e7e433821290d87c7/results/scatter_bone_marrow_Zeng_Blood_Cancer_Discovery_2025_AuthorCellType_X_umap_bba832_onTarget.svg
scatter_bone_marrow_Zeng_Blood_Cancer_Discovery_2025_AuthorCellType_X_umap_bba832_precision.html,s3://lifebit-user-data-6941eed90a4dd7a1d1026d7a/deploit/teams/69d8dd1e5d3e1f8c350e006f/users/68af3d99c99eb7bd2ff47bc8/projects/69f80768ca774c668fbaaed8/jobs/6a22c63e7e433821290d87c7/results/scatter_bone_marrow_Zeng_Blood_Cancer_Discovery_2025_AuthorCellType_X_umap_bba832_precision.html
scatter_bone_marrow_Zeng_Blood_Cancer_Discovery_2025_AuthorCellType_X_umap_bba832_precision.svg,s3://lifebit-user-data-6941eed90a4dd7a1d1026d7a/deploit/teams/69d8dd1e5d3e1f8c350e006f/users/68af3d99c99eb7bd2ff47bc8/projects/69f80768ca774c668fbaaed8/jobs/6a22c63e7e433821290d87c7/results/scatter_bone_marrow_Zeng_Blood_Cancer_Discovery_2025_AuthorCellType_X_umap_bba832_precision.svg
scatter_bone_marrow_Zeng_Blood_Cancer_Discovery_2025_AuthorCellType_X_umap_bba832_recall.html,s3://lifebit-user-data-6941eed90a4dd7a1d1026d7a/deploit/teams/69d8dd1e5d3e1f8c350e006f/users/68af3d99c99eb7bd2ff47bc8/projects/69f80768ca774c668fbaaed8/jobs/6a22c63e7e433821290d87c7/results/scatter_bone_marrow_Zeng_Blood_Cancer_Discovery_2025_AuthorCellType_X_umap_bba832_recall.html
scatter_bone_marrow_Zeng_Blood_Cancer_Discovery_2025_AuthorCellType_X_umap_bba832_recall.svg,s3://lifebit-user-data-6941eed90a4dd7a1d1026d7a/deploit/teams/69d8dd1e5d3e1f8c350e006f/users/68af3d99c99eb7bd2ff47bc8/projects/69f80768ca774c668fbaaed8/jobs/6a22c63e7e433821290d87c7/results/scatter_bone_marrow_Zeng_Blood_Cancer_Discovery_2025_AuthorCellType_X_umap_bba832_recall.svg
scsilhouette_cluster_summary_bone_marrow_Dominguez_Conde_Science_2022_Manually_curated_celltype_X_umap_04d255.csv,s3://lifebit-user-data-6941eed90a4dd7a1d1026d7a/deploit/teams/69d8dd1e5d3e1f8c350e006f/users/68af3d99c99eb7bd2ff47bc8/projects/69f80768ca774c668fbaaed8/jobs/6a22c63e7e433821290d87c7/results/scsilhouette_cluster_summary_bone_marrow_Dominguez_Conde_Science_2022_Manually_curated_celltype_X_umap_04d255.csv
scsilhouette_cluster_summary_bone_marrow_Han_Nature_2020_author_cell_type_X_umap_5c7ea7.csv,s3://lifebit-user-data-6941eed90a4dd7a1d1026d7a/deploit/teams/69d8dd1e5d3e1f8c350e006f/users/68af3d99c99eb7bd2ff47bc8/projects/69f80768ca774c668fbaaed8/jobs/6a22c63e7e433821290d87c7/results/scsilhouette_cluster_summary_bone_marrow_Han_Nature_2020_author_cell_type_X_umap_5c7ea7.csv
scsilhouette_cluster_summary_bone_marrow_Triana_Nat_Immunol_2021_Cell_label_X_umap_77f3db.csv,s3://lifebit-user-data-6941eed90a4dd7a1d1026d7a/deploit/teams/69d8dd1e5d3e1f8c350e006f/users/68af3d99c99eb7bd2ff47bc8/projects/69f80768ca774c668fbaaed8/jobs/6a22c63e7e433821290d87c7/results/scsilhouette_cluster_summary_bone_marrow_Triana_Nat_Immunol_2021_Cell_label_X_umap_77f3db.csv
scsilhouette_cluster_summary_bone_marrow_Wells_Nat_Immunol_2025_author_cell_type_X_umap_74e9e1.csv,s3://lifebit-user-data-6941eed90a4dd7a1d1026d7a/deploit/teams/69d8dd1e5d3e1f8c350e006f/users/68af3d99c99eb7bd2ff47bc8/projects/69f80768ca774c668fbaaed8/jobs/6a22c63e7e433821290d87c7/results/scsilhouette_cluster_summary_bone_marrow_Wells_Nat_Immunol_2025_author_cell_type_X_umap_74e9e1.csv
scsilhouette_cluster_summary_bone_marrow_Xu_Cell_2023_Curated_annotation_X_umap_5188c1.csv,s3://lifebit-user-data-6941eed90a4dd7a1d1026d7a/deploit/teams/69d8dd1e5d3e1f8c350e006f/users/68af3d99c99eb7bd2ff47bc8/projects/69f80768ca774c668fbaaed8/jobs/6a22c63e7e433821290d87c7/results/scsilhouette_cluster_summary_bone_marrow_Xu_Cell_2023_Curated_annotation_X_umap_5188c1.csv
scsilhouette_cluster_summary_bone_marrow_Zeng_Blood_Cancer_Discovery_2025_AuthorCellType_X_umap_bba832.csv,s3://lifebit-user-data-6941eed90a4dd7a1d1026d7a/deploit/teams/69d8dd1e5d3e1f8c350e006f/users/68af3d99c99eb7bd2ff47bc8/projects/69f80768ca774c668fbaaed8/jobs/6a22c63e7e433821290d87c7/results/scsilhouette_cluster_summary_bone_marrow_Zeng_Blood_Cancer_Discovery_2025_AuthorCellType_X_umap_bba832.csv
silhouette_fscore_summary_bone_marrow_Dominguez_Conde_Science_2022_Manually_curated_celltype_X_umap_04d255.csv,s3://lifebit-user-data-6941eed90a4dd7a1d1026d7a/deploit/teams/69d8dd1e5d3e1f8c350e006f/users/68af3d99c99eb7bd2ff47bc8/projects/69f80768ca774c668fbaaed8/jobs/6a22c63e7e433821290d87c7/results/silhouette_fscore_summary_bone_marrow_Dominguez_Conde_Science_2022_Manually_curated_celltype_X_umap_04d255.csv
silhouette_fscore_summary_bone_marrow_Dominguez_Conde_Science_2022_Manually_curated_celltype_X_umap_04d255.html,s3://lifebit-user-data-6941eed90a4dd7a1d1026d7a/deploit/teams/69d8dd1e5d3e1f8c350e006f/users/68af3d99c99eb7bd2ff47bc8/projects/69f80768ca774c668fbaaed8/jobs/6a22c63e7e433821290d87c7/results/silhouette_fscore_summary_bone_marrow_Dominguez_Conde_Science_2022_Manually_curated_celltype_X_umap_04d255.html
silhouette_fscore_summary_bone_marrow_Dominguez_Conde_Science_2022_Manually_curated_celltype_X_umap_04d255.svg,s3://lifebit-user-data-6941eed90a4dd7a1d1026d7a/deploit/teams/69d8dd1e5d3e1f8c350e006f/users/68af3d99c99eb7bd2ff47bc8/projects/69f80768ca774c668fbaaed8/jobs/6a22c63e7e433821290d87c7/results/silhouette_fscore_summary_bone_marrow_Dominguez_Conde_Science_2022_Manually_curated_celltype_X_umap_04d255.svg
silhouette_fscore_summary_bone_marrow_Han_Nature_2020_author_cell_type_X_umap_5c7ea7.csv,s3://lifebit-user-data-6941eed90a4dd7a1d1026d7a/deploit/teams/69d8dd1e5d3e1f8c350e006f/users/68af3d99c99eb7bd2ff47bc8/projects/69f80768ca774c668fbaaed8/jobs/6a22c63e7e433821290d87c7/results/silhouette_fscore_summary_bone_marrow_Han_Nature_2020_author_cell_type_X_umap_5c7ea7.csv
silhouette_fscore_summary_bone_marrow_Han_Nature_2020_author_cell_type_X_umap_5c7ea7.html,s3://lifebit-user-data-6941eed90a4dd7a1d1026d7a/deploit/teams/69d8dd1e5d3e1f8c350e006f/users/68af3d99c99eb7bd2ff47bc8/projects/69f80768ca774c668fbaaed8/jobs/6a22c63e7e433821290d87c7/results/silhouette_fscore_summary_bone_marrow_Han_Nature_2020_author_cell_type_X_umap_5c7ea7.html
silhouette_fscore_summary_bone_marrow_Han_Nature_2020_author_cell_type_X_umap_5c7ea7.svg,s3://lifebit-user-data-6941eed90a4dd7a1d1026d7a/deploit/teams/69d8dd1e5d3e1f8c350e006f/users/68af3d99c99eb7bd2ff47bc8/projects/69f80768ca774c668fbaaed8/jobs/6a22c63e7e433821290d87c7/results/silhouette_fscore_summary_bone_marrow_Han_Nature_2020_author_cell_type_X_umap_5c7ea7.svg
silhouette_fscore_summary_bone_marrow_Triana_Nat_Immunol_2021_Cell_label_X_umap_77f3db.csv,s3://lifebit-user-data-6941eed90a4dd7a1d1026d7a/deploit/teams/69d8dd1e5d3e1f8c350e006f/users/68af3d99c99eb7bd2ff47bc8/projects/69f80768ca774c668fbaaed8/jobs/6a22c63e7e433821290d87c7/results/silhouette_fscore_summary_bone_marrow_Triana_Nat_Immunol_2021_Cell_label_X_umap_77f3db.csv
silhouette_fscore_summary_bone_marrow_Triana_Nat_Immunol_2021_Cell_label_X_umap_77f3db.html,s3://lifebit-user-data-6941eed90a4dd7a1d1026d7a/deploit/teams/69d8dd1e5d3e1f8c350e006f/users/68af3d99c99eb7bd2ff47bc8/projects/69f80768ca774c668fbaaed8/jobs/6a22c63e7e433821290d87c7/results/silhouette_fscore_summary_bone_marrow_Triana_Nat_Immunol_2021_Cell_label_X_umap_77f3db.html
silhouette_fscore_summary_bone_marrow_Triana_Nat_Immunol_2021_Cell_label_X_umap_77f3db.svg,s3://lifebit-user-data-6941eed90a4dd7a1d1026d7a/deploit/teams/69d8dd1e5d3e1f8c350e006f/users/68af3d99c99eb7bd2ff47bc8/projects/69f80768ca774c668fbaaed8/jobs/6a22c63e7e433821290d87c7/results/silhouette_fscore_summary_bone_marrow_Triana_Nat_Immunol_2021_Cell_label_X_umap_77f3db.svg
silhouette_fscore_summary_bone_marrow_Wells_Nat_Immunol_2025_author_cell_type_X_umap_74e9e1.csv,s3://lifebit-user-data-6941eed90a4dd7a1d1026d7a/deploit/teams/69d8dd1e5d3e1f8c350e006f/users/68af3d99c99eb7bd2ff47bc8/projects/69f80768ca774c668fbaaed8/jobs/6a22c63e7e433821290d87c7/results/silhouette_fscore_summary_bone_marrow_Wells_Nat_Immunol_2025_author_cell_type_X_umap_74e9e1.csv
silhouette_fscore_summary_bone_marrow_Wells_Nat_Immunol_2025_author_cell_type_X_umap_74e9e1.html,s3://lifebit-user-data-6941eed90a4dd7a1d1026d7a/deploit/teams/69d8dd1e5d3e1f8c350e006f/users/68af3d99c99eb7bd2ff47bc8/projects/69f80768ca774c668fbaaed8/jobs/6a22c63e7e433821290d87c7/results/silhouette_fscore_summary_bone_marrow_Wells_Nat_Immunol_2025_author_cell_type_X_umap_74e9e1.html
silhouette_fscore_summary_bone_marrow_Wells_Nat_Immunol_2025_author_cell_type_X_umap_74e9e1.svg,s3://lifebit-user-data-6941eed90a4dd7a1d1026d7a/deploit/teams/69d8dd1e5d3e1f8c350e006f/users/68af3d99c99eb7bd2ff47bc8/projects/69f80768ca774c668fbaaed8/jobs/6a22c63e7e433821290d87c7/results/silhouette_fscore_summary_bone_marrow_Wells_Nat_Immunol_2025_author_cell_type_X_umap_74e9e1.svg
silhouette_fscore_summary_bone_marrow_Xu_Cell_2023_Curated_annotation_X_umap_5188c1.csv,s3://lifebit-user-data-6941eed90a4dd7a1d1026d7a/deploit/teams/69d8dd1e5d3e1f8c350e006f/users/68af3d99c99eb7bd2ff47bc8/projects/69f80768ca774c668fbaaed8/jobs/6a22c63e7e433821290d87c7/results/silhouette_fscore_summary_bone_marrow_Xu_Cell_2023_Curated_annotation_X_umap_5188c1.csv
silhouette_fscore_summary_bone_marrow_Xu_Cell_2023_Curated_annotation_X_umap_5188c1.html,s3://lifebit-user-data-6941eed90a4dd7a1d1026d7a/deploit/teams/69d8dd1e5d3e1f8c350e006f/users/68af3d99c99eb7bd2ff47bc8/projects/69f80768ca774c668fbaaed8/jobs/6a22c63e7e433821290d87c7/results/silhouette_fscore_summary_bone_marrow_Xu_Cell_2023_Curated_annotation_X_umap_5188c1.html
silhouette_fscore_summary_bone_marrow_Xu_Cell_2023_Curated_annotation_X_umap_5188c1.svg,s3://lifebit-user-data-6941eed90a4dd7a1d1026d7a/deploit/teams/69d8dd1e5d3e1f8c350e006f/users/68af3d99c99eb7bd2ff47bc8/projects/69f80768ca774c668fbaaed8/jobs/6a22c63e7e433821290d87c7/results/silhouette_fscore_summary_bone_marrow_Xu_Cell_2023_Curated_annotation_X_umap_5188c1.svg
silhouette_fscore_summary_bone_marrow_Zeng_Blood_Cancer_Discovery_2025_AuthorCellType_X_umap_bba832.csv,s3://lifebit-user-data-6941eed90a4dd7a1d1026d7a/deploit/teams/69d8dd1e5d3e1f8c350e006f/users/68af3d99c99eb7bd2ff47bc8/projects/69f80768ca774c668fbaaed8/jobs/6a22c63e7e433821290d87c7/results/silhouette_fscore_summary_bone_marrow_Zeng_Blood_Cancer_Discovery_2025_AuthorCellType_X_umap_bba832.csv
silhouette_fscore_summary_bone_marrow_Zeng_Blood_Cancer_Discovery_2025_AuthorCellType_X_umap_bba832.html,s3://lifebit-user-data-6941eed90a4dd7a1d1026d7a/deploit/teams/69d8dd1e5d3e1f8c350e006f/users/68af3d99c99eb7bd2ff47bc8/projects/69f80768ca774c668fbaaed8/jobs/6a22c63e7e433821290d87c7/results/silhouette_fscore_summary_bone_marrow_Zeng_Blood_Cancer_Discovery_2025_AuthorCellType_X_umap_bba832.html
silhouette_fscore_summary_bone_marrow_Zeng_Blood_Cancer_Discovery_2025_AuthorCellType_X_umap_bba832.svg,s3://lifebit-user-data-6941eed90a4dd7a1d1026d7a/deploit/teams/69d8dd1e5d3e1f8c350e006f/users/68af3d99c99eb7bd2ff47bc8/projects/69f80768ca774c668fbaaed8/jobs/6a22c63e7e433821290d87c7/results/silhouette_fscore_summary_bone_marrow_Zeng_Blood_Cancer_Discovery_2025_AuthorCellType_X_umap_bba832.svg
silhouette_scores_bone_marrow_Dominguez_Conde_Science_2022_Manually_curated_celltype_X_umap_04d255.csv,s3://lifebit-user-data-6941eed90a4dd7a1d1026d7a/deploit/teams/69d8dd1e5d3e1f8c350e006f/users/68af3d99c99eb7bd2ff47bc8/projects/69f80768ca774c668fbaaed8/jobs/6a22c63e7e433821290d87c7/results/silhouette_scores_bone_marrow_Dominguez_Conde_Science_2022_Manually_curated_celltype_X_umap_04d255.csv
silhouette_scores_bone_marrow_Han_Nature_2020_author_cell_type_X_umap_5c7ea7.csv,s3://lifebit-user-data-6941eed90a4dd7a1d1026d7a/deploit/teams/69d8dd1e5d3e1f8c350e006f/users/68af3d99c99eb7bd2ff47bc8/projects/69f80768ca774c668fbaaed8/jobs/6a22c63e7e433821290d87c7/results/silhouette_scores_bone_marrow_Han_Nature_2020_author_cell_type_X_umap_5c7ea7.csv
silhouette_scores_bone_marrow_Triana_Nat_Immunol_2021_Cell_label_X_umap_77f3db.csv,s3://lifebit-user-data-6941eed90a4dd7a1d1026d7a/deploit/teams/69d8dd1e5d3e1f8c350e006f/users/68af3d99c99eb7bd2ff47bc8/projects/69f80768ca774c668fbaaed8/jobs/6a22c63e7e433821290d87c7/results/silhouette_scores_bone_marrow_Triana_Nat_Immunol_2021_Cell_label_X_umap_77f3db.csv
silhouette_scores_bone_marrow_Wells_Nat_Immunol_2025_author_cell_type_X_umap_74e9e1.csv,s3://lifebit-user-data-6941eed90a4dd7a1d1026d7a/deploit/teams/69d8dd1e5d3e1f8c350e006f/users/68af3d99c99eb7bd2ff47bc8/projects/69f80768ca774c668fbaaed8/jobs/6a22c63e7e433821290d87c7/results/silhouette_scores_bone_marrow_Wells_Nat_Immunol_2025_author_cell_type_X_umap_74e9e1.csv
silhouette_scores_bone_marrow_Xu_Cell_2023_Curated_annotation_X_umap_5188c1.csv,s3://lifebit-user-data-6941eed90a4dd7a1d1026d7a/deploit/teams/69d8dd1e5d3e1f8c350e006f/users/68af3d99c99eb7bd2ff47bc8/projects/69f80768ca774c668fbaaed8/jobs/6a22c63e7e433821290d87c7/results/silhouette_scores_bone_marrow_Xu_Cell_2023_Curated_annotation_X_umap_5188c1.csv
silhouette_scores_bone_marrow_Zeng_Blood_Cancer_Discovery_2025_AuthorCellType_X_umap_bba832.csv,s3://lifebit-user-data-6941eed90a4dd7a1d1026d7a/deploit/teams/69d8dd1e5d3e1f8c350e006f/users/68af3d99c99eb7bd2ff47bc8/projects/69f80768ca774c668fbaaed8/jobs/6a22c63e7e433821290d87c7/results/silhouette_scores_bone_marrow_Zeng_Blood_Cancer_Discovery_2025_AuthorCellType_X_umap_bba832.csv
stacked_violin__scaledbone_marrow_Dominguez_Conde_Science_2022_Manually_curated_celltype_X_umap_04d255.svg,s3://lifebit-user-data-6941eed90a4dd7a1d1026d7a/deploit/teams/69d8dd1e5d3e1f8c350e006f/users/68af3d99c99eb7bd2ff47bc8/projects/69f80768ca774c668fbaaed8/jobs/6a22c63e7e433821290d87c7/results/stacked_violin__scaledbone_marrow_Dominguez_Conde_Science_2022_Manually_curated_celltype_X_umap_04d255.svg
stacked_violin__scaledbone_marrow_Han_Nature_2020_author_cell_type_X_umap_5c7ea7.svg,s3://lifebit-user-data-6941eed90a4dd7a1d1026d7a/deploit/teams/69d8dd1e5d3e1f8c350e006f/users/68af3d99c99eb7bd2ff47bc8/projects/69f80768ca774c668fbaaed8/jobs/6a22c63e7e433821290d87c7/results/stacked_violin__scaledbone_marrow_Han_Nature_2020_author_cell_type_X_umap_5c7ea7.svg
stacked_violin__scaledbone_marrow_Triana_Nat_Immunol_2021_Cell_label_X_umap_77f3db.svg,s3://lifebit-user-data-6941eed90a4dd7a1d1026d7a/deploit/teams/69d8dd1e5d3e1f8c350e006f/users/68af3d99c99eb7bd2ff47bc8/projects/69f80768ca774c668fbaaed8/jobs/6a22c63e7e433821290d87c7/results/stacked_violin__scaledbone_marrow_Triana_Nat_Immunol_2021_Cell_label_X_umap_77f3db.svg
stacked_violin__scaledbone_marrow_Wells_Nat_Immunol_2025_author_cell_type_X_umap_74e9e1.svg,s3://lifebit-user-data-6941eed90a4dd7a1d1026d7a/deploit/teams/69d8dd1e5d3e1f8c350e006f/users/68af3d99c99eb7bd2ff47bc8/projects/69f80768ca774c668fbaaed8/jobs/6a22c63e7e433821290d87c7/results/stacked_violin__scaledbone_marrow_Wells_Nat_Immunol_2025_author_cell_type_X_umap_74e9e1.svg
stacked_violin__scaledbone_marrow_Xu_Cell_2023_Curated_annotation_X_umap_5188c1.svg,s3://lifebit-user-data-6941eed90a4dd7a1d1026d7a/deploit/teams/69d8dd1e5d3e1f8c350e006f/users/68af3d99c99eb7bd2ff47bc8/projects/69f80768ca774c668fbaaed8/jobs/6a22c63e7e433821290d87c7/results/stacked_violin__scaledbone_marrow_Xu_Cell_2023_Curated_annotation_X_umap_5188c1.svg
stacked_violin__scaledbone_marrow_Zeng_Blood_Cancer_Discovery_2025_AuthorCellType_X_umap_bba832.svg,s3://lifebit-user-data-6941eed90a4dd7a1d1026d7a/deploit/teams/69d8dd1e5d3e1f8c350e006f/users/68af3d99c99eb7bd2ff47bc8/projects/69f80768ca774c668fbaaed8/jobs/6a22c63e7e433821290d87c7/results/stacked_violin__scaledbone_marrow_Zeng_Blood_Cancer_Discovery_2025_AuthorCellType_X_umap_bba832.svg
stacked_violin_bone_marrow_Dominguez_Conde_Science_2022_Manually_curated_celltype_X_umap_04d255.svg,s3://lifebit-user-data-6941eed90a4dd7a1d1026d7a/deploit/teams/69d8dd1e5d3e1f8c350e006f/users/68af3d99c99eb7bd2ff47bc8/projects/69f80768ca774c668fbaaed8/jobs/6a22c63e7e433821290d87c7/results/stacked_violin_bone_marrow_Dominguez_Conde_Science_2022_Manually_curated_celltype_X_umap_04d255.svg
stacked_violin_bone_marrow_Han_Nature_2020_author_cell_type_X_umap_5c7ea7.svg,s3://lifebit-user-data-6941eed90a4dd7a1d1026d7a/deploit/teams/69d8dd1e5d3e1f8c350e006f/users/68af3d99c99eb7bd2ff47bc8/projects/69f80768ca774c668fbaaed8/jobs/6a22c63e7e433821290d87c7/results/stacked_violin_bone_marrow_Han_Nature_2020_author_cell_type_X_umap_5c7ea7.svg
stacked_violin_bone_marrow_Triana_Nat_Immunol_2021_Cell_label_X_umap_77f3db.svg,s3://lifebit-user-data-6941eed90a4dd7a1d1026d7a/deploit/teams/69d8dd1e5d3e1f8c350e006f/users/68af3d99c99eb7bd2ff47bc8/projects/69f80768ca774c668fbaaed8/jobs/6a22c63e7e433821290d87c7/results/stacked_violin_bone_marrow_Triana_Nat_Immunol_2021_Cell_label_X_umap_77f3db.svg
stacked_violin_bone_marrow_Wells_Nat_Immunol_2025_author_cell_type_X_umap_74e9e1.svg,s3://lifebit-user-data-6941eed90a4dd7a1d1026d7a/deploit/teams/69d8dd1e5d3e1f8c350e006f/users/68af3d99c99eb7bd2ff47bc8/projects/69f80768ca774c668fbaaed8/jobs/6a22c63e7e433821290d87c7/results/stacked_violin_bone_marrow_Wells_Nat_Immunol_2025_author_cell_type_X_umap_74e9e1.svg
stacked_violin_bone_marrow_Xu_Cell_2023_Curated_annotation_X_umap_5188c1.svg,s3://lifebit-user-data-6941eed90a4dd7a1d1026d7a/deploit/teams/69d8dd1e5d3e1f8c350e006f/users/68af3d99c99eb7bd2ff47bc8/projects/69f80768ca774c668fbaaed8/jobs/6a22c63e7e433821290d87c7/results/stacked_violin_bone_marrow_Xu_Cell_2023_Curated_annotation_X_umap_5188c1.svg
stacked_violin_bone_marrow_Zeng_Blood_Cancer_Discovery_2025_AuthorCellType_X_umap_bba832.svg,s3://lifebit-user-data-6941eed90a4dd7a1d1026d7a/deploit/teams/69d8dd1e5d3e1f8c350e006f/users/68af3d99c99eb7bd2ff47bc8/projects/69f80768ca774c668fbaaed8/jobs/6a22c63e7e433821290d87c7/results/stacked_violin_bone_marrow_Zeng_Blood_Cancer_Discovery_2025_AuthorCellType_X_umap_bba832.svg
summary_before_filter_bone_marrow_Dominguez_Conde_Science_2022_Manually_curated_celltype_X_umap_04d255.csv,s3://lifebit-user-data-6941eed90a4dd7a1d1026d7a/deploit/teams/69d8dd1e5d3e1f8c350e006f/users/68af3d99c99eb7bd2ff47bc8/projects/69f80768ca774c668fbaaed8/jobs/6a22c63e7e433821290d87c7/results/summary_before_filter_bone_marrow_Dominguez_Conde_Science_2022_Manually_curated_celltype_X_umap_04d255.csv
summary_before_filter_bone_marrow_Han_Nature_2020_author_cell_type_X_umap_5c7ea7.csv,s3://lifebit-user-data-6941eed90a4dd7a1d1026d7a/deploit/teams/69d8dd1e5d3e1f8c350e006f/users/68af3d99c99eb7bd2ff47bc8/projects/69f80768ca774c668fbaaed8/jobs/6a22c63e7e433821290d87c7/results/summary_before_filter_bone_marrow_Han_Nature_2020_author_cell_type_X_umap_5c7ea7.csv
summary_before_filter_bone_marrow_Triana_Nat_Immunol_2021_Cell_label_X_umap_77f3db.csv,s3://lifebit-user-data-6941eed90a4dd7a1d1026d7a/deploit/teams/69d8dd1e5d3e1f8c350e006f/users/68af3d99c99eb7bd2ff47bc8/projects/69f80768ca774c668fbaaed8/jobs/6a22c63e7e433821290d87c7/results/summary_before_filter_bone_marrow_Triana_Nat_Immunol_2021_Cell_label_X_umap_77f3db.csv
summary_before_filter_bone_marrow_Wells_Nat_Immunol_2025_author_cell_type_X_umap_74e9e1.csv,s3://lifebit-user-data-6941eed90a4dd7a1d1026d7a/deploit/teams/69d8dd1e5d3e1f8c350e006f/users/68af3d99c99eb7bd2ff47bc8/projects/69f80768ca774c668fbaaed8/jobs/6a22c63e7e433821290d87c7/results/summary_before_filter_bone_marrow_Wells_Nat_Immunol_2025_author_cell_type_X_umap_74e9e1.csv
summary_before_filter_bone_marrow_Xu_Cell_2023_Curated_annotation_X_umap_5188c1.csv,s3://lifebit-user-data-6941eed90a4dd7a1d1026d7a/deploit/teams/69d8dd1e5d3e1f8c350e006f/users/68af3d99c99eb7bd2ff47bc8/projects/69f80768ca774c668fbaaed8/jobs/6a22c63e7e433821290d87c7/results/summary_before_filter_bone_marrow_Xu_Cell_2023_Curated_annotation_X_umap_5188c1.csv
summary_before_filter_bone_marrow_Zeng_Blood_Cancer_Discovery_2025_AuthorCellType_X_umap_bba832.csv,s3://lifebit-user-data-6941eed90a4dd7a1d1026d7a/deploit/teams/69d8dd1e5d3e1f8c350e006f/users/68af3d99c99eb7bd2ff47bc8/projects/69f80768ca774c668fbaaed8/jobs/6a22c63e7e433821290d87c7/results/summary_before_filter_bone_marrow_Zeng_Blood_Cancer_Discovery_2025_AuthorCellType_X_umap_bba832.csv
summary_normal_bone_marrow_Dominguez_Conde_Science_2022_Manually_curated_celltype_X_umap_04d255.csv,s3://lifebit-user-data-6941eed90a4dd7a1d1026d7a/deploit/teams/69d8dd1e5d3e1f8c350e006f/users/68af3d99c99eb7bd2ff47bc8/projects/69f80768ca774c668fbaaed8/jobs/6a22c63e7e433821290d87c7/results/summary_normal_bone_marrow_Dominguez_Conde_Science_2022_Manually_curated_celltype_X_umap_04d255.csv
summary_normal_bone_marrow_Han_Nature_2020_author_cell_type_X_umap_5c7ea7.csv,s3://lifebit-user-data-6941eed90a4dd7a1d1026d7a/deploit/teams/69d8dd1e5d3e1f8c350e006f/users/68af3d99c99eb7bd2ff47bc8/projects/69f80768ca774c668fbaaed8/jobs/6a22c63e7e433821290d87c7/results/summary_normal_bone_marrow_Han_Nature_2020_author_cell_type_X_umap_5c7ea7.csv
summary_normal_bone_marrow_Triana_Nat_Immunol_2021_Cell_label_X_umap_77f3db.csv,s3://lifebit-user-data-6941eed90a4dd7a1d1026d7a/deploit/teams/69d8dd1e5d3e1f8c350e006f/users/68af3d99c99eb7bd2ff47bc8/projects/69f80768ca774c668fbaaed8/jobs/6a22c63e7e433821290d87c7/results/summary_normal_bone_marrow_Triana_Nat_Immunol_2021_Cell_label_X_umap_77f3db.csv
summary_normal_bone_marrow_Wells_Nat_Immunol_2025_author_cell_type_X_umap_74e9e1.csv,s3://lifebit-user-data-6941eed90a4dd7a1d1026d7a/deploit/teams/69d8dd1e5d3e1f8c350e006f/users/68af3d99c99eb7bd2ff47bc8/projects/69f80768ca774c668fbaaed8/jobs/6a22c63e7e433821290d87c7/results/summary_normal_bone_marrow_Wells_Nat_Immunol_2025_author_cell_type_X_umap_74e9e1.csv
summary_normal_bone_marrow_Xu_Cell_2023_Curated_annotation_X_umap_5188c1.csv,s3://lifebit-user-data-6941eed90a4dd7a1d1026d7a/deploit/teams/69d8dd1e5d3e1f8c350e006f/users/68af3d99c99eb7bd2ff47bc8/projects/69f80768ca774c668fbaaed8/jobs/6a22c63e7e433821290d87c7/results/summary_normal_bone_marrow_Xu_Cell_2023_Curated_annotation_X_umap_5188c1.csv
summary_normal_bone_marrow_Zeng_Blood_Cancer_Discovery_2025_AuthorCellType_X_umap_bba832.csv,s3://lifebit-user-data-6941eed90a4dd7a1d1026d7a/deploit/teams/69d8dd1e5d3e1f8c350e006f/users/68af3d99c99eb7bd2ff47bc8/projects/69f80768ca774c668fbaaed8/jobs/6a22c63e7e433821290d87c7/results/summary_normal_bone_marrow_Zeng_Blood_Cancer_Discovery_2025_AuthorCellType_X_umap_bba832.csv
